n	familias	poder_min_municipios	coberta_por
2	educacao+saneamento_agua	6054	
2	educacao+mortalidade	5626	P28-2
2	mortalidade+saneamento_agua	5626	P42-5
2	desmatamento_clima+educacao	5572	
2	desmatamento_clima+mortalidade	5572	P22-2
2	desmatamento_clima+saneamento_agua	5572	P42-1
2	demografia_censo+desmatamento_clima	5571	P22-2
2	demografia_censo+educacao	5571	P02-5
2	demografia_censo+mortalidade	5571	P01-1
2	demografia_censo+saneamento_agua	5571	P11-2
2	conectividade+demografia_censo	5570	P32-4
2	conectividade+desmatamento_clima	5570	P61-4
2	conectividade+educacao	5570	P11-3
2	conectividade+fiscal_municipal	5570	P11-1
2	conectividade+mortalidade	5570	H?
2	conectividade+politica	5570	P81-2
2	conectividade+saneamento_agua	5570	P11-1
2	conectividade+saude_producao	5570	P80-3
2	conectividade+trabalho_empresa	5570	P11-3
2	conectividade+transferencia_renda	5570	P81-2
2	demografia_censo+fiscal_municipal	5570	P08-1
2	demografia_censo+politica	5570	P05-4
2	demografia_censo+saude_producao	5570	P09-2
2	demografia_censo+trabalho_empresa	5570	P01-1
2	demografia_censo+transferencia_renda	5570	P03-5
2	desmatamento_clima+fiscal_municipal	5570	
2	desmatamento_clima+politica	5570	
2	desmatamento_clima+saude_producao	5570	H?
2	desmatamento_clima+trabalho_empresa	5570	P10-1
2	desmatamento_clima+transferencia_renda	5570	
2	educacao+fiscal_municipal	5570	H?
2	educacao+politica	5570	P38-5
2	educacao+saude_producao	5570	P81-3
2	educacao+trabalho_empresa	5570	P02-2
2	educacao+transferencia_renda	5570	HH44
2	fiscal_municipal+mortalidade	5570	P08-4
2	fiscal_municipal+politica	5570	H?
2	fiscal_municipal+saneamento_agua	5570	P11-1
2	fiscal_municipal+saude_producao	5570	H?
2	fiscal_municipal+trabalho_empresa	5570	P16-1
2	fiscal_municipal+transferencia_renda	5570	P08-1
2	mortalidade+politica	5570	P27-5
2	mortalidade+saude_producao	5570	P03-2
2	mortalidade+trabalho_empresa	5570	P01-1
2	mortalidade+transferencia_renda	5570	P03-3
2	politica+saneamento_agua	5570	
2	politica+saude_producao	5570	P27-2
2	politica+trabalho_empresa	5570	P05-1
2	politica+transferencia_renda	5570	H?
2	saneamento_agua+saude_producao	5570	P79-3
2	saneamento_agua+trabalho_empresa	5570	P11-4
2	saneamento_agua+transferencia_renda	5570	
2	saude_producao+trabalho_empresa	5570	P09-4
2	saude_producao+transferencia_renda	5570	P03-1
2	trabalho_empresa+transferencia_renda	5570	P03-3
2	agropecuaria+conectividade	5567	
2	agropecuaria+demografia_censo	5567	
2	agropecuaria+desmatamento_clima	5567	P10-2
2	agropecuaria+educacao	5567	
2	agropecuaria+fiscal_municipal	5567	P16-3
2	agropecuaria+mortalidade	5567	P78-2
2	agropecuaria+politica	5567	
2	agropecuaria+saneamento_agua	5567	P44-5
2	agropecuaria+saude_producao	5567	
2	agropecuaria+trabalho_empresa	5567	P07-1
2	agropecuaria+transferencia_renda	5567	P78-1
2	agropecuaria+fundiario	5559	P10-2
2	conectividade+fundiario	5559	
2	demografia_censo+fundiario	5559	H?
2	desmatamento_clima+fundiario	5559	P07-5
2	educacao+fundiario	5559	
2	fiscal_municipal+fundiario	5559	
2	fundiario+mortalidade	5559	
2	fundiario+politica	5559	
2	fundiario+saneamento_agua	5559	
2	fundiario+saude_producao	5559	H?
2	fundiario+trabalho_empresa	5559	P07-3
2	fundiario+transferencia_renda	5559	
2	agropecuaria+mobilidade	5544	
2	conectividade+mobilidade	5544	
2	demografia_censo+mobilidade	5544	P35-1
2	desmatamento_clima+mobilidade	5544	
2	educacao+mobilidade	5544	
2	fiscal_municipal+mobilidade	5544	
2	fundiario+mobilidade	5544	
2	mobilidade+mortalidade	5544	P35-3
2	mobilidade+politica	5544	
2	mobilidade+saneamento_agua	5544	
2	mobilidade+saude_producao	5544	
2	mobilidade+trabalho_empresa	5544	P35-1
2	mobilidade+transferencia_renda	5544	
2	agropecuaria+credito_financeiro	5522	P07-1
2	conectividade+credito_financeiro	5522	P19-1
2	credito_financeiro+demografia_censo	5522	P07-2
2	credito_financeiro+desmatamento_clima	5522	P07-5
2	credito_financeiro+educacao	5522	AE2
2	credito_financeiro+fiscal_municipal	5522	P25-2
2	credito_financeiro+fundiario	5522	P07-3
2	credito_financeiro+mobilidade	5522	
2	credito_financeiro+mortalidade	5522	
2	credito_financeiro+politica	5522	
2	credito_financeiro+saneamento_agua	5522	
2	credito_financeiro+saude_producao	5522	H?
2	credito_financeiro+trabalho_empresa	5522	P07-1
2	credito_financeiro+transferencia_renda	5522	P25-2
2	agropecuaria+vigilancia_sinan	5487	
2	conectividade+vigilancia_sinan	5487	P80-3
2	credito_financeiro+vigilancia_sinan	5487	P69-4
2	demografia_censo+vigilancia_sinan	5487	P09-1
2	desmatamento_clima+vigilancia_sinan	5487	P71-2
2	educacao+vigilancia_sinan	5487	P28-1
2	fiscal_municipal+vigilancia_sinan	5487	
2	fundiario+vigilancia_sinan	5487	
2	mobilidade+vigilancia_sinan	5487	
2	mortalidade+vigilancia_sinan	5487	P23-2
2	politica+vigilancia_sinan	5487	
2	saneamento_agua+vigilancia_sinan	5487	P71-4
2	saude_producao+vigilancia_sinan	5487	P23-1
2	trabalho_empresa+vigilancia_sinan	5487	P09-1
2	transferencia_renda+vigilancia_sinan	5487	P65-5
2	agropecuaria+fiscalizacao_ambiental	5475	P66-5
2	conectividade+fiscalizacao_ambiental	5475	P72-2
2	credito_financeiro+fiscalizacao_ambiental	5475	P66-5
2	demografia_censo+fiscalizacao_ambiental	5475	P72-1
2	desmatamento_clima+fiscalizacao_ambiental	5475	P42-3
2	educacao+fiscalizacao_ambiental	5475	
2	fiscal_municipal+fiscalizacao_ambiental	5475	
2	fiscalizacao_ambiental+fundiario	5475	P59-2
2	fiscalizacao_ambiental+mobilidade	5475	
2	fiscalizacao_ambiental+mortalidade	5475	
2	fiscalizacao_ambiental+politica	5475	P74-4
2	fiscalizacao_ambiental+saneamento_agua	5475	
2	fiscalizacao_ambiental+saude_producao	5475	H?
2	fiscalizacao_ambiental+trabalho_empresa	5475	P59-3
2	fiscalizacao_ambiental+transferencia_renda	5475	P72-5
2	fiscalizacao_ambiental+vigilancia_sinan	5475	
2	agropecuaria+compras_publicas	5419	
2	compras_publicas+conectividade	5419	P68-4
2	compras_publicas+credito_financeiro	5419	P67-3
2	compras_publicas+demografia_censo	5419	P15-5
2	compras_publicas+desmatamento_clima	5419	H?
2	compras_publicas+educacao	5419	H?
2	compras_publicas+fiscal_municipal	5419	P16-4
2	compras_publicas+fiscalizacao_ambiental	5419	P72-3
2	compras_publicas+fundiario	5419	H?
2	compras_publicas+mobilidade	5419	
2	compras_publicas+mortalidade	5419	P77-2
2	compras_publicas+politica	5419	P05-3
2	compras_publicas+saneamento_agua	5419	P68-4
2	compras_publicas+saude_producao	5419	P77-2
2	compras_publicas+trabalho_empresa	5419	P05-3
2	compras_publicas+transferencia_renda	5419	H?
2	compras_publicas+vigilancia_sinan	5419	
2	agropecuaria+natalidade	4691	
2	compras_publicas+natalidade	4691	H?
2	conectividade+natalidade	4691	
2	credito_financeiro+natalidade	4691	
2	demografia_censo+natalidade	4691	P03-5
2	desmatamento_clima+natalidade	4691	
2	educacao+natalidade	4691	P77-4
2	fiscal_municipal+natalidade	4691	H?
2	fiscalizacao_ambiental+natalidade	4691	
2	fundiario+natalidade	4691	
2	mobilidade+natalidade	4691	
2	mortalidade+natalidade	4691	P03-2
2	natalidade+politica	4691	H?
2	natalidade+saneamento_agua	4691	P80-2
2	natalidade+saude_producao	4691	P03-1
2	natalidade+trabalho_empresa	4691	P03-3
2	natalidade+transferencia_renda	4691	P03-1
2	natalidade+vigilancia_sinan	4691	P23-5
2	agropecuaria+mineracao_energia	3985	
2	compras_publicas+mineracao_energia	3985	P58-3
2	conectividade+mineracao_energia	3985	P61-4
2	credito_financeiro+mineracao_energia	3985	P61-3
2	demografia_censo+mineracao_energia	3985	P51-1
2	desmatamento_clima+mineracao_energia	3985	P59-2
2	educacao+mineracao_energia	3985	H?
2	fiscal_municipal+mineracao_energia	3985	P58-3
2	fiscalizacao_ambiental+mineracao_energia	3985	P59-2
2	fundiario+mineracao_energia	3985	P59-2
2	mineracao_energia+mobilidade	3985	P51-2
2	mineracao_energia+mortalidade	3985	P58-2
2	mineracao_energia+natalidade	3985	H?
2	mineracao_energia+politica	3985	H?
2	mineracao_energia+saneamento_agua	3985	
2	mineracao_energia+saude_producao	3985	H?
2	mineracao_energia+trabalho_empresa	3985	P51-1
2	mineracao_energia+transferencia_renda	3985	P58-1
2	mineracao_energia+vigilancia_sinan	3985	P71-2
2	agropecuaria+sancao_integridade	3314	
2	compras_publicas+sancao_integridade	3314	P37-1
2	conectividade+sancao_integridade	3314	
2	credito_financeiro+sancao_integridade	3314	P45-2
2	demografia_censo+sancao_integridade	3314	P63-1
2	desmatamento_clima+sancao_integridade	3314	P63-2
2	educacao+sancao_integridade	3314	H?
2	fiscal_municipal+sancao_integridade	3314	P37-3
2	fiscalizacao_ambiental+sancao_integridade	3314	P63-2
2	fundiario+sancao_integridade	3314	
2	mineracao_energia+sancao_integridade	3314	P63-2
2	mobilidade+sancao_integridade	3314	
2	mortalidade+sancao_integridade	3314	
2	natalidade+sancao_integridade	3314	
2	politica+sancao_integridade	3314	P74-5
2	sancao_integridade+saneamento_agua	3314	
2	sancao_integridade+saude_producao	3314	
2	sancao_integridade+trabalho_empresa	3314	P37-1
2	sancao_integridade+transferencia_renda	3314	H?
2	sancao_integridade+vigilancia_sinan	3314	
2	agropecuaria+comercio_exterior	2696	P17-3
2	comercio_exterior+compras_publicas	2696	
2	comercio_exterior+conectividade	2696	
2	comercio_exterior+credito_financeiro	2696	
2	comercio_exterior+demografia_censo	2696	P18-5
2	comercio_exterior+desmatamento_clima	2696	P17-3
2	comercio_exterior+educacao	2696	
2	comercio_exterior+fiscal_municipal	2696	
2	comercio_exterior+fiscalizacao_ambiental	2696	
2	comercio_exterior+fundiario	2696	P18-2
2	comercio_exterior+mineracao_energia	2696	
2	comercio_exterior+mobilidade	2696	
2	comercio_exterior+mortalidade	2696	
2	comercio_exterior+natalidade	2696	
2	comercio_exterior+politica	2696	
2	comercio_exterior+sancao_integridade	2696	
2	comercio_exterior+saneamento_agua	2696	
2	comercio_exterior+saude_producao	2696	
2	comercio_exterior+trabalho_empresa	2696	P18-1
2	comercio_exterior+transferencia_renda	2696	P77-1
2	comercio_exterior+vigilancia_sinan	2696	
3	educacao+mortalidade+saneamento_agua	5626	
3	desmatamento_clima+educacao+mortalidade	5572	
3	desmatamento_clima+educacao+saneamento_agua	5572	
3	desmatamento_clima+mortalidade+saneamento_agua	5572	P42-5
3	demografia_censo+desmatamento_clima+educacao	5571	
3	demografia_censo+desmatamento_clima+mortalidade	5571	P22-2
3	demografia_censo+desmatamento_clima+saneamento_agua	5571	
3	demografia_censo+educacao+mortalidade	5571	P28-2
3	demografia_censo+educacao+saneamento_agua	5571	
3	demografia_censo+mortalidade+saneamento_agua	5571	P44-1
3	conectividade+demografia_censo+desmatamento_clima	5570	H?
3	conectividade+demografia_censo+educacao	5570	P32-4
3	conectividade+demografia_censo+fiscal_municipal	5570	
3	conectividade+demografia_censo+mortalidade	5570	H?
3	conectividade+demografia_censo+politica	5570	
3	conectividade+demografia_censo+saneamento_agua	5570	P68-4
3	conectividade+demografia_censo+saude_producao	5570	
3	conectividade+demografia_censo+trabalho_empresa	5570	H?
3	conectividade+demografia_censo+transferencia_renda	5570	
3	conectividade+desmatamento_clima+educacao	5570	
3	conectividade+desmatamento_clima+fiscal_municipal	5570	
3	conectividade+desmatamento_clima+mortalidade	5570	H?
3	conectividade+desmatamento_clima+politica	5570	
3	conectividade+desmatamento_clima+saneamento_agua	5570	
3	conectividade+desmatamento_clima+saude_producao	5570	
3	conectividade+desmatamento_clima+trabalho_empresa	5570	H?
3	conectividade+desmatamento_clima+transferencia_renda	5570	
3	conectividade+educacao+fiscal_municipal	5570	
3	conectividade+educacao+mortalidade	5570	
3	conectividade+educacao+politica	5570	P81-2
3	conectividade+educacao+saneamento_agua	5570	
3	conectividade+educacao+saude_producao	5570	
3	conectividade+educacao+trabalho_empresa	5570	P11-3
3	conectividade+educacao+transferencia_renda	5570	
3	conectividade+fiscal_municipal+mortalidade	5570	
3	conectividade+fiscal_municipal+politica	5570	
3	conectividade+fiscal_municipal+saneamento_agua	5570	P11-1
3	conectividade+fiscal_municipal+saude_producao	5570	
3	conectividade+fiscal_municipal+trabalho_empresa	5570	
3	conectividade+fiscal_municipal+transferencia_renda	5570	
3	conectividade+mortalidade+politica	5570	
3	conectividade+mortalidade+saneamento_agua	5570	
3	conectividade+mortalidade+saude_producao	5570	
3	conectividade+mortalidade+trabalho_empresa	5570	H?
3	conectividade+mortalidade+transferencia_renda	5570	
3	conectividade+politica+saneamento_agua	5570	
3	conectividade+politica+saude_producao	5570	
3	conectividade+politica+trabalho_empresa	5570	
3	conectividade+politica+transferencia_renda	5570	
3	conectividade+saneamento_agua+saude_producao	5570	
3	conectividade+saneamento_agua+trabalho_empresa	5570	
3	conectividade+saneamento_agua+transferencia_renda	5570	
3	conectividade+saude_producao+trabalho_empresa	5570	
3	conectividade+saude_producao+transferencia_renda	5570	
3	conectividade+trabalho_empresa+transferencia_renda	5570	
3	demografia_censo+desmatamento_clima+fiscal_municipal	5570	
3	demografia_censo+desmatamento_clima+politica	5570	
3	demografia_censo+desmatamento_clima+saude_producao	5570	H?
3	demografia_censo+desmatamento_clima+trabalho_empresa	5570	H?
3	demografia_censo+desmatamento_clima+transferencia_renda	5570	
3	demografia_censo+educacao+fiscal_municipal	5570	H?
3	demografia_censo+educacao+politica	5570	P38-5
3	demografia_censo+educacao+saude_producao	5570	
3	demografia_censo+educacao+trabalho_empresa	5570	H?
3	demografia_censo+educacao+transferencia_renda	5570	H?
3	demografia_censo+fiscal_municipal+mortalidade	5570	P08-4
3	demografia_censo+fiscal_municipal+politica	5570	
3	demografia_censo+fiscal_municipal+saneamento_agua	5570	P11-2
3	demografia_censo+fiscal_municipal+saude_producao	5570	
3	demografia_censo+fiscal_municipal+trabalho_empresa	5570	P16-1
3	demografia_censo+fiscal_municipal+transferencia_renda	5570	P08-1
3	demografia_censo+mortalidade+politica	5570	
3	demografia_censo+mortalidade+saude_producao	5570	
3	demografia_censo+mortalidade+trabalho_empresa	5570	P01-1
3	demografia_censo+mortalidade+transferencia_renda	5570	P70-3
3	demografia_censo+politica+saneamento_agua	5570	
3	demografia_censo+politica+saude_producao	5570	
3	demografia_censo+politica+trabalho_empresa	5570	P13-1
3	demografia_censo+politica+transferencia_renda	5570	
3	demografia_censo+saneamento_agua+saude_producao	5570	
3	demografia_censo+saneamento_agua+trabalho_empresa	5570	P79-2
3	demografia_censo+saneamento_agua+transferencia_renda	5570	
3	demografia_censo+saude_producao+trabalho_empresa	5570	P49-5
3	demografia_censo+saude_producao+transferencia_renda	5570	P71-3
3	demografia_censo+trabalho_empresa+transferencia_renda	5570	P31-4
3	desmatamento_clima+educacao+fiscal_municipal	5570	
3	desmatamento_clima+educacao+politica	5570	
3	desmatamento_clima+educacao+saude_producao	5570	
3	desmatamento_clima+educacao+trabalho_empresa	5570	
3	desmatamento_clima+educacao+transferencia_renda	5570	
3	desmatamento_clima+fiscal_municipal+mortalidade	5570	
3	desmatamento_clima+fiscal_municipal+politica	5570	
3	desmatamento_clima+fiscal_municipal+saneamento_agua	5570	
3	desmatamento_clima+fiscal_municipal+saude_producao	5570	
3	desmatamento_clima+fiscal_municipal+trabalho_empresa	5570	
3	desmatamento_clima+fiscal_municipal+transferencia_renda	5570	
3	desmatamento_clima+mortalidade+politica	5570	
3	desmatamento_clima+mortalidade+saude_producao	5570	
3	desmatamento_clima+mortalidade+trabalho_empresa	5570	H?
3	desmatamento_clima+mortalidade+transferencia_renda	5570	
3	desmatamento_clima+politica+saneamento_agua	5570	
3	desmatamento_clima+politica+saude_producao	5570	
3	desmatamento_clima+politica+trabalho_empresa	5570	
3	desmatamento_clima+politica+transferencia_renda	5570	
3	desmatamento_clima+saneamento_agua+saude_producao	5570	
3	desmatamento_clima+saneamento_agua+trabalho_empresa	5570	
3	desmatamento_clima+saneamento_agua+transferencia_renda	5570	
3	desmatamento_clima+saude_producao+trabalho_empresa	5570	
3	desmatamento_clima+saude_producao+transferencia_renda	5570	
3	desmatamento_clima+trabalho_empresa+transferencia_renda	5570	
3	educacao+fiscal_municipal+mortalidade	5570	
3	educacao+fiscal_municipal+politica	5570	H?
3	educacao+fiscal_municipal+saneamento_agua	5570	
3	educacao+fiscal_municipal+saude_producao	5570	H?
3	educacao+fiscal_municipal+trabalho_empresa	5570	H?
3	educacao+fiscal_municipal+transferencia_renda	5570	H?
3	educacao+mortalidade+politica	5570	
3	educacao+mortalidade+saude_producao	5570	
3	educacao+mortalidade+trabalho_empresa	5570	
3	educacao+mortalidade+transferencia_renda	5570	
3	educacao+politica+saneamento_agua	5570	
3	educacao+politica+saude_producao	5570	H?
3	educacao+politica+trabalho_empresa	5570	H?
3	educacao+politica+transferencia_renda	5570	H?
3	educacao+saneamento_agua+saude_producao	5570	
3	educacao+saneamento_agua+trabalho_empresa	5570	
3	educacao+saneamento_agua+transferencia_renda	5570	
3	educacao+saude_producao+trabalho_empresa	5570	H?
3	educacao+saude_producao+transferencia_renda	5570	H?
3	educacao+trabalho_empresa+transferencia_renda	5570	HH44
3	fiscal_municipal+mortalidade+politica	5570	
3	fiscal_municipal+mortalidade+saneamento_agua	5570	
3	fiscal_municipal+mortalidade+saude_producao	5570	
3	fiscal_municipal+mortalidade+trabalho_empresa	5570	
3	fiscal_municipal+mortalidade+transferencia_renda	5570	
3	fiscal_municipal+politica+saneamento_agua	5570	
3	fiscal_municipal+politica+saude_producao	5570	H?
3	fiscal_municipal+politica+trabalho_empresa	5570	H?
3	fiscal_municipal+politica+transferencia_renda	5570	H?
3	fiscal_municipal+saneamento_agua+saude_producao	5570	
3	fiscal_municipal+saneamento_agua+trabalho_empresa	5570	
3	fiscal_municipal+saneamento_agua+transferencia_renda	5570	
3	fiscal_municipal+saude_producao+trabalho_empresa	5570	H?
3	fiscal_municipal+saude_producao+transferencia_renda	5570	H?
3	fiscal_municipal+trabalho_empresa+transferencia_renda	5570	P69-1
3	mortalidade+politica+saneamento_agua	5570	
3	mortalidade+politica+saude_producao	5570	P27-5
3	mortalidade+politica+trabalho_empresa	5570	
3	mortalidade+politica+transferencia_renda	5570	
3	mortalidade+saneamento_agua+saude_producao	5570	
3	mortalidade+saneamento_agua+trabalho_empresa	5570	
3	mortalidade+saneamento_agua+transferencia_renda	5570	
3	mortalidade+saude_producao+trabalho_empresa	5570	P09-4
3	mortalidade+saude_producao+transferencia_renda	5570	
3	mortalidade+trabalho_empresa+transferencia_renda	5570	P03-3
3	politica+saneamento_agua+saude_producao	5570	
3	politica+saneamento_agua+trabalho_empresa	5570	
3	politica+saneamento_agua+transferencia_renda	5570	
3	politica+saude_producao+trabalho_empresa	5570	P27-2
3	politica+saude_producao+transferencia_renda	5570	H?
3	politica+trabalho_empresa+transferencia_renda	5570	H?
3	saneamento_agua+saude_producao+trabalho_empresa	5570	P79-3
3	saneamento_agua+saude_producao+transferencia_renda	5570	
3	saneamento_agua+trabalho_empresa+transferencia_renda	5570	
3	saude_producao+trabalho_empresa+transferencia_renda	5570	H?
3	agropecuaria+conectividade+demografia_censo	5567	
3	agropecuaria+conectividade+desmatamento_clima	5567	
3	agropecuaria+conectividade+educacao	5567	
3	agropecuaria+conectividade+fiscal_municipal	5567	
3	agropecuaria+conectividade+mortalidade	5567	
3	agropecuaria+conectividade+politica	5567	
3	agropecuaria+conectividade+saneamento_agua	5567	
3	agropecuaria+conectividade+saude_producao	5567	
3	agropecuaria+conectividade+trabalho_empresa	5567	
3	agropecuaria+conectividade+transferencia_renda	5567	
3	agropecuaria+demografia_censo+desmatamento_clima	5567	
3	agropecuaria+demografia_censo+educacao	5567	
3	agropecuaria+demografia_censo+fiscal_municipal	5567	
3	agropecuaria+demografia_censo+mortalidade	5567	
3	agropecuaria+demografia_censo+politica	5567	
3	agropecuaria+demografia_censo+saneamento_agua	5567	
3	agropecuaria+demografia_censo+saude_producao	5567	
3	agropecuaria+demografia_censo+trabalho_empresa	5567	
3	agropecuaria+demografia_censo+transferencia_renda	5567	
3	agropecuaria+desmatamento_clima+educacao	5567	
3	agropecuaria+desmatamento_clima+fiscal_municipal	5567	
3	agropecuaria+desmatamento_clima+mortalidade	5567	
3	agropecuaria+desmatamento_clima+politica	5567	
3	agropecuaria+desmatamento_clima+saneamento_agua	5567	
3	agropecuaria+desmatamento_clima+saude_producao	5567	
3	agropecuaria+desmatamento_clima+trabalho_empresa	5567	
3	agropecuaria+desmatamento_clima+transferencia_renda	5567	
3	agropecuaria+educacao+fiscal_municipal	5567	
3	agropecuaria+educacao+mortalidade	5567	
3	agropecuaria+educacao+politica	5567	
3	agropecuaria+educacao+saneamento_agua	5567	
3	agropecuaria+educacao+saude_producao	5567	
3	agropecuaria+educacao+trabalho_empresa	5567	
3	agropecuaria+educacao+transferencia_renda	5567	
3	agropecuaria+fiscal_municipal+mortalidade	5567	
3	agropecuaria+fiscal_municipal+politica	5567	
3	agropecuaria+fiscal_municipal+saneamento_agua	5567	
3	agropecuaria+fiscal_municipal+saude_producao	5567	
3	agropecuaria+fiscal_municipal+trabalho_empresa	5567	P16-3
3	agropecuaria+fiscal_municipal+transferencia_renda	5567	
3	agropecuaria+mortalidade+politica	5567	
3	agropecuaria+mortalidade+saneamento_agua	5567	
3	agropecuaria+mortalidade+saude_producao	5567	
3	agropecuaria+mortalidade+trabalho_empresa	5567	P78-2
3	agropecuaria+mortalidade+transferencia_renda	5567	
3	agropecuaria+politica+saneamento_agua	5567	
3	agropecuaria+politica+saude_producao	5567	
3	agropecuaria+politica+trabalho_empresa	5567	
3	agropecuaria+politica+transferencia_renda	5567	
3	agropecuaria+saneamento_agua+saude_producao	5567	
3	agropecuaria+saneamento_agua+trabalho_empresa	5567	P44-5
3	agropecuaria+saneamento_agua+transferencia_renda	5567	
3	agropecuaria+saude_producao+trabalho_empresa	5567	
3	agropecuaria+saude_producao+transferencia_renda	5567	
3	agropecuaria+trabalho_empresa+transferencia_renda	5567	P78-1
3	agropecuaria+conectividade+fundiario	5559	
3	agropecuaria+demografia_censo+fundiario	5559	
3	agropecuaria+desmatamento_clima+fundiario	5559	P10-2
3	agropecuaria+educacao+fundiario	5559	
3	agropecuaria+fiscal_municipal+fundiario	5559	
3	agropecuaria+fundiario+mortalidade	5559	
3	agropecuaria+fundiario+politica	5559	
3	agropecuaria+fundiario+saneamento_agua	5559	
3	agropecuaria+fundiario+saude_producao	5559	
3	agropecuaria+fundiario+trabalho_empresa	5559	
3	agropecuaria+fundiario+transferencia_renda	5559	
3	conectividade+demografia_censo+fundiario	5559	
3	conectividade+desmatamento_clima+fundiario	5559	
3	conectividade+educacao+fundiario	5559	
3	conectividade+fiscal_municipal+fundiario	5559	
3	conectividade+fundiario+mortalidade	5559	
3	conectividade+fundiario+politica	5559	
3	conectividade+fundiario+saneamento_agua	5559	
3	conectividade+fundiario+saude_producao	5559	
3	conectividade+fundiario+trabalho_empresa	5559	
3	conectividade+fundiario+transferencia_renda	5559	
3	demografia_censo+desmatamento_clima+fundiario	5559	H?
3	demografia_censo+educacao+fundiario	5559	
3	demografia_censo+fiscal_municipal+fundiario	5559	
3	demografia_censo+fundiario+mortalidade	5559	
3	demografia_censo+fundiario+politica	5559	
3	demografia_censo+fundiario+saneamento_agua	5559	
3	demografia_censo+fundiario+saude_producao	5559	H?
3	demografia_censo+fundiario+trabalho_empresa	5559	
3	demografia_censo+fundiario+transferencia_renda	5559	
3	desmatamento_clima+educacao+fundiario	5559	
3	desmatamento_clima+fiscal_municipal+fundiario	5559	
3	desmatamento_clima+fundiario+mortalidade	5559	
3	desmatamento_clima+fundiario+politica	5559	
3	desmatamento_clima+fundiario+saneamento_agua	5559	
3	desmatamento_clima+fundiario+saude_producao	5559	H?
3	desmatamento_clima+fundiario+trabalho_empresa	5559	
3	desmatamento_clima+fundiario+transferencia_renda	5559	
3	educacao+fiscal_municipal+fundiario	5559	
3	educacao+fundiario+mortalidade	5559	
3	educacao+fundiario+politica	5559	
3	educacao+fundiario+saneamento_agua	5559	
3	educacao+fundiario+saude_producao	5559	
3	educacao+fundiario+trabalho_empresa	5559	
3	educacao+fundiario+transferencia_renda	5559	
3	fiscal_municipal+fundiario+mortalidade	5559	
3	fiscal_municipal+fundiario+politica	5559	
3	fiscal_municipal+fundiario+saneamento_agua	5559	
3	fiscal_municipal+fundiario+saude_producao	5559	
3	fiscal_municipal+fundiario+trabalho_empresa	5559	
3	fiscal_municipal+fundiario+transferencia_renda	5559	
3	fundiario+mortalidade+politica	5559	
3	fundiario+mortalidade+saneamento_agua	5559	
3	fundiario+mortalidade+saude_producao	5559	
3	fundiario+mortalidade+trabalho_empresa	5559	
3	fundiario+mortalidade+transferencia_renda	5559	
3	fundiario+politica+saneamento_agua	5559	
3	fundiario+politica+saude_producao	5559	
3	fundiario+politica+trabalho_empresa	5559	
3	fundiario+politica+transferencia_renda	5559	
3	fundiario+saneamento_agua+saude_producao	5559	
3	fundiario+saneamento_agua+trabalho_empresa	5559	
3	fundiario+saneamento_agua+transferencia_renda	5559	
3	fundiario+saude_producao+trabalho_empresa	5559	
3	fundiario+saude_producao+transferencia_renda	5559	
3	fundiario+trabalho_empresa+transferencia_renda	5559	
3	agropecuaria+conectividade+mobilidade	5544	
3	agropecuaria+demografia_censo+mobilidade	5544	
3	agropecuaria+desmatamento_clima+mobilidade	5544	
3	agropecuaria+educacao+mobilidade	5544	
3	agropecuaria+fiscal_municipal+mobilidade	5544	
3	agropecuaria+fundiario+mobilidade	5544	
3	agropecuaria+mobilidade+mortalidade	5544	
3	agropecuaria+mobilidade+politica	5544	
3	agropecuaria+mobilidade+saneamento_agua	5544	
3	agropecuaria+mobilidade+saude_producao	5544	
3	agropecuaria+mobilidade+trabalho_empresa	5544	
3	agropecuaria+mobilidade+transferencia_renda	5544	
3	conectividade+demografia_censo+mobilidade	5544	
3	conectividade+desmatamento_clima+mobilidade	5544	
3	conectividade+educacao+mobilidade	5544	
3	conectividade+fiscal_municipal+mobilidade	5544	
3	conectividade+fundiario+mobilidade	5544	
3	conectividade+mobilidade+mortalidade	5544	
3	conectividade+mobilidade+politica	5544	
3	conectividade+mobilidade+saneamento_agua	5544	
3	conectividade+mobilidade+saude_producao	5544	
3	conectividade+mobilidade+trabalho_empresa	5544	
3	conectividade+mobilidade+transferencia_renda	5544	
3	demografia_censo+desmatamento_clima+mobilidade	5544	
3	demografia_censo+educacao+mobilidade	5544	
3	demografia_censo+fiscal_municipal+mobilidade	5544	
3	demografia_censo+fundiario+mobilidade	5544	
3	demografia_censo+mobilidade+mortalidade	5544	P35-3
3	demografia_censo+mobilidade+politica	5544	
3	demografia_censo+mobilidade+saneamento_agua	5544	
3	demografia_censo+mobilidade+saude_producao	5544	
3	demografia_censo+mobilidade+trabalho_empresa	5544	P35-1
3	demografia_censo+mobilidade+transferencia_renda	5544	
3	desmatamento_clima+educacao+mobilidade	5544	
3	desmatamento_clima+fiscal_municipal+mobilidade	5544	
3	desmatamento_clima+fundiario+mobilidade	5544	
3	desmatamento_clima+mobilidade+mortalidade	5544	
3	desmatamento_clima+mobilidade+politica	5544	
3	desmatamento_clima+mobilidade+saneamento_agua	5544	
3	desmatamento_clima+mobilidade+saude_producao	5544	
3	desmatamento_clima+mobilidade+trabalho_empresa	5544	
3	desmatamento_clima+mobilidade+transferencia_renda	5544	
3	educacao+fiscal_municipal+mobilidade	5544	
3	educacao+fundiario+mobilidade	5544	
3	educacao+mobilidade+mortalidade	5544	
3	educacao+mobilidade+politica	5544	
3	educacao+mobilidade+saneamento_agua	5544	
3	educacao+mobilidade+saude_producao	5544	
3	educacao+mobilidade+trabalho_empresa	5544	
3	educacao+mobilidade+transferencia_renda	5544	
3	fiscal_municipal+fundiario+mobilidade	5544	
3	fiscal_municipal+mobilidade+mortalidade	5544	
3	fiscal_municipal+mobilidade+politica	5544	
3	fiscal_municipal+mobilidade+saneamento_agua	5544	
3	fiscal_municipal+mobilidade+saude_producao	5544	
3	fiscal_municipal+mobilidade+trabalho_empresa	5544	
3	fiscal_municipal+mobilidade+transferencia_renda	5544	
3	fundiario+mobilidade+mortalidade	5544	
3	fundiario+mobilidade+politica	5544	
3	fundiario+mobilidade+saneamento_agua	5544	
3	fundiario+mobilidade+saude_producao	5544	
3	fundiario+mobilidade+trabalho_empresa	5544	
3	fundiario+mobilidade+transferencia_renda	5544	
3	mobilidade+mortalidade+politica	5544	
3	mobilidade+mortalidade+saneamento_agua	5544	
3	mobilidade+mortalidade+saude_producao	5544	
3	mobilidade+mortalidade+trabalho_empresa	5544	
3	mobilidade+mortalidade+transferencia_renda	5544	
3	mobilidade+politica+saneamento_agua	5544	
3	mobilidade+politica+saude_producao	5544	
3	mobilidade+politica+trabalho_empresa	5544	
3	mobilidade+politica+transferencia_renda	5544	
3	mobilidade+saneamento_agua+saude_producao	5544	
3	mobilidade+saneamento_agua+trabalho_empresa	5544	
3	mobilidade+saneamento_agua+transferencia_renda	5544	
3	mobilidade+saude_producao+trabalho_empresa	5544	
3	mobilidade+saude_producao+transferencia_renda	5544	
3	mobilidade+trabalho_empresa+transferencia_renda	5544	
3	agropecuaria+conectividade+credito_financeiro	5522	
3	agropecuaria+credito_financeiro+demografia_censo	5522	
3	agropecuaria+credito_financeiro+desmatamento_clima	5522	P78-5
3	agropecuaria+credito_financeiro+educacao	5522	
3	agropecuaria+credito_financeiro+fiscal_municipal	5522	
3	agropecuaria+credito_financeiro+fundiario	5522	P17-1
3	agropecuaria+credito_financeiro+mobilidade	5522	
3	agropecuaria+credito_financeiro+mortalidade	5522	
3	agropecuaria+credito_financeiro+politica	5522	
3	agropecuaria+credito_financeiro+saneamento_agua	5522	
3	agropecuaria+credito_financeiro+saude_producao	5522	
3	agropecuaria+credito_financeiro+trabalho_empresa	5522	P07-1
3	agropecuaria+credito_financeiro+transferencia_renda	5522	HH46
3	conectividade+credito_financeiro+demografia_censo	5522	P57-2
3	conectividade+credito_financeiro+desmatamento_clima	5522	
3	conectividade+credito_financeiro+educacao	5522	
3	conectividade+credito_financeiro+fiscal_municipal	5522	
3	conectividade+credito_financeiro+fundiario	5522	
3	conectividade+credito_financeiro+mobilidade	5522	
3	conectividade+credito_financeiro+mortalidade	5522	
3	conectividade+credito_financeiro+politica	5522	
3	conectividade+credito_financeiro+saneamento_agua	5522	
3	conectividade+credito_financeiro+saude_producao	5522	
3	conectividade+credito_financeiro+trabalho_empresa	5522	P66-1
3	conectividade+credito_financeiro+transferencia_renda	5522	
3	credito_financeiro+demografia_censo+desmatamento_clima	5522	H?
3	credito_financeiro+demografia_censo+educacao	5522	
3	credito_financeiro+demografia_censo+fiscal_municipal	5522	
3	credito_financeiro+demografia_censo+fundiario	5522	H?
3	credito_financeiro+demografia_censo+mobilidade	5522	
3	credito_financeiro+demografia_censo+mortalidade	5522	
3	credito_financeiro+demografia_censo+politica	5522	
3	credito_financeiro+demografia_censo+saneamento_agua	5522	
3	credito_financeiro+demografia_censo+saude_producao	5522	H?
3	credito_financeiro+demografia_censo+trabalho_empresa	5522	P07-2
3	credito_financeiro+demografia_censo+transferencia_renda	5522	P66-3
3	credito_financeiro+desmatamento_clima+educacao	5522	
3	credito_financeiro+desmatamento_clima+fiscal_municipal	5522	
3	credito_financeiro+desmatamento_clima+fundiario	5522	P07-5
3	credito_financeiro+desmatamento_clima+mobilidade	5522	
3	credito_financeiro+desmatamento_clima+mortalidade	5522	
3	credito_financeiro+desmatamento_clima+politica	5522	
3	credito_financeiro+desmatamento_clima+saneamento_agua	5522	
3	credito_financeiro+desmatamento_clima+saude_producao	5522	H?
3	credito_financeiro+desmatamento_clima+trabalho_empresa	5522	P60-3
3	credito_financeiro+desmatamento_clima+transferencia_renda	5522	
3	credito_financeiro+educacao+fiscal_municipal	5522	
3	credito_financeiro+educacao+fundiario	5522	
3	credito_financeiro+educacao+mobilidade	5522	
3	credito_financeiro+educacao+mortalidade	5522	
3	credito_financeiro+educacao+politica	5522	
3	credito_financeiro+educacao+saneamento_agua	5522	
3	credito_financeiro+educacao+saude_producao	5522	
3	credito_financeiro+educacao+trabalho_empresa	5522	AE2
3	credito_financeiro+educacao+transferencia_renda	5522	AE2
3	credito_financeiro+fiscal_municipal+fundiario	5522	
3	credito_financeiro+fiscal_municipal+mobilidade	5522	
3	credito_financeiro+fiscal_municipal+mortalidade	5522	
3	credito_financeiro+fiscal_municipal+politica	5522	
3	credito_financeiro+fiscal_municipal+saneamento_agua	5522	
3	credito_financeiro+fiscal_municipal+saude_producao	5522	
3	credito_financeiro+fiscal_municipal+trabalho_empresa	5522	
3	credito_financeiro+fiscal_municipal+transferencia_renda	5522	P25-2
3	credito_financeiro+fundiario+mobilidade	5522	
3	credito_financeiro+fundiario+mortalidade	5522	
3	credito_financeiro+fundiario+politica	5522	
3	credito_financeiro+fundiario+saneamento_agua	5522	
3	credito_financeiro+fundiario+saude_producao	5522	H?
3	credito_financeiro+fundiario+trabalho_empresa	5522	P07-3
3	credito_financeiro+fundiario+transferencia_renda	5522	
3	credito_financeiro+mobilidade+mortalidade	5522	
3	credito_financeiro+mobilidade+politica	5522	
3	credito_financeiro+mobilidade+saneamento_agua	5522	
3	credito_financeiro+mobilidade+saude_producao	5522	
3	credito_financeiro+mobilidade+trabalho_empresa	5522	
3	credito_financeiro+mobilidade+transferencia_renda	5522	
3	credito_financeiro+mortalidade+politica	5522	
3	credito_financeiro+mortalidade+saneamento_agua	5522	
3	credito_financeiro+mortalidade+saude_producao	5522	
3	credito_financeiro+mortalidade+trabalho_empresa	5522	
3	credito_financeiro+mortalidade+transferencia_renda	5522	
3	credito_financeiro+politica+saneamento_agua	5522	
3	credito_financeiro+politica+saude_producao	5522	
3	credito_financeiro+politica+trabalho_empresa	5522	
3	credito_financeiro+politica+transferencia_renda	5522	
3	credito_financeiro+saneamento_agua+saude_producao	5522	
3	credito_financeiro+saneamento_agua+trabalho_empresa	5522	
3	credito_financeiro+saneamento_agua+transferencia_renda	5522	
3	credito_financeiro+saude_producao+trabalho_empresa	5522	
3	credito_financeiro+saude_producao+transferencia_renda	5522	
3	credito_financeiro+trabalho_empresa+transferencia_renda	5522	P57-3
3	agropecuaria+conectividade+vigilancia_sinan	5487	
3	agropecuaria+credito_financeiro+vigilancia_sinan	5487	
3	agropecuaria+demografia_censo+vigilancia_sinan	5487	
3	agropecuaria+desmatamento_clima+vigilancia_sinan	5487	
3	agropecuaria+educacao+vigilancia_sinan	5487	
3	agropecuaria+fiscal_municipal+vigilancia_sinan	5487	
3	agropecuaria+fundiario+vigilancia_sinan	5487	
3	agropecuaria+mobilidade+vigilancia_sinan	5487	
3	agropecuaria+mortalidade+vigilancia_sinan	5487	
3	agropecuaria+politica+vigilancia_sinan	5487	
3	agropecuaria+saneamento_agua+vigilancia_sinan	5487	
3	agropecuaria+saude_producao+vigilancia_sinan	5487	
3	agropecuaria+trabalho_empresa+vigilancia_sinan	5487	
3	agropecuaria+transferencia_renda+vigilancia_sinan	5487	
3	conectividade+credito_financeiro+vigilancia_sinan	5487	
3	conectividade+demografia_censo+vigilancia_sinan	5487	
3	conectividade+desmatamento_clima+vigilancia_sinan	5487	
3	conectividade+educacao+vigilancia_sinan	5487	
3	conectividade+fiscal_municipal+vigilancia_sinan	5487	
3	conectividade+fundiario+vigilancia_sinan	5487	
3	conectividade+mobilidade+vigilancia_sinan	5487	
3	conectividade+mortalidade+vigilancia_sinan	5487	
3	conectividade+politica+vigilancia_sinan	5487	
3	conectividade+saneamento_agua+vigilancia_sinan	5487	
3	conectividade+saude_producao+vigilancia_sinan	5487	P80-3
3	conectividade+trabalho_empresa+vigilancia_sinan	5487	
3	conectividade+transferencia_renda+vigilancia_sinan	5487	
3	credito_financeiro+demografia_censo+vigilancia_sinan	5487	P69-4
3	credito_financeiro+desmatamento_clima+vigilancia_sinan	5487	
3	credito_financeiro+educacao+vigilancia_sinan	5487	
3	credito_financeiro+fiscal_municipal+vigilancia_sinan	5487	
3	credito_financeiro+fundiario+vigilancia_sinan	5487	
3	credito_financeiro+mobilidade+vigilancia_sinan	5487	
3	credito_financeiro+mortalidade+vigilancia_sinan	5487	
3	credito_financeiro+politica+vigilancia_sinan	5487	
3	credito_financeiro+saneamento_agua+vigilancia_sinan	5487	
3	credito_financeiro+saude_producao+vigilancia_sinan	5487	
3	credito_financeiro+trabalho_empresa+vigilancia_sinan	5487	
3	credito_financeiro+transferencia_renda+vigilancia_sinan	5487	
3	demografia_censo+desmatamento_clima+vigilancia_sinan	5487	
3	demografia_censo+educacao+vigilancia_sinan	5487	P28-5
3	demografia_censo+fiscal_municipal+vigilancia_sinan	5487	
3	demografia_censo+fundiario+vigilancia_sinan	5487	
3	demografia_censo+mobilidade+vigilancia_sinan	5487	
3	demografia_censo+mortalidade+vigilancia_sinan	5487	P23-3
3	demografia_censo+politica+vigilancia_sinan	5487	
3	demografia_censo+saneamento_agua+vigilancia_sinan	5487	
3	demografia_censo+saude_producao+vigilancia_sinan	5487	P71-3
3	demografia_censo+trabalho_empresa+vigilancia_sinan	5487	P09-1
3	demografia_censo+transferencia_renda+vigilancia_sinan	5487	P71-3
3	desmatamento_clima+educacao+vigilancia_sinan	5487	
3	desmatamento_clima+fiscal_municipal+vigilancia_sinan	5487	
3	desmatamento_clima+fundiario+vigilancia_sinan	5487	
3	desmatamento_clima+mobilidade+vigilancia_sinan	5487	
3	desmatamento_clima+mortalidade+vigilancia_sinan	5487	
3	desmatamento_clima+politica+vigilancia_sinan	5487	
3	desmatamento_clima+saneamento_agua+vigilancia_sinan	5487	
3	desmatamento_clima+saude_producao+vigilancia_sinan	5487	
3	desmatamento_clima+trabalho_empresa+vigilancia_sinan	5487	
3	desmatamento_clima+transferencia_renda+vigilancia_sinan	5487	
3	educacao+fiscal_municipal+vigilancia_sinan	5487	
3	educacao+fundiario+vigilancia_sinan	5487	
3	educacao+mobilidade+vigilancia_sinan	5487	
3	educacao+mortalidade+vigilancia_sinan	5487	
3	educacao+politica+vigilancia_sinan	5487	
3	educacao+saneamento_agua+vigilancia_sinan	5487	
3	educacao+saude_producao+vigilancia_sinan	5487	
3	educacao+trabalho_empresa+vigilancia_sinan	5487	
3	educacao+transferencia_renda+vigilancia_sinan	5487	
3	fiscal_municipal+fundiario+vigilancia_sinan	5487	
3	fiscal_municipal+mobilidade+vigilancia_sinan	5487	
3	fiscal_municipal+mortalidade+vigilancia_sinan	5487	
3	fiscal_municipal+politica+vigilancia_sinan	5487	
3	fiscal_municipal+saneamento_agua+vigilancia_sinan	5487	
3	fiscal_municipal+saude_producao+vigilancia_sinan	5487	
3	fiscal_municipal+trabalho_empresa+vigilancia_sinan	5487	
3	fiscal_municipal+transferencia_renda+vigilancia_sinan	5487	
3	fundiario+mobilidade+vigilancia_sinan	5487	
3	fundiario+mortalidade+vigilancia_sinan	5487	
3	fundiario+politica+vigilancia_sinan	5487	
3	fundiario+saneamento_agua+vigilancia_sinan	5487	
3	fundiario+saude_producao+vigilancia_sinan	5487	
3	fundiario+trabalho_empresa+vigilancia_sinan	5487	
3	fundiario+transferencia_renda+vigilancia_sinan	5487	
3	mobilidade+mortalidade+vigilancia_sinan	5487	
3	mobilidade+politica+vigilancia_sinan	5487	
3	mobilidade+saneamento_agua+vigilancia_sinan	5487	
3	mobilidade+saude_producao+vigilancia_sinan	5487	
3	mobilidade+trabalho_empresa+vigilancia_sinan	5487	
3	mobilidade+transferencia_renda+vigilancia_sinan	5487	
3	mortalidade+politica+vigilancia_sinan	5487	
3	mortalidade+saneamento_agua+vigilancia_sinan	5487	
3	mortalidade+saude_producao+vigilancia_sinan	5487	P23-2
3	mortalidade+trabalho_empresa+vigilancia_sinan	5487	AC3
3	mortalidade+transferencia_renda+vigilancia_sinan	5487	
3	politica+saneamento_agua+vigilancia_sinan	5487	
3	politica+saude_producao+vigilancia_sinan	5487	
3	politica+trabalho_empresa+vigilancia_sinan	5487	
3	politica+transferencia_renda+vigilancia_sinan	5487	
3	saneamento_agua+saude_producao+vigilancia_sinan	5487	
3	saneamento_agua+trabalho_empresa+vigilancia_sinan	5487	P71-4
3	saneamento_agua+transferencia_renda+vigilancia_sinan	5487	
3	saude_producao+trabalho_empresa+vigilancia_sinan	5487	
3	saude_producao+transferencia_renda+vigilancia_sinan	5487	P71-3
3	trabalho_empresa+transferencia_renda+vigilancia_sinan	5487	
3	agropecuaria+conectividade+fiscalizacao_ambiental	5475	
3	agropecuaria+credito_financeiro+fiscalizacao_ambiental	5475	P66-5
3	agropecuaria+demografia_censo+fiscalizacao_ambiental	5475	
3	agropecuaria+desmatamento_clima+fiscalizacao_ambiental	5475	
3	agropecuaria+educacao+fiscalizacao_ambiental	5475	
3	agropecuaria+fiscal_municipal+fiscalizacao_ambiental	5475	
3	agropecuaria+fiscalizacao_ambiental+fundiario	5475	
3	agropecuaria+fiscalizacao_ambiental+mobilidade	5475	
3	agropecuaria+fiscalizacao_ambiental+mortalidade	5475	
3	agropecuaria+fiscalizacao_ambiental+politica	5475	
3	agropecuaria+fiscalizacao_ambiental+saneamento_agua	5475	
3	agropecuaria+fiscalizacao_ambiental+saude_producao	5475	
3	agropecuaria+fiscalizacao_ambiental+trabalho_empresa	5475	
3	agropecuaria+fiscalizacao_ambiental+transferencia_renda	5475	
3	agropecuaria+fiscalizacao_ambiental+vigilancia_sinan	5475	
3	conectividade+credito_financeiro+fiscalizacao_ambiental	5475	
3	conectividade+demografia_censo+fiscalizacao_ambiental	5475	
3	conectividade+desmatamento_clima+fiscalizacao_ambiental	5475	
3	conectividade+educacao+fiscalizacao_ambiental	5475	
3	conectividade+fiscal_municipal+fiscalizacao_ambiental	5475	
3	conectividade+fiscalizacao_ambiental+fundiario	5475	
3	conectividade+fiscalizacao_ambiental+mobilidade	5475	
3	conectividade+fiscalizacao_ambiental+mortalidade	5475	
3	conectividade+fiscalizacao_ambiental+politica	5475	
3	conectividade+fiscalizacao_ambiental+saneamento_agua	5475	
3	conectividade+fiscalizacao_ambiental+saude_producao	5475	
3	conectividade+fiscalizacao_ambiental+trabalho_empresa	5475	
3	conectividade+fiscalizacao_ambiental+transferencia_renda	5475	
3	conectividade+fiscalizacao_ambiental+vigilancia_sinan	5475	
3	credito_financeiro+demografia_censo+fiscalizacao_ambiental	5475	P72-4
3	credito_financeiro+desmatamento_clima+fiscalizacao_ambiental	5475	H?
3	credito_financeiro+educacao+fiscalizacao_ambiental	5475	
3	credito_financeiro+fiscal_municipal+fiscalizacao_ambiental	5475	
3	credito_financeiro+fiscalizacao_ambiental+fundiario	5475	H?
3	credito_financeiro+fiscalizacao_ambiental+mobilidade	5475	
3	credito_financeiro+fiscalizacao_ambiental+mortalidade	5475	
3	credito_financeiro+fiscalizacao_ambiental+politica	5475	
3	credito_financeiro+fiscalizacao_ambiental+saneamento_agua	5475	
3	credito_financeiro+fiscalizacao_ambiental+saude_producao	5475	H?
3	credito_financeiro+fiscalizacao_ambiental+trabalho_empresa	5475	
3	credito_financeiro+fiscalizacao_ambiental+transferencia_renda	5475	
3	credito_financeiro+fiscalizacao_ambiental+vigilancia_sinan	5475	
3	demografia_censo+desmatamento_clima+fiscalizacao_ambiental	5475	P72-1
3	demografia_censo+educacao+fiscalizacao_ambiental	5475	
3	demografia_censo+fiscal_municipal+fiscalizacao_ambiental	5475	
3	demografia_censo+fiscalizacao_ambiental+fundiario	5475	H?
3	demografia_censo+fiscalizacao_ambiental+mobilidade	5475	
3	demografia_censo+fiscalizacao_ambiental+mortalidade	5475	
3	demografia_censo+fiscalizacao_ambiental+politica	5475	
3	demografia_censo+fiscalizacao_ambiental+saneamento_agua	5475	
3	demografia_censo+fiscalizacao_ambiental+saude_producao	5475	H?
3	demografia_censo+fiscalizacao_ambiental+trabalho_empresa	5475	
3	demografia_censo+fiscalizacao_ambiental+transferencia_renda	5475	
3	demografia_censo+fiscalizacao_ambiental+vigilancia_sinan	5475	
3	desmatamento_clima+educacao+fiscalizacao_ambiental	5475	
3	desmatamento_clima+fiscal_municipal+fiscalizacao_ambiental	5475	
3	desmatamento_clima+fiscalizacao_ambiental+fundiario	5475	P59-2
3	desmatamento_clima+fiscalizacao_ambiental+mobilidade	5475	
3	desmatamento_clima+fiscalizacao_ambiental+mortalidade	5475	
3	desmatamento_clima+fiscalizacao_ambiental+politica	5475	
3	desmatamento_clima+fiscalizacao_ambiental+saneamento_agua	5475	
3	desmatamento_clima+fiscalizacao_ambiental+saude_producao	5475	H?
3	desmatamento_clima+fiscalizacao_ambiental+trabalho_empresa	5475	P59-3
3	desmatamento_clima+fiscalizacao_ambiental+transferencia_renda	5475	
3	desmatamento_clima+fiscalizacao_ambiental+vigilancia_sinan	5475	
3	educacao+fiscal_municipal+fiscalizacao_ambiental	5475	
3	educacao+fiscalizacao_ambiental+fundiario	5475	
3	educacao+fiscalizacao_ambiental+mobilidade	5475	
3	educacao+fiscalizacao_ambiental+mortalidade	5475	
3	educacao+fiscalizacao_ambiental+politica	5475	
3	educacao+fiscalizacao_ambiental+saneamento_agua	5475	
3	educacao+fiscalizacao_ambiental+saude_producao	5475	
3	educacao+fiscalizacao_ambiental+trabalho_empresa	5475	
3	educacao+fiscalizacao_ambiental+transferencia_renda	5475	
3	educacao+fiscalizacao_ambiental+vigilancia_sinan	5475	
3	fiscal_municipal+fiscalizacao_ambiental+fundiario	5475	
3	fiscal_municipal+fiscalizacao_ambiental+mobilidade	5475	
3	fiscal_municipal+fiscalizacao_ambiental+mortalidade	5475	
3	fiscal_municipal+fiscalizacao_ambiental+politica	5475	
3	fiscal_municipal+fiscalizacao_ambiental+saneamento_agua	5475	
3	fiscal_municipal+fiscalizacao_ambiental+saude_producao	5475	
3	fiscal_municipal+fiscalizacao_ambiental+trabalho_empresa	5475	
3	fiscal_municipal+fiscalizacao_ambiental+transferencia_renda	5475	
3	fiscal_municipal+fiscalizacao_ambiental+vigilancia_sinan	5475	
3	fiscalizacao_ambiental+fundiario+mobilidade	5475	
3	fiscalizacao_ambiental+fundiario+mortalidade	5475	
3	fiscalizacao_ambiental+fundiario+politica	5475	
3	fiscalizacao_ambiental+fundiario+saneamento_agua	5475	
3	fiscalizacao_ambiental+fundiario+saude_producao	5475	H?
3	fiscalizacao_ambiental+fundiario+trabalho_empresa	5475	
3	fiscalizacao_ambiental+fundiario+transferencia_renda	5475	
3	fiscalizacao_ambiental+fundiario+vigilancia_sinan	5475	
3	fiscalizacao_ambiental+mobilidade+mortalidade	5475	
3	fiscalizacao_ambiental+mobilidade+politica	5475	
3	fiscalizacao_ambiental+mobilidade+saneamento_agua	5475	
3	fiscalizacao_ambiental+mobilidade+saude_producao	5475	
3	fiscalizacao_ambiental+mobilidade+trabalho_empresa	5475	
3	fiscalizacao_ambiental+mobilidade+transferencia_renda	5475	
3	fiscalizacao_ambiental+mobilidade+vigilancia_sinan	5475	
3	fiscalizacao_ambiental+mortalidade+politica	5475	
3	fiscalizacao_ambiental+mortalidade+saneamento_agua	5475	
3	fiscalizacao_ambiental+mortalidade+saude_producao	5475	
3	fiscalizacao_ambiental+mortalidade+trabalho_empresa	5475	
3	fiscalizacao_ambiental+mortalidade+transferencia_renda	5475	
3	fiscalizacao_ambiental+mortalidade+vigilancia_sinan	5475	
3	fiscalizacao_ambiental+politica+saneamento_agua	5475	
3	fiscalizacao_ambiental+politica+saude_producao	5475	
3	fiscalizacao_ambiental+politica+trabalho_empresa	5475	
3	fiscalizacao_ambiental+politica+transferencia_renda	5475	
3	fiscalizacao_ambiental+politica+vigilancia_sinan	5475	
3	fiscalizacao_ambiental+saneamento_agua+saude_producao	5475	
3	fiscalizacao_ambiental+saneamento_agua+trabalho_empresa	5475	
3	fiscalizacao_ambiental+saneamento_agua+transferencia_renda	5475	
3	fiscalizacao_ambiental+saneamento_agua+vigilancia_sinan	5475	
3	fiscalizacao_ambiental+saude_producao+trabalho_empresa	5475	
3	fiscalizacao_ambiental+saude_producao+transferencia_renda	5475	
3	fiscalizacao_ambiental+saude_producao+vigilancia_sinan	5475	
3	fiscalizacao_ambiental+trabalho_empresa+transferencia_renda	5475	
3	fiscalizacao_ambiental+trabalho_empresa+vigilancia_sinan	5475	
3	fiscalizacao_ambiental+transferencia_renda+vigilancia_sinan	5475	
3	agropecuaria+compras_publicas+conectividade	5419	
3	agropecuaria+compras_publicas+credito_financeiro	5419	
3	agropecuaria+compras_publicas+demografia_censo	5419	
3	agropecuaria+compras_publicas+desmatamento_clima	5419	
3	agropecuaria+compras_publicas+educacao	5419	
3	agropecuaria+compras_publicas+fiscal_municipal	5419	
3	agropecuaria+compras_publicas+fiscalizacao_ambiental	5419	
3	agropecuaria+compras_publicas+fundiario	5419	
3	agropecuaria+compras_publicas+mobilidade	5419	
3	agropecuaria+compras_publicas+mortalidade	5419	
3	agropecuaria+compras_publicas+politica	5419	
3	agropecuaria+compras_publicas+saneamento_agua	5419	
3	agropecuaria+compras_publicas+saude_producao	5419	
3	agropecuaria+compras_publicas+trabalho_empresa	5419	
3	agropecuaria+compras_publicas+transferencia_renda	5419	
3	agropecuaria+compras_publicas+vigilancia_sinan	5419	
3	compras_publicas+conectividade+credito_financeiro	5419	
3	compras_publicas+conectividade+demografia_censo	5419	P68-4
3	compras_publicas+conectividade+desmatamento_clima	5419	
3	compras_publicas+conectividade+educacao	5419	
3	compras_publicas+conectividade+fiscal_municipal	5419	
3	compras_publicas+conectividade+fiscalizacao_ambiental	5419	
3	compras_publicas+conectividade+fundiario	5419	
3	compras_publicas+conectividade+mobilidade	5419	
3	compras_publicas+conectividade+mortalidade	5419	
3	compras_publicas+conectividade+politica	5419	
3	compras_publicas+conectividade+saneamento_agua	5419	P68-4
3	compras_publicas+conectividade+saude_producao	5419	
3	compras_publicas+conectividade+trabalho_empresa	5419	
3	compras_publicas+conectividade+transferencia_renda	5419	
3	compras_publicas+conectividade+vigilancia_sinan	5419	
3	compras_publicas+credito_financeiro+demografia_censo	5419	H?
3	compras_publicas+credito_financeiro+desmatamento_clima	5419	H?
3	compras_publicas+credito_financeiro+educacao	5419	
3	compras_publicas+credito_financeiro+fiscal_municipal	5419	
3	compras_publicas+credito_financeiro+fiscalizacao_ambiental	5419	H?
3	compras_publicas+credito_financeiro+fundiario	5419	H?
3	compras_publicas+credito_financeiro+mobilidade	5419	
3	compras_publicas+credito_financeiro+mortalidade	5419	
3	compras_publicas+credito_financeiro+politica	5419	
3	compras_publicas+credito_financeiro+saneamento_agua	5419	
3	compras_publicas+credito_financeiro+saude_producao	5419	H?
3	compras_publicas+credito_financeiro+trabalho_empresa	5419	
3	compras_publicas+credito_financeiro+transferencia_renda	5419	
3	compras_publicas+credito_financeiro+vigilancia_sinan	5419	
3	compras_publicas+demografia_censo+desmatamento_clima	5419	H?
3	compras_publicas+demografia_censo+educacao	5419	H?
3	compras_publicas+demografia_censo+fiscal_municipal	5419	P40-1
3	compras_publicas+demografia_censo+fiscalizacao_ambiental	5419	H?
3	compras_publicas+demografia_censo+fundiario	5419	H?
3	compras_publicas+demografia_censo+mobilidade	5419	
3	compras_publicas+demografia_censo+mortalidade	5419	
3	compras_publicas+demografia_censo+politica	5419	P15-5
3	compras_publicas+demografia_censo+saneamento_agua	5419	P68-4
3	compras_publicas+demografia_censo+saude_producao	5419	H?
3	compras_publicas+demografia_censo+trabalho_empresa	5419	P51-3
3	compras_publicas+demografia_censo+transferencia_renda	5419	H?
3	compras_publicas+demografia_censo+vigilancia_sinan	5419	
3	compras_publicas+desmatamento_clima+educacao	5419	
3	compras_publicas+desmatamento_clima+fiscal_municipal	5419	
3	compras_publicas+desmatamento_clima+fiscalizacao_ambiental	5419	H?
3	compras_publicas+desmatamento_clima+fundiario	5419	H?
3	compras_publicas+desmatamento_clima+mobilidade	5419	
3	compras_publicas+desmatamento_clima+mortalidade	5419	
3	compras_publicas+desmatamento_clima+politica	5419	
3	compras_publicas+desmatamento_clima+saneamento_agua	5419	
3	compras_publicas+desmatamento_clima+saude_producao	5419	H?
3	compras_publicas+desmatamento_clima+trabalho_empresa	5419	
3	compras_publicas+desmatamento_clima+transferencia_renda	5419	
3	compras_publicas+desmatamento_clima+vigilancia_sinan	5419	
3	compras_publicas+educacao+fiscal_municipal	5419	H?
3	compras_publicas+educacao+fiscalizacao_ambiental	5419	
3	compras_publicas+educacao+fundiario	5419	
3	compras_publicas+educacao+mobilidade	5419	
3	compras_publicas+educacao+mortalidade	5419	
3	compras_publicas+educacao+politica	5419	H?
3	compras_publicas+educacao+saneamento_agua	5419	
3	compras_publicas+educacao+saude_producao	5419	H?
3	compras_publicas+educacao+trabalho_empresa	5419	H?
3	compras_publicas+educacao+transferencia_renda	5419	H?
3	compras_publicas+educacao+vigilancia_sinan	5419	
3	compras_publicas+fiscal_municipal+fiscalizacao_ambiental	5419	
3	compras_publicas+fiscal_municipal+fundiario	5419	
3	compras_publicas+fiscal_municipal+mobilidade	5419	
3	compras_publicas+fiscal_municipal+mortalidade	5419	
3	compras_publicas+fiscal_municipal+politica	5419	H?
3	compras_publicas+fiscal_municipal+saneamento_agua	5419	
3	compras_publicas+fiscal_municipal+saude_producao	5419	H?
3	compras_publicas+fiscal_municipal+trabalho_empresa	5419	P21-3
3	compras_publicas+fiscal_municipal+transferencia_renda	5419	H?
3	compras_publicas+fiscal_municipal+vigilancia_sinan	5419	
3	compras_publicas+fiscalizacao_ambiental+fundiario	5419	H?
3	compras_publicas+fiscalizacao_ambiental+mobilidade	5419	
3	compras_publicas+fiscalizacao_ambiental+mortalidade	5419	
3	compras_publicas+fiscalizacao_ambiental+politica	5419	
3	compras_publicas+fiscalizacao_ambiental+saneamento_agua	5419	
3	compras_publicas+fiscalizacao_ambiental+saude_producao	5419	H?
3	compras_publicas+fiscalizacao_ambiental+trabalho_empresa	5419	
3	compras_publicas+fiscalizacao_ambiental+transferencia_renda	5419	
3	compras_publicas+fiscalizacao_ambiental+vigilancia_sinan	5419	
3	compras_publicas+fundiario+mobilidade	5419	
3	compras_publicas+fundiario+mortalidade	5419	
3	compras_publicas+fundiario+politica	5419	
3	compras_publicas+fundiario+saneamento_agua	5419	
3	compras_publicas+fundiario+saude_producao	5419	H?
3	compras_publicas+fundiario+trabalho_empresa	5419	
3	compras_publicas+fundiario+transferencia_renda	5419	
3	compras_publicas+fundiario+vigilancia_sinan	5419	
3	compras_publicas+mobilidade+mortalidade	5419	
3	compras_publicas+mobilidade+politica	5419	
3	compras_publicas+mobilidade+saneamento_agua	5419	
3	compras_publicas+mobilidade+saude_producao	5419	
3	compras_publicas+mobilidade+trabalho_empresa	5419	
3	compras_publicas+mobilidade+transferencia_renda	5419	
3	compras_publicas+mobilidade+vigilancia_sinan	5419	
3	compras_publicas+mortalidade+politica	5419	
3	compras_publicas+mortalidade+saneamento_agua	5419	
3	compras_publicas+mortalidade+saude_producao	5419	P77-2
3	compras_publicas+mortalidade+trabalho_empresa	5419	
3	compras_publicas+mortalidade+transferencia_renda	5419	
3	compras_publicas+mortalidade+vigilancia_sinan	5419	
3	compras_publicas+politica+saneamento_agua	5419	
3	compras_publicas+politica+saude_producao	5419	H?
3	compras_publicas+politica+trabalho_empresa	5419	P05-3
3	compras_publicas+politica+transferencia_renda	5419	H?
3	compras_publicas+politica+vigilancia_sinan	5419	
3	compras_publicas+saneamento_agua+saude_producao	5419	
3	compras_publicas+saneamento_agua+trabalho_empresa	5419	
3	compras_publicas+saneamento_agua+transferencia_renda	5419	
3	compras_publicas+saneamento_agua+vigilancia_sinan	5419	
3	compras_publicas+saude_producao+trabalho_empresa	5419	H?
3	compras_publicas+saude_producao+transferencia_renda	5419	H?
3	compras_publicas+saude_producao+vigilancia_sinan	5419	
3	compras_publicas+trabalho_empresa+transferencia_renda	5419	H?
3	compras_publicas+trabalho_empresa+vigilancia_sinan	5419	
3	compras_publicas+transferencia_renda+vigilancia_sinan	5419	
3	agropecuaria+compras_publicas+natalidade	4691	
3	agropecuaria+conectividade+natalidade	4691	
3	agropecuaria+credito_financeiro+natalidade	4691	
3	agropecuaria+demografia_censo+natalidade	4691	
3	agropecuaria+desmatamento_clima+natalidade	4691	
3	agropecuaria+educacao+natalidade	4691	
3	agropecuaria+fiscal_municipal+natalidade	4691	
3	agropecuaria+fiscalizacao_ambiental+natalidade	4691	
3	agropecuaria+fundiario+natalidade	4691	
3	agropecuaria+mobilidade+natalidade	4691	
3	agropecuaria+mortalidade+natalidade	4691	
3	agropecuaria+natalidade+politica	4691	
3	agropecuaria+natalidade+saneamento_agua	4691	
3	agropecuaria+natalidade+saude_producao	4691	
3	agropecuaria+natalidade+trabalho_empresa	4691	
3	agropecuaria+natalidade+transferencia_renda	4691	
3	agropecuaria+natalidade+vigilancia_sinan	4691	
3	compras_publicas+conectividade+natalidade	4691	
3	compras_publicas+credito_financeiro+natalidade	4691	
3	compras_publicas+demografia_censo+natalidade	4691	
3	compras_publicas+desmatamento_clima+natalidade	4691	
3	compras_publicas+educacao+natalidade	4691	H?
3	compras_publicas+fiscal_municipal+natalidade	4691	H?
3	compras_publicas+fiscalizacao_ambiental+natalidade	4691	
3	compras_publicas+fundiario+natalidade	4691	
3	compras_publicas+mobilidade+natalidade	4691	
3	compras_publicas+mortalidade+natalidade	4691	
3	compras_publicas+natalidade+politica	4691	H?
3	compras_publicas+natalidade+saneamento_agua	4691	
3	compras_publicas+natalidade+saude_producao	4691	H?
3	compras_publicas+natalidade+trabalho_empresa	4691	H?
3	compras_publicas+natalidade+transferencia_renda	4691	H?
3	compras_publicas+natalidade+vigilancia_sinan	4691	
3	conectividade+credito_financeiro+natalidade	4691	
3	conectividade+demografia_censo+natalidade	4691	
3	conectividade+desmatamento_clima+natalidade	4691	
3	conectividade+educacao+natalidade	4691	
3	conectividade+fiscal_municipal+natalidade	4691	
3	conectividade+fiscalizacao_ambiental+natalidade	4691	
3	conectividade+fundiario+natalidade	4691	
3	conectividade+mobilidade+natalidade	4691	
3	conectividade+mortalidade+natalidade	4691	
3	conectividade+natalidade+politica	4691	
3	conectividade+natalidade+saneamento_agua	4691	
3	conectividade+natalidade+saude_producao	4691	
3	conectividade+natalidade+trabalho_empresa	4691	
3	conectividade+natalidade+transferencia_renda	4691	
3	conectividade+natalidade+vigilancia_sinan	4691	
3	credito_financeiro+demografia_censo+natalidade	4691	
3	credito_financeiro+desmatamento_clima+natalidade	4691	
3	credito_financeiro+educacao+natalidade	4691	
3	credito_financeiro+fiscal_municipal+natalidade	4691	
3	credito_financeiro+fiscalizacao_ambiental+natalidade	4691	
3	credito_financeiro+fundiario+natalidade	4691	
3	credito_financeiro+mobilidade+natalidade	4691	
3	credito_financeiro+mortalidade+natalidade	4691	
3	credito_financeiro+natalidade+politica	4691	
3	credito_financeiro+natalidade+saneamento_agua	4691	
3	credito_financeiro+natalidade+saude_producao	4691	
3	credito_financeiro+natalidade+trabalho_empresa	4691	
3	credito_financeiro+natalidade+transferencia_renda	4691	
3	credito_financeiro+natalidade+vigilancia_sinan	4691	
3	demografia_censo+desmatamento_clima+natalidade	4691	
3	demografia_censo+educacao+natalidade	4691	
3	demografia_censo+fiscal_municipal+natalidade	4691	
3	demografia_censo+fiscalizacao_ambiental+natalidade	4691	
3	demografia_censo+fundiario+natalidade	4691	
3	demografia_censo+mobilidade+natalidade	4691	
3	demografia_censo+mortalidade+natalidade	4691	P31-3
3	demografia_censo+natalidade+politica	4691	
3	demografia_censo+natalidade+saneamento_agua	4691	
3	demografia_censo+natalidade+saude_producao	4691	P09-2
3	demografia_censo+natalidade+trabalho_empresa	4691	
3	demografia_censo+natalidade+transferencia_renda	4691	P03-5
3	demografia_censo+natalidade+vigilancia_sinan	4691	
3	desmatamento_clima+educacao+natalidade	4691	
3	desmatamento_clima+fiscal_municipal+natalidade	4691	
3	desmatamento_clima+fiscalizacao_ambiental+natalidade	4691	
3	desmatamento_clima+fundiario+natalidade	4691	
3	desmatamento_clima+mobilidade+natalidade	4691	
3	desmatamento_clima+mortalidade+natalidade	4691	
3	desmatamento_clima+natalidade+politica	4691	
3	desmatamento_clima+natalidade+saneamento_agua	4691	
3	desmatamento_clima+natalidade+saude_producao	4691	
3	desmatamento_clima+natalidade+trabalho_empresa	4691	
3	desmatamento_clima+natalidade+transferencia_renda	4691	
3	desmatamento_clima+natalidade+vigilancia_sinan	4691	
3	educacao+fiscal_municipal+natalidade	4691	H?
3	educacao+fiscalizacao_ambiental+natalidade	4691	
3	educacao+fundiario+natalidade	4691	
3	educacao+mobilidade+natalidade	4691	
3	educacao+mortalidade+natalidade	4691	
3	educacao+natalidade+politica	4691	H?
3	educacao+natalidade+saneamento_agua	4691	
3	educacao+natalidade+saude_producao	4691	H?
3	educacao+natalidade+trabalho_empresa	4691	P77-4
3	educacao+natalidade+transferencia_renda	4691	HH44
3	educacao+natalidade+vigilancia_sinan	4691	
3	fiscal_municipal+fiscalizacao_ambiental+natalidade	4691	
3	fiscal_municipal+fundiario+natalidade	4691	
3	fiscal_municipal+mobilidade+natalidade	4691	
3	fiscal_municipal+mortalidade+natalidade	4691	
3	fiscal_municipal+natalidade+politica	4691	H?
3	fiscal_municipal+natalidade+saneamento_agua	4691	
3	fiscal_municipal+natalidade+saude_producao	4691	H?
3	fiscal_municipal+natalidade+trabalho_empresa	4691	H?
3	fiscal_municipal+natalidade+transferencia_renda	4691	H?
3	fiscal_municipal+natalidade+vigilancia_sinan	4691	
3	fiscalizacao_ambiental+fundiario+natalidade	4691	
3	fiscalizacao_ambiental+mobilidade+natalidade	4691	
3	fiscalizacao_ambiental+mortalidade+natalidade	4691	
3	fiscalizacao_ambiental+natalidade+politica	4691	
3	fiscalizacao_ambiental+natalidade+saneamento_agua	4691	
3	fiscalizacao_ambiental+natalidade+saude_producao	4691	
3	fiscalizacao_ambiental+natalidade+trabalho_empresa	4691	
3	fiscalizacao_ambiental+natalidade+transferencia_renda	4691	
3	fiscalizacao_ambiental+natalidade+vigilancia_sinan	4691	
3	fundiario+mobilidade+natalidade	4691	
3	fundiario+mortalidade+natalidade	4691	
3	fundiario+natalidade+politica	4691	
3	fundiario+natalidade+saneamento_agua	4691	
3	fundiario+natalidade+saude_producao	4691	
3	fundiario+natalidade+trabalho_empresa	4691	
3	fundiario+natalidade+transferencia_renda	4691	
3	fundiario+natalidade+vigilancia_sinan	4691	
3	mobilidade+mortalidade+natalidade	4691	
3	mobilidade+natalidade+politica	4691	
3	mobilidade+natalidade+saneamento_agua	4691	
3	mobilidade+natalidade+saude_producao	4691	
3	mobilidade+natalidade+trabalho_empresa	4691	
3	mobilidade+natalidade+transferencia_renda	4691	
3	mobilidade+natalidade+vigilancia_sinan	4691	
3	mortalidade+natalidade+politica	4691	
3	mortalidade+natalidade+saneamento_agua	4691	
3	mortalidade+natalidade+saude_producao	4691	P03-2
3	mortalidade+natalidade+trabalho_empresa	4691	P03-3
3	mortalidade+natalidade+transferencia_renda	4691	P03-3
3	mortalidade+natalidade+vigilancia_sinan	4691	
3	natalidade+politica+saneamento_agua	4691	
3	natalidade+politica+saude_producao	4691	H?
3	natalidade+politica+trabalho_empresa	4691	H?
3	natalidade+politica+transferencia_renda	4691	H?
3	natalidade+politica+vigilancia_sinan	4691	
3	natalidade+saneamento_agua+saude_producao	4691	P80-2
3	natalidade+saneamento_agua+trabalho_empresa	4691	P80-2
3	natalidade+saneamento_agua+transferencia_renda	4691	
3	natalidade+saneamento_agua+vigilancia_sinan	4691	
3	natalidade+saude_producao+trabalho_empresa	4691	P12-2
3	natalidade+saude_producao+transferencia_renda	4691	P03-1
3	natalidade+saude_producao+vigilancia_sinan	4691	P23-5
3	natalidade+trabalho_empresa+transferencia_renda	4691	P03-3
3	natalidade+trabalho_empresa+vigilancia_sinan	4691	
3	natalidade+transferencia_renda+vigilancia_sinan	4691	
3	agropecuaria+compras_publicas+mineracao_energia	3985	
3	agropecuaria+conectividade+mineracao_energia	3985	
3	agropecuaria+credito_financeiro+mineracao_energia	3985	
3	agropecuaria+demografia_censo+mineracao_energia	3985	
3	agropecuaria+desmatamento_clima+mineracao_energia	3985	
3	agropecuaria+educacao+mineracao_energia	3985	
3	agropecuaria+fiscal_municipal+mineracao_energia	3985	
3	agropecuaria+fiscalizacao_ambiental+mineracao_energia	3985	
3	agropecuaria+fundiario+mineracao_energia	3985	
3	agropecuaria+mineracao_energia+mobilidade	3985	
3	agropecuaria+mineracao_energia+mortalidade	3985	
3	agropecuaria+mineracao_energia+natalidade	3985	
3	agropecuaria+mineracao_energia+politica	3985	
3	agropecuaria+mineracao_energia+saneamento_agua	3985	
3	agropecuaria+mineracao_energia+saude_producao	3985	
3	agropecuaria+mineracao_energia+trabalho_empresa	3985	
3	agropecuaria+mineracao_energia+transferencia_renda	3985	
3	agropecuaria+mineracao_energia+vigilancia_sinan	3985	
3	compras_publicas+conectividade+mineracao_energia	3985	
3	compras_publicas+credito_financeiro+mineracao_energia	3985	H?
3	compras_publicas+demografia_censo+mineracao_energia	3985	H?
3	compras_publicas+desmatamento_clima+mineracao_energia	3985	H?
3	compras_publicas+educacao+mineracao_energia	3985	H?
3	compras_publicas+fiscal_municipal+mineracao_energia	3985	P58-3
3	compras_publicas+fiscalizacao_ambiental+mineracao_energia	3985	H?
3	compras_publicas+fundiario+mineracao_energia	3985	H?
3	compras_publicas+mineracao_energia+mobilidade	3985	
3	compras_publicas+mineracao_energia+mortalidade	3985	
3	compras_publicas+mineracao_energia+natalidade	3985	H?
3	compras_publicas+mineracao_energia+politica	3985	H?
3	compras_publicas+mineracao_energia+saneamento_agua	3985	
3	compras_publicas+mineracao_energia+saude_producao	3985	H?
3	compras_publicas+mineracao_energia+trabalho_empresa	3985	H?
3	compras_publicas+mineracao_energia+transferencia_renda	3985	H?
3	compras_publicas+mineracao_energia+vigilancia_sinan	3985	
3	conectividade+credito_financeiro+mineracao_energia	3985	
3	conectividade+demografia_censo+mineracao_energia	3985	
3	conectividade+desmatamento_clima+mineracao_energia	3985	P61-4
3	conectividade+educacao+mineracao_energia	3985	
3	conectividade+fiscal_municipal+mineracao_energia	3985	
3	conectividade+fiscalizacao_ambiental+mineracao_energia	3985	
3	conectividade+fundiario+mineracao_energia	3985	
3	conectividade+mineracao_energia+mobilidade	3985	
3	conectividade+mineracao_energia+mortalidade	3985	
3	conectividade+mineracao_energia+natalidade	3985	
3	conectividade+mineracao_energia+politica	3985	
3	conectividade+mineracao_energia+saneamento_agua	3985	
3	conectividade+mineracao_energia+saude_producao	3985	
3	conectividade+mineracao_energia+trabalho_empresa	3985	
3	conectividade+mineracao_energia+transferencia_renda	3985	
3	conectividade+mineracao_energia+vigilancia_sinan	3985	
3	credito_financeiro+demografia_censo+mineracao_energia	3985	H?
3	credito_financeiro+desmatamento_clima+mineracao_energia	3985	H?
3	credito_financeiro+educacao+mineracao_energia	3985	
3	credito_financeiro+fiscal_municipal+mineracao_energia	3985	
3	credito_financeiro+fiscalizacao_ambiental+mineracao_energia	3985	H?
3	credito_financeiro+fundiario+mineracao_energia	3985	H?
3	credito_financeiro+mineracao_energia+mobilidade	3985	
3	credito_financeiro+mineracao_energia+mortalidade	3985	
3	credito_financeiro+mineracao_energia+natalidade	3985	
3	credito_financeiro+mineracao_energia+politica	3985	
3	credito_financeiro+mineracao_energia+saneamento_agua	3985	
3	credito_financeiro+mineracao_energia+saude_producao	3985	H?
3	credito_financeiro+mineracao_energia+trabalho_empresa	3985	
3	credito_financeiro+mineracao_energia+transferencia_renda	3985	
3	credito_financeiro+mineracao_energia+vigilancia_sinan	3985	
3	demografia_censo+desmatamento_clima+mineracao_energia	3985	H?
3	demografia_censo+educacao+mineracao_energia	3985	
3	demografia_censo+fiscal_municipal+mineracao_energia	3985	
3	demografia_censo+fiscalizacao_ambiental+mineracao_energia	3985	H?
3	demografia_censo+fundiario+mineracao_energia	3985	H?
3	demografia_censo+mineracao_energia+mobilidade	3985	
3	demografia_censo+mineracao_energia+mortalidade	3985	P58-2
3	demografia_censo+mineracao_energia+natalidade	3985	
3	demografia_censo+mineracao_energia+politica	3985	
3	demografia_censo+mineracao_energia+saneamento_agua	3985	
3	demografia_censo+mineracao_energia+saude_producao	3985	H?
3	demografia_censo+mineracao_energia+trabalho_empresa	3985	P51-1
3	demografia_censo+mineracao_energia+transferencia_renda	3985	P61-2
3	demografia_censo+mineracao_energia+vigilancia_sinan	3985	
3	desmatamento_clima+educacao+mineracao_energia	3985	
3	desmatamento_clima+fiscal_municipal+mineracao_energia	3985	
3	desmatamento_clima+fiscalizacao_ambiental+mineracao_energia	3985	P59-2
3	desmatamento_clima+fundiario+mineracao_energia	3985	P59-2
3	desmatamento_clima+mineracao_energia+mobilidade	3985	
3	desmatamento_clima+mineracao_energia+mortalidade	3985	
3	desmatamento_clima+mineracao_energia+natalidade	3985	
3	desmatamento_clima+mineracao_energia+politica	3985	
3	desmatamento_clima+mineracao_energia+saneamento_agua	3985	
3	desmatamento_clima+mineracao_energia+saude_producao	3985	H?
3	desmatamento_clima+mineracao_energia+trabalho_empresa	3985	
3	desmatamento_clima+mineracao_energia+transferencia_renda	3985	
3	desmatamento_clima+mineracao_energia+vigilancia_sinan	3985	P71-2
3	educacao+fiscal_municipal+mineracao_energia	3985	H?
3	educacao+fiscalizacao_ambiental+mineracao_energia	3985	
3	educacao+fundiario+mineracao_energia	3985	
3	educacao+mineracao_energia+mobilidade	3985	
3	educacao+mineracao_energia+mortalidade	3985	
3	educacao+mineracao_energia+natalidade	3985	H?
3	educacao+mineracao_energia+politica	3985	H?
3	educacao+mineracao_energia+saneamento_agua	3985	
3	educacao+mineracao_energia+saude_producao	3985	H?
3	educacao+mineracao_energia+trabalho_empresa	3985	H?
3	educacao+mineracao_energia+transferencia_renda	3985	H?
3	educacao+mineracao_energia+vigilancia_sinan	3985	
3	fiscal_municipal+fiscalizacao_ambiental+mineracao_energia	3985	
3	fiscal_municipal+fundiario+mineracao_energia	3985	
3	fiscal_municipal+mineracao_energia+mobilidade	3985	
3	fiscal_municipal+mineracao_energia+mortalidade	3985	
3	fiscal_municipal+mineracao_energia+natalidade	3985	H?
3	fiscal_municipal+mineracao_energia+politica	3985	H?
3	fiscal_municipal+mineracao_energia+saneamento_agua	3985	
3	fiscal_municipal+mineracao_energia+saude_producao	3985	H?
3	fiscal_municipal+mineracao_energia+trabalho_empresa	3985	P77-5
3	fiscal_municipal+mineracao_energia+transferencia_renda	3985	H?
3	fiscal_municipal+mineracao_energia+vigilancia_sinan	3985	
3	fiscalizacao_ambiental+fundiario+mineracao_energia	3985	P59-2
3	fiscalizacao_ambiental+mineracao_energia+mobilidade	3985	
3	fiscalizacao_ambiental+mineracao_energia+mortalidade	3985	
3	fiscalizacao_ambiental+mineracao_energia+natalidade	3985	
3	fiscalizacao_ambiental+mineracao_energia+politica	3985	
3	fiscalizacao_ambiental+mineracao_energia+saneamento_agua	3985	
3	fiscalizacao_ambiental+mineracao_energia+saude_producao	3985	H?
3	fiscalizacao_ambiental+mineracao_energia+trabalho_empresa	3985	
3	fiscalizacao_ambiental+mineracao_energia+transferencia_renda	3985	
3	fiscalizacao_ambiental+mineracao_energia+vigilancia_sinan	3985	
3	fundiario+mineracao_energia+mobilidade	3985	
3	fundiario+mineracao_energia+mortalidade	3985	
3	fundiario+mineracao_energia+natalidade	3985	
3	fundiario+mineracao_energia+politica	3985	
3	fundiario+mineracao_energia+saneamento_agua	3985	
3	fundiario+mineracao_energia+saude_producao	3985	H?
3	fundiario+mineracao_energia+trabalho_empresa	3985	
3	fundiario+mineracao_energia+transferencia_renda	3985	
3	fundiario+mineracao_energia+vigilancia_sinan	3985	
3	mineracao_energia+mobilidade+mortalidade	3985	
3	mineracao_energia+mobilidade+natalidade	3985	
3	mineracao_energia+mobilidade+politica	3985	
3	mineracao_energia+mobilidade+saneamento_agua	3985	
3	mineracao_energia+mobilidade+saude_producao	3985	
3	mineracao_energia+mobilidade+trabalho_empresa	3985	P51-2
3	mineracao_energia+mobilidade+transferencia_renda	3985	
3	mineracao_energia+mobilidade+vigilancia_sinan	3985	
3	mineracao_energia+mortalidade+natalidade	3985	
3	mineracao_energia+mortalidade+politica	3985	
3	mineracao_energia+mortalidade+saneamento_agua	3985	
3	mineracao_energia+mortalidade+saude_producao	3985	
3	mineracao_energia+mortalidade+trabalho_empresa	3985	
3	mineracao_energia+mortalidade+transferencia_renda	3985	
3	mineracao_energia+mortalidade+vigilancia_sinan	3985	
3	mineracao_energia+natalidade+politica	3985	H?
3	mineracao_energia+natalidade+saneamento_agua	3985	
3	mineracao_energia+natalidade+saude_producao	3985	H?
3	mineracao_energia+natalidade+trabalho_empresa	3985	H?
3	mineracao_energia+natalidade+transferencia_renda	3985	H?
3	mineracao_energia+natalidade+vigilancia_sinan	3985	
3	mineracao_energia+politica+saneamento_agua	3985	
3	mineracao_energia+politica+saude_producao	3985	H?
3	mineracao_energia+politica+trabalho_empresa	3985	H?
3	mineracao_energia+politica+transferencia_renda	3985	H?
3	mineracao_energia+politica+vigilancia_sinan	3985	
3	mineracao_energia+saneamento_agua+saude_producao	3985	
3	mineracao_energia+saneamento_agua+trabalho_empresa	3985	
3	mineracao_energia+saneamento_agua+transferencia_renda	3985	
3	mineracao_energia+saneamento_agua+vigilancia_sinan	3985	
3	mineracao_energia+saude_producao+trabalho_empresa	3985	H?
3	mineracao_energia+saude_producao+transferencia_renda	3985	H?
3	mineracao_energia+saude_producao+vigilancia_sinan	3985	
3	mineracao_energia+trabalho_empresa+transferencia_renda	3985	P58-1
3	mineracao_energia+trabalho_empresa+vigilancia_sinan	3985	
3	mineracao_energia+transferencia_renda+vigilancia_sinan	3985	
3	agropecuaria+compras_publicas+sancao_integridade	3314	
3	agropecuaria+conectividade+sancao_integridade	3314	
3	agropecuaria+credito_financeiro+sancao_integridade	3314	
3	agropecuaria+demografia_censo+sancao_integridade	3314	
3	agropecuaria+desmatamento_clima+sancao_integridade	3314	
3	agropecuaria+educacao+sancao_integridade	3314	
3	agropecuaria+fiscal_municipal+sancao_integridade	3314	
3	agropecuaria+fiscalizacao_ambiental+sancao_integridade	3314	
3	agropecuaria+fundiario+sancao_integridade	3314	
3	agropecuaria+mineracao_energia+sancao_integridade	3314	
3	agropecuaria+mobilidade+sancao_integridade	3314	
3	agropecuaria+mortalidade+sancao_integridade	3314	
3	agropecuaria+natalidade+sancao_integridade	3314	
3	agropecuaria+politica+sancao_integridade	3314	
3	agropecuaria+sancao_integridade+saneamento_agua	3314	
3	agropecuaria+sancao_integridade+saude_producao	3314	
3	agropecuaria+sancao_integridade+trabalho_empresa	3314	
3	agropecuaria+sancao_integridade+transferencia_renda	3314	
3	agropecuaria+sancao_integridade+vigilancia_sinan	3314	
3	compras_publicas+conectividade+sancao_integridade	3314	
3	compras_publicas+credito_financeiro+sancao_integridade	3314	
3	compras_publicas+demografia_censo+sancao_integridade	3314	H?
3	compras_publicas+desmatamento_clima+sancao_integridade	3314	
3	compras_publicas+educacao+sancao_integridade	3314	H?
3	compras_publicas+fiscal_municipal+sancao_integridade	3314	P62-2
3	compras_publicas+fiscalizacao_ambiental+sancao_integridade	3314	
3	compras_publicas+fundiario+sancao_integridade	3314	
3	compras_publicas+mineracao_energia+sancao_integridade	3314	
3	compras_publicas+mobilidade+sancao_integridade	3314	
3	compras_publicas+mortalidade+sancao_integridade	3314	
3	compras_publicas+natalidade+sancao_integridade	3314	
3	compras_publicas+politica+sancao_integridade	3314	P77-3
3	compras_publicas+sancao_integridade+saneamento_agua	3314	
3	compras_publicas+sancao_integridade+saude_producao	3314	
3	compras_publicas+sancao_integridade+trabalho_empresa	3314	P37-1
3	compras_publicas+sancao_integridade+transferencia_renda	3314	H?
3	compras_publicas+sancao_integridade+vigilancia_sinan	3314	
3	conectividade+credito_financeiro+sancao_integridade	3314	
3	conectividade+demografia_censo+sancao_integridade	3314	
3	conectividade+desmatamento_clima+sancao_integridade	3314	
3	conectividade+educacao+sancao_integridade	3314	
3	conectividade+fiscal_municipal+sancao_integridade	3314	
3	conectividade+fiscalizacao_ambiental+sancao_integridade	3314	
3	conectividade+fundiario+sancao_integridade	3314	
3	conectividade+mineracao_energia+sancao_integridade	3314	
3	conectividade+mobilidade+sancao_integridade	3314	
3	conectividade+mortalidade+sancao_integridade	3314	
3	conectividade+natalidade+sancao_integridade	3314	
3	conectividade+politica+sancao_integridade	3314	
3	conectividade+sancao_integridade+saneamento_agua	3314	
3	conectividade+sancao_integridade+saude_producao	3314	
3	conectividade+sancao_integridade+trabalho_empresa	3314	
3	conectividade+sancao_integridade+transferencia_renda	3314	
3	conectividade+sancao_integridade+vigilancia_sinan	3314	
3	credito_financeiro+demografia_censo+sancao_integridade	3314	
3	credito_financeiro+desmatamento_clima+sancao_integridade	3314	
3	credito_financeiro+educacao+sancao_integridade	3314	
3	credito_financeiro+fiscal_municipal+sancao_integridade	3314	
3	credito_financeiro+fiscalizacao_ambiental+sancao_integridade	3314	
3	credito_financeiro+fundiario+sancao_integridade	3314	
3	credito_financeiro+mineracao_energia+sancao_integridade	3314	
3	credito_financeiro+mobilidade+sancao_integridade	3314	
3	credito_financeiro+mortalidade+sancao_integridade	3314	
3	credito_financeiro+natalidade+sancao_integridade	3314	
3	credito_financeiro+politica+sancao_integridade	3314	
3	credito_financeiro+sancao_integridade+saneamento_agua	3314	
3	credito_financeiro+sancao_integridade+saude_producao	3314	
3	credito_financeiro+sancao_integridade+trabalho_empresa	3314	
3	credito_financeiro+sancao_integridade+transferencia_renda	3314	
3	credito_financeiro+sancao_integridade+vigilancia_sinan	3314	
3	demografia_censo+desmatamento_clima+sancao_integridade	3314	
3	demografia_censo+educacao+sancao_integridade	3314	H?
3	demografia_censo+fiscal_municipal+sancao_integridade	3314	H?
3	demografia_censo+fiscalizacao_ambiental+sancao_integridade	3314	
3	demografia_censo+fundiario+sancao_integridade	3314	
3	demografia_censo+mineracao_energia+sancao_integridade	3314	
3	demografia_censo+mobilidade+sancao_integridade	3314	
3	demografia_censo+mortalidade+sancao_integridade	3314	
3	demografia_censo+natalidade+sancao_integridade	3314	
3	demografia_censo+politica+sancao_integridade	3314	
3	demografia_censo+sancao_integridade+saneamento_agua	3314	
3	demografia_censo+sancao_integridade+saude_producao	3314	
3	demografia_censo+sancao_integridade+trabalho_empresa	3314	P63-1
3	demografia_censo+sancao_integridade+transferencia_renda	3314	H?
3	demografia_censo+sancao_integridade+vigilancia_sinan	3314	
3	desmatamento_clima+educacao+sancao_integridade	3314	
3	desmatamento_clima+fiscal_municipal+sancao_integridade	3314	
3	desmatamento_clima+fiscalizacao_ambiental+sancao_integridade	3314	P63-2
3	desmatamento_clima+fundiario+sancao_integridade	3314	
3	desmatamento_clima+mineracao_energia+sancao_integridade	3314	P63-2
3	desmatamento_clima+mobilidade+sancao_integridade	3314	
3	desmatamento_clima+mortalidade+sancao_integridade	3314	
3	desmatamento_clima+natalidade+sancao_integridade	3314	
3	desmatamento_clima+politica+sancao_integridade	3314	
3	desmatamento_clima+sancao_integridade+saneamento_agua	3314	
3	desmatamento_clima+sancao_integridade+saude_producao	3314	
3	desmatamento_clima+sancao_integridade+trabalho_empresa	3314	
3	desmatamento_clima+sancao_integridade+transferencia_renda	3314	
3	desmatamento_clima+sancao_integridade+vigilancia_sinan	3314	
3	educacao+fiscal_municipal+sancao_integridade	3314	H?
3	educacao+fiscalizacao_ambiental+sancao_integridade	3314	
3	educacao+fundiario+sancao_integridade	3314	
3	educacao+mineracao_energia+sancao_integridade	3314	
3	educacao+mobilidade+sancao_integridade	3314	
3	educacao+mortalidade+sancao_integridade	3314	
3	educacao+natalidade+sancao_integridade	3314	
3	educacao+politica+sancao_integridade	3314	
3	educacao+sancao_integridade+saneamento_agua	3314	
3	educacao+sancao_integridade+saude_producao	3314	
3	educacao+sancao_integridade+trabalho_empresa	3314	H?
3	educacao+sancao_integridade+transferencia_renda	3314	H?
3	educacao+sancao_integridade+vigilancia_sinan	3314	
3	fiscal_municipal+fiscalizacao_ambiental+sancao_integridade	3314	
3	fiscal_municipal+fundiario+sancao_integridade	3314	
3	fiscal_municipal+mineracao_energia+sancao_integridade	3314	
3	fiscal_municipal+mobilidade+sancao_integridade	3314	
3	fiscal_municipal+mortalidade+sancao_integridade	3314	
3	fiscal_municipal+natalidade+sancao_integridade	3314	
3	fiscal_municipal+politica+sancao_integridade	3314	
3	fiscal_municipal+sancao_integridade+saneamento_agua	3314	
3	fiscal_municipal+sancao_integridade+saude_producao	3314	
3	fiscal_municipal+sancao_integridade+trabalho_empresa	3314	P37-3
3	fiscal_municipal+sancao_integridade+transferencia_renda	3314	
3	fiscal_municipal+sancao_integridade+vigilancia_sinan	3314	
3	fiscalizacao_ambiental+fundiario+sancao_integridade	3314	
3	fiscalizacao_ambiental+mineracao_energia+sancao_integridade	3314	P63-2
3	fiscalizacao_ambiental+mobilidade+sancao_integridade	3314	
3	fiscalizacao_ambiental+mortalidade+sancao_integridade	3314	
3	fiscalizacao_ambiental+natalidade+sancao_integridade	3314	
3	fiscalizacao_ambiental+politica+sancao_integridade	3314	
3	fiscalizacao_ambiental+sancao_integridade+saneamento_agua	3314	
3	fiscalizacao_ambiental+sancao_integridade+saude_producao	3314	
3	fiscalizacao_ambiental+sancao_integridade+trabalho_empresa	3314	
3	fiscalizacao_ambiental+sancao_integridade+transferencia_renda	3314	
3	fiscalizacao_ambiental+sancao_integridade+vigilancia_sinan	3314	
3	fundiario+mineracao_energia+sancao_integridade	3314	
3	fundiario+mobilidade+sancao_integridade	3314	
3	fundiario+mortalidade+sancao_integridade	3314	
3	fundiario+natalidade+sancao_integridade	3314	
3	fundiario+politica+sancao_integridade	3314	
3	fundiario+sancao_integridade+saneamento_agua	3314	
3	fundiario+sancao_integridade+saude_producao	3314	
3	fundiario+sancao_integridade+trabalho_empresa	3314	
3	fundiario+sancao_integridade+transferencia_renda	3314	
3	fundiario+sancao_integridade+vigilancia_sinan	3314	
3	mineracao_energia+mobilidade+sancao_integridade	3314	
3	mineracao_energia+mortalidade+sancao_integridade	3314	
3	mineracao_energia+natalidade+sancao_integridade	3314	
3	mineracao_energia+politica+sancao_integridade	3314	
3	mineracao_energia+sancao_integridade+saneamento_agua	3314	
3	mineracao_energia+sancao_integridade+saude_producao	3314	
3	mineracao_energia+sancao_integridade+trabalho_empresa	3314	
3	mineracao_energia+sancao_integridade+transferencia_renda	3314	
3	mineracao_energia+sancao_integridade+vigilancia_sinan	3314	
3	mobilidade+mortalidade+sancao_integridade	3314	
3	mobilidade+natalidade+sancao_integridade	3314	
3	mobilidade+politica+sancao_integridade	3314	
3	mobilidade+sancao_integridade+saneamento_agua	3314	
3	mobilidade+sancao_integridade+saude_producao	3314	
3	mobilidade+sancao_integridade+trabalho_empresa	3314	
3	mobilidade+sancao_integridade+transferencia_renda	3314	
3	mobilidade+sancao_integridade+vigilancia_sinan	3314	
3	mortalidade+natalidade+sancao_integridade	3314	
3	mortalidade+politica+sancao_integridade	3314	
3	mortalidade+sancao_integridade+saneamento_agua	3314	
3	mortalidade+sancao_integridade+saude_producao	3314	
3	mortalidade+sancao_integridade+trabalho_empresa	3314	
3	mortalidade+sancao_integridade+transferencia_renda	3314	
3	mortalidade+sancao_integridade+vigilancia_sinan	3314	
3	natalidade+politica+sancao_integridade	3314	
3	natalidade+sancao_integridade+saneamento_agua	3314	
3	natalidade+sancao_integridade+saude_producao	3314	
3	natalidade+sancao_integridade+trabalho_empresa	3314	
3	natalidade+sancao_integridade+transferencia_renda	3314	
3	natalidade+sancao_integridade+vigilancia_sinan	3314	
3	politica+sancao_integridade+saneamento_agua	3314	
3	politica+sancao_integridade+saude_producao	3314	
3	politica+sancao_integridade+trabalho_empresa	3314	
3	politica+sancao_integridade+transferencia_renda	3314	
3	politica+sancao_integridade+vigilancia_sinan	3314	
3	sancao_integridade+saneamento_agua+saude_producao	3314	
3	sancao_integridade+saneamento_agua+trabalho_empresa	3314	
3	sancao_integridade+saneamento_agua+transferencia_renda	3314	
3	sancao_integridade+saneamento_agua+vigilancia_sinan	3314	
3	sancao_integridade+saude_producao+trabalho_empresa	3314	
3	sancao_integridade+saude_producao+transferencia_renda	3314	
3	sancao_integridade+saude_producao+vigilancia_sinan	3314	
3	sancao_integridade+trabalho_empresa+transferencia_renda	3314	H?
3	sancao_integridade+trabalho_empresa+vigilancia_sinan	3314	
3	sancao_integridade+transferencia_renda+vigilancia_sinan	3314	
3	agropecuaria+comercio_exterior+compras_publicas	2696	
3	agropecuaria+comercio_exterior+conectividade	2696	
3	agropecuaria+comercio_exterior+credito_financeiro	2696	
3	agropecuaria+comercio_exterior+demografia_censo	2696	
3	agropecuaria+comercio_exterior+desmatamento_clima	2696	P17-3
3	agropecuaria+comercio_exterior+educacao	2696	
3	agropecuaria+comercio_exterior+fiscal_municipal	2696	
3	agropecuaria+comercio_exterior+fiscalizacao_ambiental	2696	
3	agropecuaria+comercio_exterior+fundiario	2696	P18-4
3	agropecuaria+comercio_exterior+mineracao_energia	2696	
3	agropecuaria+comercio_exterior+mobilidade	2696	
3	agropecuaria+comercio_exterior+mortalidade	2696	
3	agropecuaria+comercio_exterior+natalidade	2696	
3	agropecuaria+comercio_exterior+politica	2696	
3	agropecuaria+comercio_exterior+sancao_integridade	2696	
3	agropecuaria+comercio_exterior+saneamento_agua	2696	
3	agropecuaria+comercio_exterior+saude_producao	2696	
3	agropecuaria+comercio_exterior+trabalho_empresa	2696	
3	agropecuaria+comercio_exterior+transferencia_renda	2696	
3	agropecuaria+comercio_exterior+vigilancia_sinan	2696	
3	comercio_exterior+compras_publicas+conectividade	2696	
3	comercio_exterior+compras_publicas+credito_financeiro	2696	
3	comercio_exterior+compras_publicas+demografia_censo	2696	
3	comercio_exterior+compras_publicas+desmatamento_clima	2696	
3	comercio_exterior+compras_publicas+educacao	2696	
3	comercio_exterior+compras_publicas+fiscal_municipal	2696	
3	comercio_exterior+compras_publicas+fiscalizacao_ambiental	2696	
3	comercio_exterior+compras_publicas+fundiario	2696	
3	comercio_exterior+compras_publicas+mineracao_energia	2696	
3	comercio_exterior+compras_publicas+mobilidade	2696	
3	comercio_exterior+compras_publicas+mortalidade	2696	
3	comercio_exterior+compras_publicas+natalidade	2696	
3	comercio_exterior+compras_publicas+politica	2696	
3	comercio_exterior+compras_publicas+sancao_integridade	2696	
3	comercio_exterior+compras_publicas+saneamento_agua	2696	
3	comercio_exterior+compras_publicas+saude_producao	2696	
3	comercio_exterior+compras_publicas+trabalho_empresa	2696	
3	comercio_exterior+compras_publicas+transferencia_renda	2696	
3	comercio_exterior+compras_publicas+vigilancia_sinan	2696	
3	comercio_exterior+conectividade+credito_financeiro	2696	
3	comercio_exterior+conectividade+demografia_censo	2696	
3	comercio_exterior+conectividade+desmatamento_clima	2696	
3	comercio_exterior+conectividade+educacao	2696	
3	comercio_exterior+conectividade+fiscal_municipal	2696	
3	comercio_exterior+conectividade+fiscalizacao_ambiental	2696	
3	comercio_exterior+conectividade+fundiario	2696	
3	comercio_exterior+conectividade+mineracao_energia	2696	
3	comercio_exterior+conectividade+mobilidade	2696	
3	comercio_exterior+conectividade+mortalidade	2696	
3	comercio_exterior+conectividade+natalidade	2696	
3	comercio_exterior+conectividade+politica	2696	
3	comercio_exterior+conectividade+sancao_integridade	2696	
3	comercio_exterior+conectividade+saneamento_agua	2696	
3	comercio_exterior+conectividade+saude_producao	2696	
3	comercio_exterior+conectividade+trabalho_empresa	2696	
3	comercio_exterior+conectividade+transferencia_renda	2696	
3	comercio_exterior+conectividade+vigilancia_sinan	2696	
3	comercio_exterior+credito_financeiro+demografia_censo	2696	
3	comercio_exterior+credito_financeiro+desmatamento_clima	2696	
3	comercio_exterior+credito_financeiro+educacao	2696	
3	comercio_exterior+credito_financeiro+fiscal_municipal	2696	
3	comercio_exterior+credito_financeiro+fiscalizacao_ambiental	2696	
3	comercio_exterior+credito_financeiro+fundiario	2696	
3	comercio_exterior+credito_financeiro+mineracao_energia	2696	
3	comercio_exterior+credito_financeiro+mobilidade	2696	
3	comercio_exterior+credito_financeiro+mortalidade	2696	
3	comercio_exterior+credito_financeiro+natalidade	2696	
3	comercio_exterior+credito_financeiro+politica	2696	
3	comercio_exterior+credito_financeiro+sancao_integridade	2696	
3	comercio_exterior+credito_financeiro+saneamento_agua	2696	
3	comercio_exterior+credito_financeiro+saude_producao	2696	
3	comercio_exterior+credito_financeiro+trabalho_empresa	2696	
3	comercio_exterior+credito_financeiro+transferencia_renda	2696	
3	comercio_exterior+credito_financeiro+vigilancia_sinan	2696	
3	comercio_exterior+demografia_censo+desmatamento_clima	2696	
3	comercio_exterior+demografia_censo+educacao	2696	
3	comercio_exterior+demografia_censo+fiscal_municipal	2696	
3	comercio_exterior+demografia_censo+fiscalizacao_ambiental	2696	
3	comercio_exterior+demografia_censo+fundiario	2696	
3	comercio_exterior+demografia_censo+mineracao_energia	2696	
3	comercio_exterior+demografia_censo+mobilidade	2696	
3	comercio_exterior+demografia_censo+mortalidade	2696	
3	comercio_exterior+demografia_censo+natalidade	2696	
3	comercio_exterior+demografia_censo+politica	2696	
3	comercio_exterior+demografia_censo+sancao_integridade	2696	
3	comercio_exterior+demografia_censo+saneamento_agua	2696	
3	comercio_exterior+demografia_censo+saude_producao	2696	
3	comercio_exterior+demografia_censo+trabalho_empresa	2696	P18-5
3	comercio_exterior+demografia_censo+transferencia_renda	2696	
3	comercio_exterior+demografia_censo+vigilancia_sinan	2696	
3	comercio_exterior+desmatamento_clima+educacao	2696	
3	comercio_exterior+desmatamento_clima+fiscal_municipal	2696	
3	comercio_exterior+desmatamento_clima+fiscalizacao_ambiental	2696	
3	comercio_exterior+desmatamento_clima+fundiario	2696	
3	comercio_exterior+desmatamento_clima+mineracao_energia	2696	
3	comercio_exterior+desmatamento_clima+mobilidade	2696	
3	comercio_exterior+desmatamento_clima+mortalidade	2696	
3	comercio_exterior+desmatamento_clima+natalidade	2696	
3	comercio_exterior+desmatamento_clima+politica	2696	
3	comercio_exterior+desmatamento_clima+sancao_integridade	2696	
3	comercio_exterior+desmatamento_clima+saneamento_agua	2696	
3	comercio_exterior+desmatamento_clima+saude_producao	2696	
3	comercio_exterior+desmatamento_clima+trabalho_empresa	2696	
3	comercio_exterior+desmatamento_clima+transferencia_renda	2696	
3	comercio_exterior+desmatamento_clima+vigilancia_sinan	2696	
3	comercio_exterior+educacao+fiscal_municipal	2696	
3	comercio_exterior+educacao+fiscalizacao_ambiental	2696	
3	comercio_exterior+educacao+fundiario	2696	
3	comercio_exterior+educacao+mineracao_energia	2696	
3	comercio_exterior+educacao+mobilidade	2696	
3	comercio_exterior+educacao+mortalidade	2696	
3	comercio_exterior+educacao+natalidade	2696	
3	comercio_exterior+educacao+politica	2696	
3	comercio_exterior+educacao+sancao_integridade	2696	
3	comercio_exterior+educacao+saneamento_agua	2696	
3	comercio_exterior+educacao+saude_producao	2696	
3	comercio_exterior+educacao+trabalho_empresa	2696	
3	comercio_exterior+educacao+transferencia_renda	2696	
3	comercio_exterior+educacao+vigilancia_sinan	2696	
3	comercio_exterior+fiscal_municipal+fiscalizacao_ambiental	2696	
3	comercio_exterior+fiscal_municipal+fundiario	2696	
3	comercio_exterior+fiscal_municipal+mineracao_energia	2696	
3	comercio_exterior+fiscal_municipal+mobilidade	2696	
3	comercio_exterior+fiscal_municipal+mortalidade	2696	
3	comercio_exterior+fiscal_municipal+natalidade	2696	
3	comercio_exterior+fiscal_municipal+politica	2696	
3	comercio_exterior+fiscal_municipal+sancao_integridade	2696	
3	comercio_exterior+fiscal_municipal+saneamento_agua	2696	
3	comercio_exterior+fiscal_municipal+saude_producao	2696	
3	comercio_exterior+fiscal_municipal+trabalho_empresa	2696	
3	comercio_exterior+fiscal_municipal+transferencia_renda	2696	
3	comercio_exterior+fiscal_municipal+vigilancia_sinan	2696	
3	comercio_exterior+fiscalizacao_ambiental+fundiario	2696	
3	comercio_exterior+fiscalizacao_ambiental+mineracao_energia	2696	
3	comercio_exterior+fiscalizacao_ambiental+mobilidade	2696	
3	comercio_exterior+fiscalizacao_ambiental+mortalidade	2696	
3	comercio_exterior+fiscalizacao_ambiental+natalidade	2696	
3	comercio_exterior+fiscalizacao_ambiental+politica	2696	
3	comercio_exterior+fiscalizacao_ambiental+sancao_integridade	2696	
3	comercio_exterior+fiscalizacao_ambiental+saneamento_agua	2696	
3	comercio_exterior+fiscalizacao_ambiental+saude_producao	2696	
3	comercio_exterior+fiscalizacao_ambiental+trabalho_empresa	2696	
3	comercio_exterior+fiscalizacao_ambiental+transferencia_renda	2696	
3	comercio_exterior+fiscalizacao_ambiental+vigilancia_sinan	2696	
3	comercio_exterior+fundiario+mineracao_energia	2696	
3	comercio_exterior+fundiario+mobilidade	2696	
3	comercio_exterior+fundiario+mortalidade	2696	
3	comercio_exterior+fundiario+natalidade	2696	
3	comercio_exterior+fundiario+politica	2696	
3	comercio_exterior+fundiario+sancao_integridade	2696	
3	comercio_exterior+fundiario+saneamento_agua	2696	
3	comercio_exterior+fundiario+saude_producao	2696	
3	comercio_exterior+fundiario+trabalho_empresa	2696	P18-2
3	comercio_exterior+fundiario+transferencia_renda	2696	
3	comercio_exterior+fundiario+vigilancia_sinan	2696	
3	comercio_exterior+mineracao_energia+mobilidade	2696	
3	comercio_exterior+mineracao_energia+mortalidade	2696	
3	comercio_exterior+mineracao_energia+natalidade	2696	
3	comercio_exterior+mineracao_energia+politica	2696	
3	comercio_exterior+mineracao_energia+sancao_integridade	2696	
3	comercio_exterior+mineracao_energia+saneamento_agua	2696	
3	comercio_exterior+mineracao_energia+saude_producao	2696	
3	comercio_exterior+mineracao_energia+trabalho_empresa	2696	
3	comercio_exterior+mineracao_energia+transferencia_renda	2696	
3	comercio_exterior+mineracao_energia+vigilancia_sinan	2696	
3	comercio_exterior+mobilidade+mortalidade	2696	
3	comercio_exterior+mobilidade+natalidade	2696	
3	comercio_exterior+mobilidade+politica	2696	
3	comercio_exterior+mobilidade+sancao_integridade	2696	
3	comercio_exterior+mobilidade+saneamento_agua	2696	
3	comercio_exterior+mobilidade+saude_producao	2696	
3	comercio_exterior+mobilidade+trabalho_empresa	2696	
3	comercio_exterior+mobilidade+transferencia_renda	2696	
3	comercio_exterior+mobilidade+vigilancia_sinan	2696	
3	comercio_exterior+mortalidade+natalidade	2696	
3	comercio_exterior+mortalidade+politica	2696	
3	comercio_exterior+mortalidade+sancao_integridade	2696	
3	comercio_exterior+mortalidade+saneamento_agua	2696	
3	comercio_exterior+mortalidade+saude_producao	2696	
3	comercio_exterior+mortalidade+trabalho_empresa	2696	
3	comercio_exterior+mortalidade+transferencia_renda	2696	
3	comercio_exterior+mortalidade+vigilancia_sinan	2696	
3	comercio_exterior+natalidade+politica	2696	
3	comercio_exterior+natalidade+sancao_integridade	2696	
3	comercio_exterior+natalidade+saneamento_agua	2696	
3	comercio_exterior+natalidade+saude_producao	2696	
3	comercio_exterior+natalidade+trabalho_empresa	2696	
3	comercio_exterior+natalidade+transferencia_renda	2696	
3	comercio_exterior+natalidade+vigilancia_sinan	2696	
3	comercio_exterior+politica+sancao_integridade	2696	
3	comercio_exterior+politica+saneamento_agua	2696	
3	comercio_exterior+politica+saude_producao	2696	
3	comercio_exterior+politica+trabalho_empresa	2696	
3	comercio_exterior+politica+transferencia_renda	2696	
3	comercio_exterior+politica+vigilancia_sinan	2696	
3	comercio_exterior+sancao_integridade+saneamento_agua	2696	
3	comercio_exterior+sancao_integridade+saude_producao	2696	
3	comercio_exterior+sancao_integridade+trabalho_empresa	2696	
3	comercio_exterior+sancao_integridade+transferencia_renda	2696	
3	comercio_exterior+sancao_integridade+vigilancia_sinan	2696	
3	comercio_exterior+saneamento_agua+saude_producao	2696	
3	comercio_exterior+saneamento_agua+trabalho_empresa	2696	
3	comercio_exterior+saneamento_agua+transferencia_renda	2696	
3	comercio_exterior+saneamento_agua+vigilancia_sinan	2696	
3	comercio_exterior+saude_producao+trabalho_empresa	2696	
3	comercio_exterior+saude_producao+transferencia_renda	2696	
3	comercio_exterior+saude_producao+vigilancia_sinan	2696	
3	comercio_exterior+trabalho_empresa+transferencia_renda	2696	P77-1
3	comercio_exterior+trabalho_empresa+vigilancia_sinan	2696	
3	comercio_exterior+transferencia_renda+vigilancia_sinan	2696	
4	desmatamento_clima+educacao+mortalidade+saneamento_agua	5572	
4	demografia_censo+desmatamento_clima+educacao+mortalidade	5571	
4	demografia_censo+desmatamento_clima+educacao+saneamento_agua	5571	
4	demografia_censo+desmatamento_clima+mortalidade+saneamento_agua	5571	
4	demografia_censo+educacao+mortalidade+saneamento_agua	5571	
4	conectividade+demografia_censo+desmatamento_clima+educacao	5570	
4	conectividade+demografia_censo+desmatamento_clima+fiscal_municipal	5570	
4	conectividade+demografia_censo+desmatamento_clima+mortalidade	5570	H?
4	conectividade+demografia_censo+desmatamento_clima+politica	5570	
4	conectividade+demografia_censo+desmatamento_clima+saneamento_agua	5570	
4	conectividade+demografia_censo+desmatamento_clima+saude_producao	5570	
4	conectividade+demografia_censo+desmatamento_clima+trabalho_empresa	5570	H?
4	conectividade+demografia_censo+desmatamento_clima+transferencia_renda	5570	
4	conectividade+demografia_censo+educacao+fiscal_municipal	5570	
4	conectividade+demografia_censo+educacao+mortalidade	5570	
4	conectividade+demografia_censo+educacao+politica	5570	
4	conectividade+demografia_censo+educacao+saneamento_agua	5570	
4	conectividade+demografia_censo+educacao+saude_producao	5570	
4	conectividade+demografia_censo+educacao+trabalho_empresa	5570	
4	conectividade+demografia_censo+educacao+transferencia_renda	5570	
4	conectividade+demografia_censo+fiscal_municipal+mortalidade	5570	
4	conectividade+demografia_censo+fiscal_municipal+politica	5570	
4	conectividade+demografia_censo+fiscal_municipal+saneamento_agua	5570	
4	conectividade+demografia_censo+fiscal_municipal+saude_producao	5570	
4	conectividade+demografia_censo+fiscal_municipal+trabalho_empresa	5570	
4	conectividade+demografia_censo+fiscal_municipal+transferencia_renda	5570	
4	conectividade+demografia_censo+mortalidade+politica	5570	
4	conectividade+demografia_censo+mortalidade+saneamento_agua	5570	
4	conectividade+demografia_censo+mortalidade+saude_producao	5570	
4	conectividade+demografia_censo+mortalidade+trabalho_empresa	5570	H?
4	conectividade+demografia_censo+mortalidade+transferencia_renda	5570	
4	conectividade+demografia_censo+politica+saneamento_agua	5570	
4	conectividade+demografia_censo+politica+saude_producao	5570	
4	conectividade+demografia_censo+politica+trabalho_empresa	5570	
4	conectividade+demografia_censo+politica+transferencia_renda	5570	
4	conectividade+demografia_censo+saneamento_agua+saude_producao	5570	
4	conectividade+demografia_censo+saneamento_agua+trabalho_empresa	5570	
4	conectividade+demografia_censo+saneamento_agua+transferencia_renda	5570	
4	conectividade+demografia_censo+saude_producao+trabalho_empresa	5570	
4	conectividade+demografia_censo+saude_producao+transferencia_renda	5570	
4	conectividade+demografia_censo+trabalho_empresa+transferencia_renda	5570	
4	conectividade+desmatamento_clima+educacao+fiscal_municipal	5570	
4	conectividade+desmatamento_clima+educacao+mortalidade	5570	
4	conectividade+desmatamento_clima+educacao+politica	5570	
4	conectividade+desmatamento_clima+educacao+saneamento_agua	5570	
4	conectividade+desmatamento_clima+educacao+saude_producao	5570	
4	conectividade+desmatamento_clima+educacao+trabalho_empresa	5570	
4	conectividade+desmatamento_clima+educacao+transferencia_renda	5570	
4	conectividade+desmatamento_clima+fiscal_municipal+mortalidade	5570	
4	conectividade+desmatamento_clima+fiscal_municipal+politica	5570	
4	conectividade+desmatamento_clima+fiscal_municipal+saneamento_agua	5570	
4	conectividade+desmatamento_clima+fiscal_municipal+saude_producao	5570	
4	conectividade+desmatamento_clima+fiscal_municipal+trabalho_empresa	5570	
4	conectividade+desmatamento_clima+fiscal_municipal+transferencia_renda	5570	
4	conectividade+desmatamento_clima+mortalidade+politica	5570	
4	conectividade+desmatamento_clima+mortalidade+saneamento_agua	5570	
4	conectividade+desmatamento_clima+mortalidade+saude_producao	5570	
4	conectividade+desmatamento_clima+mortalidade+trabalho_empresa	5570	H?
4	conectividade+desmatamento_clima+mortalidade+transferencia_renda	5570	
4	conectividade+desmatamento_clima+politica+saneamento_agua	5570	
4	conectividade+desmatamento_clima+politica+saude_producao	5570	
4	conectividade+desmatamento_clima+politica+trabalho_empresa	5570	
4	conectividade+desmatamento_clima+politica+transferencia_renda	5570	
4	conectividade+desmatamento_clima+saneamento_agua+saude_producao	5570	
4	conectividade+desmatamento_clima+saneamento_agua+trabalho_empresa	5570	
4	conectividade+desmatamento_clima+saneamento_agua+transferencia_renda	5570	
4	conectividade+desmatamento_clima+saude_producao+trabalho_empresa	5570	
4	conectividade+desmatamento_clima+saude_producao+transferencia_renda	5570	
4	conectividade+desmatamento_clima+trabalho_empresa+transferencia_renda	5570	
4	conectividade+educacao+fiscal_municipal+mortalidade	5570	
4	conectividade+educacao+fiscal_municipal+politica	5570	
4	conectividade+educacao+fiscal_municipal+saneamento_agua	5570	
4	conectividade+educacao+fiscal_municipal+saude_producao	5570	
4	conectividade+educacao+fiscal_municipal+trabalho_empresa	5570	
4	conectividade+educacao+fiscal_municipal+transferencia_renda	5570	
4	conectividade+educacao+mortalidade+politica	5570	
4	conectividade+educacao+mortalidade+saneamento_agua	5570	
4	conectividade+educacao+mortalidade+saude_producao	5570	
4	conectividade+educacao+mortalidade+trabalho_empresa	5570	
4	conectividade+educacao+mortalidade+transferencia_renda	5570	
4	conectividade+educacao+politica+saneamento_agua	5570	
4	conectividade+educacao+politica+saude_producao	5570	
4	conectividade+educacao+politica+trabalho_empresa	5570	
4	conectividade+educacao+politica+transferencia_renda	5570	
4	conectividade+educacao+saneamento_agua+saude_producao	5570	
4	conectividade+educacao+saneamento_agua+trabalho_empresa	5570	
4	conectividade+educacao+saneamento_agua+transferencia_renda	5570	
4	conectividade+educacao+saude_producao+trabalho_empresa	5570	
4	conectividade+educacao+saude_producao+transferencia_renda	5570	
4	conectividade+educacao+trabalho_empresa+transferencia_renda	5570	
4	conectividade+fiscal_municipal+mortalidade+politica	5570	
4	conectividade+fiscal_municipal+mortalidade+saneamento_agua	5570	
4	conectividade+fiscal_municipal+mortalidade+saude_producao	5570	
4	conectividade+fiscal_municipal+mortalidade+trabalho_empresa	5570	
4	conectividade+fiscal_municipal+mortalidade+transferencia_renda	5570	
4	conectividade+fiscal_municipal+politica+saneamento_agua	5570	
4	conectividade+fiscal_municipal+politica+saude_producao	5570	
4	conectividade+fiscal_municipal+politica+trabalho_empresa	5570	
4	conectividade+fiscal_municipal+politica+transferencia_renda	5570	
4	conectividade+fiscal_municipal+saneamento_agua+saude_producao	5570	
4	conectividade+fiscal_municipal+saneamento_agua+trabalho_empresa	5570	
4	conectividade+fiscal_municipal+saneamento_agua+transferencia_renda	5570	
4	conectividade+fiscal_municipal+saude_producao+trabalho_empresa	5570	
4	conectividade+fiscal_municipal+saude_producao+transferencia_renda	5570	
4	conectividade+fiscal_municipal+trabalho_empresa+transferencia_renda	5570	
4	conectividade+mortalidade+politica+saneamento_agua	5570	
4	conectividade+mortalidade+politica+saude_producao	5570	
4	conectividade+mortalidade+politica+trabalho_empresa	5570	
4	conectividade+mortalidade+politica+transferencia_renda	5570	
4	conectividade+mortalidade+saneamento_agua+saude_producao	5570	
4	conectividade+mortalidade+saneamento_agua+trabalho_empresa	5570	
4	conectividade+mortalidade+saneamento_agua+transferencia_renda	5570	
4	conectividade+mortalidade+saude_producao+trabalho_empresa	5570	
4	conectividade+mortalidade+saude_producao+transferencia_renda	5570	
4	conectividade+mortalidade+trabalho_empresa+transferencia_renda	5570	
4	conectividade+politica+saneamento_agua+saude_producao	5570	
4	conectividade+politica+saneamento_agua+trabalho_empresa	5570	
4	conectividade+politica+saneamento_agua+transferencia_renda	5570	
4	conectividade+politica+saude_producao+trabalho_empresa	5570	
4	conectividade+politica+saude_producao+transferencia_renda	5570	
4	conectividade+politica+trabalho_empresa+transferencia_renda	5570	
4	conectividade+saneamento_agua+saude_producao+trabalho_empresa	5570	
4	conectividade+saneamento_agua+saude_producao+transferencia_renda	5570	
4	conectividade+saneamento_agua+trabalho_empresa+transferencia_renda	5570	
4	conectividade+saude_producao+trabalho_empresa+transferencia_renda	5570	
4	demografia_censo+desmatamento_clima+educacao+fiscal_municipal	5570	
4	demografia_censo+desmatamento_clima+educacao+politica	5570	
4	demografia_censo+desmatamento_clima+educacao+saude_producao	5570	
4	demografia_censo+desmatamento_clima+educacao+trabalho_empresa	5570	
4	demografia_censo+desmatamento_clima+educacao+transferencia_renda	5570	
4	demografia_censo+desmatamento_clima+fiscal_municipal+mortalidade	5570	
4	demografia_censo+desmatamento_clima+fiscal_municipal+politica	5570	
4	demografia_censo+desmatamento_clima+fiscal_municipal+saneamento_agua	5570	
4	demografia_censo+desmatamento_clima+fiscal_municipal+saude_producao	5570	
4	demografia_censo+desmatamento_clima+fiscal_municipal+trabalho_empresa	5570	
4	demografia_censo+desmatamento_clima+fiscal_municipal+transferencia_renda	5570	
4	demografia_censo+desmatamento_clima+mortalidade+politica	5570	
4	demografia_censo+desmatamento_clima+mortalidade+saude_producao	5570	
4	demografia_censo+desmatamento_clima+mortalidade+trabalho_empresa	5570	H?
4	demografia_censo+desmatamento_clima+mortalidade+transferencia_renda	5570	
4	demografia_censo+desmatamento_clima+politica+saneamento_agua	5570	
4	demografia_censo+desmatamento_clima+politica+saude_producao	5570	
4	demografia_censo+desmatamento_clima+politica+trabalho_empresa	5570	
4	demografia_censo+desmatamento_clima+politica+transferencia_renda	5570	
4	demografia_censo+desmatamento_clima+saneamento_agua+saude_producao	5570	
4	demografia_censo+desmatamento_clima+saneamento_agua+trabalho_empresa	5570	
4	demografia_censo+desmatamento_clima+saneamento_agua+transferencia_renda	5570	
4	demografia_censo+desmatamento_clima+saude_producao+trabalho_empresa	5570	
4	demografia_censo+desmatamento_clima+saude_producao+transferencia_renda	5570	
4	demografia_censo+desmatamento_clima+trabalho_empresa+transferencia_renda	5570	
4	demografia_censo+educacao+fiscal_municipal+mortalidade	5570	
4	demografia_censo+educacao+fiscal_municipal+politica	5570	
4	demografia_censo+educacao+fiscal_municipal+saneamento_agua	5570	
4	demografia_censo+educacao+fiscal_municipal+saude_producao	5570	
4	demografia_censo+educacao+fiscal_municipal+trabalho_empresa	5570	
4	demografia_censo+educacao+fiscal_municipal+transferencia_renda	5570	
4	demografia_censo+educacao+mortalidade+politica	5570	
4	demografia_censo+educacao+mortalidade+saude_producao	5570	
4	demografia_censo+educacao+mortalidade+trabalho_empresa	5570	
4	demografia_censo+educacao+mortalidade+transferencia_renda	5570	
4	demografia_censo+educacao+politica+saneamento_agua	5570	
4	demografia_censo+educacao+politica+saude_producao	5570	
4	demografia_censo+educacao+politica+trabalho_empresa	5570	
4	demografia_censo+educacao+politica+transferencia_renda	5570	
4	demografia_censo+educacao+saneamento_agua+saude_producao	5570	
4	demografia_censo+educacao+saneamento_agua+trabalho_empresa	5570	
4	demografia_censo+educacao+saneamento_agua+transferencia_renda	5570	
4	demografia_censo+educacao+saude_producao+trabalho_empresa	5570	
4	demografia_censo+educacao+saude_producao+transferencia_renda	5570	
4	demografia_censo+educacao+trabalho_empresa+transferencia_renda	5570	H?
4	demografia_censo+fiscal_municipal+mortalidade+politica	5570	
4	demografia_censo+fiscal_municipal+mortalidade+saneamento_agua	5570	
4	demografia_censo+fiscal_municipal+mortalidade+saude_producao	5570	
4	demografia_censo+fiscal_municipal+mortalidade+trabalho_empresa	5570	
4	demografia_censo+fiscal_municipal+mortalidade+transferencia_renda	5570	
4	demografia_censo+fiscal_municipal+politica+saneamento_agua	5570	
4	demografia_censo+fiscal_municipal+politica+saude_producao	5570	
4	demografia_censo+fiscal_municipal+politica+trabalho_empresa	5570	
4	demografia_censo+fiscal_municipal+politica+transferencia_renda	5570	
4	demografia_censo+fiscal_municipal+saneamento_agua+saude_producao	5570	
4	demografia_censo+fiscal_municipal+saneamento_agua+trabalho_empresa	5570	
4	demografia_censo+fiscal_municipal+saneamento_agua+transferencia_renda	5570	
4	demografia_censo+fiscal_municipal+saude_producao+trabalho_empresa	5570	
4	demografia_censo+fiscal_municipal+saude_producao+transferencia_renda	5570	
4	demografia_censo+fiscal_municipal+trabalho_empresa+transferencia_renda	5570	
4	demografia_censo+mortalidade+politica+saneamento_agua	5570	
4	demografia_censo+mortalidade+politica+saude_producao	5570	
4	demografia_censo+mortalidade+politica+trabalho_empresa	5570	
4	demografia_censo+mortalidade+politica+transferencia_renda	5570	
4	demografia_censo+mortalidade+saneamento_agua+saude_producao	5570	
4	demografia_censo+mortalidade+saneamento_agua+trabalho_empresa	5570	
4	demografia_censo+mortalidade+saneamento_agua+transferencia_renda	5570	
4	demografia_censo+mortalidade+saude_producao+trabalho_empresa	5570	
4	demografia_censo+mortalidade+saude_producao+transferencia_renda	5570	
4	demografia_censo+mortalidade+trabalho_empresa+transferencia_renda	5570	P70-3
4	demografia_censo+politica+saneamento_agua+saude_producao	5570	
4	demografia_censo+politica+saneamento_agua+trabalho_empresa	5570	
4	demografia_censo+politica+saneamento_agua+transferencia_renda	5570	
4	demografia_censo+politica+saude_producao+trabalho_empresa	5570	
4	demografia_censo+politica+saude_producao+transferencia_renda	5570	
4	demografia_censo+politica+trabalho_empresa+transferencia_renda	5570	
4	demografia_censo+saneamento_agua+saude_producao+trabalho_empresa	5570	
4	demografia_censo+saneamento_agua+saude_producao+transferencia_renda	5570	
4	demografia_censo+saneamento_agua+trabalho_empresa+transferencia_renda	5570	
4	demografia_censo+saude_producao+trabalho_empresa+transferencia_renda	5570	
4	desmatamento_clima+educacao+fiscal_municipal+mortalidade	5570	
4	desmatamento_clima+educacao+fiscal_municipal+politica	5570	
4	desmatamento_clima+educacao+fiscal_municipal+saneamento_agua	5570	
4	desmatamento_clima+educacao+fiscal_municipal+saude_producao	5570	
4	desmatamento_clima+educacao+fiscal_municipal+trabalho_empresa	5570	
4	desmatamento_clima+educacao+fiscal_municipal+transferencia_renda	5570	
4	desmatamento_clima+educacao+mortalidade+politica	5570	
4	desmatamento_clima+educacao+mortalidade+saude_producao	5570	
4	desmatamento_clima+educacao+mortalidade+trabalho_empresa	5570	
4	desmatamento_clima+educacao+mortalidade+transferencia_renda	5570	
4	desmatamento_clima+educacao+politica+saneamento_agua	5570	
4	desmatamento_clima+educacao+politica+saude_producao	5570	
4	desmatamento_clima+educacao+politica+trabalho_empresa	5570	
4	desmatamento_clima+educacao+politica+transferencia_renda	5570	
4	desmatamento_clima+educacao+saneamento_agua+saude_producao	5570	
4	desmatamento_clima+educacao+saneamento_agua+trabalho_empresa	5570	
4	desmatamento_clima+educacao+saneamento_agua+transferencia_renda	5570	
4	desmatamento_clima+educacao+saude_producao+trabalho_empresa	5570	
4	desmatamento_clima+educacao+saude_producao+transferencia_renda	5570	
4	desmatamento_clima+educacao+trabalho_empresa+transferencia_renda	5570	
4	desmatamento_clima+fiscal_municipal+mortalidade+politica	5570	
4	desmatamento_clima+fiscal_municipal+mortalidade+saneamento_agua	5570	
4	desmatamento_clima+fiscal_municipal+mortalidade+saude_producao	5570	
4	desmatamento_clima+fiscal_municipal+mortalidade+trabalho_empresa	5570	
4	desmatamento_clima+fiscal_municipal+mortalidade+transferencia_renda	5570	
4	desmatamento_clima+fiscal_municipal+politica+saneamento_agua	5570	
4	desmatamento_clima+fiscal_municipal+politica+saude_producao	5570	
4	desmatamento_clima+fiscal_municipal+politica+trabalho_empresa	5570	
4	desmatamento_clima+fiscal_municipal+politica+transferencia_renda	5570	
4	desmatamento_clima+fiscal_municipal+saneamento_agua+saude_producao	5570	
4	desmatamento_clima+fiscal_municipal+saneamento_agua+trabalho_empresa	5570	
4	desmatamento_clima+fiscal_municipal+saneamento_agua+transferencia_renda	5570	
4	desmatamento_clima+fiscal_municipal+saude_producao+trabalho_empresa	5570	
4	desmatamento_clima+fiscal_municipal+saude_producao+transferencia_renda	5570	
4	desmatamento_clima+fiscal_municipal+trabalho_empresa+transferencia_renda	5570	
4	desmatamento_clima+mortalidade+politica+saneamento_agua	5570	
4	desmatamento_clima+mortalidade+politica+saude_producao	5570	
4	desmatamento_clima+mortalidade+politica+trabalho_empresa	5570	
4	desmatamento_clima+mortalidade+politica+transferencia_renda	5570	
4	desmatamento_clima+mortalidade+saneamento_agua+saude_producao	5570	
4	desmatamento_clima+mortalidade+saneamento_agua+trabalho_empresa	5570	
4	desmatamento_clima+mortalidade+saneamento_agua+transferencia_renda	5570	
4	desmatamento_clima+mortalidade+saude_producao+trabalho_empresa	5570	
4	desmatamento_clima+mortalidade+saude_producao+transferencia_renda	5570	
4	desmatamento_clima+mortalidade+trabalho_empresa+transferencia_renda	5570	
4	desmatamento_clima+politica+saneamento_agua+saude_producao	5570	
4	desmatamento_clima+politica+saneamento_agua+trabalho_empresa	5570	
4	desmatamento_clima+politica+saneamento_agua+transferencia_renda	5570	
4	desmatamento_clima+politica+saude_producao+trabalho_empresa	5570	
4	desmatamento_clima+politica+saude_producao+transferencia_renda	5570	
4	desmatamento_clima+politica+trabalho_empresa+transferencia_renda	5570	
4	desmatamento_clima+saneamento_agua+saude_producao+trabalho_empresa	5570	
4	desmatamento_clima+saneamento_agua+saude_producao+transferencia_renda	5570	
4	desmatamento_clima+saneamento_agua+trabalho_empresa+transferencia_renda	5570	
4	desmatamento_clima+saude_producao+trabalho_empresa+transferencia_renda	5570	
4	educacao+fiscal_municipal+mortalidade+politica	5570	
4	educacao+fiscal_municipal+mortalidade+saneamento_agua	5570	
4	educacao+fiscal_municipal+mortalidade+saude_producao	5570	
4	educacao+fiscal_municipal+mortalidade+trabalho_empresa	5570	
4	educacao+fiscal_municipal+mortalidade+transferencia_renda	5570	
4	educacao+fiscal_municipal+politica+saneamento_agua	5570	
4	educacao+fiscal_municipal+politica+saude_producao	5570	H?
4	educacao+fiscal_municipal+politica+trabalho_empresa	5570	H?
4	educacao+fiscal_municipal+politica+transferencia_renda	5570	H?
4	educacao+fiscal_municipal+saneamento_agua+saude_producao	5570	
4	educacao+fiscal_municipal+saneamento_agua+trabalho_empresa	5570	
4	educacao+fiscal_municipal+saneamento_agua+transferencia_renda	5570	
4	educacao+fiscal_municipal+saude_producao+trabalho_empresa	5570	H?
4	educacao+fiscal_municipal+saude_producao+transferencia_renda	5570	H?
4	educacao+fiscal_municipal+trabalho_empresa+transferencia_renda	5570	H?
4	educacao+mortalidade+politica+saneamento_agua	5570	
4	educacao+mortalidade+politica+saude_producao	5570	
4	educacao+mortalidade+politica+trabalho_empresa	5570	
4	educacao+mortalidade+politica+transferencia_renda	5570	
4	educacao+mortalidade+saneamento_agua+saude_producao	5570	
4	educacao+mortalidade+saneamento_agua+trabalho_empresa	5570	
4	educacao+mortalidade+saneamento_agua+transferencia_renda	5570	
4	educacao+mortalidade+saude_producao+trabalho_empresa	5570	
4	educacao+mortalidade+saude_producao+transferencia_renda	5570	
4	educacao+mortalidade+trabalho_empresa+transferencia_renda	5570	
4	educacao+politica+saneamento_agua+saude_producao	5570	
4	educacao+politica+saneamento_agua+trabalho_empresa	5570	
4	educacao+politica+saneamento_agua+transferencia_renda	5570	
4	educacao+politica+saude_producao+trabalho_empresa	5570	H?
4	educacao+politica+saude_producao+transferencia_renda	5570	H?
4	educacao+politica+trabalho_empresa+transferencia_renda	5570	H?
4	educacao+saneamento_agua+saude_producao+trabalho_empresa	5570	
4	educacao+saneamento_agua+saude_producao+transferencia_renda	5570	
4	educacao+saneamento_agua+trabalho_empresa+transferencia_renda	5570	
4	educacao+saude_producao+trabalho_empresa+transferencia_renda	5570	H?
4	fiscal_municipal+mortalidade+politica+saneamento_agua	5570	
4	fiscal_municipal+mortalidade+politica+saude_producao	5570	
4	fiscal_municipal+mortalidade+politica+trabalho_empresa	5570	
4	fiscal_municipal+mortalidade+politica+transferencia_renda	5570	
4	fiscal_municipal+mortalidade+saneamento_agua+saude_producao	5570	
4	fiscal_municipal+mortalidade+saneamento_agua+trabalho_empresa	5570	
4	fiscal_municipal+mortalidade+saneamento_agua+transferencia_renda	5570	
4	fiscal_municipal+mortalidade+saude_producao+trabalho_empresa	5570	
4	fiscal_municipal+mortalidade+saude_producao+transferencia_renda	5570	
4	fiscal_municipal+mortalidade+trabalho_empresa+transferencia_renda	5570	
4	fiscal_municipal+politica+saneamento_agua+saude_producao	5570	
4	fiscal_municipal+politica+saneamento_agua+trabalho_empresa	5570	
4	fiscal_municipal+politica+saneamento_agua+transferencia_renda	5570	
4	fiscal_municipal+politica+saude_producao+trabalho_empresa	5570	H?
4	fiscal_municipal+politica+saude_producao+transferencia_renda	5570	H?
4	fiscal_municipal+politica+trabalho_empresa+transferencia_renda	5570	H?
4	fiscal_municipal+saneamento_agua+saude_producao+trabalho_empresa	5570	
4	fiscal_municipal+saneamento_agua+saude_producao+transferencia_renda	5570	
4	fiscal_municipal+saneamento_agua+trabalho_empresa+transferencia_renda	5570	
4	fiscal_municipal+saude_producao+trabalho_empresa+transferencia_renda	5570	H?
4	mortalidade+politica+saneamento_agua+saude_producao	5570	
4	mortalidade+politica+saneamento_agua+trabalho_empresa	5570	
4	mortalidade+politica+saneamento_agua+transferencia_renda	5570	
4	mortalidade+politica+saude_producao+trabalho_empresa	5570	
4	mortalidade+politica+saude_producao+transferencia_renda	5570	
4	mortalidade+politica+trabalho_empresa+transferencia_renda	5570	
4	mortalidade+saneamento_agua+saude_producao+trabalho_empresa	5570	
4	mortalidade+saneamento_agua+saude_producao+transferencia_renda	5570	
4	mortalidade+saneamento_agua+trabalho_empresa+transferencia_renda	5570	
4	mortalidade+saude_producao+trabalho_empresa+transferencia_renda	5570	
4	politica+saneamento_agua+saude_producao+trabalho_empresa	5570	
4	politica+saneamento_agua+saude_producao+transferencia_renda	5570	
4	politica+saneamento_agua+trabalho_empresa+transferencia_renda	5570	
4	politica+saude_producao+trabalho_empresa+transferencia_renda	5570	H?
4	saneamento_agua+saude_producao+trabalho_empresa+transferencia_renda	5570	
4	agropecuaria+conectividade+demografia_censo+desmatamento_clima	5567	
4	agropecuaria+conectividade+demografia_censo+educacao	5567	
4	agropecuaria+conectividade+demografia_censo+fiscal_municipal	5567	
4	agropecuaria+conectividade+demografia_censo+mortalidade	5567	
4	agropecuaria+conectividade+demografia_censo+politica	5567	
4	agropecuaria+conectividade+demografia_censo+saneamento_agua	5567	
4	agropecuaria+conectividade+demografia_censo+saude_producao	5567	
4	agropecuaria+conectividade+demografia_censo+trabalho_empresa	5567	
4	agropecuaria+conectividade+demografia_censo+transferencia_renda	5567	
4	agropecuaria+conectividade+desmatamento_clima+educacao	5567	
4	agropecuaria+conectividade+desmatamento_clima+fiscal_municipal	5567	
4	agropecuaria+conectividade+desmatamento_clima+mortalidade	5567	
4	agropecuaria+conectividade+desmatamento_clima+politica	5567	
4	agropecuaria+conectividade+desmatamento_clima+saneamento_agua	5567	
4	agropecuaria+conectividade+desmatamento_clima+saude_producao	5567	
4	agropecuaria+conectividade+desmatamento_clima+trabalho_empresa	5567	
4	agropecuaria+conectividade+desmatamento_clima+transferencia_renda	5567	
4	agropecuaria+conectividade+educacao+fiscal_municipal	5567	
4	agropecuaria+conectividade+educacao+mortalidade	5567	
4	agropecuaria+conectividade+educacao+politica	5567	
4	agropecuaria+conectividade+educacao+saneamento_agua	5567	
4	agropecuaria+conectividade+educacao+saude_producao	5567	
4	agropecuaria+conectividade+educacao+trabalho_empresa	5567	
4	agropecuaria+conectividade+educacao+transferencia_renda	5567	
4	agropecuaria+conectividade+fiscal_municipal+mortalidade	5567	
4	agropecuaria+conectividade+fiscal_municipal+politica	5567	
4	agropecuaria+conectividade+fiscal_municipal+saneamento_agua	5567	
4	agropecuaria+conectividade+fiscal_municipal+saude_producao	5567	
4	agropecuaria+conectividade+fiscal_municipal+trabalho_empresa	5567	
4	agropecuaria+conectividade+fiscal_municipal+transferencia_renda	5567	
4	agropecuaria+conectividade+mortalidade+politica	5567	
4	agropecuaria+conectividade+mortalidade+saneamento_agua	5567	
4	agropecuaria+conectividade+mortalidade+saude_producao	5567	
4	agropecuaria+conectividade+mortalidade+trabalho_empresa	5567	
4	agropecuaria+conectividade+mortalidade+transferencia_renda	5567	
4	agropecuaria+conectividade+politica+saneamento_agua	5567	
4	agropecuaria+conectividade+politica+saude_producao	5567	
4	agropecuaria+conectividade+politica+trabalho_empresa	5567	
4	agropecuaria+conectividade+politica+transferencia_renda	5567	
4	agropecuaria+conectividade+saneamento_agua+saude_producao	5567	
4	agropecuaria+conectividade+saneamento_agua+trabalho_empresa	5567	
4	agropecuaria+conectividade+saneamento_agua+transferencia_renda	5567	
4	agropecuaria+conectividade+saude_producao+trabalho_empresa	5567	
4	agropecuaria+conectividade+saude_producao+transferencia_renda	5567	
4	agropecuaria+conectividade+trabalho_empresa+transferencia_renda	5567	
4	agropecuaria+demografia_censo+desmatamento_clima+educacao	5567	
4	agropecuaria+demografia_censo+desmatamento_clima+fiscal_municipal	5567	
4	agropecuaria+demografia_censo+desmatamento_clima+mortalidade	5567	
4	agropecuaria+demografia_censo+desmatamento_clima+politica	5567	
4	agropecuaria+demografia_censo+desmatamento_clima+saneamento_agua	5567	
4	agropecuaria+demografia_censo+desmatamento_clima+saude_producao	5567	
4	agropecuaria+demografia_censo+desmatamento_clima+trabalho_empresa	5567	
4	agropecuaria+demografia_censo+desmatamento_clima+transferencia_renda	5567	
4	agropecuaria+demografia_censo+educacao+fiscal_municipal	5567	
4	agropecuaria+demografia_censo+educacao+mortalidade	5567	
4	agropecuaria+demografia_censo+educacao+politica	5567	
4	agropecuaria+demografia_censo+educacao+saneamento_agua	5567	
4	agropecuaria+demografia_censo+educacao+saude_producao	5567	
4	agropecuaria+demografia_censo+educacao+trabalho_empresa	5567	
4	agropecuaria+demografia_censo+educacao+transferencia_renda	5567	
4	agropecuaria+demografia_censo+fiscal_municipal+mortalidade	5567	
4	agropecuaria+demografia_censo+fiscal_municipal+politica	5567	
4	agropecuaria+demografia_censo+fiscal_municipal+saneamento_agua	5567	
4	agropecuaria+demografia_censo+fiscal_municipal+saude_producao	5567	
4	agropecuaria+demografia_censo+fiscal_municipal+trabalho_empresa	5567	
4	agropecuaria+demografia_censo+fiscal_municipal+transferencia_renda	5567	
4	agropecuaria+demografia_censo+mortalidade+politica	5567	
4	agropecuaria+demografia_censo+mortalidade+saneamento_agua	5567	
4	agropecuaria+demografia_censo+mortalidade+saude_producao	5567	
4	agropecuaria+demografia_censo+mortalidade+trabalho_empresa	5567	
4	agropecuaria+demografia_censo+mortalidade+transferencia_renda	5567	
4	agropecuaria+demografia_censo+politica+saneamento_agua	5567	
4	agropecuaria+demografia_censo+politica+saude_producao	5567	
4	agropecuaria+demografia_censo+politica+trabalho_empresa	5567	
4	agropecuaria+demografia_censo+politica+transferencia_renda	5567	
4	agropecuaria+demografia_censo+saneamento_agua+saude_producao	5567	
4	agropecuaria+demografia_censo+saneamento_agua+trabalho_empresa	5567	
4	agropecuaria+demografia_censo+saneamento_agua+transferencia_renda	5567	
4	agropecuaria+demografia_censo+saude_producao+trabalho_empresa	5567	
4	agropecuaria+demografia_censo+saude_producao+transferencia_renda	5567	
4	agropecuaria+demografia_censo+trabalho_empresa+transferencia_renda	5567	
4	agropecuaria+desmatamento_clima+educacao+fiscal_municipal	5567	
4	agropecuaria+desmatamento_clima+educacao+mortalidade	5567	
4	agropecuaria+desmatamento_clima+educacao+politica	5567	
4	agropecuaria+desmatamento_clima+educacao+saneamento_agua	5567	
4	agropecuaria+desmatamento_clima+educacao+saude_producao	5567	
4	agropecuaria+desmatamento_clima+educacao+trabalho_empresa	5567	
4	agropecuaria+desmatamento_clima+educacao+transferencia_renda	5567	
4	agropecuaria+desmatamento_clima+fiscal_municipal+mortalidade	5567	
4	agropecuaria+desmatamento_clima+fiscal_municipal+politica	5567	
4	agropecuaria+desmatamento_clima+fiscal_municipal+saneamento_agua	5567	
4	agropecuaria+desmatamento_clima+fiscal_municipal+saude_producao	5567	
4	agropecuaria+desmatamento_clima+fiscal_municipal+trabalho_empresa	5567	
4	agropecuaria+desmatamento_clima+fiscal_municipal+transferencia_renda	5567	
4	agropecuaria+desmatamento_clima+mortalidade+politica	5567	
4	agropecuaria+desmatamento_clima+mortalidade+saneamento_agua	5567	
4	agropecuaria+desmatamento_clima+mortalidade+saude_producao	5567	
4	agropecuaria+desmatamento_clima+mortalidade+trabalho_empresa	5567	
4	agropecuaria+desmatamento_clima+mortalidade+transferencia_renda	5567	
4	agropecuaria+desmatamento_clima+politica+saneamento_agua	5567	
4	agropecuaria+desmatamento_clima+politica+saude_producao	5567	
4	agropecuaria+desmatamento_clima+politica+trabalho_empresa	5567	
4	agropecuaria+desmatamento_clima+politica+transferencia_renda	5567	
4	agropecuaria+desmatamento_clima+saneamento_agua+saude_producao	5567	
4	agropecuaria+desmatamento_clima+saneamento_agua+trabalho_empresa	5567	
4	agropecuaria+desmatamento_clima+saneamento_agua+transferencia_renda	5567	
4	agropecuaria+desmatamento_clima+saude_producao+trabalho_empresa	5567	
4	agropecuaria+desmatamento_clima+saude_producao+transferencia_renda	5567	
4	agropecuaria+desmatamento_clima+trabalho_empresa+transferencia_renda	5567	
4	agropecuaria+educacao+fiscal_municipal+mortalidade	5567	
4	agropecuaria+educacao+fiscal_municipal+politica	5567	
4	agropecuaria+educacao+fiscal_municipal+saneamento_agua	5567	
4	agropecuaria+educacao+fiscal_municipal+saude_producao	5567	
4	agropecuaria+educacao+fiscal_municipal+trabalho_empresa	5567	
4	agropecuaria+educacao+fiscal_municipal+transferencia_renda	5567	
4	agropecuaria+educacao+mortalidade+politica	5567	
4	agropecuaria+educacao+mortalidade+saneamento_agua	5567	
4	agropecuaria+educacao+mortalidade+saude_producao	5567	
4	agropecuaria+educacao+mortalidade+trabalho_empresa	5567	
4	agropecuaria+educacao+mortalidade+transferencia_renda	5567	
4	agropecuaria+educacao+politica+saneamento_agua	5567	
4	agropecuaria+educacao+politica+saude_producao	5567	
4	agropecuaria+educacao+politica+trabalho_empresa	5567	
4	agropecuaria+educacao+politica+transferencia_renda	5567	
4	agropecuaria+educacao+saneamento_agua+saude_producao	5567	
4	agropecuaria+educacao+saneamento_agua+trabalho_empresa	5567	
4	agropecuaria+educacao+saneamento_agua+transferencia_renda	5567	
4	agropecuaria+educacao+saude_producao+trabalho_empresa	5567	
4	agropecuaria+educacao+saude_producao+transferencia_renda	5567	
4	agropecuaria+educacao+trabalho_empresa+transferencia_renda	5567	
4	agropecuaria+fiscal_municipal+mortalidade+politica	5567	
4	agropecuaria+fiscal_municipal+mortalidade+saneamento_agua	5567	
4	agropecuaria+fiscal_municipal+mortalidade+saude_producao	5567	
4	agropecuaria+fiscal_municipal+mortalidade+trabalho_empresa	5567	
4	agropecuaria+fiscal_municipal+mortalidade+transferencia_renda	5567	
4	agropecuaria+fiscal_municipal+politica+saneamento_agua	5567	
4	agropecuaria+fiscal_municipal+politica+saude_producao	5567	
4	agropecuaria+fiscal_municipal+politica+trabalho_empresa	5567	
4	agropecuaria+fiscal_municipal+politica+transferencia_renda	5567	
4	agropecuaria+fiscal_municipal+saneamento_agua+saude_producao	5567	
4	agropecuaria+fiscal_municipal+saneamento_agua+trabalho_empresa	5567	
4	agropecuaria+fiscal_municipal+saneamento_agua+transferencia_renda	5567	
4	agropecuaria+fiscal_municipal+saude_producao+trabalho_empresa	5567	
4	agropecuaria+fiscal_municipal+saude_producao+transferencia_renda	5567	
4	agropecuaria+fiscal_municipal+trabalho_empresa+transferencia_renda	5567	
4	agropecuaria+mortalidade+politica+saneamento_agua	5567	
4	agropecuaria+mortalidade+politica+saude_producao	5567	
4	agropecuaria+mortalidade+politica+trabalho_empresa	5567	
4	agropecuaria+mortalidade+politica+transferencia_renda	5567	
4	agropecuaria+mortalidade+saneamento_agua+saude_producao	5567	
4	agropecuaria+mortalidade+saneamento_agua+trabalho_empresa	5567	
4	agropecuaria+mortalidade+saneamento_agua+transferencia_renda	5567	
4	agropecuaria+mortalidade+saude_producao+trabalho_empresa	5567	
4	agropecuaria+mortalidade+saude_producao+transferencia_renda	5567	
4	agropecuaria+mortalidade+trabalho_empresa+transferencia_renda	5567	
4	agropecuaria+politica+saneamento_agua+saude_producao	5567	
4	agropecuaria+politica+saneamento_agua+trabalho_empresa	5567	
4	agropecuaria+politica+saneamento_agua+transferencia_renda	5567	
4	agropecuaria+politica+saude_producao+trabalho_empresa	5567	
4	agropecuaria+politica+saude_producao+transferencia_renda	5567	
4	agropecuaria+politica+trabalho_empresa+transferencia_renda	5567	
4	agropecuaria+saneamento_agua+saude_producao+trabalho_empresa	5567	
4	agropecuaria+saneamento_agua+saude_producao+transferencia_renda	5567	
4	agropecuaria+saneamento_agua+trabalho_empresa+transferencia_renda	5567	
4	agropecuaria+saude_producao+trabalho_empresa+transferencia_renda	5567	
4	agropecuaria+conectividade+demografia_censo+fundiario	5559	
4	agropecuaria+conectividade+desmatamento_clima+fundiario	5559	
4	agropecuaria+conectividade+educacao+fundiario	5559	
4	agropecuaria+conectividade+fiscal_municipal+fundiario	5559	
4	agropecuaria+conectividade+fundiario+mortalidade	5559	
4	agropecuaria+conectividade+fundiario+politica	5559	
4	agropecuaria+conectividade+fundiario+saneamento_agua	5559	
4	agropecuaria+conectividade+fundiario+saude_producao	5559	
4	agropecuaria+conectividade+fundiario+trabalho_empresa	5559	
4	agropecuaria+conectividade+fundiario+transferencia_renda	5559	
4	agropecuaria+demografia_censo+desmatamento_clima+fundiario	5559	
4	agropecuaria+demografia_censo+educacao+fundiario	5559	
4	agropecuaria+demografia_censo+fiscal_municipal+fundiario	5559	
4	agropecuaria+demografia_censo+fundiario+mortalidade	5559	
4	agropecuaria+demografia_censo+fundiario+politica	5559	
4	agropecuaria+demografia_censo+fundiario+saneamento_agua	5559	
4	agropecuaria+demografia_censo+fundiario+saude_producao	5559	
4	agropecuaria+demografia_censo+fundiario+trabalho_empresa	5559	
4	agropecuaria+demografia_censo+fundiario+transferencia_renda	5559	
4	agropecuaria+desmatamento_clima+educacao+fundiario	5559	
4	agropecuaria+desmatamento_clima+fiscal_municipal+fundiario	5559	
4	agropecuaria+desmatamento_clima+fundiario+mortalidade	5559	
4	agropecuaria+desmatamento_clima+fundiario+politica	5559	
4	agropecuaria+desmatamento_clima+fundiario+saneamento_agua	5559	
4	agropecuaria+desmatamento_clima+fundiario+saude_producao	5559	
4	agropecuaria+desmatamento_clima+fundiario+trabalho_empresa	5559	
4	agropecuaria+desmatamento_clima+fundiario+transferencia_renda	5559	
4	agropecuaria+educacao+fiscal_municipal+fundiario	5559	
4	agropecuaria+educacao+fundiario+mortalidade	5559	
4	agropecuaria+educacao+fundiario+politica	5559	
4	agropecuaria+educacao+fundiario+saneamento_agua	5559	
4	agropecuaria+educacao+fundiario+saude_producao	5559	
4	agropecuaria+educacao+fundiario+trabalho_empresa	5559	
4	agropecuaria+educacao+fundiario+transferencia_renda	5559	
4	agropecuaria+fiscal_municipal+fundiario+mortalidade	5559	
4	agropecuaria+fiscal_municipal+fundiario+politica	5559	
4	agropecuaria+fiscal_municipal+fundiario+saneamento_agua	5559	
4	agropecuaria+fiscal_municipal+fundiario+saude_producao	5559	
4	agropecuaria+fiscal_municipal+fundiario+trabalho_empresa	5559	
4	agropecuaria+fiscal_municipal+fundiario+transferencia_renda	5559	
4	agropecuaria+fundiario+mortalidade+politica	5559	
4	agropecuaria+fundiario+mortalidade+saneamento_agua	5559	
4	agropecuaria+fundiario+mortalidade+saude_producao	5559	
4	agropecuaria+fundiario+mortalidade+trabalho_empresa	5559	
4	agropecuaria+fundiario+mortalidade+transferencia_renda	5559	
4	agropecuaria+fundiario+politica+saneamento_agua	5559	
4	agropecuaria+fundiario+politica+saude_producao	5559	
4	agropecuaria+fundiario+politica+trabalho_empresa	5559	
4	agropecuaria+fundiario+politica+transferencia_renda	5559	
4	agropecuaria+fundiario+saneamento_agua+saude_producao	5559	
4	agropecuaria+fundiario+saneamento_agua+trabalho_empresa	5559	
4	agropecuaria+fundiario+saneamento_agua+transferencia_renda	5559	
4	agropecuaria+fundiario+saude_producao+trabalho_empresa	5559	
4	agropecuaria+fundiario+saude_producao+transferencia_renda	5559	
4	agropecuaria+fundiario+trabalho_empresa+transferencia_renda	5559	
4	conectividade+demografia_censo+desmatamento_clima+fundiario	5559	
4	conectividade+demografia_censo+educacao+fundiario	5559	
4	conectividade+demografia_censo+fiscal_municipal+fundiario	5559	
4	conectividade+demografia_censo+fundiario+mortalidade	5559	
4	conectividade+demografia_censo+fundiario+politica	5559	
4	conectividade+demografia_censo+fundiario+saneamento_agua	5559	
4	conectividade+demografia_censo+fundiario+saude_producao	5559	
4	conectividade+demografia_censo+fundiario+trabalho_empresa	5559	
4	conectividade+demografia_censo+fundiario+transferencia_renda	5559	
4	conectividade+desmatamento_clima+educacao+fundiario	5559	
4	conectividade+desmatamento_clima+fiscal_municipal+fundiario	5559	
4	conectividade+desmatamento_clima+fundiario+mortalidade	5559	
4	conectividade+desmatamento_clima+fundiario+politica	5559	
4	conectividade+desmatamento_clima+fundiario+saneamento_agua	5559	
4	conectividade+desmatamento_clima+fundiario+saude_producao	5559	
4	conectividade+desmatamento_clima+fundiario+trabalho_empresa	5559	
4	conectividade+desmatamento_clima+fundiario+transferencia_renda	5559	
4	conectividade+educacao+fiscal_municipal+fundiario	5559	
4	conectividade+educacao+fundiario+mortalidade	5559	
4	conectividade+educacao+fundiario+politica	5559	
4	conectividade+educacao+fundiario+saneamento_agua	5559	
4	conectividade+educacao+fundiario+saude_producao	5559	
4	conectividade+educacao+fundiario+trabalho_empresa	5559	
4	conectividade+educacao+fundiario+transferencia_renda	5559	
4	conectividade+fiscal_municipal+fundiario+mortalidade	5559	
4	conectividade+fiscal_municipal+fundiario+politica	5559	
4	conectividade+fiscal_municipal+fundiario+saneamento_agua	5559	
4	conectividade+fiscal_municipal+fundiario+saude_producao	5559	
4	conectividade+fiscal_municipal+fundiario+trabalho_empresa	5559	
4	conectividade+fiscal_municipal+fundiario+transferencia_renda	5559	
4	conectividade+fundiario+mortalidade+politica	5559	
4	conectividade+fundiario+mortalidade+saneamento_agua	5559	
4	conectividade+fundiario+mortalidade+saude_producao	5559	
4	conectividade+fundiario+mortalidade+trabalho_empresa	5559	
4	conectividade+fundiario+mortalidade+transferencia_renda	5559	
4	conectividade+fundiario+politica+saneamento_agua	5559	
4	conectividade+fundiario+politica+saude_producao	5559	
4	conectividade+fundiario+politica+trabalho_empresa	5559	
4	conectividade+fundiario+politica+transferencia_renda	5559	
4	conectividade+fundiario+saneamento_agua+saude_producao	5559	
4	conectividade+fundiario+saneamento_agua+trabalho_empresa	5559	
4	conectividade+fundiario+saneamento_agua+transferencia_renda	5559	
4	conectividade+fundiario+saude_producao+trabalho_empresa	5559	
4	conectividade+fundiario+saude_producao+transferencia_renda	5559	
4	conectividade+fundiario+trabalho_empresa+transferencia_renda	5559	
4	demografia_censo+desmatamento_clima+educacao+fundiario	5559	
4	demografia_censo+desmatamento_clima+fiscal_municipal+fundiario	5559	
4	demografia_censo+desmatamento_clima+fundiario+mortalidade	5559	
4	demografia_censo+desmatamento_clima+fundiario+politica	5559	
4	demografia_censo+desmatamento_clima+fundiario+saneamento_agua	5559	
4	demografia_censo+desmatamento_clima+fundiario+saude_producao	5559	H?
4	demografia_censo+desmatamento_clima+fundiario+trabalho_empresa	5559	
4	demografia_censo+desmatamento_clima+fundiario+transferencia_renda	5559	
4	demografia_censo+educacao+fiscal_municipal+fundiario	5559	
4	demografia_censo+educacao+fundiario+mortalidade	5559	
4	demografia_censo+educacao+fundiario+politica	5559	
4	demografia_censo+educacao+fundiario+saneamento_agua	5559	
4	demografia_censo+educacao+fundiario+saude_producao	5559	
4	demografia_censo+educacao+fundiario+trabalho_empresa	5559	
4	demografia_censo+educacao+fundiario+transferencia_renda	5559	
4	demografia_censo+fiscal_municipal+fundiario+mortalidade	5559	
4	demografia_censo+fiscal_municipal+fundiario+politica	5559	
4	demografia_censo+fiscal_municipal+fundiario+saneamento_agua	5559	
4	demografia_censo+fiscal_municipal+fundiario+saude_producao	5559	
4	demografia_censo+fiscal_municipal+fundiario+trabalho_empresa	5559	
4	demografia_censo+fiscal_municipal+fundiario+transferencia_renda	5559	
4	demografia_censo+fundiario+mortalidade+politica	5559	
4	demografia_censo+fundiario+mortalidade+saneamento_agua	5559	
4	demografia_censo+fundiario+mortalidade+saude_producao	5559	
4	demografia_censo+fundiario+mortalidade+trabalho_empresa	5559	
4	demografia_censo+fundiario+mortalidade+transferencia_renda	5559	
4	demografia_censo+fundiario+politica+saneamento_agua	5559	
4	demografia_censo+fundiario+politica+saude_producao	5559	
4	demografia_censo+fundiario+politica+trabalho_empresa	5559	
4	demografia_censo+fundiario+politica+transferencia_renda	5559	
4	demografia_censo+fundiario+saneamento_agua+saude_producao	5559	
4	demografia_censo+fundiario+saneamento_agua+trabalho_empresa	5559	
4	demografia_censo+fundiario+saneamento_agua+transferencia_renda	5559	
4	demografia_censo+fundiario+saude_producao+trabalho_empresa	5559	
4	demografia_censo+fundiario+saude_producao+transferencia_renda	5559	
4	demografia_censo+fundiario+trabalho_empresa+transferencia_renda	5559	
4	desmatamento_clima+educacao+fiscal_municipal+fundiario	5559	
4	desmatamento_clima+educacao+fundiario+mortalidade	5559	
4	desmatamento_clima+educacao+fundiario+politica	5559	
4	desmatamento_clima+educacao+fundiario+saneamento_agua	5559	
4	desmatamento_clima+educacao+fundiario+saude_producao	5559	
4	desmatamento_clima+educacao+fundiario+trabalho_empresa	5559	
4	desmatamento_clima+educacao+fundiario+transferencia_renda	5559	
4	desmatamento_clima+fiscal_municipal+fundiario+mortalidade	5559	
4	desmatamento_clima+fiscal_municipal+fundiario+politica	5559	
4	desmatamento_clima+fiscal_municipal+fundiario+saneamento_agua	5559	
4	desmatamento_clima+fiscal_municipal+fundiario+saude_producao	5559	
4	desmatamento_clima+fiscal_municipal+fundiario+trabalho_empresa	5559	
4	desmatamento_clima+fiscal_municipal+fundiario+transferencia_renda	5559	
4	desmatamento_clima+fundiario+mortalidade+politica	5559	
4	desmatamento_clima+fundiario+mortalidade+saneamento_agua	5559	
4	desmatamento_clima+fundiario+mortalidade+saude_producao	5559	
4	desmatamento_clima+fundiario+mortalidade+trabalho_empresa	5559	
4	desmatamento_clima+fundiario+mortalidade+transferencia_renda	5559	
4	desmatamento_clima+fundiario+politica+saneamento_agua	5559	
4	desmatamento_clima+fundiario+politica+saude_producao	5559	
4	desmatamento_clima+fundiario+politica+trabalho_empresa	5559	
4	desmatamento_clima+fundiario+politica+transferencia_renda	5559	
4	desmatamento_clima+fundiario+saneamento_agua+saude_producao	5559	
4	desmatamento_clima+fundiario+saneamento_agua+trabalho_empresa	5559	
4	desmatamento_clima+fundiario+saneamento_agua+transferencia_renda	5559	
4	desmatamento_clima+fundiario+saude_producao+trabalho_empresa	5559	
4	desmatamento_clima+fundiario+saude_producao+transferencia_renda	5559	
4	desmatamento_clima+fundiario+trabalho_empresa+transferencia_renda	5559	
4	educacao+fiscal_municipal+fundiario+mortalidade	5559	
4	educacao+fiscal_municipal+fundiario+politica	5559	
4	educacao+fiscal_municipal+fundiario+saneamento_agua	5559	
4	educacao+fiscal_municipal+fundiario+saude_producao	5559	
4	educacao+fiscal_municipal+fundiario+trabalho_empresa	5559	
4	educacao+fiscal_municipal+fundiario+transferencia_renda	5559	
4	educacao+fundiario+mortalidade+politica	5559	
4	educacao+fundiario+mortalidade+saneamento_agua	5559	
4	educacao+fundiario+mortalidade+saude_producao	5559	
4	educacao+fundiario+mortalidade+trabalho_empresa	5559	
4	educacao+fundiario+mortalidade+transferencia_renda	5559	
4	educacao+fundiario+politica+saneamento_agua	5559	
4	educacao+fundiario+politica+saude_producao	5559	
4	educacao+fundiario+politica+trabalho_empresa	5559	
4	educacao+fundiario+politica+transferencia_renda	5559	
4	educacao+fundiario+saneamento_agua+saude_producao	5559	
4	educacao+fundiario+saneamento_agua+trabalho_empresa	5559	
4	educacao+fundiario+saneamento_agua+transferencia_renda	5559	
4	educacao+fundiario+saude_producao+trabalho_empresa	5559	
4	educacao+fundiario+saude_producao+transferencia_renda	5559	
4	educacao+fundiario+trabalho_empresa+transferencia_renda	5559	
4	fiscal_municipal+fundiario+mortalidade+politica	5559	
4	fiscal_municipal+fundiario+mortalidade+saneamento_agua	5559	
4	fiscal_municipal+fundiario+mortalidade+saude_producao	5559	
4	fiscal_municipal+fundiario+mortalidade+trabalho_empresa	5559	
4	fiscal_municipal+fundiario+mortalidade+transferencia_renda	5559	
4	fiscal_municipal+fundiario+politica+saneamento_agua	5559	
4	fiscal_municipal+fundiario+politica+saude_producao	5559	
4	fiscal_municipal+fundiario+politica+trabalho_empresa	5559	
4	fiscal_municipal+fundiario+politica+transferencia_renda	5559	
4	fiscal_municipal+fundiario+saneamento_agua+saude_producao	5559	
4	fiscal_municipal+fundiario+saneamento_agua+trabalho_empresa	5559	
4	fiscal_municipal+fundiario+saneamento_agua+transferencia_renda	5559	
4	fiscal_municipal+fundiario+saude_producao+trabalho_empresa	5559	
4	fiscal_municipal+fundiario+saude_producao+transferencia_renda	5559	
4	fiscal_municipal+fundiario+trabalho_empresa+transferencia_renda	5559	
4	fundiario+mortalidade+politica+saneamento_agua	5559	
4	fundiario+mortalidade+politica+saude_producao	5559	
4	fundiario+mortalidade+politica+trabalho_empresa	5559	
4	fundiario+mortalidade+politica+transferencia_renda	5559	
4	fundiario+mortalidade+saneamento_agua+saude_producao	5559	
4	fundiario+mortalidade+saneamento_agua+trabalho_empresa	5559	
4	fundiario+mortalidade+saneamento_agua+transferencia_renda	5559	
4	fundiario+mortalidade+saude_producao+trabalho_empresa	5559	
4	fundiario+mortalidade+saude_producao+transferencia_renda	5559	
4	fundiario+mortalidade+trabalho_empresa+transferencia_renda	5559	
4	fundiario+politica+saneamento_agua+saude_producao	5559	
4	fundiario+politica+saneamento_agua+trabalho_empresa	5559	
4	fundiario+politica+saneamento_agua+transferencia_renda	5559	
4	fundiario+politica+saude_producao+trabalho_empresa	5559	
4	fundiario+politica+saude_producao+transferencia_renda	5559	
4	fundiario+politica+trabalho_empresa+transferencia_renda	5559	
4	fundiario+saneamento_agua+saude_producao+trabalho_empresa	5559	
4	fundiario+saneamento_agua+saude_producao+transferencia_renda	5559	
4	fundiario+saneamento_agua+trabalho_empresa+transferencia_renda	5559	
4	fundiario+saude_producao+trabalho_empresa+transferencia_renda	5559	
4	agropecuaria+conectividade+demografia_censo+mobilidade	5544	
4	agropecuaria+conectividade+desmatamento_clima+mobilidade	5544	
4	agropecuaria+conectividade+educacao+mobilidade	5544	
4	agropecuaria+conectividade+fiscal_municipal+mobilidade	5544	
4	agropecuaria+conectividade+fundiario+mobilidade	5544	
4	agropecuaria+conectividade+mobilidade+mortalidade	5544	
4	agropecuaria+conectividade+mobilidade+politica	5544	
4	agropecuaria+conectividade+mobilidade+saneamento_agua	5544	
4	agropecuaria+conectividade+mobilidade+saude_producao	5544	
4	agropecuaria+conectividade+mobilidade+trabalho_empresa	5544	
4	agropecuaria+conectividade+mobilidade+transferencia_renda	5544	
4	agropecuaria+demografia_censo+desmatamento_clima+mobilidade	5544	
4	agropecuaria+demografia_censo+educacao+mobilidade	5544	
4	agropecuaria+demografia_censo+fiscal_municipal+mobilidade	5544	
4	agropecuaria+demografia_censo+fundiario+mobilidade	5544	
4	agropecuaria+demografia_censo+mobilidade+mortalidade	5544	
4	agropecuaria+demografia_censo+mobilidade+politica	5544	
4	agropecuaria+demografia_censo+mobilidade+saneamento_agua	5544	
4	agropecuaria+demografia_censo+mobilidade+saude_producao	5544	
4	agropecuaria+demografia_censo+mobilidade+trabalho_empresa	5544	
4	agropecuaria+demografia_censo+mobilidade+transferencia_renda	5544	
4	agropecuaria+desmatamento_clima+educacao+mobilidade	5544	
4	agropecuaria+desmatamento_clima+fiscal_municipal+mobilidade	5544	
4	agropecuaria+desmatamento_clima+fundiario+mobilidade	5544	
4	agropecuaria+desmatamento_clima+mobilidade+mortalidade	5544	
4	agropecuaria+desmatamento_clima+mobilidade+politica	5544	
4	agropecuaria+desmatamento_clima+mobilidade+saneamento_agua	5544	
4	agropecuaria+desmatamento_clima+mobilidade+saude_producao	5544	
4	agropecuaria+desmatamento_clima+mobilidade+trabalho_empresa	5544	
4	agropecuaria+desmatamento_clima+mobilidade+transferencia_renda	5544	
4	agropecuaria+educacao+fiscal_municipal+mobilidade	5544	
4	agropecuaria+educacao+fundiario+mobilidade	5544	
4	agropecuaria+educacao+mobilidade+mortalidade	5544	
4	agropecuaria+educacao+mobilidade+politica	5544	
4	agropecuaria+educacao+mobilidade+saneamento_agua	5544	
4	agropecuaria+educacao+mobilidade+saude_producao	5544	
4	agropecuaria+educacao+mobilidade+trabalho_empresa	5544	
4	agropecuaria+educacao+mobilidade+transferencia_renda	5544	
4	agropecuaria+fiscal_municipal+fundiario+mobilidade	5544	
4	agropecuaria+fiscal_municipal+mobilidade+mortalidade	5544	
4	agropecuaria+fiscal_municipal+mobilidade+politica	5544	
4	agropecuaria+fiscal_municipal+mobilidade+saneamento_agua	5544	
4	agropecuaria+fiscal_municipal+mobilidade+saude_producao	5544	
4	agropecuaria+fiscal_municipal+mobilidade+trabalho_empresa	5544	
4	agropecuaria+fiscal_municipal+mobilidade+transferencia_renda	5544	
4	agropecuaria+fundiario+mobilidade+mortalidade	5544	
4	agropecuaria+fundiario+mobilidade+politica	5544	
4	agropecuaria+fundiario+mobilidade+saneamento_agua	5544	
4	agropecuaria+fundiario+mobilidade+saude_producao	5544	
4	agropecuaria+fundiario+mobilidade+trabalho_empresa	5544	
4	agropecuaria+fundiario+mobilidade+transferencia_renda	5544	
4	agropecuaria+mobilidade+mortalidade+politica	5544	
4	agropecuaria+mobilidade+mortalidade+saneamento_agua	5544	
4	agropecuaria+mobilidade+mortalidade+saude_producao	5544	
4	agropecuaria+mobilidade+mortalidade+trabalho_empresa	5544	
4	agropecuaria+mobilidade+mortalidade+transferencia_renda	5544	
4	agropecuaria+mobilidade+politica+saneamento_agua	5544	
4	agropecuaria+mobilidade+politica+saude_producao	5544	
4	agropecuaria+mobilidade+politica+trabalho_empresa	5544	
4	agropecuaria+mobilidade+politica+transferencia_renda	5544	
4	agropecuaria+mobilidade+saneamento_agua+saude_producao	5544	
4	agropecuaria+mobilidade+saneamento_agua+trabalho_empresa	5544	
4	agropecuaria+mobilidade+saneamento_agua+transferencia_renda	5544	
4	agropecuaria+mobilidade+saude_producao+trabalho_empresa	5544	
4	agropecuaria+mobilidade+saude_producao+transferencia_renda	5544	
4	agropecuaria+mobilidade+trabalho_empresa+transferencia_renda	5544	
4	conectividade+demografia_censo+desmatamento_clima+mobilidade	5544	
4	conectividade+demografia_censo+educacao+mobilidade	5544	
4	conectividade+demografia_censo+fiscal_municipal+mobilidade	5544	
4	conectividade+demografia_censo+fundiario+mobilidade	5544	
4	conectividade+demografia_censo+mobilidade+mortalidade	5544	
4	conectividade+demografia_censo+mobilidade+politica	5544	
4	conectividade+demografia_censo+mobilidade+saneamento_agua	5544	
4	conectividade+demografia_censo+mobilidade+saude_producao	5544	
4	conectividade+demografia_censo+mobilidade+trabalho_empresa	5544	
4	conectividade+demografia_censo+mobilidade+transferencia_renda	5544	
4	conectividade+desmatamento_clima+educacao+mobilidade	5544	
4	conectividade+desmatamento_clima+fiscal_municipal+mobilidade	5544	
4	conectividade+desmatamento_clima+fundiario+mobilidade	5544	
4	conectividade+desmatamento_clima+mobilidade+mortalidade	5544	
4	conectividade+desmatamento_clima+mobilidade+politica	5544	
4	conectividade+desmatamento_clima+mobilidade+saneamento_agua	5544	
4	conectividade+desmatamento_clima+mobilidade+saude_producao	5544	
4	conectividade+desmatamento_clima+mobilidade+trabalho_empresa	5544	
4	conectividade+desmatamento_clima+mobilidade+transferencia_renda	5544	
4	conectividade+educacao+fiscal_municipal+mobilidade	5544	
4	conectividade+educacao+fundiario+mobilidade	5544	
4	conectividade+educacao+mobilidade+mortalidade	5544	
4	conectividade+educacao+mobilidade+politica	5544	
4	conectividade+educacao+mobilidade+saneamento_agua	5544	
4	conectividade+educacao+mobilidade+saude_producao	5544	
4	conectividade+educacao+mobilidade+trabalho_empresa	5544	
4	conectividade+educacao+mobilidade+transferencia_renda	5544	
4	conectividade+fiscal_municipal+fundiario+mobilidade	5544	
4	conectividade+fiscal_municipal+mobilidade+mortalidade	5544	
4	conectividade+fiscal_municipal+mobilidade+politica	5544	
4	conectividade+fiscal_municipal+mobilidade+saneamento_agua	5544	
4	conectividade+fiscal_municipal+mobilidade+saude_producao	5544	
4	conectividade+fiscal_municipal+mobilidade+trabalho_empresa	5544	
4	conectividade+fiscal_municipal+mobilidade+transferencia_renda	5544	
4	conectividade+fundiario+mobilidade+mortalidade	5544	
4	conectividade+fundiario+mobilidade+politica	5544	
4	conectividade+fundiario+mobilidade+saneamento_agua	5544	
4	conectividade+fundiario+mobilidade+saude_producao	5544	
4	conectividade+fundiario+mobilidade+trabalho_empresa	5544	
4	conectividade+fundiario+mobilidade+transferencia_renda	5544	
4	conectividade+mobilidade+mortalidade+politica	5544	
4	conectividade+mobilidade+mortalidade+saneamento_agua	5544	
4	conectividade+mobilidade+mortalidade+saude_producao	5544	
4	conectividade+mobilidade+mortalidade+trabalho_empresa	5544	
4	conectividade+mobilidade+mortalidade+transferencia_renda	5544	
4	conectividade+mobilidade+politica+saneamento_agua	5544	
4	conectividade+mobilidade+politica+saude_producao	5544	
4	conectividade+mobilidade+politica+trabalho_empresa	5544	
4	conectividade+mobilidade+politica+transferencia_renda	5544	
4	conectividade+mobilidade+saneamento_agua+saude_producao	5544	
4	conectividade+mobilidade+saneamento_agua+trabalho_empresa	5544	
4	conectividade+mobilidade+saneamento_agua+transferencia_renda	5544	
4	conectividade+mobilidade+saude_producao+trabalho_empresa	5544	
4	conectividade+mobilidade+saude_producao+transferencia_renda	5544	
4	conectividade+mobilidade+trabalho_empresa+transferencia_renda	5544	
4	demografia_censo+desmatamento_clima+educacao+mobilidade	5544	
4	demografia_censo+desmatamento_clima+fiscal_municipal+mobilidade	5544	
4	demografia_censo+desmatamento_clima+fundiario+mobilidade	5544	
4	demografia_censo+desmatamento_clima+mobilidade+mortalidade	5544	
4	demografia_censo+desmatamento_clima+mobilidade+politica	5544	
4	demografia_censo+desmatamento_clima+mobilidade+saneamento_agua	5544	
4	demografia_censo+desmatamento_clima+mobilidade+saude_producao	5544	
4	demografia_censo+desmatamento_clima+mobilidade+trabalho_empresa	5544	
4	demografia_censo+desmatamento_clima+mobilidade+transferencia_renda	5544	
4	demografia_censo+educacao+fiscal_municipal+mobilidade	5544	
4	demografia_censo+educacao+fundiario+mobilidade	5544	
4	demografia_censo+educacao+mobilidade+mortalidade	5544	
4	demografia_censo+educacao+mobilidade+politica	5544	
4	demografia_censo+educacao+mobilidade+saneamento_agua	5544	
4	demografia_censo+educacao+mobilidade+saude_producao	5544	
4	demografia_censo+educacao+mobilidade+trabalho_empresa	5544	
4	demografia_censo+educacao+mobilidade+transferencia_renda	5544	
4	demografia_censo+fiscal_municipal+fundiario+mobilidade	5544	
4	demografia_censo+fiscal_municipal+mobilidade+mortalidade	5544	
4	demografia_censo+fiscal_municipal+mobilidade+politica	5544	
4	demografia_censo+fiscal_municipal+mobilidade+saneamento_agua	5544	
4	demografia_censo+fiscal_municipal+mobilidade+saude_producao	5544	
4	demografia_censo+fiscal_municipal+mobilidade+trabalho_empresa	5544	
4	demografia_censo+fiscal_municipal+mobilidade+transferencia_renda	5544	
4	demografia_censo+fundiario+mobilidade+mortalidade	5544	
4	demografia_censo+fundiario+mobilidade+politica	5544	
4	demografia_censo+fundiario+mobilidade+saneamento_agua	5544	
4	demografia_censo+fundiario+mobilidade+saude_producao	5544	
4	demografia_censo+fundiario+mobilidade+trabalho_empresa	5544	
4	demografia_censo+fundiario+mobilidade+transferencia_renda	5544	
4	demografia_censo+mobilidade+mortalidade+politica	5544	
4	demografia_censo+mobilidade+mortalidade+saneamento_agua	5544	
4	demografia_censo+mobilidade+mortalidade+saude_producao	5544	
4	demografia_censo+mobilidade+mortalidade+trabalho_empresa	5544	
4	demografia_censo+mobilidade+mortalidade+transferencia_renda	5544	
4	demografia_censo+mobilidade+politica+saneamento_agua	5544	
4	demografia_censo+mobilidade+politica+saude_producao	5544	
4	demografia_censo+mobilidade+politica+trabalho_empresa	5544	
4	demografia_censo+mobilidade+politica+transferencia_renda	5544	
4	demografia_censo+mobilidade+saneamento_agua+saude_producao	5544	
4	demografia_censo+mobilidade+saneamento_agua+trabalho_empresa	5544	
4	demografia_censo+mobilidade+saneamento_agua+transferencia_renda	5544	
4	demografia_censo+mobilidade+saude_producao+trabalho_empresa	5544	
4	demografia_censo+mobilidade+saude_producao+transferencia_renda	5544	
4	demografia_censo+mobilidade+trabalho_empresa+transferencia_renda	5544	
4	desmatamento_clima+educacao+fiscal_municipal+mobilidade	5544	
4	desmatamento_clima+educacao+fundiario+mobilidade	5544	
4	desmatamento_clima+educacao+mobilidade+mortalidade	5544	
4	desmatamento_clima+educacao+mobilidade+politica	5544	
4	desmatamento_clima+educacao+mobilidade+saneamento_agua	5544	
4	desmatamento_clima+educacao+mobilidade+saude_producao	5544	
4	desmatamento_clima+educacao+mobilidade+trabalho_empresa	5544	
4	desmatamento_clima+educacao+mobilidade+transferencia_renda	5544	
4	desmatamento_clima+fiscal_municipal+fundiario+mobilidade	5544	
4	desmatamento_clima+fiscal_municipal+mobilidade+mortalidade	5544	
4	desmatamento_clima+fiscal_municipal+mobilidade+politica	5544	
4	desmatamento_clima+fiscal_municipal+mobilidade+saneamento_agua	5544	
4	desmatamento_clima+fiscal_municipal+mobilidade+saude_producao	5544	
4	desmatamento_clima+fiscal_municipal+mobilidade+trabalho_empresa	5544	
4	desmatamento_clima+fiscal_municipal+mobilidade+transferencia_renda	5544	
4	desmatamento_clima+fundiario+mobilidade+mortalidade	5544	
4	desmatamento_clima+fundiario+mobilidade+politica	5544	
4	desmatamento_clima+fundiario+mobilidade+saneamento_agua	5544	
4	desmatamento_clima+fundiario+mobilidade+saude_producao	5544	
4	desmatamento_clima+fundiario+mobilidade+trabalho_empresa	5544	
4	desmatamento_clima+fundiario+mobilidade+transferencia_renda	5544	
4	desmatamento_clima+mobilidade+mortalidade+politica	5544	
4	desmatamento_clima+mobilidade+mortalidade+saneamento_agua	5544	
4	desmatamento_clima+mobilidade+mortalidade+saude_producao	5544	
4	desmatamento_clima+mobilidade+mortalidade+trabalho_empresa	5544	
4	desmatamento_clima+mobilidade+mortalidade+transferencia_renda	5544	
4	desmatamento_clima+mobilidade+politica+saneamento_agua	5544	
4	desmatamento_clima+mobilidade+politica+saude_producao	5544	
4	desmatamento_clima+mobilidade+politica+trabalho_empresa	5544	
4	desmatamento_clima+mobilidade+politica+transferencia_renda	5544	
4	desmatamento_clima+mobilidade+saneamento_agua+saude_producao	5544	
4	desmatamento_clima+mobilidade+saneamento_agua+trabalho_empresa	5544	
4	desmatamento_clima+mobilidade+saneamento_agua+transferencia_renda	5544	
4	desmatamento_clima+mobilidade+saude_producao+trabalho_empresa	5544	
4	desmatamento_clima+mobilidade+saude_producao+transferencia_renda	5544	
4	desmatamento_clima+mobilidade+trabalho_empresa+transferencia_renda	5544	
4	educacao+fiscal_municipal+fundiario+mobilidade	5544	
4	educacao+fiscal_municipal+mobilidade+mortalidade	5544	
4	educacao+fiscal_municipal+mobilidade+politica	5544	
4	educacao+fiscal_municipal+mobilidade+saneamento_agua	5544	
4	educacao+fiscal_municipal+mobilidade+saude_producao	5544	
4	educacao+fiscal_municipal+mobilidade+trabalho_empresa	5544	
4	educacao+fiscal_municipal+mobilidade+transferencia_renda	5544	
4	educacao+fundiario+mobilidade+mortalidade	5544	
4	educacao+fundiario+mobilidade+politica	5544	
4	educacao+fundiario+mobilidade+saneamento_agua	5544	
4	educacao+fundiario+mobilidade+saude_producao	5544	
4	educacao+fundiario+mobilidade+trabalho_empresa	5544	
4	educacao+fundiario+mobilidade+transferencia_renda	5544	
4	educacao+mobilidade+mortalidade+politica	5544	
4	educacao+mobilidade+mortalidade+saneamento_agua	5544	
4	educacao+mobilidade+mortalidade+saude_producao	5544	
4	educacao+mobilidade+mortalidade+trabalho_empresa	5544	
4	educacao+mobilidade+mortalidade+transferencia_renda	5544	
4	educacao+mobilidade+politica+saneamento_agua	5544	
4	educacao+mobilidade+politica+saude_producao	5544	
4	educacao+mobilidade+politica+trabalho_empresa	5544	
4	educacao+mobilidade+politica+transferencia_renda	5544	
4	educacao+mobilidade+saneamento_agua+saude_producao	5544	
4	educacao+mobilidade+saneamento_agua+trabalho_empresa	5544	
4	educacao+mobilidade+saneamento_agua+transferencia_renda	5544	
4	educacao+mobilidade+saude_producao+trabalho_empresa	5544	
4	educacao+mobilidade+saude_producao+transferencia_renda	5544	
4	educacao+mobilidade+trabalho_empresa+transferencia_renda	5544	
4	fiscal_municipal+fundiario+mobilidade+mortalidade	5544	
4	fiscal_municipal+fundiario+mobilidade+politica	5544	
4	fiscal_municipal+fundiario+mobilidade+saneamento_agua	5544	
4	fiscal_municipal+fundiario+mobilidade+saude_producao	5544	
4	fiscal_municipal+fundiario+mobilidade+trabalho_empresa	5544	
4	fiscal_municipal+fundiario+mobilidade+transferencia_renda	5544	
4	fiscal_municipal+mobilidade+mortalidade+politica	5544	
4	fiscal_municipal+mobilidade+mortalidade+saneamento_agua	5544	
4	fiscal_municipal+mobilidade+mortalidade+saude_producao	5544	
4	fiscal_municipal+mobilidade+mortalidade+trabalho_empresa	5544	
4	fiscal_municipal+mobilidade+mortalidade+transferencia_renda	5544	
4	fiscal_municipal+mobilidade+politica+saneamento_agua	5544	
4	fiscal_municipal+mobilidade+politica+saude_producao	5544	
4	fiscal_municipal+mobilidade+politica+trabalho_empresa	5544	
4	fiscal_municipal+mobilidade+politica+transferencia_renda	5544	
4	fiscal_municipal+mobilidade+saneamento_agua+saude_producao	5544	
4	fiscal_municipal+mobilidade+saneamento_agua+trabalho_empresa	5544	
4	fiscal_municipal+mobilidade+saneamento_agua+transferencia_renda	5544	
4	fiscal_municipal+mobilidade+saude_producao+trabalho_empresa	5544	
4	fiscal_municipal+mobilidade+saude_producao+transferencia_renda	5544	
4	fiscal_municipal+mobilidade+trabalho_empresa+transferencia_renda	5544	
4	fundiario+mobilidade+mortalidade+politica	5544	
4	fundiario+mobilidade+mortalidade+saneamento_agua	5544	
4	fundiario+mobilidade+mortalidade+saude_producao	5544	
4	fundiario+mobilidade+mortalidade+trabalho_empresa	5544	
4	fundiario+mobilidade+mortalidade+transferencia_renda	5544	
4	fundiario+mobilidade+politica+saneamento_agua	5544	
4	fundiario+mobilidade+politica+saude_producao	5544	
4	fundiario+mobilidade+politica+trabalho_empresa	5544	
4	fundiario+mobilidade+politica+transferencia_renda	5544	
4	fundiario+mobilidade+saneamento_agua+saude_producao	5544	
4	fundiario+mobilidade+saneamento_agua+trabalho_empresa	5544	
4	fundiario+mobilidade+saneamento_agua+transferencia_renda	5544	
4	fundiario+mobilidade+saude_producao+trabalho_empresa	5544	
4	fundiario+mobilidade+saude_producao+transferencia_renda	5544	
4	fundiario+mobilidade+trabalho_empresa+transferencia_renda	5544	
4	mobilidade+mortalidade+politica+saneamento_agua	5544	
4	mobilidade+mortalidade+politica+saude_producao	5544	
4	mobilidade+mortalidade+politica+trabalho_empresa	5544	
4	mobilidade+mortalidade+politica+transferencia_renda	5544	
4	mobilidade+mortalidade+saneamento_agua+saude_producao	5544	
4	mobilidade+mortalidade+saneamento_agua+trabalho_empresa	5544	
4	mobilidade+mortalidade+saneamento_agua+transferencia_renda	5544	
4	mobilidade+mortalidade+saude_producao+trabalho_empresa	5544	
4	mobilidade+mortalidade+saude_producao+transferencia_renda	5544	
4	mobilidade+mortalidade+trabalho_empresa+transferencia_renda	5544	
4	mobilidade+politica+saneamento_agua+saude_producao	5544	
4	mobilidade+politica+saneamento_agua+trabalho_empresa	5544	
4	mobilidade+politica+saneamento_agua+transferencia_renda	5544	
4	mobilidade+politica+saude_producao+trabalho_empresa	5544	
4	mobilidade+politica+saude_producao+transferencia_renda	5544	
4	mobilidade+politica+trabalho_empresa+transferencia_renda	5544	
4	mobilidade+saneamento_agua+saude_producao+trabalho_empresa	5544	
4	mobilidade+saneamento_agua+saude_producao+transferencia_renda	5544	
4	mobilidade+saneamento_agua+trabalho_empresa+transferencia_renda	5544	
4	mobilidade+saude_producao+trabalho_empresa+transferencia_renda	5544	
4	agropecuaria+conectividade+credito_financeiro+demografia_censo	5522	
4	agropecuaria+conectividade+credito_financeiro+desmatamento_clima	5522	
4	agropecuaria+conectividade+credito_financeiro+educacao	5522	
4	agropecuaria+conectividade+credito_financeiro+fiscal_municipal	5522	
4	agropecuaria+conectividade+credito_financeiro+fundiario	5522	
4	agropecuaria+conectividade+credito_financeiro+mobilidade	5522	
4	agropecuaria+conectividade+credito_financeiro+mortalidade	5522	
4	agropecuaria+conectividade+credito_financeiro+politica	5522	
4	agropecuaria+conectividade+credito_financeiro+saneamento_agua	5522	
4	agropecuaria+conectividade+credito_financeiro+saude_producao	5522	
4	agropecuaria+conectividade+credito_financeiro+trabalho_empresa	5522	
4	agropecuaria+conectividade+credito_financeiro+transferencia_renda	5522	
4	agropecuaria+credito_financeiro+demografia_censo+desmatamento_clima	5522	
4	agropecuaria+credito_financeiro+demografia_censo+educacao	5522	
4	agropecuaria+credito_financeiro+demografia_censo+fiscal_municipal	5522	
4	agropecuaria+credito_financeiro+demografia_censo+fundiario	5522	
4	agropecuaria+credito_financeiro+demografia_censo+mobilidade	5522	
4	agropecuaria+credito_financeiro+demografia_censo+mortalidade	5522	
4	agropecuaria+credito_financeiro+demografia_censo+politica	5522	
4	agropecuaria+credito_financeiro+demografia_censo+saneamento_agua	5522	
4	agropecuaria+credito_financeiro+demografia_censo+saude_producao	5522	
4	agropecuaria+credito_financeiro+demografia_censo+trabalho_empresa	5522	
4	agropecuaria+credito_financeiro+demografia_censo+transferencia_renda	5522	
4	agropecuaria+credito_financeiro+desmatamento_clima+educacao	5522	
4	agropecuaria+credito_financeiro+desmatamento_clima+fiscal_municipal	5522	
4	agropecuaria+credito_financeiro+desmatamento_clima+fundiario	5522	
4	agropecuaria+credito_financeiro+desmatamento_clima+mobilidade	5522	
4	agropecuaria+credito_financeiro+desmatamento_clima+mortalidade	5522	
4	agropecuaria+credito_financeiro+desmatamento_clima+politica	5522	
4	agropecuaria+credito_financeiro+desmatamento_clima+saneamento_agua	5522	
4	agropecuaria+credito_financeiro+desmatamento_clima+saude_producao	5522	
4	agropecuaria+credito_financeiro+desmatamento_clima+trabalho_empresa	5522	
4	agropecuaria+credito_financeiro+desmatamento_clima+transferencia_renda	5522	
4	agropecuaria+credito_financeiro+educacao+fiscal_municipal	5522	
4	agropecuaria+credito_financeiro+educacao+fundiario	5522	
4	agropecuaria+credito_financeiro+educacao+mobilidade	5522	
4	agropecuaria+credito_financeiro+educacao+mortalidade	5522	
4	agropecuaria+credito_financeiro+educacao+politica	5522	
4	agropecuaria+credito_financeiro+educacao+saneamento_agua	5522	
4	agropecuaria+credito_financeiro+educacao+saude_producao	5522	
4	agropecuaria+credito_financeiro+educacao+trabalho_empresa	5522	
4	agropecuaria+credito_financeiro+educacao+transferencia_renda	5522	
4	agropecuaria+credito_financeiro+fiscal_municipal+fundiario	5522	
4	agropecuaria+credito_financeiro+fiscal_municipal+mobilidade	5522	
4	agropecuaria+credito_financeiro+fiscal_municipal+mortalidade	5522	
4	agropecuaria+credito_financeiro+fiscal_municipal+politica	5522	
4	agropecuaria+credito_financeiro+fiscal_municipal+saneamento_agua	5522	
4	agropecuaria+credito_financeiro+fiscal_municipal+saude_producao	5522	
4	agropecuaria+credito_financeiro+fiscal_municipal+trabalho_empresa	5522	
4	agropecuaria+credito_financeiro+fiscal_municipal+transferencia_renda	5522	
4	agropecuaria+credito_financeiro+fundiario+mobilidade	5522	
4	agropecuaria+credito_financeiro+fundiario+mortalidade	5522	
4	agropecuaria+credito_financeiro+fundiario+politica	5522	
4	agropecuaria+credito_financeiro+fundiario+saneamento_agua	5522	
4	agropecuaria+credito_financeiro+fundiario+saude_producao	5522	
4	agropecuaria+credito_financeiro+fundiario+trabalho_empresa	5522	
4	agropecuaria+credito_financeiro+fundiario+transferencia_renda	5522	
4	agropecuaria+credito_financeiro+mobilidade+mortalidade	5522	
4	agropecuaria+credito_financeiro+mobilidade+politica	5522	
4	agropecuaria+credito_financeiro+mobilidade+saneamento_agua	5522	
4	agropecuaria+credito_financeiro+mobilidade+saude_producao	5522	
4	agropecuaria+credito_financeiro+mobilidade+trabalho_empresa	5522	
4	agropecuaria+credito_financeiro+mobilidade+transferencia_renda	5522	
4	agropecuaria+credito_financeiro+mortalidade+politica	5522	
4	agropecuaria+credito_financeiro+mortalidade+saneamento_agua	5522	
4	agropecuaria+credito_financeiro+mortalidade+saude_producao	5522	
4	agropecuaria+credito_financeiro+mortalidade+trabalho_empresa	5522	
4	agropecuaria+credito_financeiro+mortalidade+transferencia_renda	5522	
4	agropecuaria+credito_financeiro+politica+saneamento_agua	5522	
4	agropecuaria+credito_financeiro+politica+saude_producao	5522	
4	agropecuaria+credito_financeiro+politica+trabalho_empresa	5522	
4	agropecuaria+credito_financeiro+politica+transferencia_renda	5522	
4	agropecuaria+credito_financeiro+saneamento_agua+saude_producao	5522	
4	agropecuaria+credito_financeiro+saneamento_agua+trabalho_empresa	5522	
4	agropecuaria+credito_financeiro+saneamento_agua+transferencia_renda	5522	
4	agropecuaria+credito_financeiro+saude_producao+trabalho_empresa	5522	
4	agropecuaria+credito_financeiro+saude_producao+transferencia_renda	5522	
4	agropecuaria+credito_financeiro+trabalho_empresa+transferencia_renda	5522	
4	conectividade+credito_financeiro+demografia_censo+desmatamento_clima	5522	
4	conectividade+credito_financeiro+demografia_censo+educacao	5522	
4	conectividade+credito_financeiro+demografia_censo+fiscal_municipal	5522	
4	conectividade+credito_financeiro+demografia_censo+fundiario	5522	
4	conectividade+credito_financeiro+demografia_censo+mobilidade	5522	
4	conectividade+credito_financeiro+demografia_censo+mortalidade	5522	
4	conectividade+credito_financeiro+demografia_censo+politica	5522	
4	conectividade+credito_financeiro+demografia_censo+saneamento_agua	5522	
4	conectividade+credito_financeiro+demografia_censo+saude_producao	5522	
4	conectividade+credito_financeiro+demografia_censo+trabalho_empresa	5522	
4	conectividade+credito_financeiro+demografia_censo+transferencia_renda	5522	
4	conectividade+credito_financeiro+desmatamento_clima+educacao	5522	
4	conectividade+credito_financeiro+desmatamento_clima+fiscal_municipal	5522	
4	conectividade+credito_financeiro+desmatamento_clima+fundiario	5522	
4	conectividade+credito_financeiro+desmatamento_clima+mobilidade	5522	
4	conectividade+credito_financeiro+desmatamento_clima+mortalidade	5522	
4	conectividade+credito_financeiro+desmatamento_clima+politica	5522	
4	conectividade+credito_financeiro+desmatamento_clima+saneamento_agua	5522	
4	conectividade+credito_financeiro+desmatamento_clima+saude_producao	5522	
4	conectividade+credito_financeiro+desmatamento_clima+trabalho_empresa	5522	
4	conectividade+credito_financeiro+desmatamento_clima+transferencia_renda	5522	
4	conectividade+credito_financeiro+educacao+fiscal_municipal	5522	
4	conectividade+credito_financeiro+educacao+fundiario	5522	
4	conectividade+credito_financeiro+educacao+mobilidade	5522	
4	conectividade+credito_financeiro+educacao+mortalidade	5522	
4	conectividade+credito_financeiro+educacao+politica	5522	
4	conectividade+credito_financeiro+educacao+saneamento_agua	5522	
4	conectividade+credito_financeiro+educacao+saude_producao	5522	
4	conectividade+credito_financeiro+educacao+trabalho_empresa	5522	
4	conectividade+credito_financeiro+educacao+transferencia_renda	5522	
4	conectividade+credito_financeiro+fiscal_municipal+fundiario	5522	
4	conectividade+credito_financeiro+fiscal_municipal+mobilidade	5522	
4	conectividade+credito_financeiro+fiscal_municipal+mortalidade	5522	
4	conectividade+credito_financeiro+fiscal_municipal+politica	5522	
4	conectividade+credito_financeiro+fiscal_municipal+saneamento_agua	5522	
4	conectividade+credito_financeiro+fiscal_municipal+saude_producao	5522	
4	conectividade+credito_financeiro+fiscal_municipal+trabalho_empresa	5522	
4	conectividade+credito_financeiro+fiscal_municipal+transferencia_renda	5522	
4	conectividade+credito_financeiro+fundiario+mobilidade	5522	
4	conectividade+credito_financeiro+fundiario+mortalidade	5522	
4	conectividade+credito_financeiro+fundiario+politica	5522	
4	conectividade+credito_financeiro+fundiario+saneamento_agua	5522	
4	conectividade+credito_financeiro+fundiario+saude_producao	5522	
4	conectividade+credito_financeiro+fundiario+trabalho_empresa	5522	
4	conectividade+credito_financeiro+fundiario+transferencia_renda	5522	
4	conectividade+credito_financeiro+mobilidade+mortalidade	5522	
4	conectividade+credito_financeiro+mobilidade+politica	5522	
4	conectividade+credito_financeiro+mobilidade+saneamento_agua	5522	
4	conectividade+credito_financeiro+mobilidade+saude_producao	5522	
4	conectividade+credito_financeiro+mobilidade+trabalho_empresa	5522	
4	conectividade+credito_financeiro+mobilidade+transferencia_renda	5522	
4	conectividade+credito_financeiro+mortalidade+politica	5522	
4	conectividade+credito_financeiro+mortalidade+saneamento_agua	5522	
4	conectividade+credito_financeiro+mortalidade+saude_producao	5522	
4	conectividade+credito_financeiro+mortalidade+trabalho_empresa	5522	
4	conectividade+credito_financeiro+mortalidade+transferencia_renda	5522	
4	conectividade+credito_financeiro+politica+saneamento_agua	5522	
4	conectividade+credito_financeiro+politica+saude_producao	5522	
4	conectividade+credito_financeiro+politica+trabalho_empresa	5522	
4	conectividade+credito_financeiro+politica+transferencia_renda	5522	
4	conectividade+credito_financeiro+saneamento_agua+saude_producao	5522	
4	conectividade+credito_financeiro+saneamento_agua+trabalho_empresa	5522	
4	conectividade+credito_financeiro+saneamento_agua+transferencia_renda	5522	
4	conectividade+credito_financeiro+saude_producao+trabalho_empresa	5522	
4	conectividade+credito_financeiro+saude_producao+transferencia_renda	5522	
4	conectividade+credito_financeiro+trabalho_empresa+transferencia_renda	5522	
4	credito_financeiro+demografia_censo+desmatamento_clima+educacao	5522	
4	credito_financeiro+demografia_censo+desmatamento_clima+fiscal_municipal	5522	
4	credito_financeiro+demografia_censo+desmatamento_clima+fundiario	5522	H?
4	credito_financeiro+demografia_censo+desmatamento_clima+mobilidade	5522	
4	credito_financeiro+demografia_censo+desmatamento_clima+mortalidade	5522	
4	credito_financeiro+demografia_censo+desmatamento_clima+politica	5522	
4	credito_financeiro+demografia_censo+desmatamento_clima+saneamento_agua	5522	
4	credito_financeiro+demografia_censo+desmatamento_clima+saude_producao	5522	H?
4	credito_financeiro+demografia_censo+desmatamento_clima+trabalho_empresa	5522	
4	credito_financeiro+demografia_censo+desmatamento_clima+transferencia_renda	5522	
4	credito_financeiro+demografia_censo+educacao+fiscal_municipal	5522	
4	credito_financeiro+demografia_censo+educacao+fundiario	5522	
4	credito_financeiro+demografia_censo+educacao+mobilidade	5522	
4	credito_financeiro+demografia_censo+educacao+mortalidade	5522	
4	credito_financeiro+demografia_censo+educacao+politica	5522	
4	credito_financeiro+demografia_censo+educacao+saneamento_agua	5522	
4	credito_financeiro+demografia_censo+educacao+saude_producao	5522	
4	credito_financeiro+demografia_censo+educacao+trabalho_empresa	5522	
4	credito_financeiro+demografia_censo+educacao+transferencia_renda	5522	
4	credito_financeiro+demografia_censo+fiscal_municipal+fundiario	5522	
4	credito_financeiro+demografia_censo+fiscal_municipal+mobilidade	5522	
4	credito_financeiro+demografia_censo+fiscal_municipal+mortalidade	5522	
4	credito_financeiro+demografia_censo+fiscal_municipal+politica	5522	
4	credito_financeiro+demografia_censo+fiscal_municipal+saneamento_agua	5522	
4	credito_financeiro+demografia_censo+fiscal_municipal+saude_producao	5522	
4	credito_financeiro+demografia_censo+fiscal_municipal+trabalho_empresa	5522	
4	credito_financeiro+demografia_censo+fiscal_municipal+transferencia_renda	5522	
4	credito_financeiro+demografia_censo+fundiario+mobilidade	5522	
4	credito_financeiro+demografia_censo+fundiario+mortalidade	5522	
4	credito_financeiro+demografia_censo+fundiario+politica	5522	
4	credito_financeiro+demografia_censo+fundiario+saneamento_agua	5522	
4	credito_financeiro+demografia_censo+fundiario+saude_producao	5522	H?
4	credito_financeiro+demografia_censo+fundiario+trabalho_empresa	5522	
4	credito_financeiro+demografia_censo+fundiario+transferencia_renda	5522	
4	credito_financeiro+demografia_censo+mobilidade+mortalidade	5522	
4	credito_financeiro+demografia_censo+mobilidade+politica	5522	
4	credito_financeiro+demografia_censo+mobilidade+saneamento_agua	5522	
4	credito_financeiro+demografia_censo+mobilidade+saude_producao	5522	
4	credito_financeiro+demografia_censo+mobilidade+trabalho_empresa	5522	
4	credito_financeiro+demografia_censo+mobilidade+transferencia_renda	5522	
4	credito_financeiro+demografia_censo+mortalidade+politica	5522	
4	credito_financeiro+demografia_censo+mortalidade+saneamento_agua	5522	
4	credito_financeiro+demografia_censo+mortalidade+saude_producao	5522	
4	credito_financeiro+demografia_censo+mortalidade+trabalho_empresa	5522	
4	credito_financeiro+demografia_censo+mortalidade+transferencia_renda	5522	
4	credito_financeiro+demografia_censo+politica+saneamento_agua	5522	
4	credito_financeiro+demografia_censo+politica+saude_producao	5522	
4	credito_financeiro+demografia_censo+politica+trabalho_empresa	5522	
4	credito_financeiro+demografia_censo+politica+transferencia_renda	5522	
4	credito_financeiro+demografia_censo+saneamento_agua+saude_producao	5522	
4	credito_financeiro+demografia_censo+saneamento_agua+trabalho_empresa	5522	
4	credito_financeiro+demografia_censo+saneamento_agua+transferencia_renda	5522	
4	credito_financeiro+demografia_censo+saude_producao+trabalho_empresa	5522	
4	credito_financeiro+demografia_censo+saude_producao+transferencia_renda	5522	
4	credito_financeiro+demografia_censo+trabalho_empresa+transferencia_renda	5522	
4	credito_financeiro+desmatamento_clima+educacao+fiscal_municipal	5522	
4	credito_financeiro+desmatamento_clima+educacao+fundiario	5522	
4	credito_financeiro+desmatamento_clima+educacao+mobilidade	5522	
4	credito_financeiro+desmatamento_clima+educacao+mortalidade	5522	
4	credito_financeiro+desmatamento_clima+educacao+politica	5522	
4	credito_financeiro+desmatamento_clima+educacao+saneamento_agua	5522	
4	credito_financeiro+desmatamento_clima+educacao+saude_producao	5522	
4	credito_financeiro+desmatamento_clima+educacao+trabalho_empresa	5522	
4	credito_financeiro+desmatamento_clima+educacao+transferencia_renda	5522	
4	credito_financeiro+desmatamento_clima+fiscal_municipal+fundiario	5522	
4	credito_financeiro+desmatamento_clima+fiscal_municipal+mobilidade	5522	
4	credito_financeiro+desmatamento_clima+fiscal_municipal+mortalidade	5522	
4	credito_financeiro+desmatamento_clima+fiscal_municipal+politica	5522	
4	credito_financeiro+desmatamento_clima+fiscal_municipal+saneamento_agua	5522	
4	credito_financeiro+desmatamento_clima+fiscal_municipal+saude_producao	5522	
4	credito_financeiro+desmatamento_clima+fiscal_municipal+trabalho_empresa	5522	
4	credito_financeiro+desmatamento_clima+fiscal_municipal+transferencia_renda	5522	
4	credito_financeiro+desmatamento_clima+fundiario+mobilidade	5522	
4	credito_financeiro+desmatamento_clima+fundiario+mortalidade	5522	
4	credito_financeiro+desmatamento_clima+fundiario+politica	5522	
4	credito_financeiro+desmatamento_clima+fundiario+saneamento_agua	5522	
4	credito_financeiro+desmatamento_clima+fundiario+saude_producao	5522	H?
4	credito_financeiro+desmatamento_clima+fundiario+trabalho_empresa	5522	
4	credito_financeiro+desmatamento_clima+fundiario+transferencia_renda	5522	
4	credito_financeiro+desmatamento_clima+mobilidade+mortalidade	5522	
4	credito_financeiro+desmatamento_clima+mobilidade+politica	5522	
4	credito_financeiro+desmatamento_clima+mobilidade+saneamento_agua	5522	
4	credito_financeiro+desmatamento_clima+mobilidade+saude_producao	5522	
4	credito_financeiro+desmatamento_clima+mobilidade+trabalho_empresa	5522	
4	credito_financeiro+desmatamento_clima+mobilidade+transferencia_renda	5522	
4	credito_financeiro+desmatamento_clima+mortalidade+politica	5522	
4	credito_financeiro+desmatamento_clima+mortalidade+saneamento_agua	5522	
4	credito_financeiro+desmatamento_clima+mortalidade+saude_producao	5522	
4	credito_financeiro+desmatamento_clima+mortalidade+trabalho_empresa	5522	
4	credito_financeiro+desmatamento_clima+mortalidade+transferencia_renda	5522	
4	credito_financeiro+desmatamento_clima+politica+saneamento_agua	5522	
4	credito_financeiro+desmatamento_clima+politica+saude_producao	5522	
4	credito_financeiro+desmatamento_clima+politica+trabalho_empresa	5522	
4	credito_financeiro+desmatamento_clima+politica+transferencia_renda	5522	
4	credito_financeiro+desmatamento_clima+saneamento_agua+saude_producao	5522	
4	credito_financeiro+desmatamento_clima+saneamento_agua+trabalho_empresa	5522	
4	credito_financeiro+desmatamento_clima+saneamento_agua+transferencia_renda	5522	
4	credito_financeiro+desmatamento_clima+saude_producao+trabalho_empresa	5522	
4	credito_financeiro+desmatamento_clima+saude_producao+transferencia_renda	5522	
4	credito_financeiro+desmatamento_clima+trabalho_empresa+transferencia_renda	5522	
4	credito_financeiro+educacao+fiscal_municipal+fundiario	5522	
4	credito_financeiro+educacao+fiscal_municipal+mobilidade	5522	
4	credito_financeiro+educacao+fiscal_municipal+mortalidade	5522	
4	credito_financeiro+educacao+fiscal_municipal+politica	5522	
4	credito_financeiro+educacao+fiscal_municipal+saneamento_agua	5522	
4	credito_financeiro+educacao+fiscal_municipal+saude_producao	5522	
4	credito_financeiro+educacao+fiscal_municipal+trabalho_empresa	5522	
4	credito_financeiro+educacao+fiscal_municipal+transferencia_renda	5522	
4	credito_financeiro+educacao+fundiario+mobilidade	5522	
4	credito_financeiro+educacao+fundiario+mortalidade	5522	
4	credito_financeiro+educacao+fundiario+politica	5522	
4	credito_financeiro+educacao+fundiario+saneamento_agua	5522	
4	credito_financeiro+educacao+fundiario+saude_producao	5522	
4	credito_financeiro+educacao+fundiario+trabalho_empresa	5522	
4	credito_financeiro+educacao+fundiario+transferencia_renda	5522	
4	credito_financeiro+educacao+mobilidade+mortalidade	5522	
4	credito_financeiro+educacao+mobilidade+politica	5522	
4	credito_financeiro+educacao+mobilidade+saneamento_agua	5522	
4	credito_financeiro+educacao+mobilidade+saude_producao	5522	
4	credito_financeiro+educacao+mobilidade+trabalho_empresa	5522	
4	credito_financeiro+educacao+mobilidade+transferencia_renda	5522	
4	credito_financeiro+educacao+mortalidade+politica	5522	
4	credito_financeiro+educacao+mortalidade+saneamento_agua	5522	
4	credito_financeiro+educacao+mortalidade+saude_producao	5522	
4	credito_financeiro+educacao+mortalidade+trabalho_empresa	5522	
4	credito_financeiro+educacao+mortalidade+transferencia_renda	5522	
4	credito_financeiro+educacao+politica+saneamento_agua	5522	
4	credito_financeiro+educacao+politica+saude_producao	5522	
4	credito_financeiro+educacao+politica+trabalho_empresa	5522	
4	credito_financeiro+educacao+politica+transferencia_renda	5522	
4	credito_financeiro+educacao+saneamento_agua+saude_producao	5522	
4	credito_financeiro+educacao+saneamento_agua+trabalho_empresa	5522	
4	credito_financeiro+educacao+saneamento_agua+transferencia_renda	5522	
4	credito_financeiro+educacao+saude_producao+trabalho_empresa	5522	
4	credito_financeiro+educacao+saude_producao+transferencia_renda	5522	
4	credito_financeiro+educacao+trabalho_empresa+transferencia_renda	5522	AE2
4	credito_financeiro+fiscal_municipal+fundiario+mobilidade	5522	
4	credito_financeiro+fiscal_municipal+fundiario+mortalidade	5522	
4	credito_financeiro+fiscal_municipal+fundiario+politica	5522	
4	credito_financeiro+fiscal_municipal+fundiario+saneamento_agua	5522	
4	credito_financeiro+fiscal_municipal+fundiario+saude_producao	5522	
4	credito_financeiro+fiscal_municipal+fundiario+trabalho_empresa	5522	
4	credito_financeiro+fiscal_municipal+fundiario+transferencia_renda	5522	
4	credito_financeiro+fiscal_municipal+mobilidade+mortalidade	5522	
4	credito_financeiro+fiscal_municipal+mobilidade+politica	5522	
4	credito_financeiro+fiscal_municipal+mobilidade+saneamento_agua	5522	
4	credito_financeiro+fiscal_municipal+mobilidade+saude_producao	5522	
4	credito_financeiro+fiscal_municipal+mobilidade+trabalho_empresa	5522	
4	credito_financeiro+fiscal_municipal+mobilidade+transferencia_renda	5522	
4	credito_financeiro+fiscal_municipal+mortalidade+politica	5522	
4	credito_financeiro+fiscal_municipal+mortalidade+saneamento_agua	5522	
4	credito_financeiro+fiscal_municipal+mortalidade+saude_producao	5522	
4	credito_financeiro+fiscal_municipal+mortalidade+trabalho_empresa	5522	
4	credito_financeiro+fiscal_municipal+mortalidade+transferencia_renda	5522	
4	credito_financeiro+fiscal_municipal+politica+saneamento_agua	5522	
4	credito_financeiro+fiscal_municipal+politica+saude_producao	5522	
4	credito_financeiro+fiscal_municipal+politica+trabalho_empresa	5522	
4	credito_financeiro+fiscal_municipal+politica+transferencia_renda	5522	
4	credito_financeiro+fiscal_municipal+saneamento_agua+saude_producao	5522	
4	credito_financeiro+fiscal_municipal+saneamento_agua+trabalho_empresa	5522	
4	credito_financeiro+fiscal_municipal+saneamento_agua+transferencia_renda	5522	
4	credito_financeiro+fiscal_municipal+saude_producao+trabalho_empresa	5522	
4	credito_financeiro+fiscal_municipal+saude_producao+transferencia_renda	5522	
4	credito_financeiro+fiscal_municipal+trabalho_empresa+transferencia_renda	5522	
4	credito_financeiro+fundiario+mobilidade+mortalidade	5522	
4	credito_financeiro+fundiario+mobilidade+politica	5522	
4	credito_financeiro+fundiario+mobilidade+saneamento_agua	5522	
4	credito_financeiro+fundiario+mobilidade+saude_producao	5522	
4	credito_financeiro+fundiario+mobilidade+trabalho_empresa	5522	
4	credito_financeiro+fundiario+mobilidade+transferencia_renda	5522	
4	credito_financeiro+fundiario+mortalidade+politica	5522	
4	credito_financeiro+fundiario+mortalidade+saneamento_agua	5522	
4	credito_financeiro+fundiario+mortalidade+saude_producao	5522	
4	credito_financeiro+fundiario+mortalidade+trabalho_empresa	5522	
4	credito_financeiro+fundiario+mortalidade+transferencia_renda	5522	
4	credito_financeiro+fundiario+politica+saneamento_agua	5522	
4	credito_financeiro+fundiario+politica+saude_producao	5522	
4	credito_financeiro+fundiario+politica+trabalho_empresa	5522	
4	credito_financeiro+fundiario+politica+transferencia_renda	5522	
4	credito_financeiro+fundiario+saneamento_agua+saude_producao	5522	
4	credito_financeiro+fundiario+saneamento_agua+trabalho_empresa	5522	
4	credito_financeiro+fundiario+saneamento_agua+transferencia_renda	5522	
4	credito_financeiro+fundiario+saude_producao+trabalho_empresa	5522	
4	credito_financeiro+fundiario+saude_producao+transferencia_renda	5522	
4	credito_financeiro+fundiario+trabalho_empresa+transferencia_renda	5522	
4	credito_financeiro+mobilidade+mortalidade+politica	5522	
4	credito_financeiro+mobilidade+mortalidade+saneamento_agua	5522	
4	credito_financeiro+mobilidade+mortalidade+saude_producao	5522	
4	credito_financeiro+mobilidade+mortalidade+trabalho_empresa	5522	
4	credito_financeiro+mobilidade+mortalidade+transferencia_renda	5522	
4	credito_financeiro+mobilidade+politica+saneamento_agua	5522	
4	credito_financeiro+mobilidade+politica+saude_producao	5522	
4	credito_financeiro+mobilidade+politica+trabalho_empresa	5522	
4	credito_financeiro+mobilidade+politica+transferencia_renda	5522	
4	credito_financeiro+mobilidade+saneamento_agua+saude_producao	5522	
4	credito_financeiro+mobilidade+saneamento_agua+trabalho_empresa	5522	
4	credito_financeiro+mobilidade+saneamento_agua+transferencia_renda	5522	
4	credito_financeiro+mobilidade+saude_producao+trabalho_empresa	5522	
4	credito_financeiro+mobilidade+saude_producao+transferencia_renda	5522	
4	credito_financeiro+mobilidade+trabalho_empresa+transferencia_renda	5522	
4	credito_financeiro+mortalidade+politica+saneamento_agua	5522	
4	credito_financeiro+mortalidade+politica+saude_producao	5522	
4	credito_financeiro+mortalidade+politica+trabalho_empresa	5522	
4	credito_financeiro+mortalidade+politica+transferencia_renda	5522	
4	credito_financeiro+mortalidade+saneamento_agua+saude_producao	5522	
4	credito_financeiro+mortalidade+saneamento_agua+trabalho_empresa	5522	
4	credito_financeiro+mortalidade+saneamento_agua+transferencia_renda	5522	
4	credito_financeiro+mortalidade+saude_producao+trabalho_empresa	5522	
4	credito_financeiro+mortalidade+saude_producao+transferencia_renda	5522	
4	credito_financeiro+mortalidade+trabalho_empresa+transferencia_renda	5522	
4	credito_financeiro+politica+saneamento_agua+saude_producao	5522	
4	credito_financeiro+politica+saneamento_agua+trabalho_empresa	5522	
4	credito_financeiro+politica+saneamento_agua+transferencia_renda	5522	
4	credito_financeiro+politica+saude_producao+trabalho_empresa	5522	
4	credito_financeiro+politica+saude_producao+transferencia_renda	5522	
4	credito_financeiro+politica+trabalho_empresa+transferencia_renda	5522	
4	credito_financeiro+saneamento_agua+saude_producao+trabalho_empresa	5522	
4	credito_financeiro+saneamento_agua+saude_producao+transferencia_renda	5522	
4	credito_financeiro+saneamento_agua+trabalho_empresa+transferencia_renda	5522	
4	credito_financeiro+saude_producao+trabalho_empresa+transferencia_renda	5522	
4	agropecuaria+conectividade+credito_financeiro+vigilancia_sinan	5487	
4	agropecuaria+conectividade+demografia_censo+vigilancia_sinan	5487	
4	agropecuaria+conectividade+desmatamento_clima+vigilancia_sinan	5487	
4	agropecuaria+conectividade+educacao+vigilancia_sinan	5487	
4	agropecuaria+conectividade+fiscal_municipal+vigilancia_sinan	5487	
4	agropecuaria+conectividade+fundiario+vigilancia_sinan	5487	
4	agropecuaria+conectividade+mobilidade+vigilancia_sinan	5487	
4	agropecuaria+conectividade+mortalidade+vigilancia_sinan	5487	
4	agropecuaria+conectividade+politica+vigilancia_sinan	5487	
4	agropecuaria+conectividade+saneamento_agua+vigilancia_sinan	5487	
4	agropecuaria+conectividade+saude_producao+vigilancia_sinan	5487	
4	agropecuaria+conectividade+trabalho_empresa+vigilancia_sinan	5487	
4	agropecuaria+conectividade+transferencia_renda+vigilancia_sinan	5487	
4	agropecuaria+credito_financeiro+demografia_censo+vigilancia_sinan	5487	
4	agropecuaria+credito_financeiro+desmatamento_clima+vigilancia_sinan	5487	
4	agropecuaria+credito_financeiro+educacao+vigilancia_sinan	5487	
4	agropecuaria+credito_financeiro+fiscal_municipal+vigilancia_sinan	5487	
4	agropecuaria+credito_financeiro+fundiario+vigilancia_sinan	5487	
4	agropecuaria+credito_financeiro+mobilidade+vigilancia_sinan	5487	
4	agropecuaria+credito_financeiro+mortalidade+vigilancia_sinan	5487	
4	agropecuaria+credito_financeiro+politica+vigilancia_sinan	5487	
4	agropecuaria+credito_financeiro+saneamento_agua+vigilancia_sinan	5487	
4	agropecuaria+credito_financeiro+saude_producao+vigilancia_sinan	5487	
4	agropecuaria+credito_financeiro+trabalho_empresa+vigilancia_sinan	5487	
4	agropecuaria+credito_financeiro+transferencia_renda+vigilancia_sinan	5487	
4	agropecuaria+demografia_censo+desmatamento_clima+vigilancia_sinan	5487	
4	agropecuaria+demografia_censo+educacao+vigilancia_sinan	5487	
4	agropecuaria+demografia_censo+fiscal_municipal+vigilancia_sinan	5487	
4	agropecuaria+demografia_censo+fundiario+vigilancia_sinan	5487	
4	agropecuaria+demografia_censo+mobilidade+vigilancia_sinan	5487	
4	agropecuaria+demografia_censo+mortalidade+vigilancia_sinan	5487	
4	agropecuaria+demografia_censo+politica+vigilancia_sinan	5487	
4	agropecuaria+demografia_censo+saneamento_agua+vigilancia_sinan	5487	
4	agropecuaria+demografia_censo+saude_producao+vigilancia_sinan	5487	
4	agropecuaria+demografia_censo+trabalho_empresa+vigilancia_sinan	5487	
4	agropecuaria+demografia_censo+transferencia_renda+vigilancia_sinan	5487	
4	agropecuaria+desmatamento_clima+educacao+vigilancia_sinan	5487	
4	agropecuaria+desmatamento_clima+fiscal_municipal+vigilancia_sinan	5487	
4	agropecuaria+desmatamento_clima+fundiario+vigilancia_sinan	5487	
4	agropecuaria+desmatamento_clima+mobilidade+vigilancia_sinan	5487	
4	agropecuaria+desmatamento_clima+mortalidade+vigilancia_sinan	5487	
4	agropecuaria+desmatamento_clima+politica+vigilancia_sinan	5487	
4	agropecuaria+desmatamento_clima+saneamento_agua+vigilancia_sinan	5487	
4	agropecuaria+desmatamento_clima+saude_producao+vigilancia_sinan	5487	
4	agropecuaria+desmatamento_clima+trabalho_empresa+vigilancia_sinan	5487	
4	agropecuaria+desmatamento_clima+transferencia_renda+vigilancia_sinan	5487	
4	agropecuaria+educacao+fiscal_municipal+vigilancia_sinan	5487	
4	agropecuaria+educacao+fundiario+vigilancia_sinan	5487	
4	agropecuaria+educacao+mobilidade+vigilancia_sinan	5487	
4	agropecuaria+educacao+mortalidade+vigilancia_sinan	5487	
4	agropecuaria+educacao+politica+vigilancia_sinan	5487	
4	agropecuaria+educacao+saneamento_agua+vigilancia_sinan	5487	
4	agropecuaria+educacao+saude_producao+vigilancia_sinan	5487	
4	agropecuaria+educacao+trabalho_empresa+vigilancia_sinan	5487	
4	agropecuaria+educacao+transferencia_renda+vigilancia_sinan	5487	
4	agropecuaria+fiscal_municipal+fundiario+vigilancia_sinan	5487	
4	agropecuaria+fiscal_municipal+mobilidade+vigilancia_sinan	5487	
4	agropecuaria+fiscal_municipal+mortalidade+vigilancia_sinan	5487	
4	agropecuaria+fiscal_municipal+politica+vigilancia_sinan	5487	
4	agropecuaria+fiscal_municipal+saneamento_agua+vigilancia_sinan	5487	
4	agropecuaria+fiscal_municipal+saude_producao+vigilancia_sinan	5487	
4	agropecuaria+fiscal_municipal+trabalho_empresa+vigilancia_sinan	5487	
4	agropecuaria+fiscal_municipal+transferencia_renda+vigilancia_sinan	5487	
4	agropecuaria+fundiario+mobilidade+vigilancia_sinan	5487	
4	agropecuaria+fundiario+mortalidade+vigilancia_sinan	5487	
4	agropecuaria+fundiario+politica+vigilancia_sinan	5487	
4	agropecuaria+fundiario+saneamento_agua+vigilancia_sinan	5487	
4	agropecuaria+fundiario+saude_producao+vigilancia_sinan	5487	
4	agropecuaria+fundiario+trabalho_empresa+vigilancia_sinan	5487	
4	agropecuaria+fundiario+transferencia_renda+vigilancia_sinan	5487	
4	agropecuaria+mobilidade+mortalidade+vigilancia_sinan	5487	
4	agropecuaria+mobilidade+politica+vigilancia_sinan	5487	
4	agropecuaria+mobilidade+saneamento_agua+vigilancia_sinan	5487	
4	agropecuaria+mobilidade+saude_producao+vigilancia_sinan	5487	
4	agropecuaria+mobilidade+trabalho_empresa+vigilancia_sinan	5487	
4	agropecuaria+mobilidade+transferencia_renda+vigilancia_sinan	5487	
4	agropecuaria+mortalidade+politica+vigilancia_sinan	5487	
4	agropecuaria+mortalidade+saneamento_agua+vigilancia_sinan	5487	
4	agropecuaria+mortalidade+saude_producao+vigilancia_sinan	5487	
4	agropecuaria+mortalidade+trabalho_empresa+vigilancia_sinan	5487	
4	agropecuaria+mortalidade+transferencia_renda+vigilancia_sinan	5487	
4	agropecuaria+politica+saneamento_agua+vigilancia_sinan	5487	
4	agropecuaria+politica+saude_producao+vigilancia_sinan	5487	
4	agropecuaria+politica+trabalho_empresa+vigilancia_sinan	5487	
4	agropecuaria+politica+transferencia_renda+vigilancia_sinan	5487	
4	agropecuaria+saneamento_agua+saude_producao+vigilancia_sinan	5487	
4	agropecuaria+saneamento_agua+trabalho_empresa+vigilancia_sinan	5487	
4	agropecuaria+saneamento_agua+transferencia_renda+vigilancia_sinan	5487	
4	agropecuaria+saude_producao+trabalho_empresa+vigilancia_sinan	5487	
4	agropecuaria+saude_producao+transferencia_renda+vigilancia_sinan	5487	
4	agropecuaria+trabalho_empresa+transferencia_renda+vigilancia_sinan	5487	
4	conectividade+credito_financeiro+demografia_censo+vigilancia_sinan	5487	
4	conectividade+credito_financeiro+desmatamento_clima+vigilancia_sinan	5487	
4	conectividade+credito_financeiro+educacao+vigilancia_sinan	5487	
4	conectividade+credito_financeiro+fiscal_municipal+vigilancia_sinan	5487	
4	conectividade+credito_financeiro+fundiario+vigilancia_sinan	5487	
4	conectividade+credito_financeiro+mobilidade+vigilancia_sinan	5487	
4	conectividade+credito_financeiro+mortalidade+vigilancia_sinan	5487	
4	conectividade+credito_financeiro+politica+vigilancia_sinan	5487	
4	conectividade+credito_financeiro+saneamento_agua+vigilancia_sinan	5487	
4	conectividade+credito_financeiro+saude_producao+vigilancia_sinan	5487	
4	conectividade+credito_financeiro+trabalho_empresa+vigilancia_sinan	5487	
4	conectividade+credito_financeiro+transferencia_renda+vigilancia_sinan	5487	
4	conectividade+demografia_censo+desmatamento_clima+vigilancia_sinan	5487	
4	conectividade+demografia_censo+educacao+vigilancia_sinan	5487	
4	conectividade+demografia_censo+fiscal_municipal+vigilancia_sinan	5487	
4	conectividade+demografia_censo+fundiario+vigilancia_sinan	5487	
4	conectividade+demografia_censo+mobilidade+vigilancia_sinan	5487	
4	conectividade+demografia_censo+mortalidade+vigilancia_sinan	5487	
4	conectividade+demografia_censo+politica+vigilancia_sinan	5487	
4	conectividade+demografia_censo+saneamento_agua+vigilancia_sinan	5487	
4	conectividade+demografia_censo+saude_producao+vigilancia_sinan	5487	
4	conectividade+demografia_censo+trabalho_empresa+vigilancia_sinan	5487	
4	conectividade+demografia_censo+transferencia_renda+vigilancia_sinan	5487	
4	conectividade+desmatamento_clima+educacao+vigilancia_sinan	5487	
4	conectividade+desmatamento_clima+fiscal_municipal+vigilancia_sinan	5487	
4	conectividade+desmatamento_clima+fundiario+vigilancia_sinan	5487	
4	conectividade+desmatamento_clima+mobilidade+vigilancia_sinan	5487	
4	conectividade+desmatamento_clima+mortalidade+vigilancia_sinan	5487	
4	conectividade+desmatamento_clima+politica+vigilancia_sinan	5487	
4	conectividade+desmatamento_clima+saneamento_agua+vigilancia_sinan	5487	
4	conectividade+desmatamento_clima+saude_producao+vigilancia_sinan	5487	
4	conectividade+desmatamento_clima+trabalho_empresa+vigilancia_sinan	5487	
4	conectividade+desmatamento_clima+transferencia_renda+vigilancia_sinan	5487	
4	conectividade+educacao+fiscal_municipal+vigilancia_sinan	5487	
4	conectividade+educacao+fundiario+vigilancia_sinan	5487	
4	conectividade+educacao+mobilidade+vigilancia_sinan	5487	
4	conectividade+educacao+mortalidade+vigilancia_sinan	5487	
4	conectividade+educacao+politica+vigilancia_sinan	5487	
4	conectividade+educacao+saneamento_agua+vigilancia_sinan	5487	
4	conectividade+educacao+saude_producao+vigilancia_sinan	5487	
4	conectividade+educacao+trabalho_empresa+vigilancia_sinan	5487	
4	conectividade+educacao+transferencia_renda+vigilancia_sinan	5487	
4	conectividade+fiscal_municipal+fundiario+vigilancia_sinan	5487	
4	conectividade+fiscal_municipal+mobilidade+vigilancia_sinan	5487	
4	conectividade+fiscal_municipal+mortalidade+vigilancia_sinan	5487	
4	conectividade+fiscal_municipal+politica+vigilancia_sinan	5487	
4	conectividade+fiscal_municipal+saneamento_agua+vigilancia_sinan	5487	
4	conectividade+fiscal_municipal+saude_producao+vigilancia_sinan	5487	
4	conectividade+fiscal_municipal+trabalho_empresa+vigilancia_sinan	5487	
4	conectividade+fiscal_municipal+transferencia_renda+vigilancia_sinan	5487	
4	conectividade+fundiario+mobilidade+vigilancia_sinan	5487	
4	conectividade+fundiario+mortalidade+vigilancia_sinan	5487	
4	conectividade+fundiario+politica+vigilancia_sinan	5487	
4	conectividade+fundiario+saneamento_agua+vigilancia_sinan	5487	
4	conectividade+fundiario+saude_producao+vigilancia_sinan	5487	
4	conectividade+fundiario+trabalho_empresa+vigilancia_sinan	5487	
4	conectividade+fundiario+transferencia_renda+vigilancia_sinan	5487	
4	conectividade+mobilidade+mortalidade+vigilancia_sinan	5487	
4	conectividade+mobilidade+politica+vigilancia_sinan	5487	
4	conectividade+mobilidade+saneamento_agua+vigilancia_sinan	5487	
4	conectividade+mobilidade+saude_producao+vigilancia_sinan	5487	
4	conectividade+mobilidade+trabalho_empresa+vigilancia_sinan	5487	
4	conectividade+mobilidade+transferencia_renda+vigilancia_sinan	5487	
4	conectividade+mortalidade+politica+vigilancia_sinan	5487	
4	conectividade+mortalidade+saneamento_agua+vigilancia_sinan	5487	
4	conectividade+mortalidade+saude_producao+vigilancia_sinan	5487	
4	conectividade+mortalidade+trabalho_empresa+vigilancia_sinan	5487	
4	conectividade+mortalidade+transferencia_renda+vigilancia_sinan	5487	
4	conectividade+politica+saneamento_agua+vigilancia_sinan	5487	
4	conectividade+politica+saude_producao+vigilancia_sinan	5487	
4	conectividade+politica+trabalho_empresa+vigilancia_sinan	5487	
4	conectividade+politica+transferencia_renda+vigilancia_sinan	5487	
4	conectividade+saneamento_agua+saude_producao+vigilancia_sinan	5487	
4	conectividade+saneamento_agua+trabalho_empresa+vigilancia_sinan	5487	
4	conectividade+saneamento_agua+transferencia_renda+vigilancia_sinan	5487	
4	conectividade+saude_producao+trabalho_empresa+vigilancia_sinan	5487	
4	conectividade+saude_producao+transferencia_renda+vigilancia_sinan	5487	
4	conectividade+trabalho_empresa+transferencia_renda+vigilancia_sinan	5487	
4	credito_financeiro+demografia_censo+desmatamento_clima+vigilancia_sinan	5487	
4	credito_financeiro+demografia_censo+educacao+vigilancia_sinan	5487	
4	credito_financeiro+demografia_censo+fiscal_municipal+vigilancia_sinan	5487	
4	credito_financeiro+demografia_censo+fundiario+vigilancia_sinan	5487	
4	credito_financeiro+demografia_censo+mobilidade+vigilancia_sinan	5487	
4	credito_financeiro+demografia_censo+mortalidade+vigilancia_sinan	5487	
4	credito_financeiro+demografia_censo+politica+vigilancia_sinan	5487	
4	credito_financeiro+demografia_censo+saneamento_agua+vigilancia_sinan	5487	
4	credito_financeiro+demografia_censo+saude_producao+vigilancia_sinan	5487	
4	credito_financeiro+demografia_censo+trabalho_empresa+vigilancia_sinan	5487	
4	credito_financeiro+demografia_censo+transferencia_renda+vigilancia_sinan	5487	
4	credito_financeiro+desmatamento_clima+educacao+vigilancia_sinan	5487	
4	credito_financeiro+desmatamento_clima+fiscal_municipal+vigilancia_sinan	5487	
4	credito_financeiro+desmatamento_clima+fundiario+vigilancia_sinan	5487	
4	credito_financeiro+desmatamento_clima+mobilidade+vigilancia_sinan	5487	
4	credito_financeiro+desmatamento_clima+mortalidade+vigilancia_sinan	5487	
4	credito_financeiro+desmatamento_clima+politica+vigilancia_sinan	5487	
4	credito_financeiro+desmatamento_clima+saneamento_agua+vigilancia_sinan	5487	
4	credito_financeiro+desmatamento_clima+saude_producao+vigilancia_sinan	5487	
4	credito_financeiro+desmatamento_clima+trabalho_empresa+vigilancia_sinan	5487	
4	credito_financeiro+desmatamento_clima+transferencia_renda+vigilancia_sinan	5487	
4	credito_financeiro+educacao+fiscal_municipal+vigilancia_sinan	5487	
4	credito_financeiro+educacao+fundiario+vigilancia_sinan	5487	
4	credito_financeiro+educacao+mobilidade+vigilancia_sinan	5487	
4	credito_financeiro+educacao+mortalidade+vigilancia_sinan	5487	
4	credito_financeiro+educacao+politica+vigilancia_sinan	5487	
4	credito_financeiro+educacao+saneamento_agua+vigilancia_sinan	5487	
4	credito_financeiro+educacao+saude_producao+vigilancia_sinan	5487	
4	credito_financeiro+educacao+trabalho_empresa+vigilancia_sinan	5487	
4	credito_financeiro+educacao+transferencia_renda+vigilancia_sinan	5487	
4	credito_financeiro+fiscal_municipal+fundiario+vigilancia_sinan	5487	
4	credito_financeiro+fiscal_municipal+mobilidade+vigilancia_sinan	5487	
4	credito_financeiro+fiscal_municipal+mortalidade+vigilancia_sinan	5487	
4	credito_financeiro+fiscal_municipal+politica+vigilancia_sinan	5487	
4	credito_financeiro+fiscal_municipal+saneamento_agua+vigilancia_sinan	5487	
4	credito_financeiro+fiscal_municipal+saude_producao+vigilancia_sinan	5487	
4	credito_financeiro+fiscal_municipal+trabalho_empresa+vigilancia_sinan	5487	
4	credito_financeiro+fiscal_municipal+transferencia_renda+vigilancia_sinan	5487	
4	credito_financeiro+fundiario+mobilidade+vigilancia_sinan	5487	
4	credito_financeiro+fundiario+mortalidade+vigilancia_sinan	5487	
4	credito_financeiro+fundiario+politica+vigilancia_sinan	5487	
4	credito_financeiro+fundiario+saneamento_agua+vigilancia_sinan	5487	
4	credito_financeiro+fundiario+saude_producao+vigilancia_sinan	5487	
4	credito_financeiro+fundiario+trabalho_empresa+vigilancia_sinan	5487	
4	credito_financeiro+fundiario+transferencia_renda+vigilancia_sinan	5487	
4	credito_financeiro+mobilidade+mortalidade+vigilancia_sinan	5487	
4	credito_financeiro+mobilidade+politica+vigilancia_sinan	5487	
4	credito_financeiro+mobilidade+saneamento_agua+vigilancia_sinan	5487	
4	credito_financeiro+mobilidade+saude_producao+vigilancia_sinan	5487	
4	credito_financeiro+mobilidade+trabalho_empresa+vigilancia_sinan	5487	
4	credito_financeiro+mobilidade+transferencia_renda+vigilancia_sinan	5487	
4	credito_financeiro+mortalidade+politica+vigilancia_sinan	5487	
4	credito_financeiro+mortalidade+saneamento_agua+vigilancia_sinan	5487	
4	credito_financeiro+mortalidade+saude_producao+vigilancia_sinan	5487	
4	credito_financeiro+mortalidade+trabalho_empresa+vigilancia_sinan	5487	
4	credito_financeiro+mortalidade+transferencia_renda+vigilancia_sinan	5487	
4	credito_financeiro+politica+saneamento_agua+vigilancia_sinan	5487	
4	credito_financeiro+politica+saude_producao+vigilancia_sinan	5487	
4	credito_financeiro+politica+trabalho_empresa+vigilancia_sinan	5487	
4	credito_financeiro+politica+transferencia_renda+vigilancia_sinan	5487	
4	credito_financeiro+saneamento_agua+saude_producao+vigilancia_sinan	5487	
4	credito_financeiro+saneamento_agua+trabalho_empresa+vigilancia_sinan	5487	
4	credito_financeiro+saneamento_agua+transferencia_renda+vigilancia_sinan	5487	
4	credito_financeiro+saude_producao+trabalho_empresa+vigilancia_sinan	5487	
4	credito_financeiro+saude_producao+transferencia_renda+vigilancia_sinan	5487	
4	credito_financeiro+trabalho_empresa+transferencia_renda+vigilancia_sinan	5487	
4	demografia_censo+desmatamento_clima+educacao+vigilancia_sinan	5487	
4	demografia_censo+desmatamento_clima+fiscal_municipal+vigilancia_sinan	5487	
4	demografia_censo+desmatamento_clima+fundiario+vigilancia_sinan	5487	
4	demografia_censo+desmatamento_clima+mobilidade+vigilancia_sinan	5487	
4	demografia_censo+desmatamento_clima+mortalidade+vigilancia_sinan	5487	
4	demografia_censo+desmatamento_clima+politica+vigilancia_sinan	5487	
4	demografia_censo+desmatamento_clima+saneamento_agua+vigilancia_sinan	5487	
4	demografia_censo+desmatamento_clima+saude_producao+vigilancia_sinan	5487	
4	demografia_censo+desmatamento_clima+trabalho_empresa+vigilancia_sinan	5487	
4	demografia_censo+desmatamento_clima+transferencia_renda+vigilancia_sinan	5487	
4	demografia_censo+educacao+fiscal_municipal+vigilancia_sinan	5487	
4	demografia_censo+educacao+fundiario+vigilancia_sinan	5487	
4	demografia_censo+educacao+mobilidade+vigilancia_sinan	5487	
4	demografia_censo+educacao+mortalidade+vigilancia_sinan	5487	
4	demografia_censo+educacao+politica+vigilancia_sinan	5487	
4	demografia_censo+educacao+saneamento_agua+vigilancia_sinan	5487	
4	demografia_censo+educacao+saude_producao+vigilancia_sinan	5487	
4	demografia_censo+educacao+trabalho_empresa+vigilancia_sinan	5487	
4	demografia_censo+educacao+transferencia_renda+vigilancia_sinan	5487	
4	demografia_censo+fiscal_municipal+fundiario+vigilancia_sinan	5487	
4	demografia_censo+fiscal_municipal+mobilidade+vigilancia_sinan	5487	
4	demografia_censo+fiscal_municipal+mortalidade+vigilancia_sinan	5487	
4	demografia_censo+fiscal_municipal+politica+vigilancia_sinan	5487	
4	demografia_censo+fiscal_municipal+saneamento_agua+vigilancia_sinan	5487	
4	demografia_censo+fiscal_municipal+saude_producao+vigilancia_sinan	5487	
4	demografia_censo+fiscal_municipal+trabalho_empresa+vigilancia_sinan	5487	
4	demografia_censo+fiscal_municipal+transferencia_renda+vigilancia_sinan	5487	
4	demografia_censo+fundiario+mobilidade+vigilancia_sinan	5487	
4	demografia_censo+fundiario+mortalidade+vigilancia_sinan	5487	
4	demografia_censo+fundiario+politica+vigilancia_sinan	5487	
4	demografia_censo+fundiario+saneamento_agua+vigilancia_sinan	5487	
4	demografia_censo+fundiario+saude_producao+vigilancia_sinan	5487	
4	demografia_censo+fundiario+trabalho_empresa+vigilancia_sinan	5487	
4	demografia_censo+fundiario+transferencia_renda+vigilancia_sinan	5487	
4	demografia_censo+mobilidade+mortalidade+vigilancia_sinan	5487	
4	demografia_censo+mobilidade+politica+vigilancia_sinan	5487	
4	demografia_censo+mobilidade+saneamento_agua+vigilancia_sinan	5487	
4	demografia_censo+mobilidade+saude_producao+vigilancia_sinan	5487	
4	demografia_censo+mobilidade+trabalho_empresa+vigilancia_sinan	5487	
4	demografia_censo+mobilidade+transferencia_renda+vigilancia_sinan	5487	
4	demografia_censo+mortalidade+politica+vigilancia_sinan	5487	
4	demografia_censo+mortalidade+saneamento_agua+vigilancia_sinan	5487	
4	demografia_censo+mortalidade+saude_producao+vigilancia_sinan	5487	
4	demografia_censo+mortalidade+trabalho_empresa+vigilancia_sinan	5487	
4	demografia_censo+mortalidade+transferencia_renda+vigilancia_sinan	5487	
4	demografia_censo+politica+saneamento_agua+vigilancia_sinan	5487	
4	demografia_censo+politica+saude_producao+vigilancia_sinan	5487	
4	demografia_censo+politica+trabalho_empresa+vigilancia_sinan	5487	
4	demografia_censo+politica+transferencia_renda+vigilancia_sinan	5487	
4	demografia_censo+saneamento_agua+saude_producao+vigilancia_sinan	5487	
4	demografia_censo+saneamento_agua+trabalho_empresa+vigilancia_sinan	5487	
4	demografia_censo+saneamento_agua+transferencia_renda+vigilancia_sinan	5487	
4	demografia_censo+saude_producao+trabalho_empresa+vigilancia_sinan	5487	
4	demografia_censo+saude_producao+transferencia_renda+vigilancia_sinan	5487	P71-3
4	demografia_censo+trabalho_empresa+transferencia_renda+vigilancia_sinan	5487	
4	desmatamento_clima+educacao+fiscal_municipal+vigilancia_sinan	5487	
4	desmatamento_clima+educacao+fundiario+vigilancia_sinan	5487	
4	desmatamento_clima+educacao+mobilidade+vigilancia_sinan	5487	
4	desmatamento_clima+educacao+mortalidade+vigilancia_sinan	5487	
4	desmatamento_clima+educacao+politica+vigilancia_sinan	5487	
4	desmatamento_clima+educacao+saneamento_agua+vigilancia_sinan	5487	
4	desmatamento_clima+educacao+saude_producao+vigilancia_sinan	5487	
4	desmatamento_clima+educacao+trabalho_empresa+vigilancia_sinan	5487	
4	desmatamento_clima+educacao+transferencia_renda+vigilancia_sinan	5487	
4	desmatamento_clima+fiscal_municipal+fundiario+vigilancia_sinan	5487	
4	desmatamento_clima+fiscal_municipal+mobilidade+vigilancia_sinan	5487	
4	desmatamento_clima+fiscal_municipal+mortalidade+vigilancia_sinan	5487	
4	desmatamento_clima+fiscal_municipal+politica+vigilancia_sinan	5487	
4	desmatamento_clima+fiscal_municipal+saneamento_agua+vigilancia_sinan	5487	
4	desmatamento_clima+fiscal_municipal+saude_producao+vigilancia_sinan	5487	
4	desmatamento_clima+fiscal_municipal+trabalho_empresa+vigilancia_sinan	5487	
4	desmatamento_clima+fiscal_municipal+transferencia_renda+vigilancia_sinan	5487	
4	desmatamento_clima+fundiario+mobilidade+vigilancia_sinan	5487	
4	desmatamento_clima+fundiario+mortalidade+vigilancia_sinan	5487	
4	desmatamento_clima+fundiario+politica+vigilancia_sinan	5487	
4	desmatamento_clima+fundiario+saneamento_agua+vigilancia_sinan	5487	
4	desmatamento_clima+fundiario+saude_producao+vigilancia_sinan	5487	
4	desmatamento_clima+fundiario+trabalho_empresa+vigilancia_sinan	5487	
4	desmatamento_clima+fundiario+transferencia_renda+vigilancia_sinan	5487	
4	desmatamento_clima+mobilidade+mortalidade+vigilancia_sinan	5487	
4	desmatamento_clima+mobilidade+politica+vigilancia_sinan	5487	
4	desmatamento_clima+mobilidade+saneamento_agua+vigilancia_sinan	5487	
4	desmatamento_clima+mobilidade+saude_producao+vigilancia_sinan	5487	
4	desmatamento_clima+mobilidade+trabalho_empresa+vigilancia_sinan	5487	
4	desmatamento_clima+mobilidade+transferencia_renda+vigilancia_sinan	5487	
4	desmatamento_clima+mortalidade+politica+vigilancia_sinan	5487	
4	desmatamento_clima+mortalidade+saneamento_agua+vigilancia_sinan	5487	
4	desmatamento_clima+mortalidade+saude_producao+vigilancia_sinan	5487	
4	desmatamento_clima+mortalidade+trabalho_empresa+vigilancia_sinan	5487	
4	desmatamento_clima+mortalidade+transferencia_renda+vigilancia_sinan	5487	
4	desmatamento_clima+politica+saneamento_agua+vigilancia_sinan	5487	
4	desmatamento_clima+politica+saude_producao+vigilancia_sinan	5487	
4	desmatamento_clima+politica+trabalho_empresa+vigilancia_sinan	5487	
4	desmatamento_clima+politica+transferencia_renda+vigilancia_sinan	5487	
4	desmatamento_clima+saneamento_agua+saude_producao+vigilancia_sinan	5487	
4	desmatamento_clima+saneamento_agua+trabalho_empresa+vigilancia_sinan	5487	
4	desmatamento_clima+saneamento_agua+transferencia_renda+vigilancia_sinan	5487	
4	desmatamento_clima+saude_producao+trabalho_empresa+vigilancia_sinan	5487	
4	desmatamento_clima+saude_producao+transferencia_renda+vigilancia_sinan	5487	
4	desmatamento_clima+trabalho_empresa+transferencia_renda+vigilancia_sinan	5487	
4	educacao+fiscal_municipal+fundiario+vigilancia_sinan	5487	
4	educacao+fiscal_municipal+mobilidade+vigilancia_sinan	5487	
4	educacao+fiscal_municipal+mortalidade+vigilancia_sinan	5487	
4	educacao+fiscal_municipal+politica+vigilancia_sinan	5487	
4	educacao+fiscal_municipal+saneamento_agua+vigilancia_sinan	5487	
4	educacao+fiscal_municipal+saude_producao+vigilancia_sinan	5487	
4	educacao+fiscal_municipal+trabalho_empresa+vigilancia_sinan	5487	
4	educacao+fiscal_municipal+transferencia_renda+vigilancia_sinan	5487	
4	educacao+fundiario+mobilidade+vigilancia_sinan	5487	
4	educacao+fundiario+mortalidade+vigilancia_sinan	5487	
4	educacao+fundiario+politica+vigilancia_sinan	5487	
4	educacao+fundiario+saneamento_agua+vigilancia_sinan	5487	
4	educacao+fundiario+saude_producao+vigilancia_sinan	5487	
4	educacao+fundiario+trabalho_empresa+vigilancia_sinan	5487	
4	educacao+fundiario+transferencia_renda+vigilancia_sinan	5487	
4	educacao+mobilidade+mortalidade+vigilancia_sinan	5487	
4	educacao+mobilidade+politica+vigilancia_sinan	5487	
4	educacao+mobilidade+saneamento_agua+vigilancia_sinan	5487	
4	educacao+mobilidade+saude_producao+vigilancia_sinan	5487	
4	educacao+mobilidade+trabalho_empresa+vigilancia_sinan	5487	
4	educacao+mobilidade+transferencia_renda+vigilancia_sinan	5487	
4	educacao+mortalidade+politica+vigilancia_sinan	5487	
4	educacao+mortalidade+saneamento_agua+vigilancia_sinan	5487	
4	educacao+mortalidade+saude_producao+vigilancia_sinan	5487	
4	educacao+mortalidade+trabalho_empresa+vigilancia_sinan	5487	
4	educacao+mortalidade+transferencia_renda+vigilancia_sinan	5487	
4	educacao+politica+saneamento_agua+vigilancia_sinan	5487	
4	educacao+politica+saude_producao+vigilancia_sinan	5487	
4	educacao+politica+trabalho_empresa+vigilancia_sinan	5487	
4	educacao+politica+transferencia_renda+vigilancia_sinan	5487	
4	educacao+saneamento_agua+saude_producao+vigilancia_sinan	5487	
4	educacao+saneamento_agua+trabalho_empresa+vigilancia_sinan	5487	
4	educacao+saneamento_agua+transferencia_renda+vigilancia_sinan	5487	
4	educacao+saude_producao+trabalho_empresa+vigilancia_sinan	5487	
4	educacao+saude_producao+transferencia_renda+vigilancia_sinan	5487	
4	educacao+trabalho_empresa+transferencia_renda+vigilancia_sinan	5487	
4	fiscal_municipal+fundiario+mobilidade+vigilancia_sinan	5487	
4	fiscal_municipal+fundiario+mortalidade+vigilancia_sinan	5487	
4	fiscal_municipal+fundiario+politica+vigilancia_sinan	5487	
4	fiscal_municipal+fundiario+saneamento_agua+vigilancia_sinan	5487	
4	fiscal_municipal+fundiario+saude_producao+vigilancia_sinan	5487	
4	fiscal_municipal+fundiario+trabalho_empresa+vigilancia_sinan	5487	
4	fiscal_municipal+fundiario+transferencia_renda+vigilancia_sinan	5487	
4	fiscal_municipal+mobilidade+mortalidade+vigilancia_sinan	5487	
4	fiscal_municipal+mobilidade+politica+vigilancia_sinan	5487	
4	fiscal_municipal+mobilidade+saneamento_agua+vigilancia_sinan	5487	
4	fiscal_municipal+mobilidade+saude_producao+vigilancia_sinan	5487	
4	fiscal_municipal+mobilidade+trabalho_empresa+vigilancia_sinan	5487	
4	fiscal_municipal+mobilidade+transferencia_renda+vigilancia_sinan	5487	
4	fiscal_municipal+mortalidade+politica+vigilancia_sinan	5487	
4	fiscal_municipal+mortalidade+saneamento_agua+vigilancia_sinan	5487	
4	fiscal_municipal+mortalidade+saude_producao+vigilancia_sinan	5487	
4	fiscal_municipal+mortalidade+trabalho_empresa+vigilancia_sinan	5487	
4	fiscal_municipal+mortalidade+transferencia_renda+vigilancia_sinan	5487	
4	fiscal_municipal+politica+saneamento_agua+vigilancia_sinan	5487	
4	fiscal_municipal+politica+saude_producao+vigilancia_sinan	5487	
4	fiscal_municipal+politica+trabalho_empresa+vigilancia_sinan	5487	
4	fiscal_municipal+politica+transferencia_renda+vigilancia_sinan	5487	
4	fiscal_municipal+saneamento_agua+saude_producao+vigilancia_sinan	5487	
4	fiscal_municipal+saneamento_agua+trabalho_empresa+vigilancia_sinan	5487	
4	fiscal_municipal+saneamento_agua+transferencia_renda+vigilancia_sinan	5487	
4	fiscal_municipal+saude_producao+trabalho_empresa+vigilancia_sinan	5487	
4	fiscal_municipal+saude_producao+transferencia_renda+vigilancia_sinan	5487	
4	fiscal_municipal+trabalho_empresa+transferencia_renda+vigilancia_sinan	5487	
4	fundiario+mobilidade+mortalidade+vigilancia_sinan	5487	
4	fundiario+mobilidade+politica+vigilancia_sinan	5487	
4	fundiario+mobilidade+saneamento_agua+vigilancia_sinan	5487	
4	fundiario+mobilidade+saude_producao+vigilancia_sinan	5487	
4	fundiario+mobilidade+trabalho_empresa+vigilancia_sinan	5487	
4	fundiario+mobilidade+transferencia_renda+vigilancia_sinan	5487	
4	fundiario+mortalidade+politica+vigilancia_sinan	5487	
4	fundiario+mortalidade+saneamento_agua+vigilancia_sinan	5487	
4	fundiario+mortalidade+saude_producao+vigilancia_sinan	5487	
4	fundiario+mortalidade+trabalho_empresa+vigilancia_sinan	5487	
4	fundiario+mortalidade+transferencia_renda+vigilancia_sinan	5487	
4	fundiario+politica+saneamento_agua+vigilancia_sinan	5487	
4	fundiario+politica+saude_producao+vigilancia_sinan	5487	
4	fundiario+politica+trabalho_empresa+vigilancia_sinan	5487	
4	fundiario+politica+transferencia_renda+vigilancia_sinan	5487	
4	fundiario+saneamento_agua+saude_producao+vigilancia_sinan	5487	
4	fundiario+saneamento_agua+trabalho_empresa+vigilancia_sinan	5487	
4	fundiario+saneamento_agua+transferencia_renda+vigilancia_sinan	5487	
4	fundiario+saude_producao+trabalho_empresa+vigilancia_sinan	5487	
4	fundiario+saude_producao+transferencia_renda+vigilancia_sinan	5487	
4	fundiario+trabalho_empresa+transferencia_renda+vigilancia_sinan	5487	
4	mobilidade+mortalidade+politica+vigilancia_sinan	5487	
4	mobilidade+mortalidade+saneamento_agua+vigilancia_sinan	5487	
4	mobilidade+mortalidade+saude_producao+vigilancia_sinan	5487	
4	mobilidade+mortalidade+trabalho_empresa+vigilancia_sinan	5487	
4	mobilidade+mortalidade+transferencia_renda+vigilancia_sinan	5487	
4	mobilidade+politica+saneamento_agua+vigilancia_sinan	5487	
4	mobilidade+politica+saude_producao+vigilancia_sinan	5487	
4	mobilidade+politica+trabalho_empresa+vigilancia_sinan	5487	
4	mobilidade+politica+transferencia_renda+vigilancia_sinan	5487	
4	mobilidade+saneamento_agua+saude_producao+vigilancia_sinan	5487	
4	mobilidade+saneamento_agua+trabalho_empresa+vigilancia_sinan	5487	
4	mobilidade+saneamento_agua+transferencia_renda+vigilancia_sinan	5487	
4	mobilidade+saude_producao+trabalho_empresa+vigilancia_sinan	5487	
4	mobilidade+saude_producao+transferencia_renda+vigilancia_sinan	5487	
4	mobilidade+trabalho_empresa+transferencia_renda+vigilancia_sinan	5487	
4	mortalidade+politica+saneamento_agua+vigilancia_sinan	5487	
4	mortalidade+politica+saude_producao+vigilancia_sinan	5487	
4	mortalidade+politica+trabalho_empresa+vigilancia_sinan	5487	
4	mortalidade+politica+transferencia_renda+vigilancia_sinan	5487	
4	mortalidade+saneamento_agua+saude_producao+vigilancia_sinan	5487	
4	mortalidade+saneamento_agua+trabalho_empresa+vigilancia_sinan	5487	
4	mortalidade+saneamento_agua+transferencia_renda+vigilancia_sinan	5487	
4	mortalidade+saude_producao+trabalho_empresa+vigilancia_sinan	5487	
4	mortalidade+saude_producao+transferencia_renda+vigilancia_sinan	5487	
4	mortalidade+trabalho_empresa+transferencia_renda+vigilancia_sinan	5487	
4	politica+saneamento_agua+saude_producao+vigilancia_sinan	5487	
4	politica+saneamento_agua+trabalho_empresa+vigilancia_sinan	5487	
4	politica+saneamento_agua+transferencia_renda+vigilancia_sinan	5487	
4	politica+saude_producao+trabalho_empresa+vigilancia_sinan	5487	
4	politica+saude_producao+transferencia_renda+vigilancia_sinan	5487	
4	politica+trabalho_empresa+transferencia_renda+vigilancia_sinan	5487	
4	saneamento_agua+saude_producao+trabalho_empresa+vigilancia_sinan	5487	
4	saneamento_agua+saude_producao+transferencia_renda+vigilancia_sinan	5487	
4	saneamento_agua+trabalho_empresa+transferencia_renda+vigilancia_sinan	5487	
4	saude_producao+trabalho_empresa+transferencia_renda+vigilancia_sinan	5487	
4	agropecuaria+conectividade+credito_financeiro+fiscalizacao_ambiental	5475	
4	agropecuaria+conectividade+demografia_censo+fiscalizacao_ambiental	5475	
4	agropecuaria+conectividade+desmatamento_clima+fiscalizacao_ambiental	5475	
4	agropecuaria+conectividade+educacao+fiscalizacao_ambiental	5475	
4	agropecuaria+conectividade+fiscal_municipal+fiscalizacao_ambiental	5475	
4	agropecuaria+conectividade+fiscalizacao_ambiental+fundiario	5475	
4	agropecuaria+conectividade+fiscalizacao_ambiental+mobilidade	5475	
4	agropecuaria+conectividade+fiscalizacao_ambiental+mortalidade	5475	
4	agropecuaria+conectividade+fiscalizacao_ambiental+politica	5475	
4	agropecuaria+conectividade+fiscalizacao_ambiental+saneamento_agua	5475	
4	agropecuaria+conectividade+fiscalizacao_ambiental+saude_producao	5475	
4	agropecuaria+conectividade+fiscalizacao_ambiental+trabalho_empresa	5475	
4	agropecuaria+conectividade+fiscalizacao_ambiental+transferencia_renda	5475	
4	agropecuaria+conectividade+fiscalizacao_ambiental+vigilancia_sinan	5475	
4	agropecuaria+credito_financeiro+demografia_censo+fiscalizacao_ambiental	5475	
4	agropecuaria+credito_financeiro+desmatamento_clima+fiscalizacao_ambiental	5475	
4	agropecuaria+credito_financeiro+educacao+fiscalizacao_ambiental	5475	
4	agropecuaria+credito_financeiro+fiscal_municipal+fiscalizacao_ambiental	5475	
4	agropecuaria+credito_financeiro+fiscalizacao_ambiental+fundiario	5475	
4	agropecuaria+credito_financeiro+fiscalizacao_ambiental+mobilidade	5475	
4	agropecuaria+credito_financeiro+fiscalizacao_ambiental+mortalidade	5475	
4	agropecuaria+credito_financeiro+fiscalizacao_ambiental+politica	5475	
4	agropecuaria+credito_financeiro+fiscalizacao_ambiental+saneamento_agua	5475	
4	agropecuaria+credito_financeiro+fiscalizacao_ambiental+saude_producao	5475	
4	agropecuaria+credito_financeiro+fiscalizacao_ambiental+trabalho_empresa	5475	
4	agropecuaria+credito_financeiro+fiscalizacao_ambiental+transferencia_renda	5475	
4	agropecuaria+credito_financeiro+fiscalizacao_ambiental+vigilancia_sinan	5475	
4	agropecuaria+demografia_censo+desmatamento_clima+fiscalizacao_ambiental	5475	
4	agropecuaria+demografia_censo+educacao+fiscalizacao_ambiental	5475	
4	agropecuaria+demografia_censo+fiscal_municipal+fiscalizacao_ambiental	5475	
4	agropecuaria+demografia_censo+fiscalizacao_ambiental+fundiario	5475	
4	agropecuaria+demografia_censo+fiscalizacao_ambiental+mobilidade	5475	
4	agropecuaria+demografia_censo+fiscalizacao_ambiental+mortalidade	5475	
4	agropecuaria+demografia_censo+fiscalizacao_ambiental+politica	5475	
4	agropecuaria+demografia_censo+fiscalizacao_ambiental+saneamento_agua	5475	
4	agropecuaria+demografia_censo+fiscalizacao_ambiental+saude_producao	5475	
4	agropecuaria+demografia_censo+fiscalizacao_ambiental+trabalho_empresa	5475	
4	agropecuaria+demografia_censo+fiscalizacao_ambiental+transferencia_renda	5475	
4	agropecuaria+demografia_censo+fiscalizacao_ambiental+vigilancia_sinan	5475	
4	agropecuaria+desmatamento_clima+educacao+fiscalizacao_ambiental	5475	
4	agropecuaria+desmatamento_clima+fiscal_municipal+fiscalizacao_ambiental	5475	
4	agropecuaria+desmatamento_clima+fiscalizacao_ambiental+fundiario	5475	
4	agropecuaria+desmatamento_clima+fiscalizacao_ambiental+mobilidade	5475	
4	agropecuaria+desmatamento_clima+fiscalizacao_ambiental+mortalidade	5475	
4	agropecuaria+desmatamento_clima+fiscalizacao_ambiental+politica	5475	
4	agropecuaria+desmatamento_clima+fiscalizacao_ambiental+saneamento_agua	5475	
4	agropecuaria+desmatamento_clima+fiscalizacao_ambiental+saude_producao	5475	
4	agropecuaria+desmatamento_clima+fiscalizacao_ambiental+trabalho_empresa	5475	
4	agropecuaria+desmatamento_clima+fiscalizacao_ambiental+transferencia_renda	5475	
4	agropecuaria+desmatamento_clima+fiscalizacao_ambiental+vigilancia_sinan	5475	
4	agropecuaria+educacao+fiscal_municipal+fiscalizacao_ambiental	5475	
4	agropecuaria+educacao+fiscalizacao_ambiental+fundiario	5475	
4	agropecuaria+educacao+fiscalizacao_ambiental+mobilidade	5475	
4	agropecuaria+educacao+fiscalizacao_ambiental+mortalidade	5475	
4	agropecuaria+educacao+fiscalizacao_ambiental+politica	5475	
4	agropecuaria+educacao+fiscalizacao_ambiental+saneamento_agua	5475	
4	agropecuaria+educacao+fiscalizacao_ambiental+saude_producao	5475	
4	agropecuaria+educacao+fiscalizacao_ambiental+trabalho_empresa	5475	
4	agropecuaria+educacao+fiscalizacao_ambiental+transferencia_renda	5475	
4	agropecuaria+educacao+fiscalizacao_ambiental+vigilancia_sinan	5475	
4	agropecuaria+fiscal_municipal+fiscalizacao_ambiental+fundiario	5475	
4	agropecuaria+fiscal_municipal+fiscalizacao_ambiental+mobilidade	5475	
4	agropecuaria+fiscal_municipal+fiscalizacao_ambiental+mortalidade	5475	
4	agropecuaria+fiscal_municipal+fiscalizacao_ambiental+politica	5475	
4	agropecuaria+fiscal_municipal+fiscalizacao_ambiental+saneamento_agua	5475	
4	agropecuaria+fiscal_municipal+fiscalizacao_ambiental+saude_producao	5475	
4	agropecuaria+fiscal_municipal+fiscalizacao_ambiental+trabalho_empresa	5475	
4	agropecuaria+fiscal_municipal+fiscalizacao_ambiental+transferencia_renda	5475	
4	agropecuaria+fiscal_municipal+fiscalizacao_ambiental+vigilancia_sinan	5475	
4	agropecuaria+fiscalizacao_ambiental+fundiario+mobilidade	5475	
4	agropecuaria+fiscalizacao_ambiental+fundiario+mortalidade	5475	
4	agropecuaria+fiscalizacao_ambiental+fundiario+politica	5475	
4	agropecuaria+fiscalizacao_ambiental+fundiario+saneamento_agua	5475	
4	agropecuaria+fiscalizacao_ambiental+fundiario+saude_producao	5475	
4	agropecuaria+fiscalizacao_ambiental+fundiario+trabalho_empresa	5475	
4	agropecuaria+fiscalizacao_ambiental+fundiario+transferencia_renda	5475	
4	agropecuaria+fiscalizacao_ambiental+fundiario+vigilancia_sinan	5475	
4	agropecuaria+fiscalizacao_ambiental+mobilidade+mortalidade	5475	
4	agropecuaria+fiscalizacao_ambiental+mobilidade+politica	5475	
4	agropecuaria+fiscalizacao_ambiental+mobilidade+saneamento_agua	5475	
4	agropecuaria+fiscalizacao_ambiental+mobilidade+saude_producao	5475	
4	agropecuaria+fiscalizacao_ambiental+mobilidade+trabalho_empresa	5475	
4	agropecuaria+fiscalizacao_ambiental+mobilidade+transferencia_renda	5475	
4	agropecuaria+fiscalizacao_ambiental+mobilidade+vigilancia_sinan	5475	
4	agropecuaria+fiscalizacao_ambiental+mortalidade+politica	5475	
4	agropecuaria+fiscalizacao_ambiental+mortalidade+saneamento_agua	5475	
4	agropecuaria+fiscalizacao_ambiental+mortalidade+saude_producao	5475	
4	agropecuaria+fiscalizacao_ambiental+mortalidade+trabalho_empresa	5475	
4	agropecuaria+fiscalizacao_ambiental+mortalidade+transferencia_renda	5475	
4	agropecuaria+fiscalizacao_ambiental+mortalidade+vigilancia_sinan	5475	
4	agropecuaria+fiscalizacao_ambiental+politica+saneamento_agua	5475	
4	agropecuaria+fiscalizacao_ambiental+politica+saude_producao	5475	
4	agropecuaria+fiscalizacao_ambiental+politica+trabalho_empresa	5475	
4	agropecuaria+fiscalizacao_ambiental+politica+transferencia_renda	5475	
4	agropecuaria+fiscalizacao_ambiental+politica+vigilancia_sinan	5475	
4	agropecuaria+fiscalizacao_ambiental+saneamento_agua+saude_producao	5475	
4	agropecuaria+fiscalizacao_ambiental+saneamento_agua+trabalho_empresa	5475	
4	agropecuaria+fiscalizacao_ambiental+saneamento_agua+transferencia_renda	5475	
4	agropecuaria+fiscalizacao_ambiental+saneamento_agua+vigilancia_sinan	5475	
4	agropecuaria+fiscalizacao_ambiental+saude_producao+trabalho_empresa	5475	
4	agropecuaria+fiscalizacao_ambiental+saude_producao+transferencia_renda	5475	
4	agropecuaria+fiscalizacao_ambiental+saude_producao+vigilancia_sinan	5475	
4	agropecuaria+fiscalizacao_ambiental+trabalho_empresa+transferencia_renda	5475	
4	agropecuaria+fiscalizacao_ambiental+trabalho_empresa+vigilancia_sinan	5475	
4	agropecuaria+fiscalizacao_ambiental+transferencia_renda+vigilancia_sinan	5475	
4	conectividade+credito_financeiro+demografia_censo+fiscalizacao_ambiental	5475	
4	conectividade+credito_financeiro+desmatamento_clima+fiscalizacao_ambiental	5475	
4	conectividade+credito_financeiro+educacao+fiscalizacao_ambiental	5475	
4	conectividade+credito_financeiro+fiscal_municipal+fiscalizacao_ambiental	5475	
4	conectividade+credito_financeiro+fiscalizacao_ambiental+fundiario	5475	
4	conectividade+credito_financeiro+fiscalizacao_ambiental+mobilidade	5475	
4	conectividade+credito_financeiro+fiscalizacao_ambiental+mortalidade	5475	
4	conectividade+credito_financeiro+fiscalizacao_ambiental+politica	5475	
4	conectividade+credito_financeiro+fiscalizacao_ambiental+saneamento_agua	5475	
4	conectividade+credito_financeiro+fiscalizacao_ambiental+saude_producao	5475	
4	conectividade+credito_financeiro+fiscalizacao_ambiental+trabalho_empresa	5475	
4	conectividade+credito_financeiro+fiscalizacao_ambiental+transferencia_renda	5475	
4	conectividade+credito_financeiro+fiscalizacao_ambiental+vigilancia_sinan	5475	
4	conectividade+demografia_censo+desmatamento_clima+fiscalizacao_ambiental	5475	
4	conectividade+demografia_censo+educacao+fiscalizacao_ambiental	5475	
4	conectividade+demografia_censo+fiscal_municipal+fiscalizacao_ambiental	5475	
4	conectividade+demografia_censo+fiscalizacao_ambiental+fundiario	5475	
4	conectividade+demografia_censo+fiscalizacao_ambiental+mobilidade	5475	
4	conectividade+demografia_censo+fiscalizacao_ambiental+mortalidade	5475	
4	conectividade+demografia_censo+fiscalizacao_ambiental+politica	5475	
4	conectividade+demografia_censo+fiscalizacao_ambiental+saneamento_agua	5475	
4	conectividade+demografia_censo+fiscalizacao_ambiental+saude_producao	5475	
4	conectividade+demografia_censo+fiscalizacao_ambiental+trabalho_empresa	5475	
4	conectividade+demografia_censo+fiscalizacao_ambiental+transferencia_renda	5475	
4	conectividade+demografia_censo+fiscalizacao_ambiental+vigilancia_sinan	5475	
4	conectividade+desmatamento_clima+educacao+fiscalizacao_ambiental	5475	
4	conectividade+desmatamento_clima+fiscal_municipal+fiscalizacao_ambiental	5475	
4	conectividade+desmatamento_clima+fiscalizacao_ambiental+fundiario	5475	
4	conectividade+desmatamento_clima+fiscalizacao_ambiental+mobilidade	5475	
4	conectividade+desmatamento_clima+fiscalizacao_ambiental+mortalidade	5475	
4	conectividade+desmatamento_clima+fiscalizacao_ambiental+politica	5475	
4	conectividade+desmatamento_clima+fiscalizacao_ambiental+saneamento_agua	5475	
4	conectividade+desmatamento_clima+fiscalizacao_ambiental+saude_producao	5475	
4	conectividade+desmatamento_clima+fiscalizacao_ambiental+trabalho_empresa	5475	
4	conectividade+desmatamento_clima+fiscalizacao_ambiental+transferencia_renda	5475	
4	conectividade+desmatamento_clima+fiscalizacao_ambiental+vigilancia_sinan	5475	
4	conectividade+educacao+fiscal_municipal+fiscalizacao_ambiental	5475	
4	conectividade+educacao+fiscalizacao_ambiental+fundiario	5475	
4	conectividade+educacao+fiscalizacao_ambiental+mobilidade	5475	
4	conectividade+educacao+fiscalizacao_ambiental+mortalidade	5475	
4	conectividade+educacao+fiscalizacao_ambiental+politica	5475	
4	conectividade+educacao+fiscalizacao_ambiental+saneamento_agua	5475	
4	conectividade+educacao+fiscalizacao_ambiental+saude_producao	5475	
4	conectividade+educacao+fiscalizacao_ambiental+trabalho_empresa	5475	
4	conectividade+educacao+fiscalizacao_ambiental+transferencia_renda	5475	
4	conectividade+educacao+fiscalizacao_ambiental+vigilancia_sinan	5475	
4	conectividade+fiscal_municipal+fiscalizacao_ambiental+fundiario	5475	
4	conectividade+fiscal_municipal+fiscalizacao_ambiental+mobilidade	5475	
4	conectividade+fiscal_municipal+fiscalizacao_ambiental+mortalidade	5475	
4	conectividade+fiscal_municipal+fiscalizacao_ambiental+politica	5475	
4	conectividade+fiscal_municipal+fiscalizacao_ambiental+saneamento_agua	5475	
4	conectividade+fiscal_municipal+fiscalizacao_ambiental+saude_producao	5475	
4	conectividade+fiscal_municipal+fiscalizacao_ambiental+trabalho_empresa	5475	
4	conectividade+fiscal_municipal+fiscalizacao_ambiental+transferencia_renda	5475	
4	conectividade+fiscal_municipal+fiscalizacao_ambiental+vigilancia_sinan	5475	
4	conectividade+fiscalizacao_ambiental+fundiario+mobilidade	5475	
4	conectividade+fiscalizacao_ambiental+fundiario+mortalidade	5475	
4	conectividade+fiscalizacao_ambiental+fundiario+politica	5475	
4	conectividade+fiscalizacao_ambiental+fundiario+saneamento_agua	5475	
4	conectividade+fiscalizacao_ambiental+fundiario+saude_producao	5475	
4	conectividade+fiscalizacao_ambiental+fundiario+trabalho_empresa	5475	
4	conectividade+fiscalizacao_ambiental+fundiario+transferencia_renda	5475	
4	conectividade+fiscalizacao_ambiental+fundiario+vigilancia_sinan	5475	
4	conectividade+fiscalizacao_ambiental+mobilidade+mortalidade	5475	
4	conectividade+fiscalizacao_ambiental+mobilidade+politica	5475	
4	conectividade+fiscalizacao_ambiental+mobilidade+saneamento_agua	5475	
4	conectividade+fiscalizacao_ambiental+mobilidade+saude_producao	5475	
4	conectividade+fiscalizacao_ambiental+mobilidade+trabalho_empresa	5475	
4	conectividade+fiscalizacao_ambiental+mobilidade+transferencia_renda	5475	
4	conectividade+fiscalizacao_ambiental+mobilidade+vigilancia_sinan	5475	
4	conectividade+fiscalizacao_ambiental+mortalidade+politica	5475	
4	conectividade+fiscalizacao_ambiental+mortalidade+saneamento_agua	5475	
4	conectividade+fiscalizacao_ambiental+mortalidade+saude_producao	5475	
4	conectividade+fiscalizacao_ambiental+mortalidade+trabalho_empresa	5475	
4	conectividade+fiscalizacao_ambiental+mortalidade+transferencia_renda	5475	
4	conectividade+fiscalizacao_ambiental+mortalidade+vigilancia_sinan	5475	
4	conectividade+fiscalizacao_ambiental+politica+saneamento_agua	5475	
4	conectividade+fiscalizacao_ambiental+politica+saude_producao	5475	
4	conectividade+fiscalizacao_ambiental+politica+trabalho_empresa	5475	
4	conectividade+fiscalizacao_ambiental+politica+transferencia_renda	5475	
4	conectividade+fiscalizacao_ambiental+politica+vigilancia_sinan	5475	
4	conectividade+fiscalizacao_ambiental+saneamento_agua+saude_producao	5475	
4	conectividade+fiscalizacao_ambiental+saneamento_agua+trabalho_empresa	5475	
4	conectividade+fiscalizacao_ambiental+saneamento_agua+transferencia_renda	5475	
4	conectividade+fiscalizacao_ambiental+saneamento_agua+vigilancia_sinan	5475	
4	conectividade+fiscalizacao_ambiental+saude_producao+trabalho_empresa	5475	
4	conectividade+fiscalizacao_ambiental+saude_producao+transferencia_renda	5475	
4	conectividade+fiscalizacao_ambiental+saude_producao+vigilancia_sinan	5475	
4	conectividade+fiscalizacao_ambiental+trabalho_empresa+transferencia_renda	5475	
4	conectividade+fiscalizacao_ambiental+trabalho_empresa+vigilancia_sinan	5475	
4	conectividade+fiscalizacao_ambiental+transferencia_renda+vigilancia_sinan	5475	
4	credito_financeiro+demografia_censo+desmatamento_clima+fiscalizacao_ambiental	5475	H?
4	credito_financeiro+demografia_censo+educacao+fiscalizacao_ambiental	5475	
4	credito_financeiro+demografia_censo+fiscal_municipal+fiscalizacao_ambiental	5475	
4	credito_financeiro+demografia_censo+fiscalizacao_ambiental+fundiario	5475	H?
4	credito_financeiro+demografia_censo+fiscalizacao_ambiental+mobilidade	5475	
4	credito_financeiro+demografia_censo+fiscalizacao_ambiental+mortalidade	5475	
4	credito_financeiro+demografia_censo+fiscalizacao_ambiental+politica	5475	
4	credito_financeiro+demografia_censo+fiscalizacao_ambiental+saneamento_agua	5475	
4	credito_financeiro+demografia_censo+fiscalizacao_ambiental+saude_producao	5475	H?
4	credito_financeiro+demografia_censo+fiscalizacao_ambiental+trabalho_empresa	5475	
4	credito_financeiro+demografia_censo+fiscalizacao_ambiental+transferencia_renda	5475	
4	credito_financeiro+demografia_censo+fiscalizacao_ambiental+vigilancia_sinan	5475	
4	credito_financeiro+desmatamento_clima+educacao+fiscalizacao_ambiental	5475	
4	credito_financeiro+desmatamento_clima+fiscal_municipal+fiscalizacao_ambiental	5475	
4	credito_financeiro+desmatamento_clima+fiscalizacao_ambiental+fundiario	5475	H?
4	credito_financeiro+desmatamento_clima+fiscalizacao_ambiental+mobilidade	5475	
4	credito_financeiro+desmatamento_clima+fiscalizacao_ambiental+mortalidade	5475	
4	credito_financeiro+desmatamento_clima+fiscalizacao_ambiental+politica	5475	
4	credito_financeiro+desmatamento_clima+fiscalizacao_ambiental+saneamento_agua	5475	
4	credito_financeiro+desmatamento_clima+fiscalizacao_ambiental+saude_producao	5475	H?
4	credito_financeiro+desmatamento_clima+fiscalizacao_ambiental+trabalho_empresa	5475	
4	credito_financeiro+desmatamento_clima+fiscalizacao_ambiental+transferencia_renda	5475	
4	credito_financeiro+desmatamento_clima+fiscalizacao_ambiental+vigilancia_sinan	5475	
4	credito_financeiro+educacao+fiscal_municipal+fiscalizacao_ambiental	5475	
4	credito_financeiro+educacao+fiscalizacao_ambiental+fundiario	5475	
4	credito_financeiro+educacao+fiscalizacao_ambiental+mobilidade	5475	
4	credito_financeiro+educacao+fiscalizacao_ambiental+mortalidade	5475	
4	credito_financeiro+educacao+fiscalizacao_ambiental+politica	5475	
4	credito_financeiro+educacao+fiscalizacao_ambiental+saneamento_agua	5475	
4	credito_financeiro+educacao+fiscalizacao_ambiental+saude_producao	5475	
4	credito_financeiro+educacao+fiscalizacao_ambiental+trabalho_empresa	5475	
4	credito_financeiro+educacao+fiscalizacao_ambiental+transferencia_renda	5475	
4	credito_financeiro+educacao+fiscalizacao_ambiental+vigilancia_sinan	5475	
4	credito_financeiro+fiscal_municipal+fiscalizacao_ambiental+fundiario	5475	
4	credito_financeiro+fiscal_municipal+fiscalizacao_ambiental+mobilidade	5475	
4	credito_financeiro+fiscal_municipal+fiscalizacao_ambiental+mortalidade	5475	
4	credito_financeiro+fiscal_municipal+fiscalizacao_ambiental+politica	5475	
4	credito_financeiro+fiscal_municipal+fiscalizacao_ambiental+saneamento_agua	5475	
4	credito_financeiro+fiscal_municipal+fiscalizacao_ambiental+saude_producao	5475	
4	credito_financeiro+fiscal_municipal+fiscalizacao_ambiental+trabalho_empresa	5475	
4	credito_financeiro+fiscal_municipal+fiscalizacao_ambiental+transferencia_renda	5475	
4	credito_financeiro+fiscal_municipal+fiscalizacao_ambiental+vigilancia_sinan	5475	
4	credito_financeiro+fiscalizacao_ambiental+fundiario+mobilidade	5475	
4	credito_financeiro+fiscalizacao_ambiental+fundiario+mortalidade	5475	
4	credito_financeiro+fiscalizacao_ambiental+fundiario+politica	5475	
4	credito_financeiro+fiscalizacao_ambiental+fundiario+saneamento_agua	5475	
4	credito_financeiro+fiscalizacao_ambiental+fundiario+saude_producao	5475	H?
4	credito_financeiro+fiscalizacao_ambiental+fundiario+trabalho_empresa	5475	
4	credito_financeiro+fiscalizacao_ambiental+fundiario+transferencia_renda	5475	
4	credito_financeiro+fiscalizacao_ambiental+fundiario+vigilancia_sinan	5475	
4	credito_financeiro+fiscalizacao_ambiental+mobilidade+mortalidade	5475	
4	credito_financeiro+fiscalizacao_ambiental+mobilidade+politica	5475	
4	credito_financeiro+fiscalizacao_ambiental+mobilidade+saneamento_agua	5475	
4	credito_financeiro+fiscalizacao_ambiental+mobilidade+saude_producao	5475	
4	credito_financeiro+fiscalizacao_ambiental+mobilidade+trabalho_empresa	5475	
4	credito_financeiro+fiscalizacao_ambiental+mobilidade+transferencia_renda	5475	
4	credito_financeiro+fiscalizacao_ambiental+mobilidade+vigilancia_sinan	5475	
4	credito_financeiro+fiscalizacao_ambiental+mortalidade+politica	5475	
4	credito_financeiro+fiscalizacao_ambiental+mortalidade+saneamento_agua	5475	
4	credito_financeiro+fiscalizacao_ambiental+mortalidade+saude_producao	5475	
4	credito_financeiro+fiscalizacao_ambiental+mortalidade+trabalho_empresa	5475	
4	credito_financeiro+fiscalizacao_ambiental+mortalidade+transferencia_renda	5475	
4	credito_financeiro+fiscalizacao_ambiental+mortalidade+vigilancia_sinan	5475	
4	credito_financeiro+fiscalizacao_ambiental+politica+saneamento_agua	5475	
4	credito_financeiro+fiscalizacao_ambiental+politica+saude_producao	5475	
4	credito_financeiro+fiscalizacao_ambiental+politica+trabalho_empresa	5475	
4	credito_financeiro+fiscalizacao_ambiental+politica+transferencia_renda	5475	
4	credito_financeiro+fiscalizacao_ambiental+politica+vigilancia_sinan	5475	
4	credito_financeiro+fiscalizacao_ambiental+saneamento_agua+saude_producao	5475	
4	credito_financeiro+fiscalizacao_ambiental+saneamento_agua+trabalho_empresa	5475	
4	credito_financeiro+fiscalizacao_ambiental+saneamento_agua+transferencia_renda	5475	
4	credito_financeiro+fiscalizacao_ambiental+saneamento_agua+vigilancia_sinan	5475	
4	credito_financeiro+fiscalizacao_ambiental+saude_producao+trabalho_empresa	5475	
4	credito_financeiro+fiscalizacao_ambiental+saude_producao+transferencia_renda	5475	
4	credito_financeiro+fiscalizacao_ambiental+saude_producao+vigilancia_sinan	5475	
4	credito_financeiro+fiscalizacao_ambiental+trabalho_empresa+transferencia_renda	5475	
4	credito_financeiro+fiscalizacao_ambiental+trabalho_empresa+vigilancia_sinan	5475	
4	credito_financeiro+fiscalizacao_ambiental+transferencia_renda+vigilancia_sinan	5475	
4	demografia_censo+desmatamento_clima+educacao+fiscalizacao_ambiental	5475	
4	demografia_censo+desmatamento_clima+fiscal_municipal+fiscalizacao_ambiental	5475	
4	demografia_censo+desmatamento_clima+fiscalizacao_ambiental+fundiario	5475	H?
4	demografia_censo+desmatamento_clima+fiscalizacao_ambiental+mobilidade	5475	
4	demografia_censo+desmatamento_clima+fiscalizacao_ambiental+mortalidade	5475	
4	demografia_censo+desmatamento_clima+fiscalizacao_ambiental+politica	5475	
4	demografia_censo+desmatamento_clima+fiscalizacao_ambiental+saneamento_agua	5475	
4	demografia_censo+desmatamento_clima+fiscalizacao_ambiental+saude_producao	5475	H?
4	demografia_censo+desmatamento_clima+fiscalizacao_ambiental+trabalho_empresa	5475	
4	demografia_censo+desmatamento_clima+fiscalizacao_ambiental+transferencia_renda	5475	
4	demografia_censo+desmatamento_clima+fiscalizacao_ambiental+vigilancia_sinan	5475	
4	demografia_censo+educacao+fiscal_municipal+fiscalizacao_ambiental	5475	
4	demografia_censo+educacao+fiscalizacao_ambiental+fundiario	5475	
4	demografia_censo+educacao+fiscalizacao_ambiental+mobilidade	5475	
4	demografia_censo+educacao+fiscalizacao_ambiental+mortalidade	5475	
4	demografia_censo+educacao+fiscalizacao_ambiental+politica	5475	
4	demografia_censo+educacao+fiscalizacao_ambiental+saneamento_agua	5475	
4	demografia_censo+educacao+fiscalizacao_ambiental+saude_producao	5475	
4	demografia_censo+educacao+fiscalizacao_ambiental+trabalho_empresa	5475	
4	demografia_censo+educacao+fiscalizacao_ambiental+transferencia_renda	5475	
4	demografia_censo+educacao+fiscalizacao_ambiental+vigilancia_sinan	5475	
4	demografia_censo+fiscal_municipal+fiscalizacao_ambiental+fundiario	5475	
4	demografia_censo+fiscal_municipal+fiscalizacao_ambiental+mobilidade	5475	
4	demografia_censo+fiscal_municipal+fiscalizacao_ambiental+mortalidade	5475	
4	demografia_censo+fiscal_municipal+fiscalizacao_ambiental+politica	5475	
4	demografia_censo+fiscal_municipal+fiscalizacao_ambiental+saneamento_agua	5475	
4	demografia_censo+fiscal_municipal+fiscalizacao_ambiental+saude_producao	5475	
4	demografia_censo+fiscal_municipal+fiscalizacao_ambiental+trabalho_empresa	5475	
4	demografia_censo+fiscal_municipal+fiscalizacao_ambiental+transferencia_renda	5475	
4	demografia_censo+fiscal_municipal+fiscalizacao_ambiental+vigilancia_sinan	5475	
4	demografia_censo+fiscalizacao_ambiental+fundiario+mobilidade	5475	
4	demografia_censo+fiscalizacao_ambiental+fundiario+mortalidade	5475	
4	demografia_censo+fiscalizacao_ambiental+fundiario+politica	5475	
4	demografia_censo+fiscalizacao_ambiental+fundiario+saneamento_agua	5475	
4	demografia_censo+fiscalizacao_ambiental+fundiario+saude_producao	5475	H?
4	demografia_censo+fiscalizacao_ambiental+fundiario+trabalho_empresa	5475	
4	demografia_censo+fiscalizacao_ambiental+fundiario+transferencia_renda	5475	
4	demografia_censo+fiscalizacao_ambiental+fundiario+vigilancia_sinan	5475	
4	demografia_censo+fiscalizacao_ambiental+mobilidade+mortalidade	5475	
4	demografia_censo+fiscalizacao_ambiental+mobilidade+politica	5475	
4	demografia_censo+fiscalizacao_ambiental+mobilidade+saneamento_agua	5475	
4	demografia_censo+fiscalizacao_ambiental+mobilidade+saude_producao	5475	
4	demografia_censo+fiscalizacao_ambiental+mobilidade+trabalho_empresa	5475	
4	demografia_censo+fiscalizacao_ambiental+mobilidade+transferencia_renda	5475	
4	demografia_censo+fiscalizacao_ambiental+mobilidade+vigilancia_sinan	5475	
4	demografia_censo+fiscalizacao_ambiental+mortalidade+politica	5475	
4	demografia_censo+fiscalizacao_ambiental+mortalidade+saneamento_agua	5475	
4	demografia_censo+fiscalizacao_ambiental+mortalidade+saude_producao	5475	
4	demografia_censo+fiscalizacao_ambiental+mortalidade+trabalho_empresa	5475	
4	demografia_censo+fiscalizacao_ambiental+mortalidade+transferencia_renda	5475	
4	demografia_censo+fiscalizacao_ambiental+mortalidade+vigilancia_sinan	5475	
4	demografia_censo+fiscalizacao_ambiental+politica+saneamento_agua	5475	
4	demografia_censo+fiscalizacao_ambiental+politica+saude_producao	5475	
4	demografia_censo+fiscalizacao_ambiental+politica+trabalho_empresa	5475	
4	demografia_censo+fiscalizacao_ambiental+politica+transferencia_renda	5475	
4	demografia_censo+fiscalizacao_ambiental+politica+vigilancia_sinan	5475	
4	demografia_censo+fiscalizacao_ambiental+saneamento_agua+saude_producao	5475	
4	demografia_censo+fiscalizacao_ambiental+saneamento_agua+trabalho_empresa	5475	
4	demografia_censo+fiscalizacao_ambiental+saneamento_agua+transferencia_renda	5475	
4	demografia_censo+fiscalizacao_ambiental+saneamento_agua+vigilancia_sinan	5475	
4	demografia_censo+fiscalizacao_ambiental+saude_producao+trabalho_empresa	5475	
4	demografia_censo+fiscalizacao_ambiental+saude_producao+transferencia_renda	5475	
4	demografia_censo+fiscalizacao_ambiental+saude_producao+vigilancia_sinan	5475	
4	demografia_censo+fiscalizacao_ambiental+trabalho_empresa+transferencia_renda	5475	
4	demografia_censo+fiscalizacao_ambiental+trabalho_empresa+vigilancia_sinan	5475	
4	demografia_censo+fiscalizacao_ambiental+transferencia_renda+vigilancia_sinan	5475	
4	desmatamento_clima+educacao+fiscal_municipal+fiscalizacao_ambiental	5475	
4	desmatamento_clima+educacao+fiscalizacao_ambiental+fundiario	5475	
4	desmatamento_clima+educacao+fiscalizacao_ambiental+mobilidade	5475	
4	desmatamento_clima+educacao+fiscalizacao_ambiental+mortalidade	5475	
4	desmatamento_clima+educacao+fiscalizacao_ambiental+politica	5475	
4	desmatamento_clima+educacao+fiscalizacao_ambiental+saneamento_agua	5475	
4	desmatamento_clima+educacao+fiscalizacao_ambiental+saude_producao	5475	
4	desmatamento_clima+educacao+fiscalizacao_ambiental+trabalho_empresa	5475	
4	desmatamento_clima+educacao+fiscalizacao_ambiental+transferencia_renda	5475	
4	desmatamento_clima+educacao+fiscalizacao_ambiental+vigilancia_sinan	5475	
4	desmatamento_clima+fiscal_municipal+fiscalizacao_ambiental+fundiario	5475	
4	desmatamento_clima+fiscal_municipal+fiscalizacao_ambiental+mobilidade	5475	
4	desmatamento_clima+fiscal_municipal+fiscalizacao_ambiental+mortalidade	5475	
4	desmatamento_clima+fiscal_municipal+fiscalizacao_ambiental+politica	5475	
4	desmatamento_clima+fiscal_municipal+fiscalizacao_ambiental+saneamento_agua	5475	
4	desmatamento_clima+fiscal_municipal+fiscalizacao_ambiental+saude_producao	5475	
4	desmatamento_clima+fiscal_municipal+fiscalizacao_ambiental+trabalho_empresa	5475	
4	desmatamento_clima+fiscal_municipal+fiscalizacao_ambiental+transferencia_renda	5475	
4	desmatamento_clima+fiscal_municipal+fiscalizacao_ambiental+vigilancia_sinan	5475	
4	desmatamento_clima+fiscalizacao_ambiental+fundiario+mobilidade	5475	
4	desmatamento_clima+fiscalizacao_ambiental+fundiario+mortalidade	5475	
4	desmatamento_clima+fiscalizacao_ambiental+fundiario+politica	5475	
4	desmatamento_clima+fiscalizacao_ambiental+fundiario+saneamento_agua	5475	
4	desmatamento_clima+fiscalizacao_ambiental+fundiario+saude_producao	5475	H?
4	desmatamento_clima+fiscalizacao_ambiental+fundiario+trabalho_empresa	5475	
4	desmatamento_clima+fiscalizacao_ambiental+fundiario+transferencia_renda	5475	
4	desmatamento_clima+fiscalizacao_ambiental+fundiario+vigilancia_sinan	5475	
4	desmatamento_clima+fiscalizacao_ambiental+mobilidade+mortalidade	5475	
4	desmatamento_clima+fiscalizacao_ambiental+mobilidade+politica	5475	
4	desmatamento_clima+fiscalizacao_ambiental+mobilidade+saneamento_agua	5475	
4	desmatamento_clima+fiscalizacao_ambiental+mobilidade+saude_producao	5475	
4	desmatamento_clima+fiscalizacao_ambiental+mobilidade+trabalho_empresa	5475	
4	desmatamento_clima+fiscalizacao_ambiental+mobilidade+transferencia_renda	5475	
4	desmatamento_clima+fiscalizacao_ambiental+mobilidade+vigilancia_sinan	5475	
4	desmatamento_clima+fiscalizacao_ambiental+mortalidade+politica	5475	
4	desmatamento_clima+fiscalizacao_ambiental+mortalidade+saneamento_agua	5475	
4	desmatamento_clima+fiscalizacao_ambiental+mortalidade+saude_producao	5475	
4	desmatamento_clima+fiscalizacao_ambiental+mortalidade+trabalho_empresa	5475	
4	desmatamento_clima+fiscalizacao_ambiental+mortalidade+transferencia_renda	5475	
4	desmatamento_clima+fiscalizacao_ambiental+mortalidade+vigilancia_sinan	5475	
4	desmatamento_clima+fiscalizacao_ambiental+politica+saneamento_agua	5475	
4	desmatamento_clima+fiscalizacao_ambiental+politica+saude_producao	5475	
4	desmatamento_clima+fiscalizacao_ambiental+politica+trabalho_empresa	5475	
4	desmatamento_clima+fiscalizacao_ambiental+politica+transferencia_renda	5475	
4	desmatamento_clima+fiscalizacao_ambiental+politica+vigilancia_sinan	5475	
4	desmatamento_clima+fiscalizacao_ambiental+saneamento_agua+saude_producao	5475	
4	desmatamento_clima+fiscalizacao_ambiental+saneamento_agua+trabalho_empresa	5475	
4	desmatamento_clima+fiscalizacao_ambiental+saneamento_agua+transferencia_renda	5475	
4	desmatamento_clima+fiscalizacao_ambiental+saneamento_agua+vigilancia_sinan	5475	
4	desmatamento_clima+fiscalizacao_ambiental+saude_producao+trabalho_empresa	5475	
4	desmatamento_clima+fiscalizacao_ambiental+saude_producao+transferencia_renda	5475	
4	desmatamento_clima+fiscalizacao_ambiental+saude_producao+vigilancia_sinan	5475	
4	desmatamento_clima+fiscalizacao_ambiental+trabalho_empresa+transferencia_renda	5475	
4	desmatamento_clima+fiscalizacao_ambiental+trabalho_empresa+vigilancia_sinan	5475	
4	desmatamento_clima+fiscalizacao_ambiental+transferencia_renda+vigilancia_sinan	5475	
4	educacao+fiscal_municipal+fiscalizacao_ambiental+fundiario	5475	
4	educacao+fiscal_municipal+fiscalizacao_ambiental+mobilidade	5475	
4	educacao+fiscal_municipal+fiscalizacao_ambiental+mortalidade	5475	
4	educacao+fiscal_municipal+fiscalizacao_ambiental+politica	5475	
4	educacao+fiscal_municipal+fiscalizacao_ambiental+saneamento_agua	5475	
4	educacao+fiscal_municipal+fiscalizacao_ambiental+saude_producao	5475	
4	educacao+fiscal_municipal+fiscalizacao_ambiental+trabalho_empresa	5475	
4	educacao+fiscal_municipal+fiscalizacao_ambiental+transferencia_renda	5475	
4	educacao+fiscal_municipal+fiscalizacao_ambiental+vigilancia_sinan	5475	
4	educacao+fiscalizacao_ambiental+fundiario+mobilidade	5475	
4	educacao+fiscalizacao_ambiental+fundiario+mortalidade	5475	
4	educacao+fiscalizacao_ambiental+fundiario+politica	5475	
4	educacao+fiscalizacao_ambiental+fundiario+saneamento_agua	5475	
4	educacao+fiscalizacao_ambiental+fundiario+saude_producao	5475	
4	educacao+fiscalizacao_ambiental+fundiario+trabalho_empresa	5475	
4	educacao+fiscalizacao_ambiental+fundiario+transferencia_renda	5475	
4	educacao+fiscalizacao_ambiental+fundiario+vigilancia_sinan	5475	
4	educacao+fiscalizacao_ambiental+mobilidade+mortalidade	5475	
4	educacao+fiscalizacao_ambiental+mobilidade+politica	5475	
4	educacao+fiscalizacao_ambiental+mobilidade+saneamento_agua	5475	
4	educacao+fiscalizacao_ambiental+mobilidade+saude_producao	5475	
4	educacao+fiscalizacao_ambiental+mobilidade+trabalho_empresa	5475	
4	educacao+fiscalizacao_ambiental+mobilidade+transferencia_renda	5475	
4	educacao+fiscalizacao_ambiental+mobilidade+vigilancia_sinan	5475	
4	educacao+fiscalizacao_ambiental+mortalidade+politica	5475	
4	educacao+fiscalizacao_ambiental+mortalidade+saneamento_agua	5475	
4	educacao+fiscalizacao_ambiental+mortalidade+saude_producao	5475	
4	educacao+fiscalizacao_ambiental+mortalidade+trabalho_empresa	5475	
4	educacao+fiscalizacao_ambiental+mortalidade+transferencia_renda	5475	
4	educacao+fiscalizacao_ambiental+mortalidade+vigilancia_sinan	5475	
4	educacao+fiscalizacao_ambiental+politica+saneamento_agua	5475	
4	educacao+fiscalizacao_ambiental+politica+saude_producao	5475	
4	educacao+fiscalizacao_ambiental+politica+trabalho_empresa	5475	
4	educacao+fiscalizacao_ambiental+politica+transferencia_renda	5475	
4	educacao+fiscalizacao_ambiental+politica+vigilancia_sinan	5475	
4	educacao+fiscalizacao_ambiental+saneamento_agua+saude_producao	5475	
4	educacao+fiscalizacao_ambiental+saneamento_agua+trabalho_empresa	5475	
4	educacao+fiscalizacao_ambiental+saneamento_agua+transferencia_renda	5475	
4	educacao+fiscalizacao_ambiental+saneamento_agua+vigilancia_sinan	5475	
4	educacao+fiscalizacao_ambiental+saude_producao+trabalho_empresa	5475	
4	educacao+fiscalizacao_ambiental+saude_producao+transferencia_renda	5475	
4	educacao+fiscalizacao_ambiental+saude_producao+vigilancia_sinan	5475	
4	educacao+fiscalizacao_ambiental+trabalho_empresa+transferencia_renda	5475	
4	educacao+fiscalizacao_ambiental+trabalho_empresa+vigilancia_sinan	5475	
4	educacao+fiscalizacao_ambiental+transferencia_renda+vigilancia_sinan	5475	
4	fiscal_municipal+fiscalizacao_ambiental+fundiario+mobilidade	5475	
4	fiscal_municipal+fiscalizacao_ambiental+fundiario+mortalidade	5475	
4	fiscal_municipal+fiscalizacao_ambiental+fundiario+politica	5475	
4	fiscal_municipal+fiscalizacao_ambiental+fundiario+saneamento_agua	5475	
4	fiscal_municipal+fiscalizacao_ambiental+fundiario+saude_producao	5475	
4	fiscal_municipal+fiscalizacao_ambiental+fundiario+trabalho_empresa	5475	
4	fiscal_municipal+fiscalizacao_ambiental+fundiario+transferencia_renda	5475	
4	fiscal_municipal+fiscalizacao_ambiental+fundiario+vigilancia_sinan	5475	
4	fiscal_municipal+fiscalizacao_ambiental+mobilidade+mortalidade	5475	
4	fiscal_municipal+fiscalizacao_ambiental+mobilidade+politica	5475	
4	fiscal_municipal+fiscalizacao_ambiental+mobilidade+saneamento_agua	5475	
4	fiscal_municipal+fiscalizacao_ambiental+mobilidade+saude_producao	5475	
4	fiscal_municipal+fiscalizacao_ambiental+mobilidade+trabalho_empresa	5475	
4	fiscal_municipal+fiscalizacao_ambiental+mobilidade+transferencia_renda	5475	
4	fiscal_municipal+fiscalizacao_ambiental+mobilidade+vigilancia_sinan	5475	
4	fiscal_municipal+fiscalizacao_ambiental+mortalidade+politica	5475	
4	fiscal_municipal+fiscalizacao_ambiental+mortalidade+saneamento_agua	5475	
4	fiscal_municipal+fiscalizacao_ambiental+mortalidade+saude_producao	5475	
4	fiscal_municipal+fiscalizacao_ambiental+mortalidade+trabalho_empresa	5475	
4	fiscal_municipal+fiscalizacao_ambiental+mortalidade+transferencia_renda	5475	
4	fiscal_municipal+fiscalizacao_ambiental+mortalidade+vigilancia_sinan	5475	
4	fiscal_municipal+fiscalizacao_ambiental+politica+saneamento_agua	5475	
4	fiscal_municipal+fiscalizacao_ambiental+politica+saude_producao	5475	
4	fiscal_municipal+fiscalizacao_ambiental+politica+trabalho_empresa	5475	
4	fiscal_municipal+fiscalizacao_ambiental+politica+transferencia_renda	5475	
4	fiscal_municipal+fiscalizacao_ambiental+politica+vigilancia_sinan	5475	
4	fiscal_municipal+fiscalizacao_ambiental+saneamento_agua+saude_producao	5475	
4	fiscal_municipal+fiscalizacao_ambiental+saneamento_agua+trabalho_empresa	5475	
4	fiscal_municipal+fiscalizacao_ambiental+saneamento_agua+transferencia_renda	5475	
4	fiscal_municipal+fiscalizacao_ambiental+saneamento_agua+vigilancia_sinan	5475	
4	fiscal_municipal+fiscalizacao_ambiental+saude_producao+trabalho_empresa	5475	
4	fiscal_municipal+fiscalizacao_ambiental+saude_producao+transferencia_renda	5475	
4	fiscal_municipal+fiscalizacao_ambiental+saude_producao+vigilancia_sinan	5475	
4	fiscal_municipal+fiscalizacao_ambiental+trabalho_empresa+transferencia_renda	5475	
4	fiscal_municipal+fiscalizacao_ambiental+trabalho_empresa+vigilancia_sinan	5475	
4	fiscal_municipal+fiscalizacao_ambiental+transferencia_renda+vigilancia_sinan	5475	
4	fiscalizacao_ambiental+fundiario+mobilidade+mortalidade	5475	
4	fiscalizacao_ambiental+fundiario+mobilidade+politica	5475	
4	fiscalizacao_ambiental+fundiario+mobilidade+saneamento_agua	5475	
4	fiscalizacao_ambiental+fundiario+mobilidade+saude_producao	5475	
4	fiscalizacao_ambiental+fundiario+mobilidade+trabalho_empresa	5475	
4	fiscalizacao_ambiental+fundiario+mobilidade+transferencia_renda	5475	
4	fiscalizacao_ambiental+fundiario+mobilidade+vigilancia_sinan	5475	
4	fiscalizacao_ambiental+fundiario+mortalidade+politica	5475	
4	fiscalizacao_ambiental+fundiario+mortalidade+saneamento_agua	5475	
4	fiscalizacao_ambiental+fundiario+mortalidade+saude_producao	5475	
4	fiscalizacao_ambiental+fundiario+mortalidade+trabalho_empresa	5475	
4	fiscalizacao_ambiental+fundiario+mortalidade+transferencia_renda	5475	
4	fiscalizacao_ambiental+fundiario+mortalidade+vigilancia_sinan	5475	
4	fiscalizacao_ambiental+fundiario+politica+saneamento_agua	5475	
4	fiscalizacao_ambiental+fundiario+politica+saude_producao	5475	
4	fiscalizacao_ambiental+fundiario+politica+trabalho_empresa	5475	
4	fiscalizacao_ambiental+fundiario+politica+transferencia_renda	5475	
4	fiscalizacao_ambiental+fundiario+politica+vigilancia_sinan	5475	
4	fiscalizacao_ambiental+fundiario+saneamento_agua+saude_producao	5475	
4	fiscalizacao_ambiental+fundiario+saneamento_agua+trabalho_empresa	5475	
4	fiscalizacao_ambiental+fundiario+saneamento_agua+transferencia_renda	5475	
4	fiscalizacao_ambiental+fundiario+saneamento_agua+vigilancia_sinan	5475	
4	fiscalizacao_ambiental+fundiario+saude_producao+trabalho_empresa	5475	
4	fiscalizacao_ambiental+fundiario+saude_producao+transferencia_renda	5475	
4	fiscalizacao_ambiental+fundiario+saude_producao+vigilancia_sinan	5475	
4	fiscalizacao_ambiental+fundiario+trabalho_empresa+transferencia_renda	5475	
4	fiscalizacao_ambiental+fundiario+trabalho_empresa+vigilancia_sinan	5475	
4	fiscalizacao_ambiental+fundiario+transferencia_renda+vigilancia_sinan	5475	
4	fiscalizacao_ambiental+mobilidade+mortalidade+politica	5475	
4	fiscalizacao_ambiental+mobilidade+mortalidade+saneamento_agua	5475	
4	fiscalizacao_ambiental+mobilidade+mortalidade+saude_producao	5475	
4	fiscalizacao_ambiental+mobilidade+mortalidade+trabalho_empresa	5475	
4	fiscalizacao_ambiental+mobilidade+mortalidade+transferencia_renda	5475	
4	fiscalizacao_ambiental+mobilidade+mortalidade+vigilancia_sinan	5475	
4	fiscalizacao_ambiental+mobilidade+politica+saneamento_agua	5475	
4	fiscalizacao_ambiental+mobilidade+politica+saude_producao	5475	
4	fiscalizacao_ambiental+mobilidade+politica+trabalho_empresa	5475	
4	fiscalizacao_ambiental+mobilidade+politica+transferencia_renda	5475	
4	fiscalizacao_ambiental+mobilidade+politica+vigilancia_sinan	5475	
4	fiscalizacao_ambiental+mobilidade+saneamento_agua+saude_producao	5475	
4	fiscalizacao_ambiental+mobilidade+saneamento_agua+trabalho_empresa	5475	
4	fiscalizacao_ambiental+mobilidade+saneamento_agua+transferencia_renda	5475	
4	fiscalizacao_ambiental+mobilidade+saneamento_agua+vigilancia_sinan	5475	
4	fiscalizacao_ambiental+mobilidade+saude_producao+trabalho_empresa	5475	
4	fiscalizacao_ambiental+mobilidade+saude_producao+transferencia_renda	5475	
4	fiscalizacao_ambiental+mobilidade+saude_producao+vigilancia_sinan	5475	
4	fiscalizacao_ambiental+mobilidade+trabalho_empresa+transferencia_renda	5475	
4	fiscalizacao_ambiental+mobilidade+trabalho_empresa+vigilancia_sinan	5475	
4	fiscalizacao_ambiental+mobilidade+transferencia_renda+vigilancia_sinan	5475	
4	fiscalizacao_ambiental+mortalidade+politica+saneamento_agua	5475	
4	fiscalizacao_ambiental+mortalidade+politica+saude_producao	5475	
4	fiscalizacao_ambiental+mortalidade+politica+trabalho_empresa	5475	
4	fiscalizacao_ambiental+mortalidade+politica+transferencia_renda	5475	
4	fiscalizacao_ambiental+mortalidade+politica+vigilancia_sinan	5475	
4	fiscalizacao_ambiental+mortalidade+saneamento_agua+saude_producao	5475	
4	fiscalizacao_ambiental+mortalidade+saneamento_agua+trabalho_empresa	5475	
4	fiscalizacao_ambiental+mortalidade+saneamento_agua+transferencia_renda	5475	
4	fiscalizacao_ambiental+mortalidade+saneamento_agua+vigilancia_sinan	5475	
4	fiscalizacao_ambiental+mortalidade+saude_producao+trabalho_empresa	5475	
4	fiscalizacao_ambiental+mortalidade+saude_producao+transferencia_renda	5475	
4	fiscalizacao_ambiental+mortalidade+saude_producao+vigilancia_sinan	5475	
4	fiscalizacao_ambiental+mortalidade+trabalho_empresa+transferencia_renda	5475	
4	fiscalizacao_ambiental+mortalidade+trabalho_empresa+vigilancia_sinan	5475	
4	fiscalizacao_ambiental+mortalidade+transferencia_renda+vigilancia_sinan	5475	
4	fiscalizacao_ambiental+politica+saneamento_agua+saude_producao	5475	
4	fiscalizacao_ambiental+politica+saneamento_agua+trabalho_empresa	5475	
4	fiscalizacao_ambiental+politica+saneamento_agua+transferencia_renda	5475	
4	fiscalizacao_ambiental+politica+saneamento_agua+vigilancia_sinan	5475	
4	fiscalizacao_ambiental+politica+saude_producao+trabalho_empresa	5475	
4	fiscalizacao_ambiental+politica+saude_producao+transferencia_renda	5475	
4	fiscalizacao_ambiental+politica+saude_producao+vigilancia_sinan	5475	
4	fiscalizacao_ambiental+politica+trabalho_empresa+transferencia_renda	5475	
4	fiscalizacao_ambiental+politica+trabalho_empresa+vigilancia_sinan	5475	
4	fiscalizacao_ambiental+politica+transferencia_renda+vigilancia_sinan	5475	
4	fiscalizacao_ambiental+saneamento_agua+saude_producao+trabalho_empresa	5475	
4	fiscalizacao_ambiental+saneamento_agua+saude_producao+transferencia_renda	5475	
4	fiscalizacao_ambiental+saneamento_agua+saude_producao+vigilancia_sinan	5475	
4	fiscalizacao_ambiental+saneamento_agua+trabalho_empresa+transferencia_renda	5475	
4	fiscalizacao_ambiental+saneamento_agua+trabalho_empresa+vigilancia_sinan	5475	
4	fiscalizacao_ambiental+saneamento_agua+transferencia_renda+vigilancia_sinan	5475	
4	fiscalizacao_ambiental+saude_producao+trabalho_empresa+transferencia_renda	5475	
4	fiscalizacao_ambiental+saude_producao+trabalho_empresa+vigilancia_sinan	5475	
4	fiscalizacao_ambiental+saude_producao+transferencia_renda+vigilancia_sinan	5475	
4	fiscalizacao_ambiental+trabalho_empresa+transferencia_renda+vigilancia_sinan	5475	
4	agropecuaria+compras_publicas+conectividade+credito_financeiro	5419	
4	agropecuaria+compras_publicas+conectividade+demografia_censo	5419	
4	agropecuaria+compras_publicas+conectividade+desmatamento_clima	5419	
4	agropecuaria+compras_publicas+conectividade+educacao	5419	
4	agropecuaria+compras_publicas+conectividade+fiscal_municipal	5419	
4	agropecuaria+compras_publicas+conectividade+fiscalizacao_ambiental	5419	
4	agropecuaria+compras_publicas+conectividade+fundiario	5419	
4	agropecuaria+compras_publicas+conectividade+mobilidade	5419	
4	agropecuaria+compras_publicas+conectividade+mortalidade	5419	
4	agropecuaria+compras_publicas+conectividade+politica	5419	
4	agropecuaria+compras_publicas+conectividade+saneamento_agua	5419	
4	agropecuaria+compras_publicas+conectividade+saude_producao	5419	
4	agropecuaria+compras_publicas+conectividade+trabalho_empresa	5419	
4	agropecuaria+compras_publicas+conectividade+transferencia_renda	5419	
4	agropecuaria+compras_publicas+conectividade+vigilancia_sinan	5419	
4	agropecuaria+compras_publicas+credito_financeiro+demografia_censo	5419	
4	agropecuaria+compras_publicas+credito_financeiro+desmatamento_clima	5419	
4	agropecuaria+compras_publicas+credito_financeiro+educacao	5419	
4	agropecuaria+compras_publicas+credito_financeiro+fiscal_municipal	5419	
4	agropecuaria+compras_publicas+credito_financeiro+fiscalizacao_ambiental	5419	
4	agropecuaria+compras_publicas+credito_financeiro+fundiario	5419	
4	agropecuaria+compras_publicas+credito_financeiro+mobilidade	5419	
4	agropecuaria+compras_publicas+credito_financeiro+mortalidade	5419	
4	agropecuaria+compras_publicas+credito_financeiro+politica	5419	
4	agropecuaria+compras_publicas+credito_financeiro+saneamento_agua	5419	
4	agropecuaria+compras_publicas+credito_financeiro+saude_producao	5419	
4	agropecuaria+compras_publicas+credito_financeiro+trabalho_empresa	5419	
4	agropecuaria+compras_publicas+credito_financeiro+transferencia_renda	5419	
4	agropecuaria+compras_publicas+credito_financeiro+vigilancia_sinan	5419	
4	agropecuaria+compras_publicas+demografia_censo+desmatamento_clima	5419	
4	agropecuaria+compras_publicas+demografia_censo+educacao	5419	
4	agropecuaria+compras_publicas+demografia_censo+fiscal_municipal	5419	
4	agropecuaria+compras_publicas+demografia_censo+fiscalizacao_ambiental	5419	
4	agropecuaria+compras_publicas+demografia_censo+fundiario	5419	
4	agropecuaria+compras_publicas+demografia_censo+mobilidade	5419	
4	agropecuaria+compras_publicas+demografia_censo+mortalidade	5419	
4	agropecuaria+compras_publicas+demografia_censo+politica	5419	
4	agropecuaria+compras_publicas+demografia_censo+saneamento_agua	5419	
4	agropecuaria+compras_publicas+demografia_censo+saude_producao	5419	
4	agropecuaria+compras_publicas+demografia_censo+trabalho_empresa	5419	
4	agropecuaria+compras_publicas+demografia_censo+transferencia_renda	5419	
4	agropecuaria+compras_publicas+demografia_censo+vigilancia_sinan	5419	
4	agropecuaria+compras_publicas+desmatamento_clima+educacao	5419	
4	agropecuaria+compras_publicas+desmatamento_clima+fiscal_municipal	5419	
4	agropecuaria+compras_publicas+desmatamento_clima+fiscalizacao_ambiental	5419	
4	agropecuaria+compras_publicas+desmatamento_clima+fundiario	5419	
4	agropecuaria+compras_publicas+desmatamento_clima+mobilidade	5419	
4	agropecuaria+compras_publicas+desmatamento_clima+mortalidade	5419	
4	agropecuaria+compras_publicas+desmatamento_clima+politica	5419	
4	agropecuaria+compras_publicas+desmatamento_clima+saneamento_agua	5419	
4	agropecuaria+compras_publicas+desmatamento_clima+saude_producao	5419	
4	agropecuaria+compras_publicas+desmatamento_clima+trabalho_empresa	5419	
4	agropecuaria+compras_publicas+desmatamento_clima+transferencia_renda	5419	
4	agropecuaria+compras_publicas+desmatamento_clima+vigilancia_sinan	5419	
4	agropecuaria+compras_publicas+educacao+fiscal_municipal	5419	
4	agropecuaria+compras_publicas+educacao+fiscalizacao_ambiental	5419	
4	agropecuaria+compras_publicas+educacao+fundiario	5419	
4	agropecuaria+compras_publicas+educacao+mobilidade	5419	
4	agropecuaria+compras_publicas+educacao+mortalidade	5419	
4	agropecuaria+compras_publicas+educacao+politica	5419	
4	agropecuaria+compras_publicas+educacao+saneamento_agua	5419	
4	agropecuaria+compras_publicas+educacao+saude_producao	5419	
4	agropecuaria+compras_publicas+educacao+trabalho_empresa	5419	
4	agropecuaria+compras_publicas+educacao+transferencia_renda	5419	
4	agropecuaria+compras_publicas+educacao+vigilancia_sinan	5419	
4	agropecuaria+compras_publicas+fiscal_municipal+fiscalizacao_ambiental	5419	
4	agropecuaria+compras_publicas+fiscal_municipal+fundiario	5419	
4	agropecuaria+compras_publicas+fiscal_municipal+mobilidade	5419	
4	agropecuaria+compras_publicas+fiscal_municipal+mortalidade	5419	
4	agropecuaria+compras_publicas+fiscal_municipal+politica	5419	
4	agropecuaria+compras_publicas+fiscal_municipal+saneamento_agua	5419	
4	agropecuaria+compras_publicas+fiscal_municipal+saude_producao	5419	
4	agropecuaria+compras_publicas+fiscal_municipal+trabalho_empresa	5419	
4	agropecuaria+compras_publicas+fiscal_municipal+transferencia_renda	5419	
4	agropecuaria+compras_publicas+fiscal_municipal+vigilancia_sinan	5419	
4	agropecuaria+compras_publicas+fiscalizacao_ambiental+fundiario	5419	
4	agropecuaria+compras_publicas+fiscalizacao_ambiental+mobilidade	5419	
4	agropecuaria+compras_publicas+fiscalizacao_ambiental+mortalidade	5419	
4	agropecuaria+compras_publicas+fiscalizacao_ambiental+politica	5419	
4	agropecuaria+compras_publicas+fiscalizacao_ambiental+saneamento_agua	5419	
4	agropecuaria+compras_publicas+fiscalizacao_ambiental+saude_producao	5419	
4	agropecuaria+compras_publicas+fiscalizacao_ambiental+trabalho_empresa	5419	
4	agropecuaria+compras_publicas+fiscalizacao_ambiental+transferencia_renda	5419	
4	agropecuaria+compras_publicas+fiscalizacao_ambiental+vigilancia_sinan	5419	
4	agropecuaria+compras_publicas+fundiario+mobilidade	5419	
4	agropecuaria+compras_publicas+fundiario+mortalidade	5419	
4	agropecuaria+compras_publicas+fundiario+politica	5419	
4	agropecuaria+compras_publicas+fundiario+saneamento_agua	5419	
4	agropecuaria+compras_publicas+fundiario+saude_producao	5419	
4	agropecuaria+compras_publicas+fundiario+trabalho_empresa	5419	
4	agropecuaria+compras_publicas+fundiario+transferencia_renda	5419	
4	agropecuaria+compras_publicas+fundiario+vigilancia_sinan	5419	
4	agropecuaria+compras_publicas+mobilidade+mortalidade	5419	
4	agropecuaria+compras_publicas+mobilidade+politica	5419	
4	agropecuaria+compras_publicas+mobilidade+saneamento_agua	5419	
4	agropecuaria+compras_publicas+mobilidade+saude_producao	5419	
4	agropecuaria+compras_publicas+mobilidade+trabalho_empresa	5419	
4	agropecuaria+compras_publicas+mobilidade+transferencia_renda	5419	
4	agropecuaria+compras_publicas+mobilidade+vigilancia_sinan	5419	
4	agropecuaria+compras_publicas+mortalidade+politica	5419	
4	agropecuaria+compras_publicas+mortalidade+saneamento_agua	5419	
4	agropecuaria+compras_publicas+mortalidade+saude_producao	5419	
4	agropecuaria+compras_publicas+mortalidade+trabalho_empresa	5419	
4	agropecuaria+compras_publicas+mortalidade+transferencia_renda	5419	
4	agropecuaria+compras_publicas+mortalidade+vigilancia_sinan	5419	
4	agropecuaria+compras_publicas+politica+saneamento_agua	5419	
4	agropecuaria+compras_publicas+politica+saude_producao	5419	
4	agropecuaria+compras_publicas+politica+trabalho_empresa	5419	
4	agropecuaria+compras_publicas+politica+transferencia_renda	5419	
4	agropecuaria+compras_publicas+politica+vigilancia_sinan	5419	
4	agropecuaria+compras_publicas+saneamento_agua+saude_producao	5419	
4	agropecuaria+compras_publicas+saneamento_agua+trabalho_empresa	5419	
4	agropecuaria+compras_publicas+saneamento_agua+transferencia_renda	5419	
4	agropecuaria+compras_publicas+saneamento_agua+vigilancia_sinan	5419	
4	agropecuaria+compras_publicas+saude_producao+trabalho_empresa	5419	
4	agropecuaria+compras_publicas+saude_producao+transferencia_renda	5419	
4	agropecuaria+compras_publicas+saude_producao+vigilancia_sinan	5419	
4	agropecuaria+compras_publicas+trabalho_empresa+transferencia_renda	5419	
4	agropecuaria+compras_publicas+trabalho_empresa+vigilancia_sinan	5419	
4	agropecuaria+compras_publicas+transferencia_renda+vigilancia_sinan	5419	
4	compras_publicas+conectividade+credito_financeiro+demografia_censo	5419	
4	compras_publicas+conectividade+credito_financeiro+desmatamento_clima	5419	
4	compras_publicas+conectividade+credito_financeiro+educacao	5419	
4	compras_publicas+conectividade+credito_financeiro+fiscal_municipal	5419	
4	compras_publicas+conectividade+credito_financeiro+fiscalizacao_ambiental	5419	
4	compras_publicas+conectividade+credito_financeiro+fundiario	5419	
4	compras_publicas+conectividade+credito_financeiro+mobilidade	5419	
4	compras_publicas+conectividade+credito_financeiro+mortalidade	5419	
4	compras_publicas+conectividade+credito_financeiro+politica	5419	
4	compras_publicas+conectividade+credito_financeiro+saneamento_agua	5419	
4	compras_publicas+conectividade+credito_financeiro+saude_producao	5419	
4	compras_publicas+conectividade+credito_financeiro+trabalho_empresa	5419	
4	compras_publicas+conectividade+credito_financeiro+transferencia_renda	5419	
4	compras_publicas+conectividade+credito_financeiro+vigilancia_sinan	5419	
4	compras_publicas+conectividade+demografia_censo+desmatamento_clima	5419	
4	compras_publicas+conectividade+demografia_censo+educacao	5419	
4	compras_publicas+conectividade+demografia_censo+fiscal_municipal	5419	
4	compras_publicas+conectividade+demografia_censo+fiscalizacao_ambiental	5419	
4	compras_publicas+conectividade+demografia_censo+fundiario	5419	
4	compras_publicas+conectividade+demografia_censo+mobilidade	5419	
4	compras_publicas+conectividade+demografia_censo+mortalidade	5419	
4	compras_publicas+conectividade+demografia_censo+politica	5419	
4	compras_publicas+conectividade+demografia_censo+saneamento_agua	5419	P68-4
4	compras_publicas+conectividade+demografia_censo+saude_producao	5419	
4	compras_publicas+conectividade+demografia_censo+trabalho_empresa	5419	
4	compras_publicas+conectividade+demografia_censo+transferencia_renda	5419	
4	compras_publicas+conectividade+demografia_censo+vigilancia_sinan	5419	
4	compras_publicas+conectividade+desmatamento_clima+educacao	5419	
4	compras_publicas+conectividade+desmatamento_clima+fiscal_municipal	5419	
4	compras_publicas+conectividade+desmatamento_clima+fiscalizacao_ambiental	5419	
4	compras_publicas+conectividade+desmatamento_clima+fundiario	5419	
4	compras_publicas+conectividade+desmatamento_clima+mobilidade	5419	
4	compras_publicas+conectividade+desmatamento_clima+mortalidade	5419	
4	compras_publicas+conectividade+desmatamento_clima+politica	5419	
4	compras_publicas+conectividade+desmatamento_clima+saneamento_agua	5419	
4	compras_publicas+conectividade+desmatamento_clima+saude_producao	5419	
4	compras_publicas+conectividade+desmatamento_clima+trabalho_empresa	5419	
4	compras_publicas+conectividade+desmatamento_clima+transferencia_renda	5419	
4	compras_publicas+conectividade+desmatamento_clima+vigilancia_sinan	5419	
4	compras_publicas+conectividade+educacao+fiscal_municipal	5419	
4	compras_publicas+conectividade+educacao+fiscalizacao_ambiental	5419	
4	compras_publicas+conectividade+educacao+fundiario	5419	
4	compras_publicas+conectividade+educacao+mobilidade	5419	
4	compras_publicas+conectividade+educacao+mortalidade	5419	
4	compras_publicas+conectividade+educacao+politica	5419	
4	compras_publicas+conectividade+educacao+saneamento_agua	5419	
4	compras_publicas+conectividade+educacao+saude_producao	5419	
4	compras_publicas+conectividade+educacao+trabalho_empresa	5419	
4	compras_publicas+conectividade+educacao+transferencia_renda	5419	
4	compras_publicas+conectividade+educacao+vigilancia_sinan	5419	
4	compras_publicas+conectividade+fiscal_municipal+fiscalizacao_ambiental	5419	
4	compras_publicas+conectividade+fiscal_municipal+fundiario	5419	
4	compras_publicas+conectividade+fiscal_municipal+mobilidade	5419	
4	compras_publicas+conectividade+fiscal_municipal+mortalidade	5419	
4	compras_publicas+conectividade+fiscal_municipal+politica	5419	
4	compras_publicas+conectividade+fiscal_municipal+saneamento_agua	5419	
4	compras_publicas+conectividade+fiscal_municipal+saude_producao	5419	
4	compras_publicas+conectividade+fiscal_municipal+trabalho_empresa	5419	
4	compras_publicas+conectividade+fiscal_municipal+transferencia_renda	5419	
4	compras_publicas+conectividade+fiscal_municipal+vigilancia_sinan	5419	
4	compras_publicas+conectividade+fiscalizacao_ambiental+fundiario	5419	
4	compras_publicas+conectividade+fiscalizacao_ambiental+mobilidade	5419	
4	compras_publicas+conectividade+fiscalizacao_ambiental+mortalidade	5419	
4	compras_publicas+conectividade+fiscalizacao_ambiental+politica	5419	
4	compras_publicas+conectividade+fiscalizacao_ambiental+saneamento_agua	5419	
4	compras_publicas+conectividade+fiscalizacao_ambiental+saude_producao	5419	
4	compras_publicas+conectividade+fiscalizacao_ambiental+trabalho_empresa	5419	
4	compras_publicas+conectividade+fiscalizacao_ambiental+transferencia_renda	5419	
4	compras_publicas+conectividade+fiscalizacao_ambiental+vigilancia_sinan	5419	
4	compras_publicas+conectividade+fundiario+mobilidade	5419	
4	compras_publicas+conectividade+fundiario+mortalidade	5419	
4	compras_publicas+conectividade+fundiario+politica	5419	
4	compras_publicas+conectividade+fundiario+saneamento_agua	5419	
4	compras_publicas+conectividade+fundiario+saude_producao	5419	
4	compras_publicas+conectividade+fundiario+trabalho_empresa	5419	
4	compras_publicas+conectividade+fundiario+transferencia_renda	5419	
4	compras_publicas+conectividade+fundiario+vigilancia_sinan	5419	
4	compras_publicas+conectividade+mobilidade+mortalidade	5419	
4	compras_publicas+conectividade+mobilidade+politica	5419	
4	compras_publicas+conectividade+mobilidade+saneamento_agua	5419	
4	compras_publicas+conectividade+mobilidade+saude_producao	5419	
4	compras_publicas+conectividade+mobilidade+trabalho_empresa	5419	
4	compras_publicas+conectividade+mobilidade+transferencia_renda	5419	
4	compras_publicas+conectividade+mobilidade+vigilancia_sinan	5419	
4	compras_publicas+conectividade+mortalidade+politica	5419	
4	compras_publicas+conectividade+mortalidade+saneamento_agua	5419	
4	compras_publicas+conectividade+mortalidade+saude_producao	5419	
4	compras_publicas+conectividade+mortalidade+trabalho_empresa	5419	
4	compras_publicas+conectividade+mortalidade+transferencia_renda	5419	
4	compras_publicas+conectividade+mortalidade+vigilancia_sinan	5419	
4	compras_publicas+conectividade+politica+saneamento_agua	5419	
4	compras_publicas+conectividade+politica+saude_producao	5419	
4	compras_publicas+conectividade+politica+trabalho_empresa	5419	
4	compras_publicas+conectividade+politica+transferencia_renda	5419	
4	compras_publicas+conectividade+politica+vigilancia_sinan	5419	
4	compras_publicas+conectividade+saneamento_agua+saude_producao	5419	
4	compras_publicas+conectividade+saneamento_agua+trabalho_empresa	5419	
4	compras_publicas+conectividade+saneamento_agua+transferencia_renda	5419	
4	compras_publicas+conectividade+saneamento_agua+vigilancia_sinan	5419	
4	compras_publicas+conectividade+saude_producao+trabalho_empresa	5419	
4	compras_publicas+conectividade+saude_producao+transferencia_renda	5419	
4	compras_publicas+conectividade+saude_producao+vigilancia_sinan	5419	
4	compras_publicas+conectividade+trabalho_empresa+transferencia_renda	5419	
4	compras_publicas+conectividade+trabalho_empresa+vigilancia_sinan	5419	
4	compras_publicas+conectividade+transferencia_renda+vigilancia_sinan	5419	
4	compras_publicas+credito_financeiro+demografia_censo+desmatamento_clima	5419	H?
4	compras_publicas+credito_financeiro+demografia_censo+educacao	5419	
4	compras_publicas+credito_financeiro+demografia_censo+fiscal_municipal	5419	
4	compras_publicas+credito_financeiro+demografia_censo+fiscalizacao_ambiental	5419	H?
4	compras_publicas+credito_financeiro+demografia_censo+fundiario	5419	H?
4	compras_publicas+credito_financeiro+demografia_censo+mobilidade	5419	
4	compras_publicas+credito_financeiro+demografia_censo+mortalidade	5419	
4	compras_publicas+credito_financeiro+demografia_censo+politica	5419	
4	compras_publicas+credito_financeiro+demografia_censo+saneamento_agua	5419	
4	compras_publicas+credito_financeiro+demografia_censo+saude_producao	5419	H?
4	compras_publicas+credito_financeiro+demografia_censo+trabalho_empresa	5419	
4	compras_publicas+credito_financeiro+demografia_censo+transferencia_renda	5419	
4	compras_publicas+credito_financeiro+demografia_censo+vigilancia_sinan	5419	
4	compras_publicas+credito_financeiro+desmatamento_clima+educacao	5419	
4	compras_publicas+credito_financeiro+desmatamento_clima+fiscal_municipal	5419	
4	compras_publicas+credito_financeiro+desmatamento_clima+fiscalizacao_ambiental	5419	H?
4	compras_publicas+credito_financeiro+desmatamento_clima+fundiario	5419	H?
4	compras_publicas+credito_financeiro+desmatamento_clima+mobilidade	5419	
4	compras_publicas+credito_financeiro+desmatamento_clima+mortalidade	5419	
4	compras_publicas+credito_financeiro+desmatamento_clima+politica	5419	
4	compras_publicas+credito_financeiro+desmatamento_clima+saneamento_agua	5419	
4	compras_publicas+credito_financeiro+desmatamento_clima+saude_producao	5419	H?
4	compras_publicas+credito_financeiro+desmatamento_clima+trabalho_empresa	5419	
4	compras_publicas+credito_financeiro+desmatamento_clima+transferencia_renda	5419	
4	compras_publicas+credito_financeiro+desmatamento_clima+vigilancia_sinan	5419	
4	compras_publicas+credito_financeiro+educacao+fiscal_municipal	5419	
4	compras_publicas+credito_financeiro+educacao+fiscalizacao_ambiental	5419	
4	compras_publicas+credito_financeiro+educacao+fundiario	5419	
4	compras_publicas+credito_financeiro+educacao+mobilidade	5419	
4	compras_publicas+credito_financeiro+educacao+mortalidade	5419	
4	compras_publicas+credito_financeiro+educacao+politica	5419	
4	compras_publicas+credito_financeiro+educacao+saneamento_agua	5419	
4	compras_publicas+credito_financeiro+educacao+saude_producao	5419	
4	compras_publicas+credito_financeiro+educacao+trabalho_empresa	5419	
4	compras_publicas+credito_financeiro+educacao+transferencia_renda	5419	
4	compras_publicas+credito_financeiro+educacao+vigilancia_sinan	5419	
4	compras_publicas+credito_financeiro+fiscal_municipal+fiscalizacao_ambiental	5419	
4	compras_publicas+credito_financeiro+fiscal_municipal+fundiario	5419	
4	compras_publicas+credito_financeiro+fiscal_municipal+mobilidade	5419	
4	compras_publicas+credito_financeiro+fiscal_municipal+mortalidade	5419	
4	compras_publicas+credito_financeiro+fiscal_municipal+politica	5419	
4	compras_publicas+credito_financeiro+fiscal_municipal+saneamento_agua	5419	
4	compras_publicas+credito_financeiro+fiscal_municipal+saude_producao	5419	
4	compras_publicas+credito_financeiro+fiscal_municipal+trabalho_empresa	5419	
4	compras_publicas+credito_financeiro+fiscal_municipal+transferencia_renda	5419	
4	compras_publicas+credito_financeiro+fiscal_municipal+vigilancia_sinan	5419	
4	compras_publicas+credito_financeiro+fiscalizacao_ambiental+fundiario	5419	H?
4	compras_publicas+credito_financeiro+fiscalizacao_ambiental+mobilidade	5419	
4	compras_publicas+credito_financeiro+fiscalizacao_ambiental+mortalidade	5419	
4	compras_publicas+credito_financeiro+fiscalizacao_ambiental+politica	5419	
4	compras_publicas+credito_financeiro+fiscalizacao_ambiental+saneamento_agua	5419	
4	compras_publicas+credito_financeiro+fiscalizacao_ambiental+saude_producao	5419	H?
4	compras_publicas+credito_financeiro+fiscalizacao_ambiental+trabalho_empresa	5419	
4	compras_publicas+credito_financeiro+fiscalizacao_ambiental+transferencia_renda	5419	
4	compras_publicas+credito_financeiro+fiscalizacao_ambiental+vigilancia_sinan	5419	
4	compras_publicas+credito_financeiro+fundiario+mobilidade	5419	
4	compras_publicas+credito_financeiro+fundiario+mortalidade	5419	
4	compras_publicas+credito_financeiro+fundiario+politica	5419	
4	compras_publicas+credito_financeiro+fundiario+saneamento_agua	5419	
4	compras_publicas+credito_financeiro+fundiario+saude_producao	5419	H?
4	compras_publicas+credito_financeiro+fundiario+trabalho_empresa	5419	
4	compras_publicas+credito_financeiro+fundiario+transferencia_renda	5419	
4	compras_publicas+credito_financeiro+fundiario+vigilancia_sinan	5419	
4	compras_publicas+credito_financeiro+mobilidade+mortalidade	5419	
4	compras_publicas+credito_financeiro+mobilidade+politica	5419	
4	compras_publicas+credito_financeiro+mobilidade+saneamento_agua	5419	
4	compras_publicas+credito_financeiro+mobilidade+saude_producao	5419	
4	compras_publicas+credito_financeiro+mobilidade+trabalho_empresa	5419	
4	compras_publicas+credito_financeiro+mobilidade+transferencia_renda	5419	
4	compras_publicas+credito_financeiro+mobilidade+vigilancia_sinan	5419	
4	compras_publicas+credito_financeiro+mortalidade+politica	5419	
4	compras_publicas+credito_financeiro+mortalidade+saneamento_agua	5419	
4	compras_publicas+credito_financeiro+mortalidade+saude_producao	5419	
4	compras_publicas+credito_financeiro+mortalidade+trabalho_empresa	5419	
4	compras_publicas+credito_financeiro+mortalidade+transferencia_renda	5419	
4	compras_publicas+credito_financeiro+mortalidade+vigilancia_sinan	5419	
4	compras_publicas+credito_financeiro+politica+saneamento_agua	5419	
4	compras_publicas+credito_financeiro+politica+saude_producao	5419	
4	compras_publicas+credito_financeiro+politica+trabalho_empresa	5419	
4	compras_publicas+credito_financeiro+politica+transferencia_renda	5419	
4	compras_publicas+credito_financeiro+politica+vigilancia_sinan	5419	
4	compras_publicas+credito_financeiro+saneamento_agua+saude_producao	5419	
4	compras_publicas+credito_financeiro+saneamento_agua+trabalho_empresa	5419	
4	compras_publicas+credito_financeiro+saneamento_agua+transferencia_renda	5419	
4	compras_publicas+credito_financeiro+saneamento_agua+vigilancia_sinan	5419	
4	compras_publicas+credito_financeiro+saude_producao+trabalho_empresa	5419	
4	compras_publicas+credito_financeiro+saude_producao+transferencia_renda	5419	
4	compras_publicas+credito_financeiro+saude_producao+vigilancia_sinan	5419	
4	compras_publicas+credito_financeiro+trabalho_empresa+transferencia_renda	5419	
4	compras_publicas+credito_financeiro+trabalho_empresa+vigilancia_sinan	5419	
4	compras_publicas+credito_financeiro+transferencia_renda+vigilancia_sinan	5419	
4	compras_publicas+demografia_censo+desmatamento_clima+educacao	5419	
4	compras_publicas+demografia_censo+desmatamento_clima+fiscal_municipal	5419	
4	compras_publicas+demografia_censo+desmatamento_clima+fiscalizacao_ambiental	5419	H?
4	compras_publicas+demografia_censo+desmatamento_clima+fundiario	5419	H?
4	compras_publicas+demografia_censo+desmatamento_clima+mobilidade	5419	
4	compras_publicas+demografia_censo+desmatamento_clima+mortalidade	5419	
4	compras_publicas+demografia_censo+desmatamento_clima+politica	5419	
4	compras_publicas+demografia_censo+desmatamento_clima+saneamento_agua	5419	
4	compras_publicas+demografia_censo+desmatamento_clima+saude_producao	5419	H?
4	compras_publicas+demografia_censo+desmatamento_clima+trabalho_empresa	5419	
4	compras_publicas+demografia_censo+desmatamento_clima+transferencia_renda	5419	
4	compras_publicas+demografia_censo+desmatamento_clima+vigilancia_sinan	5419	
4	compras_publicas+demografia_censo+educacao+fiscal_municipal	5419	H?
4	compras_publicas+demografia_censo+educacao+fiscalizacao_ambiental	5419	
4	compras_publicas+demografia_censo+educacao+fundiario	5419	
4	compras_publicas+demografia_censo+educacao+mobilidade	5419	
4	compras_publicas+demografia_censo+educacao+mortalidade	5419	
4	compras_publicas+demografia_censo+educacao+politica	5419	
4	compras_publicas+demografia_censo+educacao+saneamento_agua	5419	
4	compras_publicas+demografia_censo+educacao+saude_producao	5419	
4	compras_publicas+demografia_censo+educacao+trabalho_empresa	5419	H?
4	compras_publicas+demografia_censo+educacao+transferencia_renda	5419	H?
4	compras_publicas+demografia_censo+educacao+vigilancia_sinan	5419	
4	compras_publicas+demografia_censo+fiscal_municipal+fiscalizacao_ambiental	5419	
4	compras_publicas+demografia_censo+fiscal_municipal+fundiario	5419	
4	compras_publicas+demografia_censo+fiscal_municipal+mobilidade	5419	
4	compras_publicas+demografia_censo+fiscal_municipal+mortalidade	5419	
4	compras_publicas+demografia_censo+fiscal_municipal+politica	5419	
4	compras_publicas+demografia_censo+fiscal_municipal+saneamento_agua	5419	
4	compras_publicas+demografia_censo+fiscal_municipal+saude_producao	5419	
4	compras_publicas+demografia_censo+fiscal_municipal+trabalho_empresa	5419	
4	compras_publicas+demografia_censo+fiscal_municipal+transferencia_renda	5419	
4	compras_publicas+demografia_censo+fiscal_municipal+vigilancia_sinan	5419	
4	compras_publicas+demografia_censo+fiscalizacao_ambiental+fundiario	5419	H?
4	compras_publicas+demografia_censo+fiscalizacao_ambiental+mobilidade	5419	
4	compras_publicas+demografia_censo+fiscalizacao_ambiental+mortalidade	5419	
4	compras_publicas+demografia_censo+fiscalizacao_ambiental+politica	5419	
4	compras_publicas+demografia_censo+fiscalizacao_ambiental+saneamento_agua	5419	
4	compras_publicas+demografia_censo+fiscalizacao_ambiental+saude_producao	5419	H?
4	compras_publicas+demografia_censo+fiscalizacao_ambiental+trabalho_empresa	5419	
4	compras_publicas+demografia_censo+fiscalizacao_ambiental+transferencia_renda	5419	
4	compras_publicas+demografia_censo+fiscalizacao_ambiental+vigilancia_sinan	5419	
4	compras_publicas+demografia_censo+fundiario+mobilidade	5419	
4	compras_publicas+demografia_censo+fundiario+mortalidade	5419	
4	compras_publicas+demografia_censo+fundiario+politica	5419	
4	compras_publicas+demografia_censo+fundiario+saneamento_agua	5419	
4	compras_publicas+demografia_censo+fundiario+saude_producao	5419	H?
4	compras_publicas+demografia_censo+fundiario+trabalho_empresa	5419	
4	compras_publicas+demografia_censo+fundiario+transferencia_renda	5419	
4	compras_publicas+demografia_censo+fundiario+vigilancia_sinan	5419	
4	compras_publicas+demografia_censo+mobilidade+mortalidade	5419	
4	compras_publicas+demografia_censo+mobilidade+politica	5419	
4	compras_publicas+demografia_censo+mobilidade+saneamento_agua	5419	
4	compras_publicas+demografia_censo+mobilidade+saude_producao	5419	
4	compras_publicas+demografia_censo+mobilidade+trabalho_empresa	5419	
4	compras_publicas+demografia_censo+mobilidade+transferencia_renda	5419	
4	compras_publicas+demografia_censo+mobilidade+vigilancia_sinan	5419	
4	compras_publicas+demografia_censo+mortalidade+politica	5419	
4	compras_publicas+demografia_censo+mortalidade+saneamento_agua	5419	
4	compras_publicas+demografia_censo+mortalidade+saude_producao	5419	
4	compras_publicas+demografia_censo+mortalidade+trabalho_empresa	5419	
4	compras_publicas+demografia_censo+mortalidade+transferencia_renda	5419	
4	compras_publicas+demografia_censo+mortalidade+vigilancia_sinan	5419	
4	compras_publicas+demografia_censo+politica+saneamento_agua	5419	
4	compras_publicas+demografia_censo+politica+saude_producao	5419	
4	compras_publicas+demografia_censo+politica+trabalho_empresa	5419	
4	compras_publicas+demografia_censo+politica+transferencia_renda	5419	
4	compras_publicas+demografia_censo+politica+vigilancia_sinan	5419	
4	compras_publicas+demografia_censo+saneamento_agua+saude_producao	5419	
4	compras_publicas+demografia_censo+saneamento_agua+trabalho_empresa	5419	
4	compras_publicas+demografia_censo+saneamento_agua+transferencia_renda	5419	
4	compras_publicas+demografia_censo+saneamento_agua+vigilancia_sinan	5419	
4	compras_publicas+demografia_censo+saude_producao+trabalho_empresa	5419	
4	compras_publicas+demografia_censo+saude_producao+transferencia_renda	5419	
4	compras_publicas+demografia_censo+saude_producao+vigilancia_sinan	5419	
4	compras_publicas+demografia_censo+trabalho_empresa+transferencia_renda	5419	H?
4	compras_publicas+demografia_censo+trabalho_empresa+vigilancia_sinan	5419	
4	compras_publicas+demografia_censo+transferencia_renda+vigilancia_sinan	5419	
4	compras_publicas+desmatamento_clima+educacao+fiscal_municipal	5419	
4	compras_publicas+desmatamento_clima+educacao+fiscalizacao_ambiental	5419	
4	compras_publicas+desmatamento_clima+educacao+fundiario	5419	
4	compras_publicas+desmatamento_clima+educacao+mobilidade	5419	
4	compras_publicas+desmatamento_clima+educacao+mortalidade	5419	
4	compras_publicas+desmatamento_clima+educacao+politica	5419	
4	compras_publicas+desmatamento_clima+educacao+saneamento_agua	5419	
4	compras_publicas+desmatamento_clima+educacao+saude_producao	5419	
4	compras_publicas+desmatamento_clima+educacao+trabalho_empresa	5419	
4	compras_publicas+desmatamento_clima+educacao+transferencia_renda	5419	
4	compras_publicas+desmatamento_clima+educacao+vigilancia_sinan	5419	
4	compras_publicas+desmatamento_clima+fiscal_municipal+fiscalizacao_ambiental	5419	
4	compras_publicas+desmatamento_clima+fiscal_municipal+fundiario	5419	
4	compras_publicas+desmatamento_clima+fiscal_municipal+mobilidade	5419	
4	compras_publicas+desmatamento_clima+fiscal_municipal+mortalidade	5419	
4	compras_publicas+desmatamento_clima+fiscal_municipal+politica	5419	
4	compras_publicas+desmatamento_clima+fiscal_municipal+saneamento_agua	5419	
4	compras_publicas+desmatamento_clima+fiscal_municipal+saude_producao	5419	
4	compras_publicas+desmatamento_clima+fiscal_municipal+trabalho_empresa	5419	
4	compras_publicas+desmatamento_clima+fiscal_municipal+transferencia_renda	5419	
4	compras_publicas+desmatamento_clima+fiscal_municipal+vigilancia_sinan	5419	
4	compras_publicas+desmatamento_clima+fiscalizacao_ambiental+fundiario	5419	H?
4	compras_publicas+desmatamento_clima+fiscalizacao_ambiental+mobilidade	5419	
4	compras_publicas+desmatamento_clima+fiscalizacao_ambiental+mortalidade	5419	
4	compras_publicas+desmatamento_clima+fiscalizacao_ambiental+politica	5419	
4	compras_publicas+desmatamento_clima+fiscalizacao_ambiental+saneamento_agua	5419	
4	compras_publicas+desmatamento_clima+fiscalizacao_ambiental+saude_producao	5419	H?
4	compras_publicas+desmatamento_clima+fiscalizacao_ambiental+trabalho_empresa	5419	
4	compras_publicas+desmatamento_clima+fiscalizacao_ambiental+transferencia_renda	5419	
4	compras_publicas+desmatamento_clima+fiscalizacao_ambiental+vigilancia_sinan	5419	
4	compras_publicas+desmatamento_clima+fundiario+mobilidade	5419	
4	compras_publicas+desmatamento_clima+fundiario+mortalidade	5419	
4	compras_publicas+desmatamento_clima+fundiario+politica	5419	
4	compras_publicas+desmatamento_clima+fundiario+saneamento_agua	5419	
4	compras_publicas+desmatamento_clima+fundiario+saude_producao	5419	H?
4	compras_publicas+desmatamento_clima+fundiario+trabalho_empresa	5419	
4	compras_publicas+desmatamento_clima+fundiario+transferencia_renda	5419	
4	compras_publicas+desmatamento_clima+fundiario+vigilancia_sinan	5419	
4	compras_publicas+desmatamento_clima+mobilidade+mortalidade	5419	
4	compras_publicas+desmatamento_clima+mobilidade+politica	5419	
4	compras_publicas+desmatamento_clima+mobilidade+saneamento_agua	5419	
4	compras_publicas+desmatamento_clima+mobilidade+saude_producao	5419	
4	compras_publicas+desmatamento_clima+mobilidade+trabalho_empresa	5419	
4	compras_publicas+desmatamento_clima+mobilidade+transferencia_renda	5419	
4	compras_publicas+desmatamento_clima+mobilidade+vigilancia_sinan	5419	
4	compras_publicas+desmatamento_clima+mortalidade+politica	5419	
4	compras_publicas+desmatamento_clima+mortalidade+saneamento_agua	5419	
4	compras_publicas+desmatamento_clima+mortalidade+saude_producao	5419	
4	compras_publicas+desmatamento_clima+mortalidade+trabalho_empresa	5419	
4	compras_publicas+desmatamento_clima+mortalidade+transferencia_renda	5419	
4	compras_publicas+desmatamento_clima+mortalidade+vigilancia_sinan	5419	
4	compras_publicas+desmatamento_clima+politica+saneamento_agua	5419	
4	compras_publicas+desmatamento_clima+politica+saude_producao	5419	
4	compras_publicas+desmatamento_clima+politica+trabalho_empresa	5419	
4	compras_publicas+desmatamento_clima+politica+transferencia_renda	5419	
4	compras_publicas+desmatamento_clima+politica+vigilancia_sinan	5419	
4	compras_publicas+desmatamento_clima+saneamento_agua+saude_producao	5419	
4	compras_publicas+desmatamento_clima+saneamento_agua+trabalho_empresa	5419	
4	compras_publicas+desmatamento_clima+saneamento_agua+transferencia_renda	5419	
4	compras_publicas+desmatamento_clima+saneamento_agua+vigilancia_sinan	5419	
4	compras_publicas+desmatamento_clima+saude_producao+trabalho_empresa	5419	
4	compras_publicas+desmatamento_clima+saude_producao+transferencia_renda	5419	
4	compras_publicas+desmatamento_clima+saude_producao+vigilancia_sinan	5419	
4	compras_publicas+desmatamento_clima+trabalho_empresa+transferencia_renda	5419	
4	compras_publicas+desmatamento_clima+trabalho_empresa+vigilancia_sinan	5419	
4	compras_publicas+desmatamento_clima+transferencia_renda+vigilancia_sinan	5419	
4	compras_publicas+educacao+fiscal_municipal+fiscalizacao_ambiental	5419	
4	compras_publicas+educacao+fiscal_municipal+fundiario	5419	
4	compras_publicas+educacao+fiscal_municipal+mobilidade	5419	
4	compras_publicas+educacao+fiscal_municipal+mortalidade	5419	
4	compras_publicas+educacao+fiscal_municipal+politica	5419	H?
4	compras_publicas+educacao+fiscal_municipal+saneamento_agua	5419	
4	compras_publicas+educacao+fiscal_municipal+saude_producao	5419	H?
4	compras_publicas+educacao+fiscal_municipal+trabalho_empresa	5419	H?
4	compras_publicas+educacao+fiscal_municipal+transferencia_renda	5419	H?
4	compras_publicas+educacao+fiscal_municipal+vigilancia_sinan	5419	
4	compras_publicas+educacao+fiscalizacao_ambiental+fundiario	5419	
4	compras_publicas+educacao+fiscalizacao_ambiental+mobilidade	5419	
4	compras_publicas+educacao+fiscalizacao_ambiental+mortalidade	5419	
4	compras_publicas+educacao+fiscalizacao_ambiental+politica	5419	
4	compras_publicas+educacao+fiscalizacao_ambiental+saneamento_agua	5419	
4	compras_publicas+educacao+fiscalizacao_ambiental+saude_producao	5419	
4	compras_publicas+educacao+fiscalizacao_ambiental+trabalho_empresa	5419	
4	compras_publicas+educacao+fiscalizacao_ambiental+transferencia_renda	5419	
4	compras_publicas+educacao+fiscalizacao_ambiental+vigilancia_sinan	5419	
4	compras_publicas+educacao+fundiario+mobilidade	5419	
4	compras_publicas+educacao+fundiario+mortalidade	5419	
4	compras_publicas+educacao+fundiario+politica	5419	
4	compras_publicas+educacao+fundiario+saneamento_agua	5419	
4	compras_publicas+educacao+fundiario+saude_producao	5419	
4	compras_publicas+educacao+fundiario+trabalho_empresa	5419	
4	compras_publicas+educacao+fundiario+transferencia_renda	5419	
4	compras_publicas+educacao+fundiario+vigilancia_sinan	5419	
4	compras_publicas+educacao+mobilidade+mortalidade	5419	
4	compras_publicas+educacao+mobilidade+politica	5419	
4	compras_publicas+educacao+mobilidade+saneamento_agua	5419	
4	compras_publicas+educacao+mobilidade+saude_producao	5419	
4	compras_publicas+educacao+mobilidade+trabalho_empresa	5419	
4	compras_publicas+educacao+mobilidade+transferencia_renda	5419	
4	compras_publicas+educacao+mobilidade+vigilancia_sinan	5419	
4	compras_publicas+educacao+mortalidade+politica	5419	
4	compras_publicas+educacao+mortalidade+saneamento_agua	5419	
4	compras_publicas+educacao+mortalidade+saude_producao	5419	
4	compras_publicas+educacao+mortalidade+trabalho_empresa	5419	
4	compras_publicas+educacao+mortalidade+transferencia_renda	5419	
4	compras_publicas+educacao+mortalidade+vigilancia_sinan	5419	
4	compras_publicas+educacao+politica+saneamento_agua	5419	
4	compras_publicas+educacao+politica+saude_producao	5419	H?
4	compras_publicas+educacao+politica+trabalho_empresa	5419	H?
4	compras_publicas+educacao+politica+transferencia_renda	5419	H?
4	compras_publicas+educacao+politica+vigilancia_sinan	5419	
4	compras_publicas+educacao+saneamento_agua+saude_producao	5419	
4	compras_publicas+educacao+saneamento_agua+trabalho_empresa	5419	
4	compras_publicas+educacao+saneamento_agua+transferencia_renda	5419	
4	compras_publicas+educacao+saneamento_agua+vigilancia_sinan	5419	
4	compras_publicas+educacao+saude_producao+trabalho_empresa	5419	H?
4	compras_publicas+educacao+saude_producao+transferencia_renda	5419	H?
4	compras_publicas+educacao+saude_producao+vigilancia_sinan	5419	
4	compras_publicas+educacao+trabalho_empresa+transferencia_renda	5419	H?
4	compras_publicas+educacao+trabalho_empresa+vigilancia_sinan	5419	
4	compras_publicas+educacao+transferencia_renda+vigilancia_sinan	5419	
4	compras_publicas+fiscal_municipal+fiscalizacao_ambiental+fundiario	5419	
4	compras_publicas+fiscal_municipal+fiscalizacao_ambiental+mobilidade	5419	
4	compras_publicas+fiscal_municipal+fiscalizacao_ambiental+mortalidade	5419	
4	compras_publicas+fiscal_municipal+fiscalizacao_ambiental+politica	5419	
4	compras_publicas+fiscal_municipal+fiscalizacao_ambiental+saneamento_agua	5419	
4	compras_publicas+fiscal_municipal+fiscalizacao_ambiental+saude_producao	5419	
4	compras_publicas+fiscal_municipal+fiscalizacao_ambiental+trabalho_empresa	5419	
4	compras_publicas+fiscal_municipal+fiscalizacao_ambiental+transferencia_renda	5419	
4	compras_publicas+fiscal_municipal+fiscalizacao_ambiental+vigilancia_sinan	5419	
4	compras_publicas+fiscal_municipal+fundiario+mobilidade	5419	
4	compras_publicas+fiscal_municipal+fundiario+mortalidade	5419	
4	compras_publicas+fiscal_municipal+fundiario+politica	5419	
4	compras_publicas+fiscal_municipal+fundiario+saneamento_agua	5419	
4	compras_publicas+fiscal_municipal+fundiario+saude_producao	5419	
4	compras_publicas+fiscal_municipal+fundiario+trabalho_empresa	5419	
4	compras_publicas+fiscal_municipal+fundiario+transferencia_renda	5419	
4	compras_publicas+fiscal_municipal+fundiario+vigilancia_sinan	5419	
4	compras_publicas+fiscal_municipal+mobilidade+mortalidade	5419	
4	compras_publicas+fiscal_municipal+mobilidade+politica	5419	
4	compras_publicas+fiscal_municipal+mobilidade+saneamento_agua	5419	
4	compras_publicas+fiscal_municipal+mobilidade+saude_producao	5419	
4	compras_publicas+fiscal_municipal+mobilidade+trabalho_empresa	5419	
4	compras_publicas+fiscal_municipal+mobilidade+transferencia_renda	5419	
4	compras_publicas+fiscal_municipal+mobilidade+vigilancia_sinan	5419	
4	compras_publicas+fiscal_municipal+mortalidade+politica	5419	
4	compras_publicas+fiscal_municipal+mortalidade+saneamento_agua	5419	
4	compras_publicas+fiscal_municipal+mortalidade+saude_producao	5419	
4	compras_publicas+fiscal_municipal+mortalidade+trabalho_empresa	5419	
4	compras_publicas+fiscal_municipal+mortalidade+transferencia_renda	5419	
4	compras_publicas+fiscal_municipal+mortalidade+vigilancia_sinan	5419	
4	compras_publicas+fiscal_municipal+politica+saneamento_agua	5419	
4	compras_publicas+fiscal_municipal+politica+saude_producao	5419	H?
4	compras_publicas+fiscal_municipal+politica+trabalho_empresa	5419	H?
4	compras_publicas+fiscal_municipal+politica+transferencia_renda	5419	H?
4	compras_publicas+fiscal_municipal+politica+vigilancia_sinan	5419	
4	compras_publicas+fiscal_municipal+saneamento_agua+saude_producao	5419	
4	compras_publicas+fiscal_municipal+saneamento_agua+trabalho_empresa	5419	
4	compras_publicas+fiscal_municipal+saneamento_agua+transferencia_renda	5419	
4	compras_publicas+fiscal_municipal+saneamento_agua+vigilancia_sinan	5419	
4	compras_publicas+fiscal_municipal+saude_producao+trabalho_empresa	5419	H?
4	compras_publicas+fiscal_municipal+saude_producao+transferencia_renda	5419	H?
4	compras_publicas+fiscal_municipal+saude_producao+vigilancia_sinan	5419	
4	compras_publicas+fiscal_municipal+trabalho_empresa+transferencia_renda	5419	H?
4	compras_publicas+fiscal_municipal+trabalho_empresa+vigilancia_sinan	5419	
4	compras_publicas+fiscal_municipal+transferencia_renda+vigilancia_sinan	5419	
4	compras_publicas+fiscalizacao_ambiental+fundiario+mobilidade	5419	
4	compras_publicas+fiscalizacao_ambiental+fundiario+mortalidade	5419	
4	compras_publicas+fiscalizacao_ambiental+fundiario+politica	5419	
4	compras_publicas+fiscalizacao_ambiental+fundiario+saneamento_agua	5419	
4	compras_publicas+fiscalizacao_ambiental+fundiario+saude_producao	5419	H?
4	compras_publicas+fiscalizacao_ambiental+fundiario+trabalho_empresa	5419	
4	compras_publicas+fiscalizacao_ambiental+fundiario+transferencia_renda	5419	
4	compras_publicas+fiscalizacao_ambiental+fundiario+vigilancia_sinan	5419	
4	compras_publicas+fiscalizacao_ambiental+mobilidade+mortalidade	5419	
4	compras_publicas+fiscalizacao_ambiental+mobilidade+politica	5419	
4	compras_publicas+fiscalizacao_ambiental+mobilidade+saneamento_agua	5419	
4	compras_publicas+fiscalizacao_ambiental+mobilidade+saude_producao	5419	
4	compras_publicas+fiscalizacao_ambiental+mobilidade+trabalho_empresa	5419	
4	compras_publicas+fiscalizacao_ambiental+mobilidade+transferencia_renda	5419	
4	compras_publicas+fiscalizacao_ambiental+mobilidade+vigilancia_sinan	5419	
4	compras_publicas+fiscalizacao_ambiental+mortalidade+politica	5419	
4	compras_publicas+fiscalizacao_ambiental+mortalidade+saneamento_agua	5419	
4	compras_publicas+fiscalizacao_ambiental+mortalidade+saude_producao	5419	
4	compras_publicas+fiscalizacao_ambiental+mortalidade+trabalho_empresa	5419	
4	compras_publicas+fiscalizacao_ambiental+mortalidade+transferencia_renda	5419	
4	compras_publicas+fiscalizacao_ambiental+mortalidade+vigilancia_sinan	5419	
4	compras_publicas+fiscalizacao_ambiental+politica+saneamento_agua	5419	
4	compras_publicas+fiscalizacao_ambiental+politica+saude_producao	5419	
4	compras_publicas+fiscalizacao_ambiental+politica+trabalho_empresa	5419	
4	compras_publicas+fiscalizacao_ambiental+politica+transferencia_renda	5419	
4	compras_publicas+fiscalizacao_ambiental+politica+vigilancia_sinan	5419	
4	compras_publicas+fiscalizacao_ambiental+saneamento_agua+saude_producao	5419	
4	compras_publicas+fiscalizacao_ambiental+saneamento_agua+trabalho_empresa	5419	
4	compras_publicas+fiscalizacao_ambiental+saneamento_agua+transferencia_renda	5419	
4	compras_publicas+fiscalizacao_ambiental+saneamento_agua+vigilancia_sinan	5419	
4	compras_publicas+fiscalizacao_ambiental+saude_producao+trabalho_empresa	5419	
4	compras_publicas+fiscalizacao_ambiental+saude_producao+transferencia_renda	5419	
4	compras_publicas+fiscalizacao_ambiental+saude_producao+vigilancia_sinan	5419	
4	compras_publicas+fiscalizacao_ambiental+trabalho_empresa+transferencia_renda	5419	
4	compras_publicas+fiscalizacao_ambiental+trabalho_empresa+vigilancia_sinan	5419	
4	compras_publicas+fiscalizacao_ambiental+transferencia_renda+vigilancia_sinan	5419	
4	compras_publicas+fundiario+mobilidade+mortalidade	5419	
4	compras_publicas+fundiario+mobilidade+politica	5419	
4	compras_publicas+fundiario+mobilidade+saneamento_agua	5419	
4	compras_publicas+fundiario+mobilidade+saude_producao	5419	
4	compras_publicas+fundiario+mobilidade+trabalho_empresa	5419	
4	compras_publicas+fundiario+mobilidade+transferencia_renda	5419	
4	compras_publicas+fundiario+mobilidade+vigilancia_sinan	5419	
4	compras_publicas+fundiario+mortalidade+politica	5419	
4	compras_publicas+fundiario+mortalidade+saneamento_agua	5419	
4	compras_publicas+fundiario+mortalidade+saude_producao	5419	
4	compras_publicas+fundiario+mortalidade+trabalho_empresa	5419	
4	compras_publicas+fundiario+mortalidade+transferencia_renda	5419	
4	compras_publicas+fundiario+mortalidade+vigilancia_sinan	5419	
4	compras_publicas+fundiario+politica+saneamento_agua	5419	
4	compras_publicas+fundiario+politica+saude_producao	5419	
4	compras_publicas+fundiario+politica+trabalho_empresa	5419	
4	compras_publicas+fundiario+politica+transferencia_renda	5419	
4	compras_publicas+fundiario+politica+vigilancia_sinan	5419	
4	compras_publicas+fundiario+saneamento_agua+saude_producao	5419	
4	compras_publicas+fundiario+saneamento_agua+trabalho_empresa	5419	
4	compras_publicas+fundiario+saneamento_agua+transferencia_renda	5419	
4	compras_publicas+fundiario+saneamento_agua+vigilancia_sinan	5419	
4	compras_publicas+fundiario+saude_producao+trabalho_empresa	5419	
4	compras_publicas+fundiario+saude_producao+transferencia_renda	5419	
4	compras_publicas+fundiario+saude_producao+vigilancia_sinan	5419	
4	compras_publicas+fundiario+trabalho_empresa+transferencia_renda	5419	
4	compras_publicas+fundiario+trabalho_empresa+vigilancia_sinan	5419	
4	compras_publicas+fundiario+transferencia_renda+vigilancia_sinan	5419	
4	compras_publicas+mobilidade+mortalidade+politica	5419	
4	compras_publicas+mobilidade+mortalidade+saneamento_agua	5419	
4	compras_publicas+mobilidade+mortalidade+saude_producao	5419	
4	compras_publicas+mobilidade+mortalidade+trabalho_empresa	5419	
4	compras_publicas+mobilidade+mortalidade+transferencia_renda	5419	
4	compras_publicas+mobilidade+mortalidade+vigilancia_sinan	5419	
4	compras_publicas+mobilidade+politica+saneamento_agua	5419	
4	compras_publicas+mobilidade+politica+saude_producao	5419	
4	compras_publicas+mobilidade+politica+trabalho_empresa	5419	
4	compras_publicas+mobilidade+politica+transferencia_renda	5419	
4	compras_publicas+mobilidade+politica+vigilancia_sinan	5419	
4	compras_publicas+mobilidade+saneamento_agua+saude_producao	5419	
4	compras_publicas+mobilidade+saneamento_agua+trabalho_empresa	5419	
4	compras_publicas+mobilidade+saneamento_agua+transferencia_renda	5419	
4	compras_publicas+mobilidade+saneamento_agua+vigilancia_sinan	5419	
4	compras_publicas+mobilidade+saude_producao+trabalho_empresa	5419	
4	compras_publicas+mobilidade+saude_producao+transferencia_renda	5419	
4	compras_publicas+mobilidade+saude_producao+vigilancia_sinan	5419	
4	compras_publicas+mobilidade+trabalho_empresa+transferencia_renda	5419	
4	compras_publicas+mobilidade+trabalho_empresa+vigilancia_sinan	5419	
4	compras_publicas+mobilidade+transferencia_renda+vigilancia_sinan	5419	
4	compras_publicas+mortalidade+politica+saneamento_agua	5419	
4	compras_publicas+mortalidade+politica+saude_producao	5419	
4	compras_publicas+mortalidade+politica+trabalho_empresa	5419	
4	compras_publicas+mortalidade+politica+transferencia_renda	5419	
4	compras_publicas+mortalidade+politica+vigilancia_sinan	5419	
4	compras_publicas+mortalidade+saneamento_agua+saude_producao	5419	
4	compras_publicas+mortalidade+saneamento_agua+trabalho_empresa	5419	
4	compras_publicas+mortalidade+saneamento_agua+transferencia_renda	5419	
4	compras_publicas+mortalidade+saneamento_agua+vigilancia_sinan	5419	
4	compras_publicas+mortalidade+saude_producao+trabalho_empresa	5419	
4	compras_publicas+mortalidade+saude_producao+transferencia_renda	5419	
4	compras_publicas+mortalidade+saude_producao+vigilancia_sinan	5419	
4	compras_publicas+mortalidade+trabalho_empresa+transferencia_renda	5419	
4	compras_publicas+mortalidade+trabalho_empresa+vigilancia_sinan	5419	
4	compras_publicas+mortalidade+transferencia_renda+vigilancia_sinan	5419	
4	compras_publicas+politica+saneamento_agua+saude_producao	5419	
4	compras_publicas+politica+saneamento_agua+trabalho_empresa	5419	
4	compras_publicas+politica+saneamento_agua+transferencia_renda	5419	
4	compras_publicas+politica+saneamento_agua+vigilancia_sinan	5419	
4	compras_publicas+politica+saude_producao+trabalho_empresa	5419	H?
4	compras_publicas+politica+saude_producao+transferencia_renda	5419	H?
4	compras_publicas+politica+saude_producao+vigilancia_sinan	5419	
4	compras_publicas+politica+trabalho_empresa+transferencia_renda	5419	H?
4	compras_publicas+politica+trabalho_empresa+vigilancia_sinan	5419	
4	compras_publicas+politica+transferencia_renda+vigilancia_sinan	5419	
4	compras_publicas+saneamento_agua+saude_producao+trabalho_empresa	5419	
4	compras_publicas+saneamento_agua+saude_producao+transferencia_renda	5419	
4	compras_publicas+saneamento_agua+saude_producao+vigilancia_sinan	5419	
4	compras_publicas+saneamento_agua+trabalho_empresa+transferencia_renda	5419	
4	compras_publicas+saneamento_agua+trabalho_empresa+vigilancia_sinan	5419	
4	compras_publicas+saneamento_agua+transferencia_renda+vigilancia_sinan	5419	
4	compras_publicas+saude_producao+trabalho_empresa+transferencia_renda	5419	H?
4	compras_publicas+saude_producao+trabalho_empresa+vigilancia_sinan	5419	
4	compras_publicas+saude_producao+transferencia_renda+vigilancia_sinan	5419	
4	compras_publicas+trabalho_empresa+transferencia_renda+vigilancia_sinan	5419	
4	agropecuaria+compras_publicas+conectividade+natalidade	4691	
4	agropecuaria+compras_publicas+credito_financeiro+natalidade	4691	
4	agropecuaria+compras_publicas+demografia_censo+natalidade	4691	
4	agropecuaria+compras_publicas+desmatamento_clima+natalidade	4691	
4	agropecuaria+compras_publicas+educacao+natalidade	4691	
4	agropecuaria+compras_publicas+fiscal_municipal+natalidade	4691	
4	agropecuaria+compras_publicas+fiscalizacao_ambiental+natalidade	4691	
4	agropecuaria+compras_publicas+fundiario+natalidade	4691	
4	agropecuaria+compras_publicas+mobilidade+natalidade	4691	
4	agropecuaria+compras_publicas+mortalidade+natalidade	4691	
4	agropecuaria+compras_publicas+natalidade+politica	4691	
4	agropecuaria+compras_publicas+natalidade+saneamento_agua	4691	
4	agropecuaria+compras_publicas+natalidade+saude_producao	4691	
4	agropecuaria+compras_publicas+natalidade+trabalho_empresa	4691	
4	agropecuaria+compras_publicas+natalidade+transferencia_renda	4691	
4	agropecuaria+compras_publicas+natalidade+vigilancia_sinan	4691	
4	agropecuaria+conectividade+credito_financeiro+natalidade	4691	
4	agropecuaria+conectividade+demografia_censo+natalidade	4691	
4	agropecuaria+conectividade+desmatamento_clima+natalidade	4691	
4	agropecuaria+conectividade+educacao+natalidade	4691	
4	agropecuaria+conectividade+fiscal_municipal+natalidade	4691	
4	agropecuaria+conectividade+fiscalizacao_ambiental+natalidade	4691	
4	agropecuaria+conectividade+fundiario+natalidade	4691	
4	agropecuaria+conectividade+mobilidade+natalidade	4691	
4	agropecuaria+conectividade+mortalidade+natalidade	4691	
4	agropecuaria+conectividade+natalidade+politica	4691	
4	agropecuaria+conectividade+natalidade+saneamento_agua	4691	
4	agropecuaria+conectividade+natalidade+saude_producao	4691	
4	agropecuaria+conectividade+natalidade+trabalho_empresa	4691	
4	agropecuaria+conectividade+natalidade+transferencia_renda	4691	
4	agropecuaria+conectividade+natalidade+vigilancia_sinan	4691	
4	agropecuaria+credito_financeiro+demografia_censo+natalidade	4691	
4	agropecuaria+credito_financeiro+desmatamento_clima+natalidade	4691	
4	agropecuaria+credito_financeiro+educacao+natalidade	4691	
4	agropecuaria+credito_financeiro+fiscal_municipal+natalidade	4691	
4	agropecuaria+credito_financeiro+fiscalizacao_ambiental+natalidade	4691	
4	agropecuaria+credito_financeiro+fundiario+natalidade	4691	
4	agropecuaria+credito_financeiro+mobilidade+natalidade	4691	
4	agropecuaria+credito_financeiro+mortalidade+natalidade	4691	
4	agropecuaria+credito_financeiro+natalidade+politica	4691	
4	agropecuaria+credito_financeiro+natalidade+saneamento_agua	4691	
4	agropecuaria+credito_financeiro+natalidade+saude_producao	4691	
4	agropecuaria+credito_financeiro+natalidade+trabalho_empresa	4691	
4	agropecuaria+credito_financeiro+natalidade+transferencia_renda	4691	
4	agropecuaria+credito_financeiro+natalidade+vigilancia_sinan	4691	
4	agropecuaria+demografia_censo+desmatamento_clima+natalidade	4691	
4	agropecuaria+demografia_censo+educacao+natalidade	4691	
4	agropecuaria+demografia_censo+fiscal_municipal+natalidade	4691	
4	agropecuaria+demografia_censo+fiscalizacao_ambiental+natalidade	4691	
4	agropecuaria+demografia_censo+fundiario+natalidade	4691	
4	agropecuaria+demografia_censo+mobilidade+natalidade	4691	
4	agropecuaria+demografia_censo+mortalidade+natalidade	4691	
4	agropecuaria+demografia_censo+natalidade+politica	4691	
4	agropecuaria+demografia_censo+natalidade+saneamento_agua	4691	
4	agropecuaria+demografia_censo+natalidade+saude_producao	4691	
4	agropecuaria+demografia_censo+natalidade+trabalho_empresa	4691	
4	agropecuaria+demografia_censo+natalidade+transferencia_renda	4691	
4	agropecuaria+demografia_censo+natalidade+vigilancia_sinan	4691	
4	agropecuaria+desmatamento_clima+educacao+natalidade	4691	
4	agropecuaria+desmatamento_clima+fiscal_municipal+natalidade	4691	
4	agropecuaria+desmatamento_clima+fiscalizacao_ambiental+natalidade	4691	
4	agropecuaria+desmatamento_clima+fundiario+natalidade	4691	
4	agropecuaria+desmatamento_clima+mobilidade+natalidade	4691	
4	agropecuaria+desmatamento_clima+mortalidade+natalidade	4691	
4	agropecuaria+desmatamento_clima+natalidade+politica	4691	
4	agropecuaria+desmatamento_clima+natalidade+saneamento_agua	4691	
4	agropecuaria+desmatamento_clima+natalidade+saude_producao	4691	
4	agropecuaria+desmatamento_clima+natalidade+trabalho_empresa	4691	
4	agropecuaria+desmatamento_clima+natalidade+transferencia_renda	4691	
4	agropecuaria+desmatamento_clima+natalidade+vigilancia_sinan	4691	
4	agropecuaria+educacao+fiscal_municipal+natalidade	4691	
4	agropecuaria+educacao+fiscalizacao_ambiental+natalidade	4691	
4	agropecuaria+educacao+fundiario+natalidade	4691	
4	agropecuaria+educacao+mobilidade+natalidade	4691	
4	agropecuaria+educacao+mortalidade+natalidade	4691	
4	agropecuaria+educacao+natalidade+politica	4691	
4	agropecuaria+educacao+natalidade+saneamento_agua	4691	
4	agropecuaria+educacao+natalidade+saude_producao	4691	
4	agropecuaria+educacao+natalidade+trabalho_empresa	4691	
4	agropecuaria+educacao+natalidade+transferencia_renda	4691	
4	agropecuaria+educacao+natalidade+vigilancia_sinan	4691	
4	agropecuaria+fiscal_municipal+fiscalizacao_ambiental+natalidade	4691	
4	agropecuaria+fiscal_municipal+fundiario+natalidade	4691	
4	agropecuaria+fiscal_municipal+mobilidade+natalidade	4691	
4	agropecuaria+fiscal_municipal+mortalidade+natalidade	4691	
4	agropecuaria+fiscal_municipal+natalidade+politica	4691	
4	agropecuaria+fiscal_municipal+natalidade+saneamento_agua	4691	
4	agropecuaria+fiscal_municipal+natalidade+saude_producao	4691	
4	agropecuaria+fiscal_municipal+natalidade+trabalho_empresa	4691	
4	agropecuaria+fiscal_municipal+natalidade+transferencia_renda	4691	
4	agropecuaria+fiscal_municipal+natalidade+vigilancia_sinan	4691	
4	agropecuaria+fiscalizacao_ambiental+fundiario+natalidade	4691	
4	agropecuaria+fiscalizacao_ambiental+mobilidade+natalidade	4691	
4	agropecuaria+fiscalizacao_ambiental+mortalidade+natalidade	4691	
4	agropecuaria+fiscalizacao_ambiental+natalidade+politica	4691	
4	agropecuaria+fiscalizacao_ambiental+natalidade+saneamento_agua	4691	
4	agropecuaria+fiscalizacao_ambiental+natalidade+saude_producao	4691	
4	agropecuaria+fiscalizacao_ambiental+natalidade+trabalho_empresa	4691	
4	agropecuaria+fiscalizacao_ambiental+natalidade+transferencia_renda	4691	
4	agropecuaria+fiscalizacao_ambiental+natalidade+vigilancia_sinan	4691	
4	agropecuaria+fundiario+mobilidade+natalidade	4691	
4	agropecuaria+fundiario+mortalidade+natalidade	4691	
4	agropecuaria+fundiario+natalidade+politica	4691	
4	agropecuaria+fundiario+natalidade+saneamento_agua	4691	
4	agropecuaria+fundiario+natalidade+saude_producao	4691	
4	agropecuaria+fundiario+natalidade+trabalho_empresa	4691	
4	agropecuaria+fundiario+natalidade+transferencia_renda	4691	
4	agropecuaria+fundiario+natalidade+vigilancia_sinan	4691	
4	agropecuaria+mobilidade+mortalidade+natalidade	4691	
4	agropecuaria+mobilidade+natalidade+politica	4691	
4	agropecuaria+mobilidade+natalidade+saneamento_agua	4691	
4	agropecuaria+mobilidade+natalidade+saude_producao	4691	
4	agropecuaria+mobilidade+natalidade+trabalho_empresa	4691	
4	agropecuaria+mobilidade+natalidade+transferencia_renda	4691	
4	agropecuaria+mobilidade+natalidade+vigilancia_sinan	4691	
4	agropecuaria+mortalidade+natalidade+politica	4691	
4	agropecuaria+mortalidade+natalidade+saneamento_agua	4691	
4	agropecuaria+mortalidade+natalidade+saude_producao	4691	
4	agropecuaria+mortalidade+natalidade+trabalho_empresa	4691	
4	agropecuaria+mortalidade+natalidade+transferencia_renda	4691	
4	agropecuaria+mortalidade+natalidade+vigilancia_sinan	4691	
4	agropecuaria+natalidade+politica+saneamento_agua	4691	
4	agropecuaria+natalidade+politica+saude_producao	4691	
4	agropecuaria+natalidade+politica+trabalho_empresa	4691	
4	agropecuaria+natalidade+politica+transferencia_renda	4691	
4	agropecuaria+natalidade+politica+vigilancia_sinan	4691	
4	agropecuaria+natalidade+saneamento_agua+saude_producao	4691	
4	agropecuaria+natalidade+saneamento_agua+trabalho_empresa	4691	
4	agropecuaria+natalidade+saneamento_agua+transferencia_renda	4691	
4	agropecuaria+natalidade+saneamento_agua+vigilancia_sinan	4691	
4	agropecuaria+natalidade+saude_producao+trabalho_empresa	4691	
4	agropecuaria+natalidade+saude_producao+transferencia_renda	4691	
4	agropecuaria+natalidade+saude_producao+vigilancia_sinan	4691	
4	agropecuaria+natalidade+trabalho_empresa+transferencia_renda	4691	
4	agropecuaria+natalidade+trabalho_empresa+vigilancia_sinan	4691	
4	agropecuaria+natalidade+transferencia_renda+vigilancia_sinan	4691	
4	compras_publicas+conectividade+credito_financeiro+natalidade	4691	
4	compras_publicas+conectividade+demografia_censo+natalidade	4691	
4	compras_publicas+conectividade+desmatamento_clima+natalidade	4691	
4	compras_publicas+conectividade+educacao+natalidade	4691	
4	compras_publicas+conectividade+fiscal_municipal+natalidade	4691	
4	compras_publicas+conectividade+fiscalizacao_ambiental+natalidade	4691	
4	compras_publicas+conectividade+fundiario+natalidade	4691	
4	compras_publicas+conectividade+mobilidade+natalidade	4691	
4	compras_publicas+conectividade+mortalidade+natalidade	4691	
4	compras_publicas+conectividade+natalidade+politica	4691	
4	compras_publicas+conectividade+natalidade+saneamento_agua	4691	
4	compras_publicas+conectividade+natalidade+saude_producao	4691	
4	compras_publicas+conectividade+natalidade+trabalho_empresa	4691	
4	compras_publicas+conectividade+natalidade+transferencia_renda	4691	
4	compras_publicas+conectividade+natalidade+vigilancia_sinan	4691	
4	compras_publicas+credito_financeiro+demografia_censo+natalidade	4691	
4	compras_publicas+credito_financeiro+desmatamento_clima+natalidade	4691	
4	compras_publicas+credito_financeiro+educacao+natalidade	4691	
4	compras_publicas+credito_financeiro+fiscal_municipal+natalidade	4691	
4	compras_publicas+credito_financeiro+fiscalizacao_ambiental+natalidade	4691	
4	compras_publicas+credito_financeiro+fundiario+natalidade	4691	
4	compras_publicas+credito_financeiro+mobilidade+natalidade	4691	
4	compras_publicas+credito_financeiro+mortalidade+natalidade	4691	
4	compras_publicas+credito_financeiro+natalidade+politica	4691	
4	compras_publicas+credito_financeiro+natalidade+saneamento_agua	4691	
4	compras_publicas+credito_financeiro+natalidade+saude_producao	4691	
4	compras_publicas+credito_financeiro+natalidade+trabalho_empresa	4691	
4	compras_publicas+credito_financeiro+natalidade+transferencia_renda	4691	
4	compras_publicas+credito_financeiro+natalidade+vigilancia_sinan	4691	
4	compras_publicas+demografia_censo+desmatamento_clima+natalidade	4691	
4	compras_publicas+demografia_censo+educacao+natalidade	4691	
4	compras_publicas+demografia_censo+fiscal_municipal+natalidade	4691	
4	compras_publicas+demografia_censo+fiscalizacao_ambiental+natalidade	4691	
4	compras_publicas+demografia_censo+fundiario+natalidade	4691	
4	compras_publicas+demografia_censo+mobilidade+natalidade	4691	
4	compras_publicas+demografia_censo+mortalidade+natalidade	4691	
4	compras_publicas+demografia_censo+natalidade+politica	4691	
4	compras_publicas+demografia_censo+natalidade+saneamento_agua	4691	
4	compras_publicas+demografia_censo+natalidade+saude_producao	4691	
4	compras_publicas+demografia_censo+natalidade+trabalho_empresa	4691	
4	compras_publicas+demografia_censo+natalidade+transferencia_renda	4691	
4	compras_publicas+demografia_censo+natalidade+vigilancia_sinan	4691	
4	compras_publicas+desmatamento_clima+educacao+natalidade	4691	
4	compras_publicas+desmatamento_clima+fiscal_municipal+natalidade	4691	
4	compras_publicas+desmatamento_clima+fiscalizacao_ambiental+natalidade	4691	
4	compras_publicas+desmatamento_clima+fundiario+natalidade	4691	
4	compras_publicas+desmatamento_clima+mobilidade+natalidade	4691	
4	compras_publicas+desmatamento_clima+mortalidade+natalidade	4691	
4	compras_publicas+desmatamento_clima+natalidade+politica	4691	
4	compras_publicas+desmatamento_clima+natalidade+saneamento_agua	4691	
4	compras_publicas+desmatamento_clima+natalidade+saude_producao	4691	
4	compras_publicas+desmatamento_clima+natalidade+trabalho_empresa	4691	
4	compras_publicas+desmatamento_clima+natalidade+transferencia_renda	4691	
4	compras_publicas+desmatamento_clima+natalidade+vigilancia_sinan	4691	
4	compras_publicas+educacao+fiscal_municipal+natalidade	4691	H?
4	compras_publicas+educacao+fiscalizacao_ambiental+natalidade	4691	
4	compras_publicas+educacao+fundiario+natalidade	4691	
4	compras_publicas+educacao+mobilidade+natalidade	4691	
4	compras_publicas+educacao+mortalidade+natalidade	4691	
4	compras_publicas+educacao+natalidade+politica	4691	H?
4	compras_publicas+educacao+natalidade+saneamento_agua	4691	
4	compras_publicas+educacao+natalidade+saude_producao	4691	H?
4	compras_publicas+educacao+natalidade+trabalho_empresa	4691	H?
4	compras_publicas+educacao+natalidade+transferencia_renda	4691	H?
4	compras_publicas+educacao+natalidade+vigilancia_sinan	4691	
4	compras_publicas+fiscal_municipal+fiscalizacao_ambiental+natalidade	4691	
4	compras_publicas+fiscal_municipal+fundiario+natalidade	4691	
4	compras_publicas+fiscal_municipal+mobilidade+natalidade	4691	
4	compras_publicas+fiscal_municipal+mortalidade+natalidade	4691	
4	compras_publicas+fiscal_municipal+natalidade+politica	4691	H?
4	compras_publicas+fiscal_municipal+natalidade+saneamento_agua	4691	
4	compras_publicas+fiscal_municipal+natalidade+saude_producao	4691	H?
4	compras_publicas+fiscal_municipal+natalidade+trabalho_empresa	4691	H?
4	compras_publicas+fiscal_municipal+natalidade+transferencia_renda	4691	H?
4	compras_publicas+fiscal_municipal+natalidade+vigilancia_sinan	4691	
4	compras_publicas+fiscalizacao_ambiental+fundiario+natalidade	4691	
4	compras_publicas+fiscalizacao_ambiental+mobilidade+natalidade	4691	
4	compras_publicas+fiscalizacao_ambiental+mortalidade+natalidade	4691	
4	compras_publicas+fiscalizacao_ambiental+natalidade+politica	4691	
4	compras_publicas+fiscalizacao_ambiental+natalidade+saneamento_agua	4691	
4	compras_publicas+fiscalizacao_ambiental+natalidade+saude_producao	4691	
4	compras_publicas+fiscalizacao_ambiental+natalidade+trabalho_empresa	4691	
4	compras_publicas+fiscalizacao_ambiental+natalidade+transferencia_renda	4691	
4	compras_publicas+fiscalizacao_ambiental+natalidade+vigilancia_sinan	4691	
4	compras_publicas+fundiario+mobilidade+natalidade	4691	
4	compras_publicas+fundiario+mortalidade+natalidade	4691	
4	compras_publicas+fundiario+natalidade+politica	4691	
4	compras_publicas+fundiario+natalidade+saneamento_agua	4691	
4	compras_publicas+fundiario+natalidade+saude_producao	4691	
4	compras_publicas+fundiario+natalidade+trabalho_empresa	4691	
4	compras_publicas+fundiario+natalidade+transferencia_renda	4691	
4	compras_publicas+fundiario+natalidade+vigilancia_sinan	4691	
4	compras_publicas+mobilidade+mortalidade+natalidade	4691	
4	compras_publicas+mobilidade+natalidade+politica	4691	
4	compras_publicas+mobilidade+natalidade+saneamento_agua	4691	
4	compras_publicas+mobilidade+natalidade+saude_producao	4691	
4	compras_publicas+mobilidade+natalidade+trabalho_empresa	4691	
4	compras_publicas+mobilidade+natalidade+transferencia_renda	4691	
4	compras_publicas+mobilidade+natalidade+vigilancia_sinan	4691	
4	compras_publicas+mortalidade+natalidade+politica	4691	
4	compras_publicas+mortalidade+natalidade+saneamento_agua	4691	
4	compras_publicas+mortalidade+natalidade+saude_producao	4691	
4	compras_publicas+mortalidade+natalidade+trabalho_empresa	4691	
4	compras_publicas+mortalidade+natalidade+transferencia_renda	4691	
4	compras_publicas+mortalidade+natalidade+vigilancia_sinan	4691	
4	compras_publicas+natalidade+politica+saneamento_agua	4691	
4	compras_publicas+natalidade+politica+saude_producao	4691	H?
4	compras_publicas+natalidade+politica+trabalho_empresa	4691	H?
4	compras_publicas+natalidade+politica+transferencia_renda	4691	H?
4	compras_publicas+natalidade+politica+vigilancia_sinan	4691	
4	compras_publicas+natalidade+saneamento_agua+saude_producao	4691	
4	compras_publicas+natalidade+saneamento_agua+trabalho_empresa	4691	
4	compras_publicas+natalidade+saneamento_agua+transferencia_renda	4691	
4	compras_publicas+natalidade+saneamento_agua+vigilancia_sinan	4691	
4	compras_publicas+natalidade+saude_producao+trabalho_empresa	4691	H?
4	compras_publicas+natalidade+saude_producao+transferencia_renda	4691	H?
4	compras_publicas+natalidade+saude_producao+vigilancia_sinan	4691	
4	compras_publicas+natalidade+trabalho_empresa+transferencia_renda	4691	H?
4	compras_publicas+natalidade+trabalho_empresa+vigilancia_sinan	4691	
4	compras_publicas+natalidade+transferencia_renda+vigilancia_sinan	4691	
4	conectividade+credito_financeiro+demografia_censo+natalidade	4691	
4	conectividade+credito_financeiro+desmatamento_clima+natalidade	4691	
4	conectividade+credito_financeiro+educacao+natalidade	4691	
4	conectividade+credito_financeiro+fiscal_municipal+natalidade	4691	
4	conectividade+credito_financeiro+fiscalizacao_ambiental+natalidade	4691	
4	conectividade+credito_financeiro+fundiario+natalidade	4691	
4	conectividade+credito_financeiro+mobilidade+natalidade	4691	
4	conectividade+credito_financeiro+mortalidade+natalidade	4691	
4	conectividade+credito_financeiro+natalidade+politica	4691	
4	conectividade+credito_financeiro+natalidade+saneamento_agua	4691	
4	conectividade+credito_financeiro+natalidade+saude_producao	4691	
4	conectividade+credito_financeiro+natalidade+trabalho_empresa	4691	
4	conectividade+credito_financeiro+natalidade+transferencia_renda	4691	
4	conectividade+credito_financeiro+natalidade+vigilancia_sinan	4691	
4	conectividade+demografia_censo+desmatamento_clima+natalidade	4691	
4	conectividade+demografia_censo+educacao+natalidade	4691	
4	conectividade+demografia_censo+fiscal_municipal+natalidade	4691	
4	conectividade+demografia_censo+fiscalizacao_ambiental+natalidade	4691	
4	conectividade+demografia_censo+fundiario+natalidade	4691	
4	conectividade+demografia_censo+mobilidade+natalidade	4691	
4	conectividade+demografia_censo+mortalidade+natalidade	4691	
4	conectividade+demografia_censo+natalidade+politica	4691	
4	conectividade+demografia_censo+natalidade+saneamento_agua	4691	
4	conectividade+demografia_censo+natalidade+saude_producao	4691	
4	conectividade+demografia_censo+natalidade+trabalho_empresa	4691	
4	conectividade+demografia_censo+natalidade+transferencia_renda	4691	
4	conectividade+demografia_censo+natalidade+vigilancia_sinan	4691	
4	conectividade+desmatamento_clima+educacao+natalidade	4691	
4	conectividade+desmatamento_clima+fiscal_municipal+natalidade	4691	
4	conectividade+desmatamento_clima+fiscalizacao_ambiental+natalidade	4691	
4	conectividade+desmatamento_clima+fundiario+natalidade	4691	
4	conectividade+desmatamento_clima+mobilidade+natalidade	4691	
4	conectividade+desmatamento_clima+mortalidade+natalidade	4691	
4	conectividade+desmatamento_clima+natalidade+politica	4691	
4	conectividade+desmatamento_clima+natalidade+saneamento_agua	4691	
4	conectividade+desmatamento_clima+natalidade+saude_producao	4691	
4	conectividade+desmatamento_clima+natalidade+trabalho_empresa	4691	
4	conectividade+desmatamento_clima+natalidade+transferencia_renda	4691	
4	conectividade+desmatamento_clima+natalidade+vigilancia_sinan	4691	
4	conectividade+educacao+fiscal_municipal+natalidade	4691	
4	conectividade+educacao+fiscalizacao_ambiental+natalidade	4691	
4	conectividade+educacao+fundiario+natalidade	4691	
4	conectividade+educacao+mobilidade+natalidade	4691	
4	conectividade+educacao+mortalidade+natalidade	4691	
4	conectividade+educacao+natalidade+politica	4691	
4	conectividade+educacao+natalidade+saneamento_agua	4691	
4	conectividade+educacao+natalidade+saude_producao	4691	
4	conectividade+educacao+natalidade+trabalho_empresa	4691	
4	conectividade+educacao+natalidade+transferencia_renda	4691	
4	conectividade+educacao+natalidade+vigilancia_sinan	4691	
4	conectividade+fiscal_municipal+fiscalizacao_ambiental+natalidade	4691	
4	conectividade+fiscal_municipal+fundiario+natalidade	4691	
4	conectividade+fiscal_municipal+mobilidade+natalidade	4691	
4	conectividade+fiscal_municipal+mortalidade+natalidade	4691	
4	conectividade+fiscal_municipal+natalidade+politica	4691	
4	conectividade+fiscal_municipal+natalidade+saneamento_agua	4691	
4	conectividade+fiscal_municipal+natalidade+saude_producao	4691	
4	conectividade+fiscal_municipal+natalidade+trabalho_empresa	4691	
4	conectividade+fiscal_municipal+natalidade+transferencia_renda	4691	
4	conectividade+fiscal_municipal+natalidade+vigilancia_sinan	4691	
4	conectividade+fiscalizacao_ambiental+fundiario+natalidade	4691	
4	conectividade+fiscalizacao_ambiental+mobilidade+natalidade	4691	
4	conectividade+fiscalizacao_ambiental+mortalidade+natalidade	4691	
4	conectividade+fiscalizacao_ambiental+natalidade+politica	4691	
4	conectividade+fiscalizacao_ambiental+natalidade+saneamento_agua	4691	
4	conectividade+fiscalizacao_ambiental+natalidade+saude_producao	4691	
4	conectividade+fiscalizacao_ambiental+natalidade+trabalho_empresa	4691	
4	conectividade+fiscalizacao_ambiental+natalidade+transferencia_renda	4691	
4	conectividade+fiscalizacao_ambiental+natalidade+vigilancia_sinan	4691	
4	conectividade+fundiario+mobilidade+natalidade	4691	
4	conectividade+fundiario+mortalidade+natalidade	4691	
4	conectividade+fundiario+natalidade+politica	4691	
4	conectividade+fundiario+natalidade+saneamento_agua	4691	
4	conectividade+fundiario+natalidade+saude_producao	4691	
4	conectividade+fundiario+natalidade+trabalho_empresa	4691	
4	conectividade+fundiario+natalidade+transferencia_renda	4691	
4	conectividade+fundiario+natalidade+vigilancia_sinan	4691	
4	conectividade+mobilidade+mortalidade+natalidade	4691	
4	conectividade+mobilidade+natalidade+politica	4691	
4	conectividade+mobilidade+natalidade+saneamento_agua	4691	
4	conectividade+mobilidade+natalidade+saude_producao	4691	
4	conectividade+mobilidade+natalidade+trabalho_empresa	4691	
4	conectividade+mobilidade+natalidade+transferencia_renda	4691	
4	conectividade+mobilidade+natalidade+vigilancia_sinan	4691	
4	conectividade+mortalidade+natalidade+politica	4691	
4	conectividade+mortalidade+natalidade+saneamento_agua	4691	
4	conectividade+mortalidade+natalidade+saude_producao	4691	
4	conectividade+mortalidade+natalidade+trabalho_empresa	4691	
4	conectividade+mortalidade+natalidade+transferencia_renda	4691	
4	conectividade+mortalidade+natalidade+vigilancia_sinan	4691	
4	conectividade+natalidade+politica+saneamento_agua	4691	
4	conectividade+natalidade+politica+saude_producao	4691	
4	conectividade+natalidade+politica+trabalho_empresa	4691	
4	conectividade+natalidade+politica+transferencia_renda	4691	
4	conectividade+natalidade+politica+vigilancia_sinan	4691	
4	conectividade+natalidade+saneamento_agua+saude_producao	4691	
4	conectividade+natalidade+saneamento_agua+trabalho_empresa	4691	
4	conectividade+natalidade+saneamento_agua+transferencia_renda	4691	
4	conectividade+natalidade+saneamento_agua+vigilancia_sinan	4691	
4	conectividade+natalidade+saude_producao+trabalho_empresa	4691	
4	conectividade+natalidade+saude_producao+transferencia_renda	4691	
4	conectividade+natalidade+saude_producao+vigilancia_sinan	4691	
4	conectividade+natalidade+trabalho_empresa+transferencia_renda	4691	
4	conectividade+natalidade+trabalho_empresa+vigilancia_sinan	4691	
4	conectividade+natalidade+transferencia_renda+vigilancia_sinan	4691	
4	credito_financeiro+demografia_censo+desmatamento_clima+natalidade	4691	
4	credito_financeiro+demografia_censo+educacao+natalidade	4691	
4	credito_financeiro+demografia_censo+fiscal_municipal+natalidade	4691	
4	credito_financeiro+demografia_censo+fiscalizacao_ambiental+natalidade	4691	
4	credito_financeiro+demografia_censo+fundiario+natalidade	4691	
4	credito_financeiro+demografia_censo+mobilidade+natalidade	4691	
4	credito_financeiro+demografia_censo+mortalidade+natalidade	4691	
4	credito_financeiro+demografia_censo+natalidade+politica	4691	
4	credito_financeiro+demografia_censo+natalidade+saneamento_agua	4691	
4	credito_financeiro+demografia_censo+natalidade+saude_producao	4691	
4	credito_financeiro+demografia_censo+natalidade+trabalho_empresa	4691	
4	credito_financeiro+demografia_censo+natalidade+transferencia_renda	4691	
4	credito_financeiro+demografia_censo+natalidade+vigilancia_sinan	4691	
4	credito_financeiro+desmatamento_clima+educacao+natalidade	4691	
4	credito_financeiro+desmatamento_clima+fiscal_municipal+natalidade	4691	
4	credito_financeiro+desmatamento_clima+fiscalizacao_ambiental+natalidade	4691	
4	credito_financeiro+desmatamento_clima+fundiario+natalidade	4691	
4	credito_financeiro+desmatamento_clima+mobilidade+natalidade	4691	
4	credito_financeiro+desmatamento_clima+mortalidade+natalidade	4691	
4	credito_financeiro+desmatamento_clima+natalidade+politica	4691	
4	credito_financeiro+desmatamento_clima+natalidade+saneamento_agua	4691	
4	credito_financeiro+desmatamento_clima+natalidade+saude_producao	4691	
4	credito_financeiro+desmatamento_clima+natalidade+trabalho_empresa	4691	
4	credito_financeiro+desmatamento_clima+natalidade+transferencia_renda	4691	
4	credito_financeiro+desmatamento_clima+natalidade+vigilancia_sinan	4691	
4	credito_financeiro+educacao+fiscal_municipal+natalidade	4691	
4	credito_financeiro+educacao+fiscalizacao_ambiental+natalidade	4691	
4	credito_financeiro+educacao+fundiario+natalidade	4691	
4	credito_financeiro+educacao+mobilidade+natalidade	4691	
4	credito_financeiro+educacao+mortalidade+natalidade	4691	
4	credito_financeiro+educacao+natalidade+politica	4691	
4	credito_financeiro+educacao+natalidade+saneamento_agua	4691	
4	credito_financeiro+educacao+natalidade+saude_producao	4691	
4	credito_financeiro+educacao+natalidade+trabalho_empresa	4691	
4	credito_financeiro+educacao+natalidade+transferencia_renda	4691	
4	credito_financeiro+educacao+natalidade+vigilancia_sinan	4691	
4	credito_financeiro+fiscal_municipal+fiscalizacao_ambiental+natalidade	4691	
4	credito_financeiro+fiscal_municipal+fundiario+natalidade	4691	
4	credito_financeiro+fiscal_municipal+mobilidade+natalidade	4691	
4	credito_financeiro+fiscal_municipal+mortalidade+natalidade	4691	
4	credito_financeiro+fiscal_municipal+natalidade+politica	4691	
4	credito_financeiro+fiscal_municipal+natalidade+saneamento_agua	4691	
4	credito_financeiro+fiscal_municipal+natalidade+saude_producao	4691	
4	credito_financeiro+fiscal_municipal+natalidade+trabalho_empresa	4691	
4	credito_financeiro+fiscal_municipal+natalidade+transferencia_renda	4691	
4	credito_financeiro+fiscal_municipal+natalidade+vigilancia_sinan	4691	
4	credito_financeiro+fiscalizacao_ambiental+fundiario+natalidade	4691	
4	credito_financeiro+fiscalizacao_ambiental+mobilidade+natalidade	4691	
4	credito_financeiro+fiscalizacao_ambiental+mortalidade+natalidade	4691	
4	credito_financeiro+fiscalizacao_ambiental+natalidade+politica	4691	
4	credito_financeiro+fiscalizacao_ambiental+natalidade+saneamento_agua	4691	
4	credito_financeiro+fiscalizacao_ambiental+natalidade+saude_producao	4691	
4	credito_financeiro+fiscalizacao_ambiental+natalidade+trabalho_empresa	4691	
4	credito_financeiro+fiscalizacao_ambiental+natalidade+transferencia_renda	4691	
4	credito_financeiro+fiscalizacao_ambiental+natalidade+vigilancia_sinan	4691	
4	credito_financeiro+fundiario+mobilidade+natalidade	4691	
4	credito_financeiro+fundiario+mortalidade+natalidade	4691	
4	credito_financeiro+fundiario+natalidade+politica	4691	
4	credito_financeiro+fundiario+natalidade+saneamento_agua	4691	
4	credito_financeiro+fundiario+natalidade+saude_producao	4691	
4	credito_financeiro+fundiario+natalidade+trabalho_empresa	4691	
4	credito_financeiro+fundiario+natalidade+transferencia_renda	4691	
4	credito_financeiro+fundiario+natalidade+vigilancia_sinan	4691	
4	credito_financeiro+mobilidade+mortalidade+natalidade	4691	
4	credito_financeiro+mobilidade+natalidade+politica	4691	
4	credito_financeiro+mobilidade+natalidade+saneamento_agua	4691	
4	credito_financeiro+mobilidade+natalidade+saude_producao	4691	
4	credito_financeiro+mobilidade+natalidade+trabalho_empresa	4691	
4	credito_financeiro+mobilidade+natalidade+transferencia_renda	4691	
4	credito_financeiro+mobilidade+natalidade+vigilancia_sinan	4691	
4	credito_financeiro+mortalidade+natalidade+politica	4691	
4	credito_financeiro+mortalidade+natalidade+saneamento_agua	4691	
4	credito_financeiro+mortalidade+natalidade+saude_producao	4691	
4	credito_financeiro+mortalidade+natalidade+trabalho_empresa	4691	
4	credito_financeiro+mortalidade+natalidade+transferencia_renda	4691	
4	credito_financeiro+mortalidade+natalidade+vigilancia_sinan	4691	
4	credito_financeiro+natalidade+politica+saneamento_agua	4691	
4	credito_financeiro+natalidade+politica+saude_producao	4691	
4	credito_financeiro+natalidade+politica+trabalho_empresa	4691	
4	credito_financeiro+natalidade+politica+transferencia_renda	4691	
4	credito_financeiro+natalidade+politica+vigilancia_sinan	4691	
4	credito_financeiro+natalidade+saneamento_agua+saude_producao	4691	
4	credito_financeiro+natalidade+saneamento_agua+trabalho_empresa	4691	
4	credito_financeiro+natalidade+saneamento_agua+transferencia_renda	4691	
4	credito_financeiro+natalidade+saneamento_agua+vigilancia_sinan	4691	
4	credito_financeiro+natalidade+saude_producao+trabalho_empresa	4691	
4	credito_financeiro+natalidade+saude_producao+transferencia_renda	4691	
4	credito_financeiro+natalidade+saude_producao+vigilancia_sinan	4691	
4	credito_financeiro+natalidade+trabalho_empresa+transferencia_renda	4691	
4	credito_financeiro+natalidade+trabalho_empresa+vigilancia_sinan	4691	
4	credito_financeiro+natalidade+transferencia_renda+vigilancia_sinan	4691	
4	demografia_censo+desmatamento_clima+educacao+natalidade	4691	
4	demografia_censo+desmatamento_clima+fiscal_municipal+natalidade	4691	
4	demografia_censo+desmatamento_clima+fiscalizacao_ambiental+natalidade	4691	
4	demografia_censo+desmatamento_clima+fundiario+natalidade	4691	
4	demografia_censo+desmatamento_clima+mobilidade+natalidade	4691	
4	demografia_censo+desmatamento_clima+mortalidade+natalidade	4691	
4	demografia_censo+desmatamento_clima+natalidade+politica	4691	
4	demografia_censo+desmatamento_clima+natalidade+saneamento_agua	4691	
4	demografia_censo+desmatamento_clima+natalidade+saude_producao	4691	
4	demografia_censo+desmatamento_clima+natalidade+trabalho_empresa	4691	
4	demografia_censo+desmatamento_clima+natalidade+transferencia_renda	4691	
4	demografia_censo+desmatamento_clima+natalidade+vigilancia_sinan	4691	
4	demografia_censo+educacao+fiscal_municipal+natalidade	4691	
4	demografia_censo+educacao+fiscalizacao_ambiental+natalidade	4691	
4	demografia_censo+educacao+fundiario+natalidade	4691	
4	demografia_censo+educacao+mobilidade+natalidade	4691	
4	demografia_censo+educacao+mortalidade+natalidade	4691	
4	demografia_censo+educacao+natalidade+politica	4691	
4	demografia_censo+educacao+natalidade+saneamento_agua	4691	
4	demografia_censo+educacao+natalidade+saude_producao	4691	
4	demografia_censo+educacao+natalidade+trabalho_empresa	4691	
4	demografia_censo+educacao+natalidade+transferencia_renda	4691	
4	demografia_censo+educacao+natalidade+vigilancia_sinan	4691	
4	demografia_censo+fiscal_municipal+fiscalizacao_ambiental+natalidade	4691	
4	demografia_censo+fiscal_municipal+fundiario+natalidade	4691	
4	demografia_censo+fiscal_municipal+mobilidade+natalidade	4691	
4	demografia_censo+fiscal_municipal+mortalidade+natalidade	4691	
4	demografia_censo+fiscal_municipal+natalidade+politica	4691	
4	demografia_censo+fiscal_municipal+natalidade+saneamento_agua	4691	
4	demografia_censo+fiscal_municipal+natalidade+saude_producao	4691	
4	demografia_censo+fiscal_municipal+natalidade+trabalho_empresa	4691	
4	demografia_censo+fiscal_municipal+natalidade+transferencia_renda	4691	
4	demografia_censo+fiscal_municipal+natalidade+vigilancia_sinan	4691	
4	demografia_censo+fiscalizacao_ambiental+fundiario+natalidade	4691	
4	demografia_censo+fiscalizacao_ambiental+mobilidade+natalidade	4691	
4	demografia_censo+fiscalizacao_ambiental+mortalidade+natalidade	4691	
4	demografia_censo+fiscalizacao_ambiental+natalidade+politica	4691	
4	demografia_censo+fiscalizacao_ambiental+natalidade+saneamento_agua	4691	
4	demografia_censo+fiscalizacao_ambiental+natalidade+saude_producao	4691	
4	demografia_censo+fiscalizacao_ambiental+natalidade+trabalho_empresa	4691	
4	demografia_censo+fiscalizacao_ambiental+natalidade+transferencia_renda	4691	
4	demografia_censo+fiscalizacao_ambiental+natalidade+vigilancia_sinan	4691	
4	demografia_censo+fundiario+mobilidade+natalidade	4691	
4	demografia_censo+fundiario+mortalidade+natalidade	4691	
4	demografia_censo+fundiario+natalidade+politica	4691	
4	demografia_censo+fundiario+natalidade+saneamento_agua	4691	
4	demografia_censo+fundiario+natalidade+saude_producao	4691	
4	demografia_censo+fundiario+natalidade+trabalho_empresa	4691	
4	demografia_censo+fundiario+natalidade+transferencia_renda	4691	
4	demografia_censo+fundiario+natalidade+vigilancia_sinan	4691	
4	demografia_censo+mobilidade+mortalidade+natalidade	4691	
4	demografia_censo+mobilidade+natalidade+politica	4691	
4	demografia_censo+mobilidade+natalidade+saneamento_agua	4691	
4	demografia_censo+mobilidade+natalidade+saude_producao	4691	
4	demografia_censo+mobilidade+natalidade+trabalho_empresa	4691	
4	demografia_censo+mobilidade+natalidade+transferencia_renda	4691	
4	demografia_censo+mobilidade+natalidade+vigilancia_sinan	4691	
4	demografia_censo+mortalidade+natalidade+politica	4691	
4	demografia_censo+mortalidade+natalidade+saneamento_agua	4691	
4	demografia_censo+mortalidade+natalidade+saude_producao	4691	
4	demografia_censo+mortalidade+natalidade+trabalho_empresa	4691	
4	demografia_censo+mortalidade+natalidade+transferencia_renda	4691	
4	demografia_censo+mortalidade+natalidade+vigilancia_sinan	4691	
4	demografia_censo+natalidade+politica+saneamento_agua	4691	
4	demografia_censo+natalidade+politica+saude_producao	4691	
4	demografia_censo+natalidade+politica+trabalho_empresa	4691	
4	demografia_censo+natalidade+politica+transferencia_renda	4691	
4	demografia_censo+natalidade+politica+vigilancia_sinan	4691	
4	demografia_censo+natalidade+saneamento_agua+saude_producao	4691	
4	demografia_censo+natalidade+saneamento_agua+trabalho_empresa	4691	
4	demografia_censo+natalidade+saneamento_agua+transferencia_renda	4691	
4	demografia_censo+natalidade+saneamento_agua+vigilancia_sinan	4691	
4	demografia_censo+natalidade+saude_producao+trabalho_empresa	4691	
4	demografia_censo+natalidade+saude_producao+transferencia_renda	4691	
4	demografia_censo+natalidade+saude_producao+vigilancia_sinan	4691	
4	demografia_censo+natalidade+trabalho_empresa+transferencia_renda	4691	
4	demografia_censo+natalidade+trabalho_empresa+vigilancia_sinan	4691	
4	demografia_censo+natalidade+transferencia_renda+vigilancia_sinan	4691	
4	desmatamento_clima+educacao+fiscal_municipal+natalidade	4691	
4	desmatamento_clima+educacao+fiscalizacao_ambiental+natalidade	4691	
4	desmatamento_clima+educacao+fundiario+natalidade	4691	
4	desmatamento_clima+educacao+mobilidade+natalidade	4691	
4	desmatamento_clima+educacao+mortalidade+natalidade	4691	
4	desmatamento_clima+educacao+natalidade+politica	4691	
4	desmatamento_clima+educacao+natalidade+saneamento_agua	4691	
4	desmatamento_clima+educacao+natalidade+saude_producao	4691	
4	desmatamento_clima+educacao+natalidade+trabalho_empresa	4691	
4	desmatamento_clima+educacao+natalidade+transferencia_renda	4691	
4	desmatamento_clima+educacao+natalidade+vigilancia_sinan	4691	
4	desmatamento_clima+fiscal_municipal+fiscalizacao_ambiental+natalidade	4691	
4	desmatamento_clima+fiscal_municipal+fundiario+natalidade	4691	
4	desmatamento_clima+fiscal_municipal+mobilidade+natalidade	4691	
4	desmatamento_clima+fiscal_municipal+mortalidade+natalidade	4691	
4	desmatamento_clima+fiscal_municipal+natalidade+politica	4691	
4	desmatamento_clima+fiscal_municipal+natalidade+saneamento_agua	4691	
4	desmatamento_clima+fiscal_municipal+natalidade+saude_producao	4691	
4	desmatamento_clima+fiscal_municipal+natalidade+trabalho_empresa	4691	
4	desmatamento_clima+fiscal_municipal+natalidade+transferencia_renda	4691	
4	desmatamento_clima+fiscal_municipal+natalidade+vigilancia_sinan	4691	
4	desmatamento_clima+fiscalizacao_ambiental+fundiario+natalidade	4691	
4	desmatamento_clima+fiscalizacao_ambiental+mobilidade+natalidade	4691	
4	desmatamento_clima+fiscalizacao_ambiental+mortalidade+natalidade	4691	
4	desmatamento_clima+fiscalizacao_ambiental+natalidade+politica	4691	
4	desmatamento_clima+fiscalizacao_ambiental+natalidade+saneamento_agua	4691	
4	desmatamento_clima+fiscalizacao_ambiental+natalidade+saude_producao	4691	
4	desmatamento_clima+fiscalizacao_ambiental+natalidade+trabalho_empresa	4691	
4	desmatamento_clima+fiscalizacao_ambiental+natalidade+transferencia_renda	4691	
4	desmatamento_clima+fiscalizacao_ambiental+natalidade+vigilancia_sinan	4691	
4	desmatamento_clima+fundiario+mobilidade+natalidade	4691	
4	desmatamento_clima+fundiario+mortalidade+natalidade	4691	
4	desmatamento_clima+fundiario+natalidade+politica	4691	
4	desmatamento_clima+fundiario+natalidade+saneamento_agua	4691	
4	desmatamento_clima+fundiario+natalidade+saude_producao	4691	
4	desmatamento_clima+fundiario+natalidade+trabalho_empresa	4691	
4	desmatamento_clima+fundiario+natalidade+transferencia_renda	4691	
4	desmatamento_clima+fundiario+natalidade+vigilancia_sinan	4691	
4	desmatamento_clima+mobilidade+mortalidade+natalidade	4691	
4	desmatamento_clima+mobilidade+natalidade+politica	4691	
4	desmatamento_clima+mobilidade+natalidade+saneamento_agua	4691	
4	desmatamento_clima+mobilidade+natalidade+saude_producao	4691	
4	desmatamento_clima+mobilidade+natalidade+trabalho_empresa	4691	
4	desmatamento_clima+mobilidade+natalidade+transferencia_renda	4691	
4	desmatamento_clima+mobilidade+natalidade+vigilancia_sinan	4691	
4	desmatamento_clima+mortalidade+natalidade+politica	4691	
4	desmatamento_clima+mortalidade+natalidade+saneamento_agua	4691	
4	desmatamento_clima+mortalidade+natalidade+saude_producao	4691	
4	desmatamento_clima+mortalidade+natalidade+trabalho_empresa	4691	
4	desmatamento_clima+mortalidade+natalidade+transferencia_renda	4691	
4	desmatamento_clima+mortalidade+natalidade+vigilancia_sinan	4691	
4	desmatamento_clima+natalidade+politica+saneamento_agua	4691	
4	desmatamento_clima+natalidade+politica+saude_producao	4691	
4	desmatamento_clima+natalidade+politica+trabalho_empresa	4691	
4	desmatamento_clima+natalidade+politica+transferencia_renda	4691	
4	desmatamento_clima+natalidade+politica+vigilancia_sinan	4691	
4	desmatamento_clima+natalidade+saneamento_agua+saude_producao	4691	
4	desmatamento_clima+natalidade+saneamento_agua+trabalho_empresa	4691	
4	desmatamento_clima+natalidade+saneamento_agua+transferencia_renda	4691	
4	desmatamento_clima+natalidade+saneamento_agua+vigilancia_sinan	4691	
4	desmatamento_clima+natalidade+saude_producao+trabalho_empresa	4691	
4	desmatamento_clima+natalidade+saude_producao+transferencia_renda	4691	
4	desmatamento_clima+natalidade+saude_producao+vigilancia_sinan	4691	
4	desmatamento_clima+natalidade+trabalho_empresa+transferencia_renda	4691	
4	desmatamento_clima+natalidade+trabalho_empresa+vigilancia_sinan	4691	
4	desmatamento_clima+natalidade+transferencia_renda+vigilancia_sinan	4691	
4	educacao+fiscal_municipal+fiscalizacao_ambiental+natalidade	4691	
4	educacao+fiscal_municipal+fundiario+natalidade	4691	
4	educacao+fiscal_municipal+mobilidade+natalidade	4691	
4	educacao+fiscal_municipal+mortalidade+natalidade	4691	
4	educacao+fiscal_municipal+natalidade+politica	4691	H?
4	educacao+fiscal_municipal+natalidade+saneamento_agua	4691	
4	educacao+fiscal_municipal+natalidade+saude_producao	4691	H?
4	educacao+fiscal_municipal+natalidade+trabalho_empresa	4691	H?
4	educacao+fiscal_municipal+natalidade+transferencia_renda	4691	H?
4	educacao+fiscal_municipal+natalidade+vigilancia_sinan	4691	
4	educacao+fiscalizacao_ambiental+fundiario+natalidade	4691	
4	educacao+fiscalizacao_ambiental+mobilidade+natalidade	4691	
4	educacao+fiscalizacao_ambiental+mortalidade+natalidade	4691	
4	educacao+fiscalizacao_ambiental+natalidade+politica	4691	
4	educacao+fiscalizacao_ambiental+natalidade+saneamento_agua	4691	
4	educacao+fiscalizacao_ambiental+natalidade+saude_producao	4691	
4	educacao+fiscalizacao_ambiental+natalidade+trabalho_empresa	4691	
4	educacao+fiscalizacao_ambiental+natalidade+transferencia_renda	4691	
4	educacao+fiscalizacao_ambiental+natalidade+vigilancia_sinan	4691	
4	educacao+fundiario+mobilidade+natalidade	4691	
4	educacao+fundiario+mortalidade+natalidade	4691	
4	educacao+fundiario+natalidade+politica	4691	
4	educacao+fundiario+natalidade+saneamento_agua	4691	
4	educacao+fundiario+natalidade+saude_producao	4691	
4	educacao+fundiario+natalidade+trabalho_empresa	4691	
4	educacao+fundiario+natalidade+transferencia_renda	4691	
4	educacao+fundiario+natalidade+vigilancia_sinan	4691	
4	educacao+mobilidade+mortalidade+natalidade	4691	
4	educacao+mobilidade+natalidade+politica	4691	
4	educacao+mobilidade+natalidade+saneamento_agua	4691	
4	educacao+mobilidade+natalidade+saude_producao	4691	
4	educacao+mobilidade+natalidade+trabalho_empresa	4691	
4	educacao+mobilidade+natalidade+transferencia_renda	4691	
4	educacao+mobilidade+natalidade+vigilancia_sinan	4691	
4	educacao+mortalidade+natalidade+politica	4691	
4	educacao+mortalidade+natalidade+saneamento_agua	4691	
4	educacao+mortalidade+natalidade+saude_producao	4691	
4	educacao+mortalidade+natalidade+trabalho_empresa	4691	
4	educacao+mortalidade+natalidade+transferencia_renda	4691	
4	educacao+mortalidade+natalidade+vigilancia_sinan	4691	
4	educacao+natalidade+politica+saneamento_agua	4691	
4	educacao+natalidade+politica+saude_producao	4691	H?
4	educacao+natalidade+politica+trabalho_empresa	4691	H?
4	educacao+natalidade+politica+transferencia_renda	4691	H?
4	educacao+natalidade+politica+vigilancia_sinan	4691	
4	educacao+natalidade+saneamento_agua+saude_producao	4691	
4	educacao+natalidade+saneamento_agua+trabalho_empresa	4691	
4	educacao+natalidade+saneamento_agua+transferencia_renda	4691	
4	educacao+natalidade+saneamento_agua+vigilancia_sinan	4691	
4	educacao+natalidade+saude_producao+trabalho_empresa	4691	H?
4	educacao+natalidade+saude_producao+transferencia_renda	4691	H?
4	educacao+natalidade+saude_producao+vigilancia_sinan	4691	
4	educacao+natalidade+trabalho_empresa+transferencia_renda	4691	HH44
4	educacao+natalidade+trabalho_empresa+vigilancia_sinan	4691	
4	educacao+natalidade+transferencia_renda+vigilancia_sinan	4691	
4	fiscal_municipal+fiscalizacao_ambiental+fundiario+natalidade	4691	
4	fiscal_municipal+fiscalizacao_ambiental+mobilidade+natalidade	4691	
4	fiscal_municipal+fiscalizacao_ambiental+mortalidade+natalidade	4691	
4	fiscal_municipal+fiscalizacao_ambiental+natalidade+politica	4691	
4	fiscal_municipal+fiscalizacao_ambiental+natalidade+saneamento_agua	4691	
4	fiscal_municipal+fiscalizacao_ambiental+natalidade+saude_producao	4691	
4	fiscal_municipal+fiscalizacao_ambiental+natalidade+trabalho_empresa	4691	
4	fiscal_municipal+fiscalizacao_ambiental+natalidade+transferencia_renda	4691	
4	fiscal_municipal+fiscalizacao_ambiental+natalidade+vigilancia_sinan	4691	
4	fiscal_municipal+fundiario+mobilidade+natalidade	4691	
4	fiscal_municipal+fundiario+mortalidade+natalidade	4691	
4	fiscal_municipal+fundiario+natalidade+politica	4691	
4	fiscal_municipal+fundiario+natalidade+saneamento_agua	4691	
4	fiscal_municipal+fundiario+natalidade+saude_producao	4691	
4	fiscal_municipal+fundiario+natalidade+trabalho_empresa	4691	
4	fiscal_municipal+fundiario+natalidade+transferencia_renda	4691	
4	fiscal_municipal+fundiario+natalidade+vigilancia_sinan	4691	
4	fiscal_municipal+mobilidade+mortalidade+natalidade	4691	
4	fiscal_municipal+mobilidade+natalidade+politica	4691	
4	fiscal_municipal+mobilidade+natalidade+saneamento_agua	4691	
4	fiscal_municipal+mobilidade+natalidade+saude_producao	4691	
4	fiscal_municipal+mobilidade+natalidade+trabalho_empresa	4691	
4	fiscal_municipal+mobilidade+natalidade+transferencia_renda	4691	
4	fiscal_municipal+mobilidade+natalidade+vigilancia_sinan	4691	
4	fiscal_municipal+mortalidade+natalidade+politica	4691	
4	fiscal_municipal+mortalidade+natalidade+saneamento_agua	4691	
4	fiscal_municipal+mortalidade+natalidade+saude_producao	4691	
4	fiscal_municipal+mortalidade+natalidade+trabalho_empresa	4691	
4	fiscal_municipal+mortalidade+natalidade+transferencia_renda	4691	
4	fiscal_municipal+mortalidade+natalidade+vigilancia_sinan	4691	
4	fiscal_municipal+natalidade+politica+saneamento_agua	4691	
4	fiscal_municipal+natalidade+politica+saude_producao	4691	H?
4	fiscal_municipal+natalidade+politica+trabalho_empresa	4691	H?
4	fiscal_municipal+natalidade+politica+transferencia_renda	4691	H?
4	fiscal_municipal+natalidade+politica+vigilancia_sinan	4691	
4	fiscal_municipal+natalidade+saneamento_agua+saude_producao	4691	
4	fiscal_municipal+natalidade+saneamento_agua+trabalho_empresa	4691	
4	fiscal_municipal+natalidade+saneamento_agua+transferencia_renda	4691	
4	fiscal_municipal+natalidade+saneamento_agua+vigilancia_sinan	4691	
4	fiscal_municipal+natalidade+saude_producao+trabalho_empresa	4691	H?
4	fiscal_municipal+natalidade+saude_producao+transferencia_renda	4691	H?
4	fiscal_municipal+natalidade+saude_producao+vigilancia_sinan	4691	
4	fiscal_municipal+natalidade+trabalho_empresa+transferencia_renda	4691	H?
4	fiscal_municipal+natalidade+trabalho_empresa+vigilancia_sinan	4691	
4	fiscal_municipal+natalidade+transferencia_renda+vigilancia_sinan	4691	
4	fiscalizacao_ambiental+fundiario+mobilidade+natalidade	4691	
4	fiscalizacao_ambiental+fundiario+mortalidade+natalidade	4691	
4	fiscalizacao_ambiental+fundiario+natalidade+politica	4691	
4	fiscalizacao_ambiental+fundiario+natalidade+saneamento_agua	4691	
4	fiscalizacao_ambiental+fundiario+natalidade+saude_producao	4691	
4	fiscalizacao_ambiental+fundiario+natalidade+trabalho_empresa	4691	
4	fiscalizacao_ambiental+fundiario+natalidade+transferencia_renda	4691	
4	fiscalizacao_ambiental+fundiario+natalidade+vigilancia_sinan	4691	
4	fiscalizacao_ambiental+mobilidade+mortalidade+natalidade	4691	
4	fiscalizacao_ambiental+mobilidade+natalidade+politica	4691	
4	fiscalizacao_ambiental+mobilidade+natalidade+saneamento_agua	4691	
4	fiscalizacao_ambiental+mobilidade+natalidade+saude_producao	4691	
4	fiscalizacao_ambiental+mobilidade+natalidade+trabalho_empresa	4691	
4	fiscalizacao_ambiental+mobilidade+natalidade+transferencia_renda	4691	
4	fiscalizacao_ambiental+mobilidade+natalidade+vigilancia_sinan	4691	
4	fiscalizacao_ambiental+mortalidade+natalidade+politica	4691	
4	fiscalizacao_ambiental+mortalidade+natalidade+saneamento_agua	4691	
4	fiscalizacao_ambiental+mortalidade+natalidade+saude_producao	4691	
4	fiscalizacao_ambiental+mortalidade+natalidade+trabalho_empresa	4691	
4	fiscalizacao_ambiental+mortalidade+natalidade+transferencia_renda	4691	
4	fiscalizacao_ambiental+mortalidade+natalidade+vigilancia_sinan	4691	
4	fiscalizacao_ambiental+natalidade+politica+saneamento_agua	4691	
4	fiscalizacao_ambiental+natalidade+politica+saude_producao	4691	
4	fiscalizacao_ambiental+natalidade+politica+trabalho_empresa	4691	
4	fiscalizacao_ambiental+natalidade+politica+transferencia_renda	4691	
4	fiscalizacao_ambiental+natalidade+politica+vigilancia_sinan	4691	
4	fiscalizacao_ambiental+natalidade+saneamento_agua+saude_producao	4691	
4	fiscalizacao_ambiental+natalidade+saneamento_agua+trabalho_empresa	4691	
4	fiscalizacao_ambiental+natalidade+saneamento_agua+transferencia_renda	4691	
4	fiscalizacao_ambiental+natalidade+saneamento_agua+vigilancia_sinan	4691	
4	fiscalizacao_ambiental+natalidade+saude_producao+trabalho_empresa	4691	
4	fiscalizacao_ambiental+natalidade+saude_producao+transferencia_renda	4691	
4	fiscalizacao_ambiental+natalidade+saude_producao+vigilancia_sinan	4691	
4	fiscalizacao_ambiental+natalidade+trabalho_empresa+transferencia_renda	4691	
4	fiscalizacao_ambiental+natalidade+trabalho_empresa+vigilancia_sinan	4691	
4	fiscalizacao_ambiental+natalidade+transferencia_renda+vigilancia_sinan	4691	
4	fundiario+mobilidade+mortalidade+natalidade	4691	
4	fundiario+mobilidade+natalidade+politica	4691	
4	fundiario+mobilidade+natalidade+saneamento_agua	4691	
4	fundiario+mobilidade+natalidade+saude_producao	4691	
4	fundiario+mobilidade+natalidade+trabalho_empresa	4691	
4	fundiario+mobilidade+natalidade+transferencia_renda	4691	
4	fundiario+mobilidade+natalidade+vigilancia_sinan	4691	
4	fundiario+mortalidade+natalidade+politica	4691	
4	fundiario+mortalidade+natalidade+saneamento_agua	4691	
4	fundiario+mortalidade+natalidade+saude_producao	4691	
4	fundiario+mortalidade+natalidade+trabalho_empresa	4691	
4	fundiario+mortalidade+natalidade+transferencia_renda	4691	
4	fundiario+mortalidade+natalidade+vigilancia_sinan	4691	
4	fundiario+natalidade+politica+saneamento_agua	4691	
4	fundiario+natalidade+politica+saude_producao	4691	
4	fundiario+natalidade+politica+trabalho_empresa	4691	
4	fundiario+natalidade+politica+transferencia_renda	4691	
4	fundiario+natalidade+politica+vigilancia_sinan	4691	
4	fundiario+natalidade+saneamento_agua+saude_producao	4691	
4	fundiario+natalidade+saneamento_agua+trabalho_empresa	4691	
4	fundiario+natalidade+saneamento_agua+transferencia_renda	4691	
4	fundiario+natalidade+saneamento_agua+vigilancia_sinan	4691	
4	fundiario+natalidade+saude_producao+trabalho_empresa	4691	
4	fundiario+natalidade+saude_producao+transferencia_renda	4691	
4	fundiario+natalidade+saude_producao+vigilancia_sinan	4691	
4	fundiario+natalidade+trabalho_empresa+transferencia_renda	4691	
4	fundiario+natalidade+trabalho_empresa+vigilancia_sinan	4691	
4	fundiario+natalidade+transferencia_renda+vigilancia_sinan	4691	
4	mobilidade+mortalidade+natalidade+politica	4691	
4	mobilidade+mortalidade+natalidade+saneamento_agua	4691	
4	mobilidade+mortalidade+natalidade+saude_producao	4691	
4	mobilidade+mortalidade+natalidade+trabalho_empresa	4691	
4	mobilidade+mortalidade+natalidade+transferencia_renda	4691	
4	mobilidade+mortalidade+natalidade+vigilancia_sinan	4691	
4	mobilidade+natalidade+politica+saneamento_agua	4691	
4	mobilidade+natalidade+politica+saude_producao	4691	
4	mobilidade+natalidade+politica+trabalho_empresa	4691	
4	mobilidade+natalidade+politica+transferencia_renda	4691	
4	mobilidade+natalidade+politica+vigilancia_sinan	4691	
4	mobilidade+natalidade+saneamento_agua+saude_producao	4691	
4	mobilidade+natalidade+saneamento_agua+trabalho_empresa	4691	
4	mobilidade+natalidade+saneamento_agua+transferencia_renda	4691	
4	mobilidade+natalidade+saneamento_agua+vigilancia_sinan	4691	
4	mobilidade+natalidade+saude_producao+trabalho_empresa	4691	
4	mobilidade+natalidade+saude_producao+transferencia_renda	4691	
4	mobilidade+natalidade+saude_producao+vigilancia_sinan	4691	
4	mobilidade+natalidade+trabalho_empresa+transferencia_renda	4691	
4	mobilidade+natalidade+trabalho_empresa+vigilancia_sinan	4691	
4	mobilidade+natalidade+transferencia_renda+vigilancia_sinan	4691	
4	mortalidade+natalidade+politica+saneamento_agua	4691	
4	mortalidade+natalidade+politica+saude_producao	4691	
4	mortalidade+natalidade+politica+trabalho_empresa	4691	
4	mortalidade+natalidade+politica+transferencia_renda	4691	
4	mortalidade+natalidade+politica+vigilancia_sinan	4691	
4	mortalidade+natalidade+saneamento_agua+saude_producao	4691	
4	mortalidade+natalidade+saneamento_agua+trabalho_empresa	4691	
4	mortalidade+natalidade+saneamento_agua+transferencia_renda	4691	
4	mortalidade+natalidade+saneamento_agua+vigilancia_sinan	4691	
4	mortalidade+natalidade+saude_producao+trabalho_empresa	4691	P49-1
4	mortalidade+natalidade+saude_producao+transferencia_renda	4691	
4	mortalidade+natalidade+saude_producao+vigilancia_sinan	4691	
4	mortalidade+natalidade+trabalho_empresa+transferencia_renda	4691	P03-3
4	mortalidade+natalidade+trabalho_empresa+vigilancia_sinan	4691	
4	mortalidade+natalidade+transferencia_renda+vigilancia_sinan	4691	
4	natalidade+politica+saneamento_agua+saude_producao	4691	
4	natalidade+politica+saneamento_agua+trabalho_empresa	4691	
4	natalidade+politica+saneamento_agua+transferencia_renda	4691	
4	natalidade+politica+saneamento_agua+vigilancia_sinan	4691	
4	natalidade+politica+saude_producao+trabalho_empresa	4691	H?
4	natalidade+politica+saude_producao+transferencia_renda	4691	H?
4	natalidade+politica+saude_producao+vigilancia_sinan	4691	
4	natalidade+politica+trabalho_empresa+transferencia_renda	4691	H?
4	natalidade+politica+trabalho_empresa+vigilancia_sinan	4691	
4	natalidade+politica+transferencia_renda+vigilancia_sinan	4691	
4	natalidade+saneamento_agua+saude_producao+trabalho_empresa	4691	P80-2
4	natalidade+saneamento_agua+saude_producao+transferencia_renda	4691	
4	natalidade+saneamento_agua+saude_producao+vigilancia_sinan	4691	
4	natalidade+saneamento_agua+trabalho_empresa+transferencia_renda	4691	
4	natalidade+saneamento_agua+trabalho_empresa+vigilancia_sinan	4691	
4	natalidade+saneamento_agua+transferencia_renda+vigilancia_sinan	4691	
4	natalidade+saude_producao+trabalho_empresa+transferencia_renda	4691	H?
4	natalidade+saude_producao+trabalho_empresa+vigilancia_sinan	4691	
4	natalidade+saude_producao+transferencia_renda+vigilancia_sinan	4691	
4	natalidade+trabalho_empresa+transferencia_renda+vigilancia_sinan	4691	
4	agropecuaria+compras_publicas+conectividade+mineracao_energia	3985	
4	agropecuaria+compras_publicas+credito_financeiro+mineracao_energia	3985	
4	agropecuaria+compras_publicas+demografia_censo+mineracao_energia	3985	
4	agropecuaria+compras_publicas+desmatamento_clima+mineracao_energia	3985	
4	agropecuaria+compras_publicas+educacao+mineracao_energia	3985	
4	agropecuaria+compras_publicas+fiscal_municipal+mineracao_energia	3985	
4	agropecuaria+compras_publicas+fiscalizacao_ambiental+mineracao_energia	3985	
4	agropecuaria+compras_publicas+fundiario+mineracao_energia	3985	
4	agropecuaria+compras_publicas+mineracao_energia+mobilidade	3985	
4	agropecuaria+compras_publicas+mineracao_energia+mortalidade	3985	
4	agropecuaria+compras_publicas+mineracao_energia+natalidade	3985	
4	agropecuaria+compras_publicas+mineracao_energia+politica	3985	
4	agropecuaria+compras_publicas+mineracao_energia+saneamento_agua	3985	
4	agropecuaria+compras_publicas+mineracao_energia+saude_producao	3985	
4	agropecuaria+compras_publicas+mineracao_energia+trabalho_empresa	3985	
4	agropecuaria+compras_publicas+mineracao_energia+transferencia_renda	3985	
4	agropecuaria+compras_publicas+mineracao_energia+vigilancia_sinan	3985	
4	agropecuaria+conectividade+credito_financeiro+mineracao_energia	3985	
4	agropecuaria+conectividade+demografia_censo+mineracao_energia	3985	
4	agropecuaria+conectividade+desmatamento_clima+mineracao_energia	3985	
4	agropecuaria+conectividade+educacao+mineracao_energia	3985	
4	agropecuaria+conectividade+fiscal_municipal+mineracao_energia	3985	
4	agropecuaria+conectividade+fiscalizacao_ambiental+mineracao_energia	3985	
4	agropecuaria+conectividade+fundiario+mineracao_energia	3985	
4	agropecuaria+conectividade+mineracao_energia+mobilidade	3985	
4	agropecuaria+conectividade+mineracao_energia+mortalidade	3985	
4	agropecuaria+conectividade+mineracao_energia+natalidade	3985	
4	agropecuaria+conectividade+mineracao_energia+politica	3985	
4	agropecuaria+conectividade+mineracao_energia+saneamento_agua	3985	
4	agropecuaria+conectividade+mineracao_energia+saude_producao	3985	
4	agropecuaria+conectividade+mineracao_energia+trabalho_empresa	3985	
4	agropecuaria+conectividade+mineracao_energia+transferencia_renda	3985	
4	agropecuaria+conectividade+mineracao_energia+vigilancia_sinan	3985	
4	agropecuaria+credito_financeiro+demografia_censo+mineracao_energia	3985	
4	agropecuaria+credito_financeiro+desmatamento_clima+mineracao_energia	3985	
4	agropecuaria+credito_financeiro+educacao+mineracao_energia	3985	
4	agropecuaria+credito_financeiro+fiscal_municipal+mineracao_energia	3985	
4	agropecuaria+credito_financeiro+fiscalizacao_ambiental+mineracao_energia	3985	
4	agropecuaria+credito_financeiro+fundiario+mineracao_energia	3985	
4	agropecuaria+credito_financeiro+mineracao_energia+mobilidade	3985	
4	agropecuaria+credito_financeiro+mineracao_energia+mortalidade	3985	
4	agropecuaria+credito_financeiro+mineracao_energia+natalidade	3985	
4	agropecuaria+credito_financeiro+mineracao_energia+politica	3985	
4	agropecuaria+credito_financeiro+mineracao_energia+saneamento_agua	3985	
4	agropecuaria+credito_financeiro+mineracao_energia+saude_producao	3985	
4	agropecuaria+credito_financeiro+mineracao_energia+trabalho_empresa	3985	
4	agropecuaria+credito_financeiro+mineracao_energia+transferencia_renda	3985	
4	agropecuaria+credito_financeiro+mineracao_energia+vigilancia_sinan	3985	
4	agropecuaria+demografia_censo+desmatamento_clima+mineracao_energia	3985	
4	agropecuaria+demografia_censo+educacao+mineracao_energia	3985	
4	agropecuaria+demografia_censo+fiscal_municipal+mineracao_energia	3985	
4	agropecuaria+demografia_censo+fiscalizacao_ambiental+mineracao_energia	3985	
4	agropecuaria+demografia_censo+fundiario+mineracao_energia	3985	
4	agropecuaria+demografia_censo+mineracao_energia+mobilidade	3985	
4	agropecuaria+demografia_censo+mineracao_energia+mortalidade	3985	
4	agropecuaria+demografia_censo+mineracao_energia+natalidade	3985	
4	agropecuaria+demografia_censo+mineracao_energia+politica	3985	
4	agropecuaria+demografia_censo+mineracao_energia+saneamento_agua	3985	
4	agropecuaria+demografia_censo+mineracao_energia+saude_producao	3985	
4	agropecuaria+demografia_censo+mineracao_energia+trabalho_empresa	3985	
4	agropecuaria+demografia_censo+mineracao_energia+transferencia_renda	3985	
4	agropecuaria+demografia_censo+mineracao_energia+vigilancia_sinan	3985	
4	agropecuaria+desmatamento_clima+educacao+mineracao_energia	3985	
4	agropecuaria+desmatamento_clima+fiscal_municipal+mineracao_energia	3985	
4	agropecuaria+desmatamento_clima+fiscalizacao_ambiental+mineracao_energia	3985	
4	agropecuaria+desmatamento_clima+fundiario+mineracao_energia	3985	
4	agropecuaria+desmatamento_clima+mineracao_energia+mobilidade	3985	
4	agropecuaria+desmatamento_clima+mineracao_energia+mortalidade	3985	
4	agropecuaria+desmatamento_clima+mineracao_energia+natalidade	3985	
4	agropecuaria+desmatamento_clima+mineracao_energia+politica	3985	
4	agropecuaria+desmatamento_clima+mineracao_energia+saneamento_agua	3985	
4	agropecuaria+desmatamento_clima+mineracao_energia+saude_producao	3985	
4	agropecuaria+desmatamento_clima+mineracao_energia+trabalho_empresa	3985	
4	agropecuaria+desmatamento_clima+mineracao_energia+transferencia_renda	3985	
4	agropecuaria+desmatamento_clima+mineracao_energia+vigilancia_sinan	3985	
4	agropecuaria+educacao+fiscal_municipal+mineracao_energia	3985	
4	agropecuaria+educacao+fiscalizacao_ambiental+mineracao_energia	3985	
4	agropecuaria+educacao+fundiario+mineracao_energia	3985	
4	agropecuaria+educacao+mineracao_energia+mobilidade	3985	
4	agropecuaria+educacao+mineracao_energia+mortalidade	3985	
4	agropecuaria+educacao+mineracao_energia+natalidade	3985	
4	agropecuaria+educacao+mineracao_energia+politica	3985	
4	agropecuaria+educacao+mineracao_energia+saneamento_agua	3985	
4	agropecuaria+educacao+mineracao_energia+saude_producao	3985	
4	agropecuaria+educacao+mineracao_energia+trabalho_empresa	3985	
4	agropecuaria+educacao+mineracao_energia+transferencia_renda	3985	
4	agropecuaria+educacao+mineracao_energia+vigilancia_sinan	3985	
4	agropecuaria+fiscal_municipal+fiscalizacao_ambiental+mineracao_energia	3985	
4	agropecuaria+fiscal_municipal+fundiario+mineracao_energia	3985	
4	agropecuaria+fiscal_municipal+mineracao_energia+mobilidade	3985	
4	agropecuaria+fiscal_municipal+mineracao_energia+mortalidade	3985	
4	agropecuaria+fiscal_municipal+mineracao_energia+natalidade	3985	
4	agropecuaria+fiscal_municipal+mineracao_energia+politica	3985	
4	agropecuaria+fiscal_municipal+mineracao_energia+saneamento_agua	3985	
4	agropecuaria+fiscal_municipal+mineracao_energia+saude_producao	3985	
4	agropecuaria+fiscal_municipal+mineracao_energia+trabalho_empresa	3985	
4	agropecuaria+fiscal_municipal+mineracao_energia+transferencia_renda	3985	
4	agropecuaria+fiscal_municipal+mineracao_energia+vigilancia_sinan	3985	
4	agropecuaria+fiscalizacao_ambiental+fundiario+mineracao_energia	3985	
4	agropecuaria+fiscalizacao_ambiental+mineracao_energia+mobilidade	3985	
4	agropecuaria+fiscalizacao_ambiental+mineracao_energia+mortalidade	3985	
4	agropecuaria+fiscalizacao_ambiental+mineracao_energia+natalidade	3985	
4	agropecuaria+fiscalizacao_ambiental+mineracao_energia+politica	3985	
4	agropecuaria+fiscalizacao_ambiental+mineracao_energia+saneamento_agua	3985	
4	agropecuaria+fiscalizacao_ambiental+mineracao_energia+saude_producao	3985	
4	agropecuaria+fiscalizacao_ambiental+mineracao_energia+trabalho_empresa	3985	
4	agropecuaria+fiscalizacao_ambiental+mineracao_energia+transferencia_renda	3985	
4	agropecuaria+fiscalizacao_ambiental+mineracao_energia+vigilancia_sinan	3985	
4	agropecuaria+fundiario+mineracao_energia+mobilidade	3985	
4	agropecuaria+fundiario+mineracao_energia+mortalidade	3985	
4	agropecuaria+fundiario+mineracao_energia+natalidade	3985	
4	agropecuaria+fundiario+mineracao_energia+politica	3985	
4	agropecuaria+fundiario+mineracao_energia+saneamento_agua	3985	
4	agropecuaria+fundiario+mineracao_energia+saude_producao	3985	
4	agropecuaria+fundiario+mineracao_energia+trabalho_empresa	3985	
4	agropecuaria+fundiario+mineracao_energia+transferencia_renda	3985	
4	agropecuaria+fundiario+mineracao_energia+vigilancia_sinan	3985	
4	agropecuaria+mineracao_energia+mobilidade+mortalidade	3985	
4	agropecuaria+mineracao_energia+mobilidade+natalidade	3985	
4	agropecuaria+mineracao_energia+mobilidade+politica	3985	
4	agropecuaria+mineracao_energia+mobilidade+saneamento_agua	3985	
4	agropecuaria+mineracao_energia+mobilidade+saude_producao	3985	
4	agropecuaria+mineracao_energia+mobilidade+trabalho_empresa	3985	
4	agropecuaria+mineracao_energia+mobilidade+transferencia_renda	3985	
4	agropecuaria+mineracao_energia+mobilidade+vigilancia_sinan	3985	
4	agropecuaria+mineracao_energia+mortalidade+natalidade	3985	
4	agropecuaria+mineracao_energia+mortalidade+politica	3985	
4	agropecuaria+mineracao_energia+mortalidade+saneamento_agua	3985	
4	agropecuaria+mineracao_energia+mortalidade+saude_producao	3985	
4	agropecuaria+mineracao_energia+mortalidade+trabalho_empresa	3985	
4	agropecuaria+mineracao_energia+mortalidade+transferencia_renda	3985	
4	agropecuaria+mineracao_energia+mortalidade+vigilancia_sinan	3985	
4	agropecuaria+mineracao_energia+natalidade+politica	3985	
4	agropecuaria+mineracao_energia+natalidade+saneamento_agua	3985	
4	agropecuaria+mineracao_energia+natalidade+saude_producao	3985	
4	agropecuaria+mineracao_energia+natalidade+trabalho_empresa	3985	
4	agropecuaria+mineracao_energia+natalidade+transferencia_renda	3985	
4	agropecuaria+mineracao_energia+natalidade+vigilancia_sinan	3985	
4	agropecuaria+mineracao_energia+politica+saneamento_agua	3985	
4	agropecuaria+mineracao_energia+politica+saude_producao	3985	
4	agropecuaria+mineracao_energia+politica+trabalho_empresa	3985	
4	agropecuaria+mineracao_energia+politica+transferencia_renda	3985	
4	agropecuaria+mineracao_energia+politica+vigilancia_sinan	3985	
4	agropecuaria+mineracao_energia+saneamento_agua+saude_producao	3985	
4	agropecuaria+mineracao_energia+saneamento_agua+trabalho_empresa	3985	
4	agropecuaria+mineracao_energia+saneamento_agua+transferencia_renda	3985	
4	agropecuaria+mineracao_energia+saneamento_agua+vigilancia_sinan	3985	
4	agropecuaria+mineracao_energia+saude_producao+trabalho_empresa	3985	
4	agropecuaria+mineracao_energia+saude_producao+transferencia_renda	3985	
4	agropecuaria+mineracao_energia+saude_producao+vigilancia_sinan	3985	
4	agropecuaria+mineracao_energia+trabalho_empresa+transferencia_renda	3985	
4	agropecuaria+mineracao_energia+trabalho_empresa+vigilancia_sinan	3985	
4	agropecuaria+mineracao_energia+transferencia_renda+vigilancia_sinan	3985	
4	compras_publicas+conectividade+credito_financeiro+mineracao_energia	3985	
4	compras_publicas+conectividade+demografia_censo+mineracao_energia	3985	
4	compras_publicas+conectividade+desmatamento_clima+mineracao_energia	3985	
4	compras_publicas+conectividade+educacao+mineracao_energia	3985	
4	compras_publicas+conectividade+fiscal_municipal+mineracao_energia	3985	
4	compras_publicas+conectividade+fiscalizacao_ambiental+mineracao_energia	3985	
4	compras_publicas+conectividade+fundiario+mineracao_energia	3985	
4	compras_publicas+conectividade+mineracao_energia+mobilidade	3985	
4	compras_publicas+conectividade+mineracao_energia+mortalidade	3985	
4	compras_publicas+conectividade+mineracao_energia+natalidade	3985	
4	compras_publicas+conectividade+mineracao_energia+politica	3985	
4	compras_publicas+conectividade+mineracao_energia+saneamento_agua	3985	
4	compras_publicas+conectividade+mineracao_energia+saude_producao	3985	
4	compras_publicas+conectividade+mineracao_energia+trabalho_empresa	3985	
4	compras_publicas+conectividade+mineracao_energia+transferencia_renda	3985	
4	compras_publicas+conectividade+mineracao_energia+vigilancia_sinan	3985	
4	compras_publicas+credito_financeiro+demografia_censo+mineracao_energia	3985	H?
4	compras_publicas+credito_financeiro+desmatamento_clima+mineracao_energia	3985	H?
4	compras_publicas+credito_financeiro+educacao+mineracao_energia	3985	
4	compras_publicas+credito_financeiro+fiscal_municipal+mineracao_energia	3985	
4	compras_publicas+credito_financeiro+fiscalizacao_ambiental+mineracao_energia	3985	H?
4	compras_publicas+credito_financeiro+fundiario+mineracao_energia	3985	H?
4	compras_publicas+credito_financeiro+mineracao_energia+mobilidade	3985	
4	compras_publicas+credito_financeiro+mineracao_energia+mortalidade	3985	
4	compras_publicas+credito_financeiro+mineracao_energia+natalidade	3985	
4	compras_publicas+credito_financeiro+mineracao_energia+politica	3985	
4	compras_publicas+credito_financeiro+mineracao_energia+saneamento_agua	3985	
4	compras_publicas+credito_financeiro+mineracao_energia+saude_producao	3985	H?
4	compras_publicas+credito_financeiro+mineracao_energia+trabalho_empresa	3985	
4	compras_publicas+credito_financeiro+mineracao_energia+transferencia_renda	3985	
4	compras_publicas+credito_financeiro+mineracao_energia+vigilancia_sinan	3985	
4	compras_publicas+demografia_censo+desmatamento_clima+mineracao_energia	3985	H?
4	compras_publicas+demografia_censo+educacao+mineracao_energia	3985	
4	compras_publicas+demografia_censo+fiscal_municipal+mineracao_energia	3985	
4	compras_publicas+demografia_censo+fiscalizacao_ambiental+mineracao_energia	3985	H?
4	compras_publicas+demografia_censo+fundiario+mineracao_energia	3985	H?
4	compras_publicas+demografia_censo+mineracao_energia+mobilidade	3985	
4	compras_publicas+demografia_censo+mineracao_energia+mortalidade	3985	
4	compras_publicas+demografia_censo+mineracao_energia+natalidade	3985	
4	compras_publicas+demografia_censo+mineracao_energia+politica	3985	
4	compras_publicas+demografia_censo+mineracao_energia+saneamento_agua	3985	
4	compras_publicas+demografia_censo+mineracao_energia+saude_producao	3985	H?
4	compras_publicas+demografia_censo+mineracao_energia+trabalho_empresa	3985	
4	compras_publicas+demografia_censo+mineracao_energia+transferencia_renda	3985	
4	compras_publicas+demografia_censo+mineracao_energia+vigilancia_sinan	3985	
4	compras_publicas+desmatamento_clima+educacao+mineracao_energia	3985	
4	compras_publicas+desmatamento_clima+fiscal_municipal+mineracao_energia	3985	
4	compras_publicas+desmatamento_clima+fiscalizacao_ambiental+mineracao_energia	3985	H?
4	compras_publicas+desmatamento_clima+fundiario+mineracao_energia	3985	H?
4	compras_publicas+desmatamento_clima+mineracao_energia+mobilidade	3985	
4	compras_publicas+desmatamento_clima+mineracao_energia+mortalidade	3985	
4	compras_publicas+desmatamento_clima+mineracao_energia+natalidade	3985	
4	compras_publicas+desmatamento_clima+mineracao_energia+politica	3985	
4	compras_publicas+desmatamento_clima+mineracao_energia+saneamento_agua	3985	
4	compras_publicas+desmatamento_clima+mineracao_energia+saude_producao	3985	H?
4	compras_publicas+desmatamento_clima+mineracao_energia+trabalho_empresa	3985	
4	compras_publicas+desmatamento_clima+mineracao_energia+transferencia_renda	3985	
4	compras_publicas+desmatamento_clima+mineracao_energia+vigilancia_sinan	3985	
4	compras_publicas+educacao+fiscal_municipal+mineracao_energia	3985	H?
4	compras_publicas+educacao+fiscalizacao_ambiental+mineracao_energia	3985	
4	compras_publicas+educacao+fundiario+mineracao_energia	3985	
4	compras_publicas+educacao+mineracao_energia+mobilidade	3985	
4	compras_publicas+educacao+mineracao_energia+mortalidade	3985	
4	compras_publicas+educacao+mineracao_energia+natalidade	3985	H?
4	compras_publicas+educacao+mineracao_energia+politica	3985	H?
4	compras_publicas+educacao+mineracao_energia+saneamento_agua	3985	
4	compras_publicas+educacao+mineracao_energia+saude_producao	3985	H?
4	compras_publicas+educacao+mineracao_energia+trabalho_empresa	3985	H?
4	compras_publicas+educacao+mineracao_energia+transferencia_renda	3985	H?
4	compras_publicas+educacao+mineracao_energia+vigilancia_sinan	3985	
4	compras_publicas+fiscal_municipal+fiscalizacao_ambiental+mineracao_energia	3985	
4	compras_publicas+fiscal_municipal+fundiario+mineracao_energia	3985	
4	compras_publicas+fiscal_municipal+mineracao_energia+mobilidade	3985	
4	compras_publicas+fiscal_municipal+mineracao_energia+mortalidade	3985	
4	compras_publicas+fiscal_municipal+mineracao_energia+natalidade	3985	H?
4	compras_publicas+fiscal_municipal+mineracao_energia+politica	3985	H?
4	compras_publicas+fiscal_municipal+mineracao_energia+saneamento_agua	3985	
4	compras_publicas+fiscal_municipal+mineracao_energia+saude_producao	3985	H?
4	compras_publicas+fiscal_municipal+mineracao_energia+trabalho_empresa	3985	H?
4	compras_publicas+fiscal_municipal+mineracao_energia+transferencia_renda	3985	H?
4	compras_publicas+fiscal_municipal+mineracao_energia+vigilancia_sinan	3985	
4	compras_publicas+fiscalizacao_ambiental+fundiario+mineracao_energia	3985	H?
4	compras_publicas+fiscalizacao_ambiental+mineracao_energia+mobilidade	3985	
4	compras_publicas+fiscalizacao_ambiental+mineracao_energia+mortalidade	3985	
4	compras_publicas+fiscalizacao_ambiental+mineracao_energia+natalidade	3985	
4	compras_publicas+fiscalizacao_ambiental+mineracao_energia+politica	3985	
4	compras_publicas+fiscalizacao_ambiental+mineracao_energia+saneamento_agua	3985	
4	compras_publicas+fiscalizacao_ambiental+mineracao_energia+saude_producao	3985	H?
4	compras_publicas+fiscalizacao_ambiental+mineracao_energia+trabalho_empresa	3985	
4	compras_publicas+fiscalizacao_ambiental+mineracao_energia+transferencia_renda	3985	
4	compras_publicas+fiscalizacao_ambiental+mineracao_energia+vigilancia_sinan	3985	
4	compras_publicas+fundiario+mineracao_energia+mobilidade	3985	
4	compras_publicas+fundiario+mineracao_energia+mortalidade	3985	
4	compras_publicas+fundiario+mineracao_energia+natalidade	3985	
4	compras_publicas+fundiario+mineracao_energia+politica	3985	
4	compras_publicas+fundiario+mineracao_energia+saneamento_agua	3985	
4	compras_publicas+fundiario+mineracao_energia+saude_producao	3985	H?
4	compras_publicas+fundiario+mineracao_energia+trabalho_empresa	3985	
4	compras_publicas+fundiario+mineracao_energia+transferencia_renda	3985	
4	compras_publicas+fundiario+mineracao_energia+vigilancia_sinan	3985	
4	compras_publicas+mineracao_energia+mobilidade+mortalidade	3985	
4	compras_publicas+mineracao_energia+mobilidade+natalidade	3985	
4	compras_publicas+mineracao_energia+mobilidade+politica	3985	
4	compras_publicas+mineracao_energia+mobilidade+saneamento_agua	3985	
4	compras_publicas+mineracao_energia+mobilidade+saude_producao	3985	
4	compras_publicas+mineracao_energia+mobilidade+trabalho_empresa	3985	
4	compras_publicas+mineracao_energia+mobilidade+transferencia_renda	3985	
4	compras_publicas+mineracao_energia+mobilidade+vigilancia_sinan	3985	
4	compras_publicas+mineracao_energia+mortalidade+natalidade	3985	
4	compras_publicas+mineracao_energia+mortalidade+politica	3985	
4	compras_publicas+mineracao_energia+mortalidade+saneamento_agua	3985	
4	compras_publicas+mineracao_energia+mortalidade+saude_producao	3985	
4	compras_publicas+mineracao_energia+mortalidade+trabalho_empresa	3985	
4	compras_publicas+mineracao_energia+mortalidade+transferencia_renda	3985	
4	compras_publicas+mineracao_energia+mortalidade+vigilancia_sinan	3985	
4	compras_publicas+mineracao_energia+natalidade+politica	3985	H?
4	compras_publicas+mineracao_energia+natalidade+saneamento_agua	3985	
4	compras_publicas+mineracao_energia+natalidade+saude_producao	3985	H?
4	compras_publicas+mineracao_energia+natalidade+trabalho_empresa	3985	H?
4	compras_publicas+mineracao_energia+natalidade+transferencia_renda	3985	H?
4	compras_publicas+mineracao_energia+natalidade+vigilancia_sinan	3985	
4	compras_publicas+mineracao_energia+politica+saneamento_agua	3985	
4	compras_publicas+mineracao_energia+politica+saude_producao	3985	H?
4	compras_publicas+mineracao_energia+politica+trabalho_empresa	3985	H?
4	compras_publicas+mineracao_energia+politica+transferencia_renda	3985	H?
4	compras_publicas+mineracao_energia+politica+vigilancia_sinan	3985	
4	compras_publicas+mineracao_energia+saneamento_agua+saude_producao	3985	
4	compras_publicas+mineracao_energia+saneamento_agua+trabalho_empresa	3985	
4	compras_publicas+mineracao_energia+saneamento_agua+transferencia_renda	3985	
4	compras_publicas+mineracao_energia+saneamento_agua+vigilancia_sinan	3985	
4	compras_publicas+mineracao_energia+saude_producao+trabalho_empresa	3985	H?
4	compras_publicas+mineracao_energia+saude_producao+transferencia_renda	3985	H?
4	compras_publicas+mineracao_energia+saude_producao+vigilancia_sinan	3985	
4	compras_publicas+mineracao_energia+trabalho_empresa+transferencia_renda	3985	H?
4	compras_publicas+mineracao_energia+trabalho_empresa+vigilancia_sinan	3985	
4	compras_publicas+mineracao_energia+transferencia_renda+vigilancia_sinan	3985	
4	conectividade+credito_financeiro+demografia_censo+mineracao_energia	3985	
4	conectividade+credito_financeiro+desmatamento_clima+mineracao_energia	3985	
4	conectividade+credito_financeiro+educacao+mineracao_energia	3985	
4	conectividade+credito_financeiro+fiscal_municipal+mineracao_energia	3985	
4	conectividade+credito_financeiro+fiscalizacao_ambiental+mineracao_energia	3985	
4	conectividade+credito_financeiro+fundiario+mineracao_energia	3985	
4	conectividade+credito_financeiro+mineracao_energia+mobilidade	3985	
4	conectividade+credito_financeiro+mineracao_energia+mortalidade	3985	
4	conectividade+credito_financeiro+mineracao_energia+natalidade	3985	
4	conectividade+credito_financeiro+mineracao_energia+politica	3985	
4	conectividade+credito_financeiro+mineracao_energia+saneamento_agua	3985	
4	conectividade+credito_financeiro+mineracao_energia+saude_producao	3985	
4	conectividade+credito_financeiro+mineracao_energia+trabalho_empresa	3985	
4	conectividade+credito_financeiro+mineracao_energia+transferencia_renda	3985	
4	conectividade+credito_financeiro+mineracao_energia+vigilancia_sinan	3985	
4	conectividade+demografia_censo+desmatamento_clima+mineracao_energia	3985	
4	conectividade+demografia_censo+educacao+mineracao_energia	3985	
4	conectividade+demografia_censo+fiscal_municipal+mineracao_energia	3985	
4	conectividade+demografia_censo+fiscalizacao_ambiental+mineracao_energia	3985	
4	conectividade+demografia_censo+fundiario+mineracao_energia	3985	
4	conectividade+demografia_censo+mineracao_energia+mobilidade	3985	
4	conectividade+demografia_censo+mineracao_energia+mortalidade	3985	
4	conectividade+demografia_censo+mineracao_energia+natalidade	3985	
4	conectividade+demografia_censo+mineracao_energia+politica	3985	
4	conectividade+demografia_censo+mineracao_energia+saneamento_agua	3985	
4	conectividade+demografia_censo+mineracao_energia+saude_producao	3985	
4	conectividade+demografia_censo+mineracao_energia+trabalho_empresa	3985	
4	conectividade+demografia_censo+mineracao_energia+transferencia_renda	3985	
4	conectividade+demografia_censo+mineracao_energia+vigilancia_sinan	3985	
4	conectividade+desmatamento_clima+educacao+mineracao_energia	3985	
4	conectividade+desmatamento_clima+fiscal_municipal+mineracao_energia	3985	
4	conectividade+desmatamento_clima+fiscalizacao_ambiental+mineracao_energia	3985	
4	conectividade+desmatamento_clima+fundiario+mineracao_energia	3985	
4	conectividade+desmatamento_clima+mineracao_energia+mobilidade	3985	
4	conectividade+desmatamento_clima+mineracao_energia+mortalidade	3985	
4	conectividade+desmatamento_clima+mineracao_energia+natalidade	3985	
4	conectividade+desmatamento_clima+mineracao_energia+politica	3985	
4	conectividade+desmatamento_clima+mineracao_energia+saneamento_agua	3985	
4	conectividade+desmatamento_clima+mineracao_energia+saude_producao	3985	
4	conectividade+desmatamento_clima+mineracao_energia+trabalho_empresa	3985	
4	conectividade+desmatamento_clima+mineracao_energia+transferencia_renda	3985	
4	conectividade+desmatamento_clima+mineracao_energia+vigilancia_sinan	3985	
4	conectividade+educacao+fiscal_municipal+mineracao_energia	3985	
4	conectividade+educacao+fiscalizacao_ambiental+mineracao_energia	3985	
4	conectividade+educacao+fundiario+mineracao_energia	3985	
4	conectividade+educacao+mineracao_energia+mobilidade	3985	
4	conectividade+educacao+mineracao_energia+mortalidade	3985	
4	conectividade+educacao+mineracao_energia+natalidade	3985	
4	conectividade+educacao+mineracao_energia+politica	3985	
4	conectividade+educacao+mineracao_energia+saneamento_agua	3985	
4	conectividade+educacao+mineracao_energia+saude_producao	3985	
4	conectividade+educacao+mineracao_energia+trabalho_empresa	3985	
4	conectividade+educacao+mineracao_energia+transferencia_renda	3985	
4	conectividade+educacao+mineracao_energia+vigilancia_sinan	3985	
4	conectividade+fiscal_municipal+fiscalizacao_ambiental+mineracao_energia	3985	
4	conectividade+fiscal_municipal+fundiario+mineracao_energia	3985	
4	conectividade+fiscal_municipal+mineracao_energia+mobilidade	3985	
4	conectividade+fiscal_municipal+mineracao_energia+mortalidade	3985	
4	conectividade+fiscal_municipal+mineracao_energia+natalidade	3985	
4	conectividade+fiscal_municipal+mineracao_energia+politica	3985	
4	conectividade+fiscal_municipal+mineracao_energia+saneamento_agua	3985	
4	conectividade+fiscal_municipal+mineracao_energia+saude_producao	3985	
4	conectividade+fiscal_municipal+mineracao_energia+trabalho_empresa	3985	
4	conectividade+fiscal_municipal+mineracao_energia+transferencia_renda	3985	
4	conectividade+fiscal_municipal+mineracao_energia+vigilancia_sinan	3985	
4	conectividade+fiscalizacao_ambiental+fundiario+mineracao_energia	3985	
4	conectividade+fiscalizacao_ambiental+mineracao_energia+mobilidade	3985	
4	conectividade+fiscalizacao_ambiental+mineracao_energia+mortalidade	3985	
4	conectividade+fiscalizacao_ambiental+mineracao_energia+natalidade	3985	
4	conectividade+fiscalizacao_ambiental+mineracao_energia+politica	3985	
4	conectividade+fiscalizacao_ambiental+mineracao_energia+saneamento_agua	3985	
4	conectividade+fiscalizacao_ambiental+mineracao_energia+saude_producao	3985	
4	conectividade+fiscalizacao_ambiental+mineracao_energia+trabalho_empresa	3985	
4	conectividade+fiscalizacao_ambiental+mineracao_energia+transferencia_renda	3985	
4	conectividade+fiscalizacao_ambiental+mineracao_energia+vigilancia_sinan	3985	
4	conectividade+fundiario+mineracao_energia+mobilidade	3985	
4	conectividade+fundiario+mineracao_energia+mortalidade	3985	
4	conectividade+fundiario+mineracao_energia+natalidade	3985	
4	conectividade+fundiario+mineracao_energia+politica	3985	
4	conectividade+fundiario+mineracao_energia+saneamento_agua	3985	
4	conectividade+fundiario+mineracao_energia+saude_producao	3985	
4	conectividade+fundiario+mineracao_energia+trabalho_empresa	3985	
4	conectividade+fundiario+mineracao_energia+transferencia_renda	3985	
4	conectividade+fundiario+mineracao_energia+vigilancia_sinan	3985	
4	conectividade+mineracao_energia+mobilidade+mortalidade	3985	
4	conectividade+mineracao_energia+mobilidade+natalidade	3985	
4	conectividade+mineracao_energia+mobilidade+politica	3985	
4	conectividade+mineracao_energia+mobilidade+saneamento_agua	3985	
4	conectividade+mineracao_energia+mobilidade+saude_producao	3985	
4	conectividade+mineracao_energia+mobilidade+trabalho_empresa	3985	
4	conectividade+mineracao_energia+mobilidade+transferencia_renda	3985	
4	conectividade+mineracao_energia+mobilidade+vigilancia_sinan	3985	
4	conectividade+mineracao_energia+mortalidade+natalidade	3985	
4	conectividade+mineracao_energia+mortalidade+politica	3985	
4	conectividade+mineracao_energia+mortalidade+saneamento_agua	3985	
4	conectividade+mineracao_energia+mortalidade+saude_producao	3985	
4	conectividade+mineracao_energia+mortalidade+trabalho_empresa	3985	
4	conectividade+mineracao_energia+mortalidade+transferencia_renda	3985	
4	conectividade+mineracao_energia+mortalidade+vigilancia_sinan	3985	
4	conectividade+mineracao_energia+natalidade+politica	3985	
4	conectividade+mineracao_energia+natalidade+saneamento_agua	3985	
4	conectividade+mineracao_energia+natalidade+saude_producao	3985	
4	conectividade+mineracao_energia+natalidade+trabalho_empresa	3985	
4	conectividade+mineracao_energia+natalidade+transferencia_renda	3985	
4	conectividade+mineracao_energia+natalidade+vigilancia_sinan	3985	
4	conectividade+mineracao_energia+politica+saneamento_agua	3985	
4	conectividade+mineracao_energia+politica+saude_producao	3985	
4	conectividade+mineracao_energia+politica+trabalho_empresa	3985	
4	conectividade+mineracao_energia+politica+transferencia_renda	3985	
4	conectividade+mineracao_energia+politica+vigilancia_sinan	3985	
4	conectividade+mineracao_energia+saneamento_agua+saude_producao	3985	
4	conectividade+mineracao_energia+saneamento_agua+trabalho_empresa	3985	
4	conectividade+mineracao_energia+saneamento_agua+transferencia_renda	3985	
4	conectividade+mineracao_energia+saneamento_agua+vigilancia_sinan	3985	
4	conectividade+mineracao_energia+saude_producao+trabalho_empresa	3985	
4	conectividade+mineracao_energia+saude_producao+transferencia_renda	3985	
4	conectividade+mineracao_energia+saude_producao+vigilancia_sinan	3985	
4	conectividade+mineracao_energia+trabalho_empresa+transferencia_renda	3985	
4	conectividade+mineracao_energia+trabalho_empresa+vigilancia_sinan	3985	
4	conectividade+mineracao_energia+transferencia_renda+vigilancia_sinan	3985	
4	credito_financeiro+demografia_censo+desmatamento_clima+mineracao_energia	3985	H?
4	credito_financeiro+demografia_censo+educacao+mineracao_energia	3985	
4	credito_financeiro+demografia_censo+fiscal_municipal+mineracao_energia	3985	
4	credito_financeiro+demografia_censo+fiscalizacao_ambiental+mineracao_energia	3985	H?
4	credito_financeiro+demografia_censo+fundiario+mineracao_energia	3985	H?
4	credito_financeiro+demografia_censo+mineracao_energia+mobilidade	3985	
4	credito_financeiro+demografia_censo+mineracao_energia+mortalidade	3985	
4	credito_financeiro+demografia_censo+mineracao_energia+natalidade	3985	
4	credito_financeiro+demografia_censo+mineracao_energia+politica	3985	
4	credito_financeiro+demografia_censo+mineracao_energia+saneamento_agua	3985	
4	credito_financeiro+demografia_censo+mineracao_energia+saude_producao	3985	H?
4	credito_financeiro+demografia_censo+mineracao_energia+trabalho_empresa	3985	
4	credito_financeiro+demografia_censo+mineracao_energia+transferencia_renda	3985	
4	credito_financeiro+demografia_censo+mineracao_energia+vigilancia_sinan	3985	
4	credito_financeiro+desmatamento_clima+educacao+mineracao_energia	3985	
4	credito_financeiro+desmatamento_clima+fiscal_municipal+mineracao_energia	3985	
4	credito_financeiro+desmatamento_clima+fiscalizacao_ambiental+mineracao_energia	3985	H?
4	credito_financeiro+desmatamento_clima+fundiario+mineracao_energia	3985	H?
4	credito_financeiro+desmatamento_clima+mineracao_energia+mobilidade	3985	
4	credito_financeiro+desmatamento_clima+mineracao_energia+mortalidade	3985	
4	credito_financeiro+desmatamento_clima+mineracao_energia+natalidade	3985	
4	credito_financeiro+desmatamento_clima+mineracao_energia+politica	3985	
4	credito_financeiro+desmatamento_clima+mineracao_energia+saneamento_agua	3985	
4	credito_financeiro+desmatamento_clima+mineracao_energia+saude_producao	3985	H?
4	credito_financeiro+desmatamento_clima+mineracao_energia+trabalho_empresa	3985	
4	credito_financeiro+desmatamento_clima+mineracao_energia+transferencia_renda	3985	
4	credito_financeiro+desmatamento_clima+mineracao_energia+vigilancia_sinan	3985	
4	credito_financeiro+educacao+fiscal_municipal+mineracao_energia	3985	
4	credito_financeiro+educacao+fiscalizacao_ambiental+mineracao_energia	3985	
4	credito_financeiro+educacao+fundiario+mineracao_energia	3985	
4	credito_financeiro+educacao+mineracao_energia+mobilidade	3985	
4	credito_financeiro+educacao+mineracao_energia+mortalidade	3985	
4	credito_financeiro+educacao+mineracao_energia+natalidade	3985	
4	credito_financeiro+educacao+mineracao_energia+politica	3985	
4	credito_financeiro+educacao+mineracao_energia+saneamento_agua	3985	
4	credito_financeiro+educacao+mineracao_energia+saude_producao	3985	
4	credito_financeiro+educacao+mineracao_energia+trabalho_empresa	3985	
4	credito_financeiro+educacao+mineracao_energia+transferencia_renda	3985	
4	credito_financeiro+educacao+mineracao_energia+vigilancia_sinan	3985	
4	credito_financeiro+fiscal_municipal+fiscalizacao_ambiental+mineracao_energia	3985	
4	credito_financeiro+fiscal_municipal+fundiario+mineracao_energia	3985	
4	credito_financeiro+fiscal_municipal+mineracao_energia+mobilidade	3985	
4	credito_financeiro+fiscal_municipal+mineracao_energia+mortalidade	3985	
4	credito_financeiro+fiscal_municipal+mineracao_energia+natalidade	3985	
4	credito_financeiro+fiscal_municipal+mineracao_energia+politica	3985	
4	credito_financeiro+fiscal_municipal+mineracao_energia+saneamento_agua	3985	
4	credito_financeiro+fiscal_municipal+mineracao_energia+saude_producao	3985	
4	credito_financeiro+fiscal_municipal+mineracao_energia+trabalho_empresa	3985	
4	credito_financeiro+fiscal_municipal+mineracao_energia+transferencia_renda	3985	
4	credito_financeiro+fiscal_municipal+mineracao_energia+vigilancia_sinan	3985	
4	credito_financeiro+fiscalizacao_ambiental+fundiario+mineracao_energia	3985	H?
4	credito_financeiro+fiscalizacao_ambiental+mineracao_energia+mobilidade	3985	
4	credito_financeiro+fiscalizacao_ambiental+mineracao_energia+mortalidade	3985	
4	credito_financeiro+fiscalizacao_ambiental+mineracao_energia+natalidade	3985	
4	credito_financeiro+fiscalizacao_ambiental+mineracao_energia+politica	3985	
4	credito_financeiro+fiscalizacao_ambiental+mineracao_energia+saneamento_agua	3985	
4	credito_financeiro+fiscalizacao_ambiental+mineracao_energia+saude_producao	3985	H?
4	credito_financeiro+fiscalizacao_ambiental+mineracao_energia+trabalho_empresa	3985	
4	credito_financeiro+fiscalizacao_ambiental+mineracao_energia+transferencia_renda	3985	
4	credito_financeiro+fiscalizacao_ambiental+mineracao_energia+vigilancia_sinan	3985	
4	credito_financeiro+fundiario+mineracao_energia+mobilidade	3985	
4	credito_financeiro+fundiario+mineracao_energia+mortalidade	3985	
4	credito_financeiro+fundiario+mineracao_energia+natalidade	3985	
4	credito_financeiro+fundiario+mineracao_energia+politica	3985	
4	credito_financeiro+fundiario+mineracao_energia+saneamento_agua	3985	
4	credito_financeiro+fundiario+mineracao_energia+saude_producao	3985	H?
4	credito_financeiro+fundiario+mineracao_energia+trabalho_empresa	3985	
4	credito_financeiro+fundiario+mineracao_energia+transferencia_renda	3985	
4	credito_financeiro+fundiario+mineracao_energia+vigilancia_sinan	3985	
4	credito_financeiro+mineracao_energia+mobilidade+mortalidade	3985	
4	credito_financeiro+mineracao_energia+mobilidade+natalidade	3985	
4	credito_financeiro+mineracao_energia+mobilidade+politica	3985	
4	credito_financeiro+mineracao_energia+mobilidade+saneamento_agua	3985	
4	credito_financeiro+mineracao_energia+mobilidade+saude_producao	3985	
4	credito_financeiro+mineracao_energia+mobilidade+trabalho_empresa	3985	
4	credito_financeiro+mineracao_energia+mobilidade+transferencia_renda	3985	
4	credito_financeiro+mineracao_energia+mobilidade+vigilancia_sinan	3985	
4	credito_financeiro+mineracao_energia+mortalidade+natalidade	3985	
4	credito_financeiro+mineracao_energia+mortalidade+politica	3985	
4	credito_financeiro+mineracao_energia+mortalidade+saneamento_agua	3985	
4	credito_financeiro+mineracao_energia+mortalidade+saude_producao	3985	
4	credito_financeiro+mineracao_energia+mortalidade+trabalho_empresa	3985	
4	credito_financeiro+mineracao_energia+mortalidade+transferencia_renda	3985	
4	credito_financeiro+mineracao_energia+mortalidade+vigilancia_sinan	3985	
4	credito_financeiro+mineracao_energia+natalidade+politica	3985	
4	credito_financeiro+mineracao_energia+natalidade+saneamento_agua	3985	
4	credito_financeiro+mineracao_energia+natalidade+saude_producao	3985	
4	credito_financeiro+mineracao_energia+natalidade+trabalho_empresa	3985	
4	credito_financeiro+mineracao_energia+natalidade+transferencia_renda	3985	
4	credito_financeiro+mineracao_energia+natalidade+vigilancia_sinan	3985	
4	credito_financeiro+mineracao_energia+politica+saneamento_agua	3985	
4	credito_financeiro+mineracao_energia+politica+saude_producao	3985	
4	credito_financeiro+mineracao_energia+politica+trabalho_empresa	3985	
4	credito_financeiro+mineracao_energia+politica+transferencia_renda	3985	
4	credito_financeiro+mineracao_energia+politica+vigilancia_sinan	3985	
4	credito_financeiro+mineracao_energia+saneamento_agua+saude_producao	3985	
4	credito_financeiro+mineracao_energia+saneamento_agua+trabalho_empresa	3985	
4	credito_financeiro+mineracao_energia+saneamento_agua+transferencia_renda	3985	
4	credito_financeiro+mineracao_energia+saneamento_agua+vigilancia_sinan	3985	
4	credito_financeiro+mineracao_energia+saude_producao+trabalho_empresa	3985	
4	credito_financeiro+mineracao_energia+saude_producao+transferencia_renda	3985	
4	credito_financeiro+mineracao_energia+saude_producao+vigilancia_sinan	3985	
4	credito_financeiro+mineracao_energia+trabalho_empresa+transferencia_renda	3985	
4	credito_financeiro+mineracao_energia+trabalho_empresa+vigilancia_sinan	3985	
4	credito_financeiro+mineracao_energia+transferencia_renda+vigilancia_sinan	3985	
4	demografia_censo+desmatamento_clima+educacao+mineracao_energia	3985	
4	demografia_censo+desmatamento_clima+fiscal_municipal+mineracao_energia	3985	
4	demografia_censo+desmatamento_clima+fiscalizacao_ambiental+mineracao_energia	3985	H?
4	demografia_censo+desmatamento_clima+fundiario+mineracao_energia	3985	H?
4	demografia_censo+desmatamento_clima+mineracao_energia+mobilidade	3985	
4	demografia_censo+desmatamento_clima+mineracao_energia+mortalidade	3985	
4	demografia_censo+desmatamento_clima+mineracao_energia+natalidade	3985	
4	demografia_censo+desmatamento_clima+mineracao_energia+politica	3985	
4	demografia_censo+desmatamento_clima+mineracao_energia+saneamento_agua	3985	
4	demografia_censo+desmatamento_clima+mineracao_energia+saude_producao	3985	H?
4	demografia_censo+desmatamento_clima+mineracao_energia+trabalho_empresa	3985	
4	demografia_censo+desmatamento_clima+mineracao_energia+transferencia_renda	3985	
4	demografia_censo+desmatamento_clima+mineracao_energia+vigilancia_sinan	3985	
4	demografia_censo+educacao+fiscal_municipal+mineracao_energia	3985	
4	demografia_censo+educacao+fiscalizacao_ambiental+mineracao_energia	3985	
4	demografia_censo+educacao+fundiario+mineracao_energia	3985	
4	demografia_censo+educacao+mineracao_energia+mobilidade	3985	
4	demografia_censo+educacao+mineracao_energia+mortalidade	3985	
4	demografia_censo+educacao+mineracao_energia+natalidade	3985	
4	demografia_censo+educacao+mineracao_energia+politica	3985	
4	demografia_censo+educacao+mineracao_energia+saneamento_agua	3985	
4	demografia_censo+educacao+mineracao_energia+saude_producao	3985	
4	demografia_censo+educacao+mineracao_energia+trabalho_empresa	3985	
4	demografia_censo+educacao+mineracao_energia+transferencia_renda	3985	
4	demografia_censo+educacao+mineracao_energia+vigilancia_sinan	3985	
4	demografia_censo+fiscal_municipal+fiscalizacao_ambiental+mineracao_energia	3985	
4	demografia_censo+fiscal_municipal+fundiario+mineracao_energia	3985	
4	demografia_censo+fiscal_municipal+mineracao_energia+mobilidade	3985	
4	demografia_censo+fiscal_municipal+mineracao_energia+mortalidade	3985	
4	demografia_censo+fiscal_municipal+mineracao_energia+natalidade	3985	
4	demografia_censo+fiscal_municipal+mineracao_energia+politica	3985	
4	demografia_censo+fiscal_municipal+mineracao_energia+saneamento_agua	3985	
4	demografia_censo+fiscal_municipal+mineracao_energia+saude_producao	3985	
4	demografia_censo+fiscal_municipal+mineracao_energia+trabalho_empresa	3985	
4	demografia_censo+fiscal_municipal+mineracao_energia+transferencia_renda	3985	
4	demografia_censo+fiscal_municipal+mineracao_energia+vigilancia_sinan	3985	
4	demografia_censo+fiscalizacao_ambiental+fundiario+mineracao_energia	3985	H?
4	demografia_censo+fiscalizacao_ambiental+mineracao_energia+mobilidade	3985	
4	demografia_censo+fiscalizacao_ambiental+mineracao_energia+mortalidade	3985	
4	demografia_censo+fiscalizacao_ambiental+mineracao_energia+natalidade	3985	
4	demografia_censo+fiscalizacao_ambiental+mineracao_energia+politica	3985	
4	demografia_censo+fiscalizacao_ambiental+mineracao_energia+saneamento_agua	3985	
4	demografia_censo+fiscalizacao_ambiental+mineracao_energia+saude_producao	3985	H?
4	demografia_censo+fiscalizacao_ambiental+mineracao_energia+trabalho_empresa	3985	
4	demografia_censo+fiscalizacao_ambiental+mineracao_energia+transferencia_renda	3985	
4	demografia_censo+fiscalizacao_ambiental+mineracao_energia+vigilancia_sinan	3985	
4	demografia_censo+fundiario+mineracao_energia+mobilidade	3985	
4	demografia_censo+fundiario+mineracao_energia+mortalidade	3985	
4	demografia_censo+fundiario+mineracao_energia+natalidade	3985	
4	demografia_censo+fundiario+mineracao_energia+politica	3985	
4	demografia_censo+fundiario+mineracao_energia+saneamento_agua	3985	
4	demografia_censo+fundiario+mineracao_energia+saude_producao	3985	H?
4	demografia_censo+fundiario+mineracao_energia+trabalho_empresa	3985	
4	demografia_censo+fundiario+mineracao_energia+transferencia_renda	3985	
4	demografia_censo+fundiario+mineracao_energia+vigilancia_sinan	3985	
4	demografia_censo+mineracao_energia+mobilidade+mortalidade	3985	
4	demografia_censo+mineracao_energia+mobilidade+natalidade	3985	
4	demografia_censo+mineracao_energia+mobilidade+politica	3985	
4	demografia_censo+mineracao_energia+mobilidade+saneamento_agua	3985	
4	demografia_censo+mineracao_energia+mobilidade+saude_producao	3985	
4	demografia_censo+mineracao_energia+mobilidade+trabalho_empresa	3985	
4	demografia_censo+mineracao_energia+mobilidade+transferencia_renda	3985	
4	demografia_censo+mineracao_energia+mobilidade+vigilancia_sinan	3985	
4	demografia_censo+mineracao_energia+mortalidade+natalidade	3985	
4	demografia_censo+mineracao_energia+mortalidade+politica	3985	
4	demografia_censo+mineracao_energia+mortalidade+saneamento_agua	3985	
4	demografia_censo+mineracao_energia+mortalidade+saude_producao	3985	
4	demografia_censo+mineracao_energia+mortalidade+trabalho_empresa	3985	
4	demografia_censo+mineracao_energia+mortalidade+transferencia_renda	3985	
4	demografia_censo+mineracao_energia+mortalidade+vigilancia_sinan	3985	
4	demografia_censo+mineracao_energia+natalidade+politica	3985	
4	demografia_censo+mineracao_energia+natalidade+saneamento_agua	3985	
4	demografia_censo+mineracao_energia+natalidade+saude_producao	3985	
4	demografia_censo+mineracao_energia+natalidade+trabalho_empresa	3985	
4	demografia_censo+mineracao_energia+natalidade+transferencia_renda	3985	
4	demografia_censo+mineracao_energia+natalidade+vigilancia_sinan	3985	
4	demografia_censo+mineracao_energia+politica+saneamento_agua	3985	
4	demografia_censo+mineracao_energia+politica+saude_producao	3985	
4	demografia_censo+mineracao_energia+politica+trabalho_empresa	3985	
4	demografia_censo+mineracao_energia+politica+transferencia_renda	3985	
4	demografia_censo+mineracao_energia+politica+vigilancia_sinan	3985	
4	demografia_censo+mineracao_energia+saneamento_agua+saude_producao	3985	
4	demografia_censo+mineracao_energia+saneamento_agua+trabalho_empresa	3985	
4	demografia_censo+mineracao_energia+saneamento_agua+transferencia_renda	3985	
4	demografia_censo+mineracao_energia+saneamento_agua+vigilancia_sinan	3985	
4	demografia_censo+mineracao_energia+saude_producao+trabalho_empresa	3985	
4	demografia_censo+mineracao_energia+saude_producao+transferencia_renda	3985	
4	demografia_censo+mineracao_energia+saude_producao+vigilancia_sinan	3985	
4	demografia_censo+mineracao_energia+trabalho_empresa+transferencia_renda	3985	
4	demografia_censo+mineracao_energia+trabalho_empresa+vigilancia_sinan	3985	
4	demografia_censo+mineracao_energia+transferencia_renda+vigilancia_sinan	3985	
4	desmatamento_clima+educacao+fiscal_municipal+mineracao_energia	3985	
4	desmatamento_clima+educacao+fiscalizacao_ambiental+mineracao_energia	3985	
4	desmatamento_clima+educacao+fundiario+mineracao_energia	3985	
4	desmatamento_clima+educacao+mineracao_energia+mobilidade	3985	
4	desmatamento_clima+educacao+mineracao_energia+mortalidade	3985	
4	desmatamento_clima+educacao+mineracao_energia+natalidade	3985	
4	desmatamento_clima+educacao+mineracao_energia+politica	3985	
4	desmatamento_clima+educacao+mineracao_energia+saneamento_agua	3985	
4	desmatamento_clima+educacao+mineracao_energia+saude_producao	3985	
4	desmatamento_clima+educacao+mineracao_energia+trabalho_empresa	3985	
4	desmatamento_clima+educacao+mineracao_energia+transferencia_renda	3985	
4	desmatamento_clima+educacao+mineracao_energia+vigilancia_sinan	3985	
4	desmatamento_clima+fiscal_municipal+fiscalizacao_ambiental+mineracao_energia	3985	
4	desmatamento_clima+fiscal_municipal+fundiario+mineracao_energia	3985	
4	desmatamento_clima+fiscal_municipal+mineracao_energia+mobilidade	3985	
4	desmatamento_clima+fiscal_municipal+mineracao_energia+mortalidade	3985	
4	desmatamento_clima+fiscal_municipal+mineracao_energia+natalidade	3985	
4	desmatamento_clima+fiscal_municipal+mineracao_energia+politica	3985	
4	desmatamento_clima+fiscal_municipal+mineracao_energia+saneamento_agua	3985	
4	desmatamento_clima+fiscal_municipal+mineracao_energia+saude_producao	3985	
4	desmatamento_clima+fiscal_municipal+mineracao_energia+trabalho_empresa	3985	
4	desmatamento_clima+fiscal_municipal+mineracao_energia+transferencia_renda	3985	
4	desmatamento_clima+fiscal_municipal+mineracao_energia+vigilancia_sinan	3985	
4	desmatamento_clima+fiscalizacao_ambiental+fundiario+mineracao_energia	3985	P59-2
4	desmatamento_clima+fiscalizacao_ambiental+mineracao_energia+mobilidade	3985	
4	desmatamento_clima+fiscalizacao_ambiental+mineracao_energia+mortalidade	3985	
4	desmatamento_clima+fiscalizacao_ambiental+mineracao_energia+natalidade	3985	
4	desmatamento_clima+fiscalizacao_ambiental+mineracao_energia+politica	3985	
4	desmatamento_clima+fiscalizacao_ambiental+mineracao_energia+saneamento_agua	3985	
4	desmatamento_clima+fiscalizacao_ambiental+mineracao_energia+saude_producao	3985	H?
4	desmatamento_clima+fiscalizacao_ambiental+mineracao_energia+trabalho_empresa	3985	
4	desmatamento_clima+fiscalizacao_ambiental+mineracao_energia+transferencia_renda	3985	
4	desmatamento_clima+fiscalizacao_ambiental+mineracao_energia+vigilancia_sinan	3985	
4	desmatamento_clima+fundiario+mineracao_energia+mobilidade	3985	
4	desmatamento_clima+fundiario+mineracao_energia+mortalidade	3985	
4	desmatamento_clima+fundiario+mineracao_energia+natalidade	3985	
4	desmatamento_clima+fundiario+mineracao_energia+politica	3985	
4	desmatamento_clima+fundiario+mineracao_energia+saneamento_agua	3985	
4	desmatamento_clima+fundiario+mineracao_energia+saude_producao	3985	H?
4	desmatamento_clima+fundiario+mineracao_energia+trabalho_empresa	3985	
4	desmatamento_clima+fundiario+mineracao_energia+transferencia_renda	3985	
4	desmatamento_clima+fundiario+mineracao_energia+vigilancia_sinan	3985	
4	desmatamento_clima+mineracao_energia+mobilidade+mortalidade	3985	
4	desmatamento_clima+mineracao_energia+mobilidade+natalidade	3985	
4	desmatamento_clima+mineracao_energia+mobilidade+politica	3985	
4	desmatamento_clima+mineracao_energia+mobilidade+saneamento_agua	3985	
4	desmatamento_clima+mineracao_energia+mobilidade+saude_producao	3985	
4	desmatamento_clima+mineracao_energia+mobilidade+trabalho_empresa	3985	
4	desmatamento_clima+mineracao_energia+mobilidade+transferencia_renda	3985	
4	desmatamento_clima+mineracao_energia+mobilidade+vigilancia_sinan	3985	
4	desmatamento_clima+mineracao_energia+mortalidade+natalidade	3985	
4	desmatamento_clima+mineracao_energia+mortalidade+politica	3985	
4	desmatamento_clima+mineracao_energia+mortalidade+saneamento_agua	3985	
4	desmatamento_clima+mineracao_energia+mortalidade+saude_producao	3985	
4	desmatamento_clima+mineracao_energia+mortalidade+trabalho_empresa	3985	
4	desmatamento_clima+mineracao_energia+mortalidade+transferencia_renda	3985	
4	desmatamento_clima+mineracao_energia+mortalidade+vigilancia_sinan	3985	
4	desmatamento_clima+mineracao_energia+natalidade+politica	3985	
4	desmatamento_clima+mineracao_energia+natalidade+saneamento_agua	3985	
4	desmatamento_clima+mineracao_energia+natalidade+saude_producao	3985	
4	desmatamento_clima+mineracao_energia+natalidade+trabalho_empresa	3985	
4	desmatamento_clima+mineracao_energia+natalidade+transferencia_renda	3985	
4	desmatamento_clima+mineracao_energia+natalidade+vigilancia_sinan	3985	
4	desmatamento_clima+mineracao_energia+politica+saneamento_agua	3985	
4	desmatamento_clima+mineracao_energia+politica+saude_producao	3985	
4	desmatamento_clima+mineracao_energia+politica+trabalho_empresa	3985	
4	desmatamento_clima+mineracao_energia+politica+transferencia_renda	3985	
4	desmatamento_clima+mineracao_energia+politica+vigilancia_sinan	3985	
4	desmatamento_clima+mineracao_energia+saneamento_agua+saude_producao	3985	
4	desmatamento_clima+mineracao_energia+saneamento_agua+trabalho_empresa	3985	
4	desmatamento_clima+mineracao_energia+saneamento_agua+transferencia_renda	3985	
4	desmatamento_clima+mineracao_energia+saneamento_agua+vigilancia_sinan	3985	
4	desmatamento_clima+mineracao_energia+saude_producao+trabalho_empresa	3985	
4	desmatamento_clima+mineracao_energia+saude_producao+transferencia_renda	3985	
4	desmatamento_clima+mineracao_energia+saude_producao+vigilancia_sinan	3985	
4	desmatamento_clima+mineracao_energia+trabalho_empresa+transferencia_renda	3985	
4	desmatamento_clima+mineracao_energia+trabalho_empresa+vigilancia_sinan	3985	
4	desmatamento_clima+mineracao_energia+transferencia_renda+vigilancia_sinan	3985	
4	educacao+fiscal_municipal+fiscalizacao_ambiental+mineracao_energia	3985	
4	educacao+fiscal_municipal+fundiario+mineracao_energia	3985	
4	educacao+fiscal_municipal+mineracao_energia+mobilidade	3985	
4	educacao+fiscal_municipal+mineracao_energia+mortalidade	3985	
4	educacao+fiscal_municipal+mineracao_energia+natalidade	3985	H?
4	educacao+fiscal_municipal+mineracao_energia+politica	3985	H?
4	educacao+fiscal_municipal+mineracao_energia+saneamento_agua	3985	
4	educacao+fiscal_municipal+mineracao_energia+saude_producao	3985	H?
4	educacao+fiscal_municipal+mineracao_energia+trabalho_empresa	3985	H?
4	educacao+fiscal_municipal+mineracao_energia+transferencia_renda	3985	H?
4	educacao+fiscal_municipal+mineracao_energia+vigilancia_sinan	3985	
4	educacao+fiscalizacao_ambiental+fundiario+mineracao_energia	3985	
4	educacao+fiscalizacao_ambiental+mineracao_energia+mobilidade	3985	
4	educacao+fiscalizacao_ambiental+mineracao_energia+mortalidade	3985	
4	educacao+fiscalizacao_ambiental+mineracao_energia+natalidade	3985	
4	educacao+fiscalizacao_ambiental+mineracao_energia+politica	3985	
4	educacao+fiscalizacao_ambiental+mineracao_energia+saneamento_agua	3985	
4	educacao+fiscalizacao_ambiental+mineracao_energia+saude_producao	3985	
4	educacao+fiscalizacao_ambiental+mineracao_energia+trabalho_empresa	3985	
4	educacao+fiscalizacao_ambiental+mineracao_energia+transferencia_renda	3985	
4	educacao+fiscalizacao_ambiental+mineracao_energia+vigilancia_sinan	3985	
4	educacao+fundiario+mineracao_energia+mobilidade	3985	
4	educacao+fundiario+mineracao_energia+mortalidade	3985	
4	educacao+fundiario+mineracao_energia+natalidade	3985	
4	educacao+fundiario+mineracao_energia+politica	3985	
4	educacao+fundiario+mineracao_energia+saneamento_agua	3985	
4	educacao+fundiario+mineracao_energia+saude_producao	3985	
4	educacao+fundiario+mineracao_energia+trabalho_empresa	3985	
4	educacao+fundiario+mineracao_energia+transferencia_renda	3985	
4	educacao+fundiario+mineracao_energia+vigilancia_sinan	3985	
4	educacao+mineracao_energia+mobilidade+mortalidade	3985	
4	educacao+mineracao_energia+mobilidade+natalidade	3985	
4	educacao+mineracao_energia+mobilidade+politica	3985	
4	educacao+mineracao_energia+mobilidade+saneamento_agua	3985	
4	educacao+mineracao_energia+mobilidade+saude_producao	3985	
4	educacao+mineracao_energia+mobilidade+trabalho_empresa	3985	
4	educacao+mineracao_energia+mobilidade+transferencia_renda	3985	
4	educacao+mineracao_energia+mobilidade+vigilancia_sinan	3985	
4	educacao+mineracao_energia+mortalidade+natalidade	3985	
4	educacao+mineracao_energia+mortalidade+politica	3985	
4	educacao+mineracao_energia+mortalidade+saneamento_agua	3985	
4	educacao+mineracao_energia+mortalidade+saude_producao	3985	
4	educacao+mineracao_energia+mortalidade+trabalho_empresa	3985	
4	educacao+mineracao_energia+mortalidade+transferencia_renda	3985	
4	educacao+mineracao_energia+mortalidade+vigilancia_sinan	3985	
4	educacao+mineracao_energia+natalidade+politica	3985	H?
4	educacao+mineracao_energia+natalidade+saneamento_agua	3985	
4	educacao+mineracao_energia+natalidade+saude_producao	3985	H?
4	educacao+mineracao_energia+natalidade+trabalho_empresa	3985	H?
4	educacao+mineracao_energia+natalidade+transferencia_renda	3985	H?
4	educacao+mineracao_energia+natalidade+vigilancia_sinan	3985	
4	educacao+mineracao_energia+politica+saneamento_agua	3985	
4	educacao+mineracao_energia+politica+saude_producao	3985	H?
4	educacao+mineracao_energia+politica+trabalho_empresa	3985	H?
4	educacao+mineracao_energia+politica+transferencia_renda	3985	H?
4	educacao+mineracao_energia+politica+vigilancia_sinan	3985	
4	educacao+mineracao_energia+saneamento_agua+saude_producao	3985	
4	educacao+mineracao_energia+saneamento_agua+trabalho_empresa	3985	
4	educacao+mineracao_energia+saneamento_agua+transferencia_renda	3985	
4	educacao+mineracao_energia+saneamento_agua+vigilancia_sinan	3985	
4	educacao+mineracao_energia+saude_producao+trabalho_empresa	3985	H?
4	educacao+mineracao_energia+saude_producao+transferencia_renda	3985	H?
4	educacao+mineracao_energia+saude_producao+vigilancia_sinan	3985	
4	educacao+mineracao_energia+trabalho_empresa+transferencia_renda	3985	H?
4	educacao+mineracao_energia+trabalho_empresa+vigilancia_sinan	3985	
4	educacao+mineracao_energia+transferencia_renda+vigilancia_sinan	3985	
4	fiscal_municipal+fiscalizacao_ambiental+fundiario+mineracao_energia	3985	
4	fiscal_municipal+fiscalizacao_ambiental+mineracao_energia+mobilidade	3985	
4	fiscal_municipal+fiscalizacao_ambiental+mineracao_energia+mortalidade	3985	
4	fiscal_municipal+fiscalizacao_ambiental+mineracao_energia+natalidade	3985	
4	fiscal_municipal+fiscalizacao_ambiental+mineracao_energia+politica	3985	
4	fiscal_municipal+fiscalizacao_ambiental+mineracao_energia+saneamento_agua	3985	
4	fiscal_municipal+fiscalizacao_ambiental+mineracao_energia+saude_producao	3985	
4	fiscal_municipal+fiscalizacao_ambiental+mineracao_energia+trabalho_empresa	3985	
4	fiscal_municipal+fiscalizacao_ambiental+mineracao_energia+transferencia_renda	3985	
4	fiscal_municipal+fiscalizacao_ambiental+mineracao_energia+vigilancia_sinan	3985	
4	fiscal_municipal+fundiario+mineracao_energia+mobilidade	3985	
4	fiscal_municipal+fundiario+mineracao_energia+mortalidade	3985	
4	fiscal_municipal+fundiario+mineracao_energia+natalidade	3985	
4	fiscal_municipal+fundiario+mineracao_energia+politica	3985	
4	fiscal_municipal+fundiario+mineracao_energia+saneamento_agua	3985	
4	fiscal_municipal+fundiario+mineracao_energia+saude_producao	3985	
4	fiscal_municipal+fundiario+mineracao_energia+trabalho_empresa	3985	
4	fiscal_municipal+fundiario+mineracao_energia+transferencia_renda	3985	
4	fiscal_municipal+fundiario+mineracao_energia+vigilancia_sinan	3985	
4	fiscal_municipal+mineracao_energia+mobilidade+mortalidade	3985	
4	fiscal_municipal+mineracao_energia+mobilidade+natalidade	3985	
4	fiscal_municipal+mineracao_energia+mobilidade+politica	3985	
4	fiscal_municipal+mineracao_energia+mobilidade+saneamento_agua	3985	
4	fiscal_municipal+mineracao_energia+mobilidade+saude_producao	3985	
4	fiscal_municipal+mineracao_energia+mobilidade+trabalho_empresa	3985	
4	fiscal_municipal+mineracao_energia+mobilidade+transferencia_renda	3985	
4	fiscal_municipal+mineracao_energia+mobilidade+vigilancia_sinan	3985	
4	fiscal_municipal+mineracao_energia+mortalidade+natalidade	3985	
4	fiscal_municipal+mineracao_energia+mortalidade+politica	3985	
4	fiscal_municipal+mineracao_energia+mortalidade+saneamento_agua	3985	
4	fiscal_municipal+mineracao_energia+mortalidade+saude_producao	3985	
4	fiscal_municipal+mineracao_energia+mortalidade+trabalho_empresa	3985	
4	fiscal_municipal+mineracao_energia+mortalidade+transferencia_renda	3985	
4	fiscal_municipal+mineracao_energia+mortalidade+vigilancia_sinan	3985	
4	fiscal_municipal+mineracao_energia+natalidade+politica	3985	H?
4	fiscal_municipal+mineracao_energia+natalidade+saneamento_agua	3985	
4	fiscal_municipal+mineracao_energia+natalidade+saude_producao	3985	H?
4	fiscal_municipal+mineracao_energia+natalidade+trabalho_empresa	3985	H?
4	fiscal_municipal+mineracao_energia+natalidade+transferencia_renda	3985	H?
4	fiscal_municipal+mineracao_energia+natalidade+vigilancia_sinan	3985	
4	fiscal_municipal+mineracao_energia+politica+saneamento_agua	3985	
4	fiscal_municipal+mineracao_energia+politica+saude_producao	3985	H?
4	fiscal_municipal+mineracao_energia+politica+trabalho_empresa	3985	H?
4	fiscal_municipal+mineracao_energia+politica+transferencia_renda	3985	H?
4	fiscal_municipal+mineracao_energia+politica+vigilancia_sinan	3985	
4	fiscal_municipal+mineracao_energia+saneamento_agua+saude_producao	3985	
4	fiscal_municipal+mineracao_energia+saneamento_agua+trabalho_empresa	3985	
4	fiscal_municipal+mineracao_energia+saneamento_agua+transferencia_renda	3985	
4	fiscal_municipal+mineracao_energia+saneamento_agua+vigilancia_sinan	3985	
4	fiscal_municipal+mineracao_energia+saude_producao+trabalho_empresa	3985	H?
4	fiscal_municipal+mineracao_energia+saude_producao+transferencia_renda	3985	H?
4	fiscal_municipal+mineracao_energia+saude_producao+vigilancia_sinan	3985	
4	fiscal_municipal+mineracao_energia+trabalho_empresa+transferencia_renda	3985	H?
4	fiscal_municipal+mineracao_energia+trabalho_empresa+vigilancia_sinan	3985	
4	fiscal_municipal+mineracao_energia+transferencia_renda+vigilancia_sinan	3985	
4	fiscalizacao_ambiental+fundiario+mineracao_energia+mobilidade	3985	
4	fiscalizacao_ambiental+fundiario+mineracao_energia+mortalidade	3985	
4	fiscalizacao_ambiental+fundiario+mineracao_energia+natalidade	3985	
4	fiscalizacao_ambiental+fundiario+mineracao_energia+politica	3985	
4	fiscalizacao_ambiental+fundiario+mineracao_energia+saneamento_agua	3985	
4	fiscalizacao_ambiental+fundiario+mineracao_energia+saude_producao	3985	H?
4	fiscalizacao_ambiental+fundiario+mineracao_energia+trabalho_empresa	3985	
4	fiscalizacao_ambiental+fundiario+mineracao_energia+transferencia_renda	3985	
4	fiscalizacao_ambiental+fundiario+mineracao_energia+vigilancia_sinan	3985	
4	fiscalizacao_ambiental+mineracao_energia+mobilidade+mortalidade	3985	
4	fiscalizacao_ambiental+mineracao_energia+mobilidade+natalidade	3985	
4	fiscalizacao_ambiental+mineracao_energia+mobilidade+politica	3985	
4	fiscalizacao_ambiental+mineracao_energia+mobilidade+saneamento_agua	3985	
4	fiscalizacao_ambiental+mineracao_energia+mobilidade+saude_producao	3985	
4	fiscalizacao_ambiental+mineracao_energia+mobilidade+trabalho_empresa	3985	
4	fiscalizacao_ambiental+mineracao_energia+mobilidade+transferencia_renda	3985	
4	fiscalizacao_ambiental+mineracao_energia+mobilidade+vigilancia_sinan	3985	
4	fiscalizacao_ambiental+mineracao_energia+mortalidade+natalidade	3985	
4	fiscalizacao_ambiental+mineracao_energia+mortalidade+politica	3985	
4	fiscalizacao_ambiental+mineracao_energia+mortalidade+saneamento_agua	3985	
4	fiscalizacao_ambiental+mineracao_energia+mortalidade+saude_producao	3985	
4	fiscalizacao_ambiental+mineracao_energia+mortalidade+trabalho_empresa	3985	
4	fiscalizacao_ambiental+mineracao_energia+mortalidade+transferencia_renda	3985	
4	fiscalizacao_ambiental+mineracao_energia+mortalidade+vigilancia_sinan	3985	
4	fiscalizacao_ambiental+mineracao_energia+natalidade+politica	3985	
4	fiscalizacao_ambiental+mineracao_energia+natalidade+saneamento_agua	3985	
4	fiscalizacao_ambiental+mineracao_energia+natalidade+saude_producao	3985	
4	fiscalizacao_ambiental+mineracao_energia+natalidade+trabalho_empresa	3985	
4	fiscalizacao_ambiental+mineracao_energia+natalidade+transferencia_renda	3985	
4	fiscalizacao_ambiental+mineracao_energia+natalidade+vigilancia_sinan	3985	
4	fiscalizacao_ambiental+mineracao_energia+politica+saneamento_agua	3985	
4	fiscalizacao_ambiental+mineracao_energia+politica+saude_producao	3985	
4	fiscalizacao_ambiental+mineracao_energia+politica+trabalho_empresa	3985	
4	fiscalizacao_ambiental+mineracao_energia+politica+transferencia_renda	3985	
4	fiscalizacao_ambiental+mineracao_energia+politica+vigilancia_sinan	3985	
4	fiscalizacao_ambiental+mineracao_energia+saneamento_agua+saude_producao	3985	
4	fiscalizacao_ambiental+mineracao_energia+saneamento_agua+trabalho_empresa	3985	
4	fiscalizacao_ambiental+mineracao_energia+saneamento_agua+transferencia_renda	3985	
4	fiscalizacao_ambiental+mineracao_energia+saneamento_agua+vigilancia_sinan	3985	
4	fiscalizacao_ambiental+mineracao_energia+saude_producao+trabalho_empresa	3985	
4	fiscalizacao_ambiental+mineracao_energia+saude_producao+transferencia_renda	3985	
4	fiscalizacao_ambiental+mineracao_energia+saude_producao+vigilancia_sinan	3985	
4	fiscalizacao_ambiental+mineracao_energia+trabalho_empresa+transferencia_renda	3985	
4	fiscalizacao_ambiental+mineracao_energia+trabalho_empresa+vigilancia_sinan	3985	
4	fiscalizacao_ambiental+mineracao_energia+transferencia_renda+vigilancia_sinan	3985	
4	fundiario+mineracao_energia+mobilidade+mortalidade	3985	
4	fundiario+mineracao_energia+mobilidade+natalidade	3985	
4	fundiario+mineracao_energia+mobilidade+politica	3985	
4	fundiario+mineracao_energia+mobilidade+saneamento_agua	3985	
4	fundiario+mineracao_energia+mobilidade+saude_producao	3985	
4	fundiario+mineracao_energia+mobilidade+trabalho_empresa	3985	
4	fundiario+mineracao_energia+mobilidade+transferencia_renda	3985	
4	fundiario+mineracao_energia+mobilidade+vigilancia_sinan	3985	
4	fundiario+mineracao_energia+mortalidade+natalidade	3985	
4	fundiario+mineracao_energia+mortalidade+politica	3985	
4	fundiario+mineracao_energia+mortalidade+saneamento_agua	3985	
4	fundiario+mineracao_energia+mortalidade+saude_producao	3985	
4	fundiario+mineracao_energia+mortalidade+trabalho_empresa	3985	
4	fundiario+mineracao_energia+mortalidade+transferencia_renda	3985	
4	fundiario+mineracao_energia+mortalidade+vigilancia_sinan	3985	
4	fundiario+mineracao_energia+natalidade+politica	3985	
4	fundiario+mineracao_energia+natalidade+saneamento_agua	3985	
4	fundiario+mineracao_energia+natalidade+saude_producao	3985	
4	fundiario+mineracao_energia+natalidade+trabalho_empresa	3985	
4	fundiario+mineracao_energia+natalidade+transferencia_renda	3985	
4	fundiario+mineracao_energia+natalidade+vigilancia_sinan	3985	
4	fundiario+mineracao_energia+politica+saneamento_agua	3985	
4	fundiario+mineracao_energia+politica+saude_producao	3985	
4	fundiario+mineracao_energia+politica+trabalho_empresa	3985	
4	fundiario+mineracao_energia+politica+transferencia_renda	3985	
4	fundiario+mineracao_energia+politica+vigilancia_sinan	3985	
4	fundiario+mineracao_energia+saneamento_agua+saude_producao	3985	
4	fundiario+mineracao_energia+saneamento_agua+trabalho_empresa	3985	
4	fundiario+mineracao_energia+saneamento_agua+transferencia_renda	3985	
4	fundiario+mineracao_energia+saneamento_agua+vigilancia_sinan	3985	
4	fundiario+mineracao_energia+saude_producao+trabalho_empresa	3985	
4	fundiario+mineracao_energia+saude_producao+transferencia_renda	3985	
4	fundiario+mineracao_energia+saude_producao+vigilancia_sinan	3985	
4	fundiario+mineracao_energia+trabalho_empresa+transferencia_renda	3985	
4	fundiario+mineracao_energia+trabalho_empresa+vigilancia_sinan	3985	
4	fundiario+mineracao_energia+transferencia_renda+vigilancia_sinan	3985	
4	mineracao_energia+mobilidade+mortalidade+natalidade	3985	
4	mineracao_energia+mobilidade+mortalidade+politica	3985	
4	mineracao_energia+mobilidade+mortalidade+saneamento_agua	3985	
4	mineracao_energia+mobilidade+mortalidade+saude_producao	3985	
4	mineracao_energia+mobilidade+mortalidade+trabalho_empresa	3985	
4	mineracao_energia+mobilidade+mortalidade+transferencia_renda	3985	
4	mineracao_energia+mobilidade+mortalidade+vigilancia_sinan	3985	
4	mineracao_energia+mobilidade+natalidade+politica	3985	
4	mineracao_energia+mobilidade+natalidade+saneamento_agua	3985	
4	mineracao_energia+mobilidade+natalidade+saude_producao	3985	
4	mineracao_energia+mobilidade+natalidade+trabalho_empresa	3985	
4	mineracao_energia+mobilidade+natalidade+transferencia_renda	3985	
4	mineracao_energia+mobilidade+natalidade+vigilancia_sinan	3985	
4	mineracao_energia+mobilidade+politica+saneamento_agua	3985	
4	mineracao_energia+mobilidade+politica+saude_producao	3985	
4	mineracao_energia+mobilidade+politica+trabalho_empresa	3985	
4	mineracao_energia+mobilidade+politica+transferencia_renda	3985	
4	mineracao_energia+mobilidade+politica+vigilancia_sinan	3985	
4	mineracao_energia+mobilidade+saneamento_agua+saude_producao	3985	
4	mineracao_energia+mobilidade+saneamento_agua+trabalho_empresa	3985	
4	mineracao_energia+mobilidade+saneamento_agua+transferencia_renda	3985	
4	mineracao_energia+mobilidade+saneamento_agua+vigilancia_sinan	3985	
4	mineracao_energia+mobilidade+saude_producao+trabalho_empresa	3985	
4	mineracao_energia+mobilidade+saude_producao+transferencia_renda	3985	
4	mineracao_energia+mobilidade+saude_producao+vigilancia_sinan	3985	
4	mineracao_energia+mobilidade+trabalho_empresa+transferencia_renda	3985	
4	mineracao_energia+mobilidade+trabalho_empresa+vigilancia_sinan	3985	
4	mineracao_energia+mobilidade+transferencia_renda+vigilancia_sinan	3985	
4	mineracao_energia+mortalidade+natalidade+politica	3985	
4	mineracao_energia+mortalidade+natalidade+saneamento_agua	3985	
4	mineracao_energia+mortalidade+natalidade+saude_producao	3985	
4	mineracao_energia+mortalidade+natalidade+trabalho_empresa	3985	
4	mineracao_energia+mortalidade+natalidade+transferencia_renda	3985	
4	mineracao_energia+mortalidade+natalidade+vigilancia_sinan	3985	
4	mineracao_energia+mortalidade+politica+saneamento_agua	3985	
4	mineracao_energia+mortalidade+politica+saude_producao	3985	
4	mineracao_energia+mortalidade+politica+trabalho_empresa	3985	
4	mineracao_energia+mortalidade+politica+transferencia_renda	3985	
4	mineracao_energia+mortalidade+politica+vigilancia_sinan	3985	
4	mineracao_energia+mortalidade+saneamento_agua+saude_producao	3985	
4	mineracao_energia+mortalidade+saneamento_agua+trabalho_empresa	3985	
4	mineracao_energia+mortalidade+saneamento_agua+transferencia_renda	3985	
4	mineracao_energia+mortalidade+saneamento_agua+vigilancia_sinan	3985	
4	mineracao_energia+mortalidade+saude_producao+trabalho_empresa	3985	
4	mineracao_energia+mortalidade+saude_producao+transferencia_renda	3985	
4	mineracao_energia+mortalidade+saude_producao+vigilancia_sinan	3985	
4	mineracao_energia+mortalidade+trabalho_empresa+transferencia_renda	3985	
4	mineracao_energia+mortalidade+trabalho_empresa+vigilancia_sinan	3985	
4	mineracao_energia+mortalidade+transferencia_renda+vigilancia_sinan	3985	
4	mineracao_energia+natalidade+politica+saneamento_agua	3985	
4	mineracao_energia+natalidade+politica+saude_producao	3985	H?
4	mineracao_energia+natalidade+politica+trabalho_empresa	3985	H?
4	mineracao_energia+natalidade+politica+transferencia_renda	3985	H?
4	mineracao_energia+natalidade+politica+vigilancia_sinan	3985	
4	mineracao_energia+natalidade+saneamento_agua+saude_producao	3985	
4	mineracao_energia+natalidade+saneamento_agua+trabalho_empresa	3985	
4	mineracao_energia+natalidade+saneamento_agua+transferencia_renda	3985	
4	mineracao_energia+natalidade+saneamento_agua+vigilancia_sinan	3985	
4	mineracao_energia+natalidade+saude_producao+trabalho_empresa	3985	H?
4	mineracao_energia+natalidade+saude_producao+transferencia_renda	3985	H?
4	mineracao_energia+natalidade+saude_producao+vigilancia_sinan	3985	
4	mineracao_energia+natalidade+trabalho_empresa+transferencia_renda	3985	H?
4	mineracao_energia+natalidade+trabalho_empresa+vigilancia_sinan	3985	
4	mineracao_energia+natalidade+transferencia_renda+vigilancia_sinan	3985	
4	mineracao_energia+politica+saneamento_agua+saude_producao	3985	
4	mineracao_energia+politica+saneamento_agua+trabalho_empresa	3985	
4	mineracao_energia+politica+saneamento_agua+transferencia_renda	3985	
4	mineracao_energia+politica+saneamento_agua+vigilancia_sinan	3985	
4	mineracao_energia+politica+saude_producao+trabalho_empresa	3985	H?
4	mineracao_energia+politica+saude_producao+transferencia_renda	3985	H?
4	mineracao_energia+politica+saude_producao+vigilancia_sinan	3985	
4	mineracao_energia+politica+trabalho_empresa+transferencia_renda	3985	H?
4	mineracao_energia+politica+trabalho_empresa+vigilancia_sinan	3985	
4	mineracao_energia+politica+transferencia_renda+vigilancia_sinan	3985	
4	mineracao_energia+saneamento_agua+saude_producao+trabalho_empresa	3985	
4	mineracao_energia+saneamento_agua+saude_producao+transferencia_renda	3985	
4	mineracao_energia+saneamento_agua+saude_producao+vigilancia_sinan	3985	
4	mineracao_energia+saneamento_agua+trabalho_empresa+transferencia_renda	3985	
4	mineracao_energia+saneamento_agua+trabalho_empresa+vigilancia_sinan	3985	
4	mineracao_energia+saneamento_agua+transferencia_renda+vigilancia_sinan	3985	
4	mineracao_energia+saude_producao+trabalho_empresa+transferencia_renda	3985	H?
4	mineracao_energia+saude_producao+trabalho_empresa+vigilancia_sinan	3985	
4	mineracao_energia+saude_producao+transferencia_renda+vigilancia_sinan	3985	
4	mineracao_energia+trabalho_empresa+transferencia_renda+vigilancia_sinan	3985	
4	agropecuaria+compras_publicas+conectividade+sancao_integridade	3314	
4	agropecuaria+compras_publicas+credito_financeiro+sancao_integridade	3314	
4	agropecuaria+compras_publicas+demografia_censo+sancao_integridade	3314	
4	agropecuaria+compras_publicas+desmatamento_clima+sancao_integridade	3314	
4	agropecuaria+compras_publicas+educacao+sancao_integridade	3314	
4	agropecuaria+compras_publicas+fiscal_municipal+sancao_integridade	3314	
4	agropecuaria+compras_publicas+fiscalizacao_ambiental+sancao_integridade	3314	
4	agropecuaria+compras_publicas+fundiario+sancao_integridade	3314	
4	agropecuaria+compras_publicas+mineracao_energia+sancao_integridade	3314	
4	agropecuaria+compras_publicas+mobilidade+sancao_integridade	3314	
4	agropecuaria+compras_publicas+mortalidade+sancao_integridade	3314	
4	agropecuaria+compras_publicas+natalidade+sancao_integridade	3314	
4	agropecuaria+compras_publicas+politica+sancao_integridade	3314	
4	agropecuaria+compras_publicas+sancao_integridade+saneamento_agua	3314	
4	agropecuaria+compras_publicas+sancao_integridade+saude_producao	3314	
4	agropecuaria+compras_publicas+sancao_integridade+trabalho_empresa	3314	
4	agropecuaria+compras_publicas+sancao_integridade+transferencia_renda	3314	
4	agropecuaria+compras_publicas+sancao_integridade+vigilancia_sinan	3314	
4	agropecuaria+conectividade+credito_financeiro+sancao_integridade	3314	
4	agropecuaria+conectividade+demografia_censo+sancao_integridade	3314	
4	agropecuaria+conectividade+desmatamento_clima+sancao_integridade	3314	
4	agropecuaria+conectividade+educacao+sancao_integridade	3314	
4	agropecuaria+conectividade+fiscal_municipal+sancao_integridade	3314	
4	agropecuaria+conectividade+fiscalizacao_ambiental+sancao_integridade	3314	
4	agropecuaria+conectividade+fundiario+sancao_integridade	3314	
4	agropecuaria+conectividade+mineracao_energia+sancao_integridade	3314	
4	agropecuaria+conectividade+mobilidade+sancao_integridade	3314	
4	agropecuaria+conectividade+mortalidade+sancao_integridade	3314	
4	agropecuaria+conectividade+natalidade+sancao_integridade	3314	
4	agropecuaria+conectividade+politica+sancao_integridade	3314	
4	agropecuaria+conectividade+sancao_integridade+saneamento_agua	3314	
4	agropecuaria+conectividade+sancao_integridade+saude_producao	3314	
4	agropecuaria+conectividade+sancao_integridade+trabalho_empresa	3314	
4	agropecuaria+conectividade+sancao_integridade+transferencia_renda	3314	
4	agropecuaria+conectividade+sancao_integridade+vigilancia_sinan	3314	
4	agropecuaria+credito_financeiro+demografia_censo+sancao_integridade	3314	
4	agropecuaria+credito_financeiro+desmatamento_clima+sancao_integridade	3314	
4	agropecuaria+credito_financeiro+educacao+sancao_integridade	3314	
4	agropecuaria+credito_financeiro+fiscal_municipal+sancao_integridade	3314	
4	agropecuaria+credito_financeiro+fiscalizacao_ambiental+sancao_integridade	3314	
4	agropecuaria+credito_financeiro+fundiario+sancao_integridade	3314	
4	agropecuaria+credito_financeiro+mineracao_energia+sancao_integridade	3314	
4	agropecuaria+credito_financeiro+mobilidade+sancao_integridade	3314	
4	agropecuaria+credito_financeiro+mortalidade+sancao_integridade	3314	
4	agropecuaria+credito_financeiro+natalidade+sancao_integridade	3314	
4	agropecuaria+credito_financeiro+politica+sancao_integridade	3314	
4	agropecuaria+credito_financeiro+sancao_integridade+saneamento_agua	3314	
4	agropecuaria+credito_financeiro+sancao_integridade+saude_producao	3314	
4	agropecuaria+credito_financeiro+sancao_integridade+trabalho_empresa	3314	
4	agropecuaria+credito_financeiro+sancao_integridade+transferencia_renda	3314	
4	agropecuaria+credito_financeiro+sancao_integridade+vigilancia_sinan	3314	
4	agropecuaria+demografia_censo+desmatamento_clima+sancao_integridade	3314	
4	agropecuaria+demografia_censo+educacao+sancao_integridade	3314	
4	agropecuaria+demografia_censo+fiscal_municipal+sancao_integridade	3314	
4	agropecuaria+demografia_censo+fiscalizacao_ambiental+sancao_integridade	3314	
4	agropecuaria+demografia_censo+fundiario+sancao_integridade	3314	
4	agropecuaria+demografia_censo+mineracao_energia+sancao_integridade	3314	
4	agropecuaria+demografia_censo+mobilidade+sancao_integridade	3314	
4	agropecuaria+demografia_censo+mortalidade+sancao_integridade	3314	
4	agropecuaria+demografia_censo+natalidade+sancao_integridade	3314	
4	agropecuaria+demografia_censo+politica+sancao_integridade	3314	
4	agropecuaria+demografia_censo+sancao_integridade+saneamento_agua	3314	
4	agropecuaria+demografia_censo+sancao_integridade+saude_producao	3314	
4	agropecuaria+demografia_censo+sancao_integridade+trabalho_empresa	3314	
4	agropecuaria+demografia_censo+sancao_integridade+transferencia_renda	3314	
4	agropecuaria+demografia_censo+sancao_integridade+vigilancia_sinan	3314	
4	agropecuaria+desmatamento_clima+educacao+sancao_integridade	3314	
4	agropecuaria+desmatamento_clima+fiscal_municipal+sancao_integridade	3314	
4	agropecuaria+desmatamento_clima+fiscalizacao_ambiental+sancao_integridade	3314	
4	agropecuaria+desmatamento_clima+fundiario+sancao_integridade	3314	
4	agropecuaria+desmatamento_clima+mineracao_energia+sancao_integridade	3314	
4	agropecuaria+desmatamento_clima+mobilidade+sancao_integridade	3314	
4	agropecuaria+desmatamento_clima+mortalidade+sancao_integridade	3314	
4	agropecuaria+desmatamento_clima+natalidade+sancao_integridade	3314	
4	agropecuaria+desmatamento_clima+politica+sancao_integridade	3314	
4	agropecuaria+desmatamento_clima+sancao_integridade+saneamento_agua	3314	
4	agropecuaria+desmatamento_clima+sancao_integridade+saude_producao	3314	
4	agropecuaria+desmatamento_clima+sancao_integridade+trabalho_empresa	3314	
4	agropecuaria+desmatamento_clima+sancao_integridade+transferencia_renda	3314	
4	agropecuaria+desmatamento_clima+sancao_integridade+vigilancia_sinan	3314	
4	agropecuaria+educacao+fiscal_municipal+sancao_integridade	3314	
4	agropecuaria+educacao+fiscalizacao_ambiental+sancao_integridade	3314	
4	agropecuaria+educacao+fundiario+sancao_integridade	3314	
4	agropecuaria+educacao+mineracao_energia+sancao_integridade	3314	
4	agropecuaria+educacao+mobilidade+sancao_integridade	3314	
4	agropecuaria+educacao+mortalidade+sancao_integridade	3314	
4	agropecuaria+educacao+natalidade+sancao_integridade	3314	
4	agropecuaria+educacao+politica+sancao_integridade	3314	
4	agropecuaria+educacao+sancao_integridade+saneamento_agua	3314	
4	agropecuaria+educacao+sancao_integridade+saude_producao	3314	
4	agropecuaria+educacao+sancao_integridade+trabalho_empresa	3314	
4	agropecuaria+educacao+sancao_integridade+transferencia_renda	3314	
4	agropecuaria+educacao+sancao_integridade+vigilancia_sinan	3314	
4	agropecuaria+fiscal_municipal+fiscalizacao_ambiental+sancao_integridade	3314	
4	agropecuaria+fiscal_municipal+fundiario+sancao_integridade	3314	
4	agropecuaria+fiscal_municipal+mineracao_energia+sancao_integridade	3314	
4	agropecuaria+fiscal_municipal+mobilidade+sancao_integridade	3314	
4	agropecuaria+fiscal_municipal+mortalidade+sancao_integridade	3314	
4	agropecuaria+fiscal_municipal+natalidade+sancao_integridade	3314	
4	agropecuaria+fiscal_municipal+politica+sancao_integridade	3314	
4	agropecuaria+fiscal_municipal+sancao_integridade+saneamento_agua	3314	
4	agropecuaria+fiscal_municipal+sancao_integridade+saude_producao	3314	
4	agropecuaria+fiscal_municipal+sancao_integridade+trabalho_empresa	3314	
4	agropecuaria+fiscal_municipal+sancao_integridade+transferencia_renda	3314	
4	agropecuaria+fiscal_municipal+sancao_integridade+vigilancia_sinan	3314	
4	agropecuaria+fiscalizacao_ambiental+fundiario+sancao_integridade	3314	
4	agropecuaria+fiscalizacao_ambiental+mineracao_energia+sancao_integridade	3314	
4	agropecuaria+fiscalizacao_ambiental+mobilidade+sancao_integridade	3314	
4	agropecuaria+fiscalizacao_ambiental+mortalidade+sancao_integridade	3314	
4	agropecuaria+fiscalizacao_ambiental+natalidade+sancao_integridade	3314	
4	agropecuaria+fiscalizacao_ambiental+politica+sancao_integridade	3314	
4	agropecuaria+fiscalizacao_ambiental+sancao_integridade+saneamento_agua	3314	
4	agropecuaria+fiscalizacao_ambiental+sancao_integridade+saude_producao	3314	
4	agropecuaria+fiscalizacao_ambiental+sancao_integridade+trabalho_empresa	3314	
4	agropecuaria+fiscalizacao_ambiental+sancao_integridade+transferencia_renda	3314	
4	agropecuaria+fiscalizacao_ambiental+sancao_integridade+vigilancia_sinan	3314	
4	agropecuaria+fundiario+mineracao_energia+sancao_integridade	3314	
4	agropecuaria+fundiario+mobilidade+sancao_integridade	3314	
4	agropecuaria+fundiario+mortalidade+sancao_integridade	3314	
4	agropecuaria+fundiario+natalidade+sancao_integridade	3314	
4	agropecuaria+fundiario+politica+sancao_integridade	3314	
4	agropecuaria+fundiario+sancao_integridade+saneamento_agua	3314	
4	agropecuaria+fundiario+sancao_integridade+saude_producao	3314	
4	agropecuaria+fundiario+sancao_integridade+trabalho_empresa	3314	
4	agropecuaria+fundiario+sancao_integridade+transferencia_renda	3314	
4	agropecuaria+fundiario+sancao_integridade+vigilancia_sinan	3314	
4	agropecuaria+mineracao_energia+mobilidade+sancao_integridade	3314	
4	agropecuaria+mineracao_energia+mortalidade+sancao_integridade	3314	
4	agropecuaria+mineracao_energia+natalidade+sancao_integridade	3314	
4	agropecuaria+mineracao_energia+politica+sancao_integridade	3314	
4	agropecuaria+mineracao_energia+sancao_integridade+saneamento_agua	3314	
4	agropecuaria+mineracao_energia+sancao_integridade+saude_producao	3314	
4	agropecuaria+mineracao_energia+sancao_integridade+trabalho_empresa	3314	
4	agropecuaria+mineracao_energia+sancao_integridade+transferencia_renda	3314	
4	agropecuaria+mineracao_energia+sancao_integridade+vigilancia_sinan	3314	
4	agropecuaria+mobilidade+mortalidade+sancao_integridade	3314	
4	agropecuaria+mobilidade+natalidade+sancao_integridade	3314	
4	agropecuaria+mobilidade+politica+sancao_integridade	3314	
4	agropecuaria+mobilidade+sancao_integridade+saneamento_agua	3314	
4	agropecuaria+mobilidade+sancao_integridade+saude_producao	3314	
4	agropecuaria+mobilidade+sancao_integridade+trabalho_empresa	3314	
4	agropecuaria+mobilidade+sancao_integridade+transferencia_renda	3314	
4	agropecuaria+mobilidade+sancao_integridade+vigilancia_sinan	3314	
4	agropecuaria+mortalidade+natalidade+sancao_integridade	3314	
4	agropecuaria+mortalidade+politica+sancao_integridade	3314	
4	agropecuaria+mortalidade+sancao_integridade+saneamento_agua	3314	
4	agropecuaria+mortalidade+sancao_integridade+saude_producao	3314	
4	agropecuaria+mortalidade+sancao_integridade+trabalho_empresa	3314	
4	agropecuaria+mortalidade+sancao_integridade+transferencia_renda	3314	
4	agropecuaria+mortalidade+sancao_integridade+vigilancia_sinan	3314	
4	agropecuaria+natalidade+politica+sancao_integridade	3314	
4	agropecuaria+natalidade+sancao_integridade+saneamento_agua	3314	
4	agropecuaria+natalidade+sancao_integridade+saude_producao	3314	
4	agropecuaria+natalidade+sancao_integridade+trabalho_empresa	3314	
4	agropecuaria+natalidade+sancao_integridade+transferencia_renda	3314	
4	agropecuaria+natalidade+sancao_integridade+vigilancia_sinan	3314	
4	agropecuaria+politica+sancao_integridade+saneamento_agua	3314	
4	agropecuaria+politica+sancao_integridade+saude_producao	3314	
4	agropecuaria+politica+sancao_integridade+trabalho_empresa	3314	
4	agropecuaria+politica+sancao_integridade+transferencia_renda	3314	
4	agropecuaria+politica+sancao_integridade+vigilancia_sinan	3314	
4	agropecuaria+sancao_integridade+saneamento_agua+saude_producao	3314	
4	agropecuaria+sancao_integridade+saneamento_agua+trabalho_empresa	3314	
4	agropecuaria+sancao_integridade+saneamento_agua+transferencia_renda	3314	
4	agropecuaria+sancao_integridade+saneamento_agua+vigilancia_sinan	3314	
4	agropecuaria+sancao_integridade+saude_producao+trabalho_empresa	3314	
4	agropecuaria+sancao_integridade+saude_producao+transferencia_renda	3314	
4	agropecuaria+sancao_integridade+saude_producao+vigilancia_sinan	3314	
4	agropecuaria+sancao_integridade+trabalho_empresa+transferencia_renda	3314	
4	agropecuaria+sancao_integridade+trabalho_empresa+vigilancia_sinan	3314	
4	agropecuaria+sancao_integridade+transferencia_renda+vigilancia_sinan	3314	
4	compras_publicas+conectividade+credito_financeiro+sancao_integridade	3314	
4	compras_publicas+conectividade+demografia_censo+sancao_integridade	3314	
4	compras_publicas+conectividade+desmatamento_clima+sancao_integridade	3314	
4	compras_publicas+conectividade+educacao+sancao_integridade	3314	
4	compras_publicas+conectividade+fiscal_municipal+sancao_integridade	3314	
4	compras_publicas+conectividade+fiscalizacao_ambiental+sancao_integridade	3314	
4	compras_publicas+conectividade+fundiario+sancao_integridade	3314	
4	compras_publicas+conectividade+mineracao_energia+sancao_integridade	3314	
4	compras_publicas+conectividade+mobilidade+sancao_integridade	3314	
4	compras_publicas+conectividade+mortalidade+sancao_integridade	3314	
4	compras_publicas+conectividade+natalidade+sancao_integridade	3314	
4	compras_publicas+conectividade+politica+sancao_integridade	3314	
4	compras_publicas+conectividade+sancao_integridade+saneamento_agua	3314	
4	compras_publicas+conectividade+sancao_integridade+saude_producao	3314	
4	compras_publicas+conectividade+sancao_integridade+trabalho_empresa	3314	
4	compras_publicas+conectividade+sancao_integridade+transferencia_renda	3314	
4	compras_publicas+conectividade+sancao_integridade+vigilancia_sinan	3314	
4	compras_publicas+credito_financeiro+demografia_censo+sancao_integridade	3314	
4	compras_publicas+credito_financeiro+desmatamento_clima+sancao_integridade	3314	
4	compras_publicas+credito_financeiro+educacao+sancao_integridade	3314	
4	compras_publicas+credito_financeiro+fiscal_municipal+sancao_integridade	3314	
4	compras_publicas+credito_financeiro+fiscalizacao_ambiental+sancao_integridade	3314	
4	compras_publicas+credito_financeiro+fundiario+sancao_integridade	3314	
4	compras_publicas+credito_financeiro+mineracao_energia+sancao_integridade	3314	
4	compras_publicas+credito_financeiro+mobilidade+sancao_integridade	3314	
4	compras_publicas+credito_financeiro+mortalidade+sancao_integridade	3314	
4	compras_publicas+credito_financeiro+natalidade+sancao_integridade	3314	
4	compras_publicas+credito_financeiro+politica+sancao_integridade	3314	
4	compras_publicas+credito_financeiro+sancao_integridade+saneamento_agua	3314	
4	compras_publicas+credito_financeiro+sancao_integridade+saude_producao	3314	
4	compras_publicas+credito_financeiro+sancao_integridade+trabalho_empresa	3314	
4	compras_publicas+credito_financeiro+sancao_integridade+transferencia_renda	3314	
4	compras_publicas+credito_financeiro+sancao_integridade+vigilancia_sinan	3314	
4	compras_publicas+demografia_censo+desmatamento_clima+sancao_integridade	3314	
4	compras_publicas+demografia_censo+educacao+sancao_integridade	3314	H?
4	compras_publicas+demografia_censo+fiscal_municipal+sancao_integridade	3314	H?
4	compras_publicas+demografia_censo+fiscalizacao_ambiental+sancao_integridade	3314	
4	compras_publicas+demografia_censo+fundiario+sancao_integridade	3314	
4	compras_publicas+demografia_censo+mineracao_energia+sancao_integridade	3314	
4	compras_publicas+demografia_censo+mobilidade+sancao_integridade	3314	
4	compras_publicas+demografia_censo+mortalidade+sancao_integridade	3314	
4	compras_publicas+demografia_censo+natalidade+sancao_integridade	3314	
4	compras_publicas+demografia_censo+politica+sancao_integridade	3314	
4	compras_publicas+demografia_censo+sancao_integridade+saneamento_agua	3314	
4	compras_publicas+demografia_censo+sancao_integridade+saude_producao	3314	
4	compras_publicas+demografia_censo+sancao_integridade+trabalho_empresa	3314	H?
4	compras_publicas+demografia_censo+sancao_integridade+transferencia_renda	3314	H?
4	compras_publicas+demografia_censo+sancao_integridade+vigilancia_sinan	3314	
4	compras_publicas+desmatamento_clima+educacao+sancao_integridade	3314	
4	compras_publicas+desmatamento_clima+fiscal_municipal+sancao_integridade	3314	
4	compras_publicas+desmatamento_clima+fiscalizacao_ambiental+sancao_integridade	3314	
4	compras_publicas+desmatamento_clima+fundiario+sancao_integridade	3314	
4	compras_publicas+desmatamento_clima+mineracao_energia+sancao_integridade	3314	
4	compras_publicas+desmatamento_clima+mobilidade+sancao_integridade	3314	
4	compras_publicas+desmatamento_clima+mortalidade+sancao_integridade	3314	
4	compras_publicas+desmatamento_clima+natalidade+sancao_integridade	3314	
4	compras_publicas+desmatamento_clima+politica+sancao_integridade	3314	
4	compras_publicas+desmatamento_clima+sancao_integridade+saneamento_agua	3314	
4	compras_publicas+desmatamento_clima+sancao_integridade+saude_producao	3314	
4	compras_publicas+desmatamento_clima+sancao_integridade+trabalho_empresa	3314	
4	compras_publicas+desmatamento_clima+sancao_integridade+transferencia_renda	3314	
4	compras_publicas+desmatamento_clima+sancao_integridade+vigilancia_sinan	3314	
4	compras_publicas+educacao+fiscal_municipal+sancao_integridade	3314	H?
4	compras_publicas+educacao+fiscalizacao_ambiental+sancao_integridade	3314	
4	compras_publicas+educacao+fundiario+sancao_integridade	3314	
4	compras_publicas+educacao+mineracao_energia+sancao_integridade	3314	
4	compras_publicas+educacao+mobilidade+sancao_integridade	3314	
4	compras_publicas+educacao+mortalidade+sancao_integridade	3314	
4	compras_publicas+educacao+natalidade+sancao_integridade	3314	
4	compras_publicas+educacao+politica+sancao_integridade	3314	
4	compras_publicas+educacao+sancao_integridade+saneamento_agua	3314	
4	compras_publicas+educacao+sancao_integridade+saude_producao	3314	
4	compras_publicas+educacao+sancao_integridade+trabalho_empresa	3314	H?
4	compras_publicas+educacao+sancao_integridade+transferencia_renda	3314	H?
4	compras_publicas+educacao+sancao_integridade+vigilancia_sinan	3314	
4	compras_publicas+fiscal_municipal+fiscalizacao_ambiental+sancao_integridade	3314	
4	compras_publicas+fiscal_municipal+fundiario+sancao_integridade	3314	
4	compras_publicas+fiscal_municipal+mineracao_energia+sancao_integridade	3314	
4	compras_publicas+fiscal_municipal+mobilidade+sancao_integridade	3314	
4	compras_publicas+fiscal_municipal+mortalidade+sancao_integridade	3314	
4	compras_publicas+fiscal_municipal+natalidade+sancao_integridade	3314	
4	compras_publicas+fiscal_municipal+politica+sancao_integridade	3314	
4	compras_publicas+fiscal_municipal+sancao_integridade+saneamento_agua	3314	
4	compras_publicas+fiscal_municipal+sancao_integridade+saude_producao	3314	
4	compras_publicas+fiscal_municipal+sancao_integridade+trabalho_empresa	3314	
4	compras_publicas+fiscal_municipal+sancao_integridade+transferencia_renda	3314	
4	compras_publicas+fiscal_municipal+sancao_integridade+vigilancia_sinan	3314	
4	compras_publicas+fiscalizacao_ambiental+fundiario+sancao_integridade	3314	
4	compras_publicas+fiscalizacao_ambiental+mineracao_energia+sancao_integridade	3314	
4	compras_publicas+fiscalizacao_ambiental+mobilidade+sancao_integridade	3314	
4	compras_publicas+fiscalizacao_ambiental+mortalidade+sancao_integridade	3314	
4	compras_publicas+fiscalizacao_ambiental+natalidade+sancao_integridade	3314	
4	compras_publicas+fiscalizacao_ambiental+politica+sancao_integridade	3314	
4	compras_publicas+fiscalizacao_ambiental+sancao_integridade+saneamento_agua	3314	
4	compras_publicas+fiscalizacao_ambiental+sancao_integridade+saude_producao	3314	
4	compras_publicas+fiscalizacao_ambiental+sancao_integridade+trabalho_empresa	3314	
4	compras_publicas+fiscalizacao_ambiental+sancao_integridade+transferencia_renda	3314	
4	compras_publicas+fiscalizacao_ambiental+sancao_integridade+vigilancia_sinan	3314	
4	compras_publicas+fundiario+mineracao_energia+sancao_integridade	3314	
4	compras_publicas+fundiario+mobilidade+sancao_integridade	3314	
4	compras_publicas+fundiario+mortalidade+sancao_integridade	3314	
4	compras_publicas+fundiario+natalidade+sancao_integridade	3314	
4	compras_publicas+fundiario+politica+sancao_integridade	3314	
4	compras_publicas+fundiario+sancao_integridade+saneamento_agua	3314	
4	compras_publicas+fundiario+sancao_integridade+saude_producao	3314	
4	compras_publicas+fundiario+sancao_integridade+trabalho_empresa	3314	
4	compras_publicas+fundiario+sancao_integridade+transferencia_renda	3314	
4	compras_publicas+fundiario+sancao_integridade+vigilancia_sinan	3314	
4	compras_publicas+mineracao_energia+mobilidade+sancao_integridade	3314	
4	compras_publicas+mineracao_energia+mortalidade+sancao_integridade	3314	
4	compras_publicas+mineracao_energia+natalidade+sancao_integridade	3314	
4	compras_publicas+mineracao_energia+politica+sancao_integridade	3314	
4	compras_publicas+mineracao_energia+sancao_integridade+saneamento_agua	3314	
4	compras_publicas+mineracao_energia+sancao_integridade+saude_producao	3314	
4	compras_publicas+mineracao_energia+sancao_integridade+trabalho_empresa	3314	
4	compras_publicas+mineracao_energia+sancao_integridade+transferencia_renda	3314	
4	compras_publicas+mineracao_energia+sancao_integridade+vigilancia_sinan	3314	
4	compras_publicas+mobilidade+mortalidade+sancao_integridade	3314	
4	compras_publicas+mobilidade+natalidade+sancao_integridade	3314	
4	compras_publicas+mobilidade+politica+sancao_integridade	3314	
4	compras_publicas+mobilidade+sancao_integridade+saneamento_agua	3314	
4	compras_publicas+mobilidade+sancao_integridade+saude_producao	3314	
4	compras_publicas+mobilidade+sancao_integridade+trabalho_empresa	3314	
4	compras_publicas+mobilidade+sancao_integridade+transferencia_renda	3314	
4	compras_publicas+mobilidade+sancao_integridade+vigilancia_sinan	3314	
4	compras_publicas+mortalidade+natalidade+sancao_integridade	3314	
4	compras_publicas+mortalidade+politica+sancao_integridade	3314	
4	compras_publicas+mortalidade+sancao_integridade+saneamento_agua	3314	
4	compras_publicas+mortalidade+sancao_integridade+saude_producao	3314	
4	compras_publicas+mortalidade+sancao_integridade+trabalho_empresa	3314	
4	compras_publicas+mortalidade+sancao_integridade+transferencia_renda	3314	
4	compras_publicas+mortalidade+sancao_integridade+vigilancia_sinan	3314	
4	compras_publicas+natalidade+politica+sancao_integridade	3314	
4	compras_publicas+natalidade+sancao_integridade+saneamento_agua	3314	
4	compras_publicas+natalidade+sancao_integridade+saude_producao	3314	
4	compras_publicas+natalidade+sancao_integridade+trabalho_empresa	3314	
4	compras_publicas+natalidade+sancao_integridade+transferencia_renda	3314	
4	compras_publicas+natalidade+sancao_integridade+vigilancia_sinan	3314	
4	compras_publicas+politica+sancao_integridade+saneamento_agua	3314	
4	compras_publicas+politica+sancao_integridade+saude_producao	3314	
4	compras_publicas+politica+sancao_integridade+trabalho_empresa	3314	
4	compras_publicas+politica+sancao_integridade+transferencia_renda	3314	
4	compras_publicas+politica+sancao_integridade+vigilancia_sinan	3314	
4	compras_publicas+sancao_integridade+saneamento_agua+saude_producao	3314	
4	compras_publicas+sancao_integridade+saneamento_agua+trabalho_empresa	3314	
4	compras_publicas+sancao_integridade+saneamento_agua+transferencia_renda	3314	
4	compras_publicas+sancao_integridade+saneamento_agua+vigilancia_sinan	3314	
4	compras_publicas+sancao_integridade+saude_producao+trabalho_empresa	3314	
4	compras_publicas+sancao_integridade+saude_producao+transferencia_renda	3314	
4	compras_publicas+sancao_integridade+saude_producao+vigilancia_sinan	3314	
4	compras_publicas+sancao_integridade+trabalho_empresa+transferencia_renda	3314	H?
4	compras_publicas+sancao_integridade+trabalho_empresa+vigilancia_sinan	3314	
4	compras_publicas+sancao_integridade+transferencia_renda+vigilancia_sinan	3314	
4	conectividade+credito_financeiro+demografia_censo+sancao_integridade	3314	
4	conectividade+credito_financeiro+desmatamento_clima+sancao_integridade	3314	
4	conectividade+credito_financeiro+educacao+sancao_integridade	3314	
4	conectividade+credito_financeiro+fiscal_municipal+sancao_integridade	3314	
4	conectividade+credito_financeiro+fiscalizacao_ambiental+sancao_integridade	3314	
4	conectividade+credito_financeiro+fundiario+sancao_integridade	3314	
4	conectividade+credito_financeiro+mineracao_energia+sancao_integridade	3314	
4	conectividade+credito_financeiro+mobilidade+sancao_integridade	3314	
4	conectividade+credito_financeiro+mortalidade+sancao_integridade	3314	
4	conectividade+credito_financeiro+natalidade+sancao_integridade	3314	
4	conectividade+credito_financeiro+politica+sancao_integridade	3314	
4	conectividade+credito_financeiro+sancao_integridade+saneamento_agua	3314	
4	conectividade+credito_financeiro+sancao_integridade+saude_producao	3314	
4	conectividade+credito_financeiro+sancao_integridade+trabalho_empresa	3314	
4	conectividade+credito_financeiro+sancao_integridade+transferencia_renda	3314	
4	conectividade+credito_financeiro+sancao_integridade+vigilancia_sinan	3314	
4	conectividade+demografia_censo+desmatamento_clima+sancao_integridade	3314	
4	conectividade+demografia_censo+educacao+sancao_integridade	3314	
4	conectividade+demografia_censo+fiscal_municipal+sancao_integridade	3314	
4	conectividade+demografia_censo+fiscalizacao_ambiental+sancao_integridade	3314	
4	conectividade+demografia_censo+fundiario+sancao_integridade	3314	
4	conectividade+demografia_censo+mineracao_energia+sancao_integridade	3314	
4	conectividade+demografia_censo+mobilidade+sancao_integridade	3314	
4	conectividade+demografia_censo+mortalidade+sancao_integridade	3314	
4	conectividade+demografia_censo+natalidade+sancao_integridade	3314	
4	conectividade+demografia_censo+politica+sancao_integridade	3314	
4	conectividade+demografia_censo+sancao_integridade+saneamento_agua	3314	
4	conectividade+demografia_censo+sancao_integridade+saude_producao	3314	
4	conectividade+demografia_censo+sancao_integridade+trabalho_empresa	3314	
4	conectividade+demografia_censo+sancao_integridade+transferencia_renda	3314	
4	conectividade+demografia_censo+sancao_integridade+vigilancia_sinan	3314	
4	conectividade+desmatamento_clima+educacao+sancao_integridade	3314	
4	conectividade+desmatamento_clima+fiscal_municipal+sancao_integridade	3314	
4	conectividade+desmatamento_clima+fiscalizacao_ambiental+sancao_integridade	3314	
4	conectividade+desmatamento_clima+fundiario+sancao_integridade	3314	
4	conectividade+desmatamento_clima+mineracao_energia+sancao_integridade	3314	
4	conectividade+desmatamento_clima+mobilidade+sancao_integridade	3314	
4	conectividade+desmatamento_clima+mortalidade+sancao_integridade	3314	
4	conectividade+desmatamento_clima+natalidade+sancao_integridade	3314	
4	conectividade+desmatamento_clima+politica+sancao_integridade	3314	
4	conectividade+desmatamento_clima+sancao_integridade+saneamento_agua	3314	
4	conectividade+desmatamento_clima+sancao_integridade+saude_producao	3314	
4	conectividade+desmatamento_clima+sancao_integridade+trabalho_empresa	3314	
4	conectividade+desmatamento_clima+sancao_integridade+transferencia_renda	3314	
4	conectividade+desmatamento_clima+sancao_integridade+vigilancia_sinan	3314	
4	conectividade+educacao+fiscal_municipal+sancao_integridade	3314	
4	conectividade+educacao+fiscalizacao_ambiental+sancao_integridade	3314	
4	conectividade+educacao+fundiario+sancao_integridade	3314	
4	conectividade+educacao+mineracao_energia+sancao_integridade	3314	
4	conectividade+educacao+mobilidade+sancao_integridade	3314	
4	conectividade+educacao+mortalidade+sancao_integridade	3314	
4	conectividade+educacao+natalidade+sancao_integridade	3314	
4	conectividade+educacao+politica+sancao_integridade	3314	
4	conectividade+educacao+sancao_integridade+saneamento_agua	3314	
4	conectividade+educacao+sancao_integridade+saude_producao	3314	
4	conectividade+educacao+sancao_integridade+trabalho_empresa	3314	
4	conectividade+educacao+sancao_integridade+transferencia_renda	3314	
4	conectividade+educacao+sancao_integridade+vigilancia_sinan	3314	
4	conectividade+fiscal_municipal+fiscalizacao_ambiental+sancao_integridade	3314	
4	conectividade+fiscal_municipal+fundiario+sancao_integridade	3314	
4	conectividade+fiscal_municipal+mineracao_energia+sancao_integridade	3314	
4	conectividade+fiscal_municipal+mobilidade+sancao_integridade	3314	
4	conectividade+fiscal_municipal+mortalidade+sancao_integridade	3314	
4	conectividade+fiscal_municipal+natalidade+sancao_integridade	3314	
4	conectividade+fiscal_municipal+politica+sancao_integridade	3314	
4	conectividade+fiscal_municipal+sancao_integridade+saneamento_agua	3314	
4	conectividade+fiscal_municipal+sancao_integridade+saude_producao	3314	
4	conectividade+fiscal_municipal+sancao_integridade+trabalho_empresa	3314	
4	conectividade+fiscal_municipal+sancao_integridade+transferencia_renda	3314	
4	conectividade+fiscal_municipal+sancao_integridade+vigilancia_sinan	3314	
4	conectividade+fiscalizacao_ambiental+fundiario+sancao_integridade	3314	
4	conectividade+fiscalizacao_ambiental+mineracao_energia+sancao_integridade	3314	
4	conectividade+fiscalizacao_ambiental+mobilidade+sancao_integridade	3314	
4	conectividade+fiscalizacao_ambiental+mortalidade+sancao_integridade	3314	
4	conectividade+fiscalizacao_ambiental+natalidade+sancao_integridade	3314	
4	conectividade+fiscalizacao_ambiental+politica+sancao_integridade	3314	
4	conectividade+fiscalizacao_ambiental+sancao_integridade+saneamento_agua	3314	
4	conectividade+fiscalizacao_ambiental+sancao_integridade+saude_producao	3314	
4	conectividade+fiscalizacao_ambiental+sancao_integridade+trabalho_empresa	3314	
4	conectividade+fiscalizacao_ambiental+sancao_integridade+transferencia_renda	3314	
4	conectividade+fiscalizacao_ambiental+sancao_integridade+vigilancia_sinan	3314	
4	conectividade+fundiario+mineracao_energia+sancao_integridade	3314	
4	conectividade+fundiario+mobilidade+sancao_integridade	3314	
4	conectividade+fundiario+mortalidade+sancao_integridade	3314	
4	conectividade+fundiario+natalidade+sancao_integridade	3314	
4	conectividade+fundiario+politica+sancao_integridade	3314	
4	conectividade+fundiario+sancao_integridade+saneamento_agua	3314	
4	conectividade+fundiario+sancao_integridade+saude_producao	3314	
4	conectividade+fundiario+sancao_integridade+trabalho_empresa	3314	
4	conectividade+fundiario+sancao_integridade+transferencia_renda	3314	
4	conectividade+fundiario+sancao_integridade+vigilancia_sinan	3314	
4	conectividade+mineracao_energia+mobilidade+sancao_integridade	3314	
4	conectividade+mineracao_energia+mortalidade+sancao_integridade	3314	
4	conectividade+mineracao_energia+natalidade+sancao_integridade	3314	
4	conectividade+mineracao_energia+politica+sancao_integridade	3314	
4	conectividade+mineracao_energia+sancao_integridade+saneamento_agua	3314	
4	conectividade+mineracao_energia+sancao_integridade+saude_producao	3314	
4	conectividade+mineracao_energia+sancao_integridade+trabalho_empresa	3314	
4	conectividade+mineracao_energia+sancao_integridade+transferencia_renda	3314	
4	conectividade+mineracao_energia+sancao_integridade+vigilancia_sinan	3314	
4	conectividade+mobilidade+mortalidade+sancao_integridade	3314	
4	conectividade+mobilidade+natalidade+sancao_integridade	3314	
4	conectividade+mobilidade+politica+sancao_integridade	3314	
4	conectividade+mobilidade+sancao_integridade+saneamento_agua	3314	
4	conectividade+mobilidade+sancao_integridade+saude_producao	3314	
4	conectividade+mobilidade+sancao_integridade+trabalho_empresa	3314	
4	conectividade+mobilidade+sancao_integridade+transferencia_renda	3314	
4	conectividade+mobilidade+sancao_integridade+vigilancia_sinan	3314	
4	conectividade+mortalidade+natalidade+sancao_integridade	3314	
4	conectividade+mortalidade+politica+sancao_integridade	3314	
4	conectividade+mortalidade+sancao_integridade+saneamento_agua	3314	
4	conectividade+mortalidade+sancao_integridade+saude_producao	3314	
4	conectividade+mortalidade+sancao_integridade+trabalho_empresa	3314	
4	conectividade+mortalidade+sancao_integridade+transferencia_renda	3314	
4	conectividade+mortalidade+sancao_integridade+vigilancia_sinan	3314	
4	conectividade+natalidade+politica+sancao_integridade	3314	
4	conectividade+natalidade+sancao_integridade+saneamento_agua	3314	
4	conectividade+natalidade+sancao_integridade+saude_producao	3314	
4	conectividade+natalidade+sancao_integridade+trabalho_empresa	3314	
4	conectividade+natalidade+sancao_integridade+transferencia_renda	3314	
4	conectividade+natalidade+sancao_integridade+vigilancia_sinan	3314	
4	conectividade+politica+sancao_integridade+saneamento_agua	3314	
4	conectividade+politica+sancao_integridade+saude_producao	3314	
4	conectividade+politica+sancao_integridade+trabalho_empresa	3314	
4	conectividade+politica+sancao_integridade+transferencia_renda	3314	
4	conectividade+politica+sancao_integridade+vigilancia_sinan	3314	
4	conectividade+sancao_integridade+saneamento_agua+saude_producao	3314	
4	conectividade+sancao_integridade+saneamento_agua+trabalho_empresa	3314	
4	conectividade+sancao_integridade+saneamento_agua+transferencia_renda	3314	
4	conectividade+sancao_integridade+saneamento_agua+vigilancia_sinan	3314	
4	conectividade+sancao_integridade+saude_producao+trabalho_empresa	3314	
4	conectividade+sancao_integridade+saude_producao+transferencia_renda	3314	
4	conectividade+sancao_integridade+saude_producao+vigilancia_sinan	3314	
4	conectividade+sancao_integridade+trabalho_empresa+transferencia_renda	3314	
4	conectividade+sancao_integridade+trabalho_empresa+vigilancia_sinan	3314	
4	conectividade+sancao_integridade+transferencia_renda+vigilancia_sinan	3314	
4	credito_financeiro+demografia_censo+desmatamento_clima+sancao_integridade	3314	
4	credito_financeiro+demografia_censo+educacao+sancao_integridade	3314	
4	credito_financeiro+demografia_censo+fiscal_municipal+sancao_integridade	3314	
4	credito_financeiro+demografia_censo+fiscalizacao_ambiental+sancao_integridade	3314	
4	credito_financeiro+demografia_censo+fundiario+sancao_integridade	3314	
4	credito_financeiro+demografia_censo+mineracao_energia+sancao_integridade	3314	
4	credito_financeiro+demografia_censo+mobilidade+sancao_integridade	3314	
4	credito_financeiro+demografia_censo+mortalidade+sancao_integridade	3314	
4	credito_financeiro+demografia_censo+natalidade+sancao_integridade	3314	
4	credito_financeiro+demografia_censo+politica+sancao_integridade	3314	
4	credito_financeiro+demografia_censo+sancao_integridade+saneamento_agua	3314	
4	credito_financeiro+demografia_censo+sancao_integridade+saude_producao	3314	
4	credito_financeiro+demografia_censo+sancao_integridade+trabalho_empresa	3314	
4	credito_financeiro+demografia_censo+sancao_integridade+transferencia_renda	3314	
4	credito_financeiro+demografia_censo+sancao_integridade+vigilancia_sinan	3314	
4	credito_financeiro+desmatamento_clima+educacao+sancao_integridade	3314	
4	credito_financeiro+desmatamento_clima+fiscal_municipal+sancao_integridade	3314	
4	credito_financeiro+desmatamento_clima+fiscalizacao_ambiental+sancao_integridade	3314	
4	credito_financeiro+desmatamento_clima+fundiario+sancao_integridade	3314	
4	credito_financeiro+desmatamento_clima+mineracao_energia+sancao_integridade	3314	
4	credito_financeiro+desmatamento_clima+mobilidade+sancao_integridade	3314	
4	credito_financeiro+desmatamento_clima+mortalidade+sancao_integridade	3314	
4	credito_financeiro+desmatamento_clima+natalidade+sancao_integridade	3314	
4	credito_financeiro+desmatamento_clima+politica+sancao_integridade	3314	
4	credito_financeiro+desmatamento_clima+sancao_integridade+saneamento_agua	3314	
4	credito_financeiro+desmatamento_clima+sancao_integridade+saude_producao	3314	
4	credito_financeiro+desmatamento_clima+sancao_integridade+trabalho_empresa	3314	
4	credito_financeiro+desmatamento_clima+sancao_integridade+transferencia_renda	3314	
4	credito_financeiro+desmatamento_clima+sancao_integridade+vigilancia_sinan	3314	
4	credito_financeiro+educacao+fiscal_municipal+sancao_integridade	3314	
4	credito_financeiro+educacao+fiscalizacao_ambiental+sancao_integridade	3314	
4	credito_financeiro+educacao+fundiario+sancao_integridade	3314	
4	credito_financeiro+educacao+mineracao_energia+sancao_integridade	3314	
4	credito_financeiro+educacao+mobilidade+sancao_integridade	3314	
4	credito_financeiro+educacao+mortalidade+sancao_integridade	3314	
4	credito_financeiro+educacao+natalidade+sancao_integridade	3314	
4	credito_financeiro+educacao+politica+sancao_integridade	3314	
4	credito_financeiro+educacao+sancao_integridade+saneamento_agua	3314	
4	credito_financeiro+educacao+sancao_integridade+saude_producao	3314	
4	credito_financeiro+educacao+sancao_integridade+trabalho_empresa	3314	
4	credito_financeiro+educacao+sancao_integridade+transferencia_renda	3314	
4	credito_financeiro+educacao+sancao_integridade+vigilancia_sinan	3314	
4	credito_financeiro+fiscal_municipal+fiscalizacao_ambiental+sancao_integridade	3314	
4	credito_financeiro+fiscal_municipal+fundiario+sancao_integridade	3314	
4	credito_financeiro+fiscal_municipal+mineracao_energia+sancao_integridade	3314	
4	credito_financeiro+fiscal_municipal+mobilidade+sancao_integridade	3314	
4	credito_financeiro+fiscal_municipal+mortalidade+sancao_integridade	3314	
4	credito_financeiro+fiscal_municipal+natalidade+sancao_integridade	3314	
4	credito_financeiro+fiscal_municipal+politica+sancao_integridade	3314	
4	credito_financeiro+fiscal_municipal+sancao_integridade+saneamento_agua	3314	
4	credito_financeiro+fiscal_municipal+sancao_integridade+saude_producao	3314	
4	credito_financeiro+fiscal_municipal+sancao_integridade+trabalho_empresa	3314	
4	credito_financeiro+fiscal_municipal+sancao_integridade+transferencia_renda	3314	
4	credito_financeiro+fiscal_municipal+sancao_integridade+vigilancia_sinan	3314	
4	credito_financeiro+fiscalizacao_ambiental+fundiario+sancao_integridade	3314	
4	credito_financeiro+fiscalizacao_ambiental+mineracao_energia+sancao_integridade	3314	
4	credito_financeiro+fiscalizacao_ambiental+mobilidade+sancao_integridade	3314	
4	credito_financeiro+fiscalizacao_ambiental+mortalidade+sancao_integridade	3314	
4	credito_financeiro+fiscalizacao_ambiental+natalidade+sancao_integridade	3314	
4	credito_financeiro+fiscalizacao_ambiental+politica+sancao_integridade	3314	
4	credito_financeiro+fiscalizacao_ambiental+sancao_integridade+saneamento_agua	3314	
4	credito_financeiro+fiscalizacao_ambiental+sancao_integridade+saude_producao	3314	
4	credito_financeiro+fiscalizacao_ambiental+sancao_integridade+trabalho_empresa	3314	
4	credito_financeiro+fiscalizacao_ambiental+sancao_integridade+transferencia_renda	3314	
4	credito_financeiro+fiscalizacao_ambiental+sancao_integridade+vigilancia_sinan	3314	
4	credito_financeiro+fundiario+mineracao_energia+sancao_integridade	3314	
4	credito_financeiro+fundiario+mobilidade+sancao_integridade	3314	
4	credito_financeiro+fundiario+mortalidade+sancao_integridade	3314	
4	credito_financeiro+fundiario+natalidade+sancao_integridade	3314	
4	credito_financeiro+fundiario+politica+sancao_integridade	3314	
4	credito_financeiro+fundiario+sancao_integridade+saneamento_agua	3314	
4	credito_financeiro+fundiario+sancao_integridade+saude_producao	3314	
4	credito_financeiro+fundiario+sancao_integridade+trabalho_empresa	3314	
4	credito_financeiro+fundiario+sancao_integridade+transferencia_renda	3314	
4	credito_financeiro+fundiario+sancao_integridade+vigilancia_sinan	3314	
4	credito_financeiro+mineracao_energia+mobilidade+sancao_integridade	3314	
4	credito_financeiro+mineracao_energia+mortalidade+sancao_integridade	3314	
4	credito_financeiro+mineracao_energia+natalidade+sancao_integridade	3314	
4	credito_financeiro+mineracao_energia+politica+sancao_integridade	3314	
4	credito_financeiro+mineracao_energia+sancao_integridade+saneamento_agua	3314	
4	credito_financeiro+mineracao_energia+sancao_integridade+saude_producao	3314	
4	credito_financeiro+mineracao_energia+sancao_integridade+trabalho_empresa	3314	
4	credito_financeiro+mineracao_energia+sancao_integridade+transferencia_renda	3314	
4	credito_financeiro+mineracao_energia+sancao_integridade+vigilancia_sinan	3314	
4	credito_financeiro+mobilidade+mortalidade+sancao_integridade	3314	
4	credito_financeiro+mobilidade+natalidade+sancao_integridade	3314	
4	credito_financeiro+mobilidade+politica+sancao_integridade	3314	
4	credito_financeiro+mobilidade+sancao_integridade+saneamento_agua	3314	
4	credito_financeiro+mobilidade+sancao_integridade+saude_producao	3314	
4	credito_financeiro+mobilidade+sancao_integridade+trabalho_empresa	3314	
4	credito_financeiro+mobilidade+sancao_integridade+transferencia_renda	3314	
4	credito_financeiro+mobilidade+sancao_integridade+vigilancia_sinan	3314	
4	credito_financeiro+mortalidade+natalidade+sancao_integridade	3314	
4	credito_financeiro+mortalidade+politica+sancao_integridade	3314	
4	credito_financeiro+mortalidade+sancao_integridade+saneamento_agua	3314	
4	credito_financeiro+mortalidade+sancao_integridade+saude_producao	3314	
4	credito_financeiro+mortalidade+sancao_integridade+trabalho_empresa	3314	
4	credito_financeiro+mortalidade+sancao_integridade+transferencia_renda	3314	
4	credito_financeiro+mortalidade+sancao_integridade+vigilancia_sinan	3314	
4	credito_financeiro+natalidade+politica+sancao_integridade	3314	
4	credito_financeiro+natalidade+sancao_integridade+saneamento_agua	3314	
4	credito_financeiro+natalidade+sancao_integridade+saude_producao	3314	
4	credito_financeiro+natalidade+sancao_integridade+trabalho_empresa	3314	
4	credito_financeiro+natalidade+sancao_integridade+transferencia_renda	3314	
4	credito_financeiro+natalidade+sancao_integridade+vigilancia_sinan	3314	
4	credito_financeiro+politica+sancao_integridade+saneamento_agua	3314	
4	credito_financeiro+politica+sancao_integridade+saude_producao	3314	
4	credito_financeiro+politica+sancao_integridade+trabalho_empresa	3314	
4	credito_financeiro+politica+sancao_integridade+transferencia_renda	3314	
4	credito_financeiro+politica+sancao_integridade+vigilancia_sinan	3314	
4	credito_financeiro+sancao_integridade+saneamento_agua+saude_producao	3314	
4	credito_financeiro+sancao_integridade+saneamento_agua+trabalho_empresa	3314	
4	credito_financeiro+sancao_integridade+saneamento_agua+transferencia_renda	3314	
4	credito_financeiro+sancao_integridade+saneamento_agua+vigilancia_sinan	3314	
4	credito_financeiro+sancao_integridade+saude_producao+trabalho_empresa	3314	
4	credito_financeiro+sancao_integridade+saude_producao+transferencia_renda	3314	
4	credito_financeiro+sancao_integridade+saude_producao+vigilancia_sinan	3314	
4	credito_financeiro+sancao_integridade+trabalho_empresa+transferencia_renda	3314	
4	credito_financeiro+sancao_integridade+trabalho_empresa+vigilancia_sinan	3314	
4	credito_financeiro+sancao_integridade+transferencia_renda+vigilancia_sinan	3314	
4	demografia_censo+desmatamento_clima+educacao+sancao_integridade	3314	
4	demografia_censo+desmatamento_clima+fiscal_municipal+sancao_integridade	3314	
4	demografia_censo+desmatamento_clima+fiscalizacao_ambiental+sancao_integridade	3314	
4	demografia_censo+desmatamento_clima+fundiario+sancao_integridade	3314	
4	demografia_censo+desmatamento_clima+mineracao_energia+sancao_integridade	3314	
4	demografia_censo+desmatamento_clima+mobilidade+sancao_integridade	3314	
4	demografia_censo+desmatamento_clima+mortalidade+sancao_integridade	3314	
4	demografia_censo+desmatamento_clima+natalidade+sancao_integridade	3314	
4	demografia_censo+desmatamento_clima+politica+sancao_integridade	3314	
4	demografia_censo+desmatamento_clima+sancao_integridade+saneamento_agua	3314	
4	demografia_censo+desmatamento_clima+sancao_integridade+saude_producao	3314	
4	demografia_censo+desmatamento_clima+sancao_integridade+trabalho_empresa	3314	
4	demografia_censo+desmatamento_clima+sancao_integridade+transferencia_renda	3314	
4	demografia_censo+desmatamento_clima+sancao_integridade+vigilancia_sinan	3314	
4	demografia_censo+educacao+fiscal_municipal+sancao_integridade	3314	H?
4	demografia_censo+educacao+fiscalizacao_ambiental+sancao_integridade	3314	
4	demografia_censo+educacao+fundiario+sancao_integridade	3314	
4	demografia_censo+educacao+mineracao_energia+sancao_integridade	3314	
4	demografia_censo+educacao+mobilidade+sancao_integridade	3314	
4	demografia_censo+educacao+mortalidade+sancao_integridade	3314	
4	demografia_censo+educacao+natalidade+sancao_integridade	3314	
4	demografia_censo+educacao+politica+sancao_integridade	3314	
4	demografia_censo+educacao+sancao_integridade+saneamento_agua	3314	
4	demografia_censo+educacao+sancao_integridade+saude_producao	3314	
4	demografia_censo+educacao+sancao_integridade+trabalho_empresa	3314	H?
4	demografia_censo+educacao+sancao_integridade+transferencia_renda	3314	H?
4	demografia_censo+educacao+sancao_integridade+vigilancia_sinan	3314	
4	demografia_censo+fiscal_municipal+fiscalizacao_ambiental+sancao_integridade	3314	
4	demografia_censo+fiscal_municipal+fundiario+sancao_integridade	3314	
4	demografia_censo+fiscal_municipal+mineracao_energia+sancao_integridade	3314	
4	demografia_censo+fiscal_municipal+mobilidade+sancao_integridade	3314	
4	demografia_censo+fiscal_municipal+mortalidade+sancao_integridade	3314	
4	demografia_censo+fiscal_municipal+natalidade+sancao_integridade	3314	
4	demografia_censo+fiscal_municipal+politica+sancao_integridade	3314	
4	demografia_censo+fiscal_municipal+sancao_integridade+saneamento_agua	3314	
4	demografia_censo+fiscal_municipal+sancao_integridade+saude_producao	3314	
4	demografia_censo+fiscal_municipal+sancao_integridade+trabalho_empresa	3314	
4	demografia_censo+fiscal_municipal+sancao_integridade+transferencia_renda	3314	
4	demografia_censo+fiscal_municipal+sancao_integridade+vigilancia_sinan	3314	
4	demografia_censo+fiscalizacao_ambiental+fundiario+sancao_integridade	3314	
4	demografia_censo+fiscalizacao_ambiental+mineracao_energia+sancao_integridade	3314	
4	demografia_censo+fiscalizacao_ambiental+mobilidade+sancao_integridade	3314	
4	demografia_censo+fiscalizacao_ambiental+mortalidade+sancao_integridade	3314	
4	demografia_censo+fiscalizacao_ambiental+natalidade+sancao_integridade	3314	
4	demografia_censo+fiscalizacao_ambiental+politica+sancao_integridade	3314	
4	demografia_censo+fiscalizacao_ambiental+sancao_integridade+saneamento_agua	3314	
4	demografia_censo+fiscalizacao_ambiental+sancao_integridade+saude_producao	3314	
4	demografia_censo+fiscalizacao_ambiental+sancao_integridade+trabalho_empresa	3314	
4	demografia_censo+fiscalizacao_ambiental+sancao_integridade+transferencia_renda	3314	
4	demografia_censo+fiscalizacao_ambiental+sancao_integridade+vigilancia_sinan	3314	
4	demografia_censo+fundiario+mineracao_energia+sancao_integridade	3314	
4	demografia_censo+fundiario+mobilidade+sancao_integridade	3314	
4	demografia_censo+fundiario+mortalidade+sancao_integridade	3314	
4	demografia_censo+fundiario+natalidade+sancao_integridade	3314	
4	demografia_censo+fundiario+politica+sancao_integridade	3314	
4	demografia_censo+fundiario+sancao_integridade+saneamento_agua	3314	
4	demografia_censo+fundiario+sancao_integridade+saude_producao	3314	
4	demografia_censo+fundiario+sancao_integridade+trabalho_empresa	3314	
4	demografia_censo+fundiario+sancao_integridade+transferencia_renda	3314	
4	demografia_censo+fundiario+sancao_integridade+vigilancia_sinan	3314	
4	demografia_censo+mineracao_energia+mobilidade+sancao_integridade	3314	
4	demografia_censo+mineracao_energia+mortalidade+sancao_integridade	3314	
4	demografia_censo+mineracao_energia+natalidade+sancao_integridade	3314	
4	demografia_censo+mineracao_energia+politica+sancao_integridade	3314	
4	demografia_censo+mineracao_energia+sancao_integridade+saneamento_agua	3314	
4	demografia_censo+mineracao_energia+sancao_integridade+saude_producao	3314	
4	demografia_censo+mineracao_energia+sancao_integridade+trabalho_empresa	3314	
4	demografia_censo+mineracao_energia+sancao_integridade+transferencia_renda	3314	
4	demografia_censo+mineracao_energia+sancao_integridade+vigilancia_sinan	3314	
4	demografia_censo+mobilidade+mortalidade+sancao_integridade	3314	
4	demografia_censo+mobilidade+natalidade+sancao_integridade	3314	
4	demografia_censo+mobilidade+politica+sancao_integridade	3314	
4	demografia_censo+mobilidade+sancao_integridade+saneamento_agua	3314	
4	demografia_censo+mobilidade+sancao_integridade+saude_producao	3314	
4	demografia_censo+mobilidade+sancao_integridade+trabalho_empresa	3314	
4	demografia_censo+mobilidade+sancao_integridade+transferencia_renda	3314	
4	demografia_censo+mobilidade+sancao_integridade+vigilancia_sinan	3314	
4	demografia_censo+mortalidade+natalidade+sancao_integridade	3314	
4	demografia_censo+mortalidade+politica+sancao_integridade	3314	
4	demografia_censo+mortalidade+sancao_integridade+saneamento_agua	3314	
4	demografia_censo+mortalidade+sancao_integridade+saude_producao	3314	
4	demografia_censo+mortalidade+sancao_integridade+trabalho_empresa	3314	
4	demografia_censo+mortalidade+sancao_integridade+transferencia_renda	3314	
4	demografia_censo+mortalidade+sancao_integridade+vigilancia_sinan	3314	
4	demografia_censo+natalidade+politica+sancao_integridade	3314	
4	demografia_censo+natalidade+sancao_integridade+saneamento_agua	3314	
4	demografia_censo+natalidade+sancao_integridade+saude_producao	3314	
4	demografia_censo+natalidade+sancao_integridade+trabalho_empresa	3314	
4	demografia_censo+natalidade+sancao_integridade+transferencia_renda	3314	
4	demografia_censo+natalidade+sancao_integridade+vigilancia_sinan	3314	
4	demografia_censo+politica+sancao_integridade+saneamento_agua	3314	
4	demografia_censo+politica+sancao_integridade+saude_producao	3314	
4	demografia_censo+politica+sancao_integridade+trabalho_empresa	3314	
4	demografia_censo+politica+sancao_integridade+transferencia_renda	3314	
4	demografia_censo+politica+sancao_integridade+vigilancia_sinan	3314	
4	demografia_censo+sancao_integridade+saneamento_agua+saude_producao	3314	
4	demografia_censo+sancao_integridade+saneamento_agua+trabalho_empresa	3314	
4	demografia_censo+sancao_integridade+saneamento_agua+transferencia_renda	3314	
4	demografia_censo+sancao_integridade+saneamento_agua+vigilancia_sinan	3314	
4	demografia_censo+sancao_integridade+saude_producao+trabalho_empresa	3314	
4	demografia_censo+sancao_integridade+saude_producao+transferencia_renda	3314	
4	demografia_censo+sancao_integridade+saude_producao+vigilancia_sinan	3314	
4	demografia_censo+sancao_integridade+trabalho_empresa+transferencia_renda	3314	H?
4	demografia_censo+sancao_integridade+trabalho_empresa+vigilancia_sinan	3314	
4	demografia_censo+sancao_integridade+transferencia_renda+vigilancia_sinan	3314	
4	desmatamento_clima+educacao+fiscal_municipal+sancao_integridade	3314	
4	desmatamento_clima+educacao+fiscalizacao_ambiental+sancao_integridade	3314	
4	desmatamento_clima+educacao+fundiario+sancao_integridade	3314	
4	desmatamento_clima+educacao+mineracao_energia+sancao_integridade	3314	
4	desmatamento_clima+educacao+mobilidade+sancao_integridade	3314	
4	desmatamento_clima+educacao+mortalidade+sancao_integridade	3314	
4	desmatamento_clima+educacao+natalidade+sancao_integridade	3314	
4	desmatamento_clima+educacao+politica+sancao_integridade	3314	
4	desmatamento_clima+educacao+sancao_integridade+saneamento_agua	3314	
4	desmatamento_clima+educacao+sancao_integridade+saude_producao	3314	
4	desmatamento_clima+educacao+sancao_integridade+trabalho_empresa	3314	
4	desmatamento_clima+educacao+sancao_integridade+transferencia_renda	3314	
4	desmatamento_clima+educacao+sancao_integridade+vigilancia_sinan	3314	
4	desmatamento_clima+fiscal_municipal+fiscalizacao_ambiental+sancao_integridade	3314	
4	desmatamento_clima+fiscal_municipal+fundiario+sancao_integridade	3314	
4	desmatamento_clima+fiscal_municipal+mineracao_energia+sancao_integridade	3314	
4	desmatamento_clima+fiscal_municipal+mobilidade+sancao_integridade	3314	
4	desmatamento_clima+fiscal_municipal+mortalidade+sancao_integridade	3314	
4	desmatamento_clima+fiscal_municipal+natalidade+sancao_integridade	3314	
4	desmatamento_clima+fiscal_municipal+politica+sancao_integridade	3314	
4	desmatamento_clima+fiscal_municipal+sancao_integridade+saneamento_agua	3314	
4	desmatamento_clima+fiscal_municipal+sancao_integridade+saude_producao	3314	
4	desmatamento_clima+fiscal_municipal+sancao_integridade+trabalho_empresa	3314	
4	desmatamento_clima+fiscal_municipal+sancao_integridade+transferencia_renda	3314	
4	desmatamento_clima+fiscal_municipal+sancao_integridade+vigilancia_sinan	3314	
4	desmatamento_clima+fiscalizacao_ambiental+fundiario+sancao_integridade	3314	
4	desmatamento_clima+fiscalizacao_ambiental+mineracao_energia+sancao_integridade	3314	P63-2
4	desmatamento_clima+fiscalizacao_ambiental+mobilidade+sancao_integridade	3314	
4	desmatamento_clima+fiscalizacao_ambiental+mortalidade+sancao_integridade	3314	
4	desmatamento_clima+fiscalizacao_ambiental+natalidade+sancao_integridade	3314	
4	desmatamento_clima+fiscalizacao_ambiental+politica+sancao_integridade	3314	
4	desmatamento_clima+fiscalizacao_ambiental+sancao_integridade+saneamento_agua	3314	
4	desmatamento_clima+fiscalizacao_ambiental+sancao_integridade+saude_producao	3314	
4	desmatamento_clima+fiscalizacao_ambiental+sancao_integridade+trabalho_empresa	3314	
4	desmatamento_clima+fiscalizacao_ambiental+sancao_integridade+transferencia_renda	3314	
4	desmatamento_clima+fiscalizacao_ambiental+sancao_integridade+vigilancia_sinan	3314	
4	desmatamento_clima+fundiario+mineracao_energia+sancao_integridade	3314	
4	desmatamento_clima+fundiario+mobilidade+sancao_integridade	3314	
4	desmatamento_clima+fundiario+mortalidade+sancao_integridade	3314	
4	desmatamento_clima+fundiario+natalidade+sancao_integridade	3314	
4	desmatamento_clima+fundiario+politica+sancao_integridade	3314	
4	desmatamento_clima+fundiario+sancao_integridade+saneamento_agua	3314	
4	desmatamento_clima+fundiario+sancao_integridade+saude_producao	3314	
4	desmatamento_clima+fundiario+sancao_integridade+trabalho_empresa	3314	
4	desmatamento_clima+fundiario+sancao_integridade+transferencia_renda	3314	
4	desmatamento_clima+fundiario+sancao_integridade+vigilancia_sinan	3314	
4	desmatamento_clima+mineracao_energia+mobilidade+sancao_integridade	3314	
4	desmatamento_clima+mineracao_energia+mortalidade+sancao_integridade	3314	
4	desmatamento_clima+mineracao_energia+natalidade+sancao_integridade	3314	
4	desmatamento_clima+mineracao_energia+politica+sancao_integridade	3314	
4	desmatamento_clima+mineracao_energia+sancao_integridade+saneamento_agua	3314	
4	desmatamento_clima+mineracao_energia+sancao_integridade+saude_producao	3314	
4	desmatamento_clima+mineracao_energia+sancao_integridade+trabalho_empresa	3314	
4	desmatamento_clima+mineracao_energia+sancao_integridade+transferencia_renda	3314	
4	desmatamento_clima+mineracao_energia+sancao_integridade+vigilancia_sinan	3314	
4	desmatamento_clima+mobilidade+mortalidade+sancao_integridade	3314	
4	desmatamento_clima+mobilidade+natalidade+sancao_integridade	3314	
4	desmatamento_clima+mobilidade+politica+sancao_integridade	3314	
4	desmatamento_clima+mobilidade+sancao_integridade+saneamento_agua	3314	
4	desmatamento_clima+mobilidade+sancao_integridade+saude_producao	3314	
4	desmatamento_clima+mobilidade+sancao_integridade+trabalho_empresa	3314	
4	desmatamento_clima+mobilidade+sancao_integridade+transferencia_renda	3314	
4	desmatamento_clima+mobilidade+sancao_integridade+vigilancia_sinan	3314	
4	desmatamento_clima+mortalidade+natalidade+sancao_integridade	3314	
4	desmatamento_clima+mortalidade+politica+sancao_integridade	3314	
4	desmatamento_clima+mortalidade+sancao_integridade+saneamento_agua	3314	
4	desmatamento_clima+mortalidade+sancao_integridade+saude_producao	3314	
4	desmatamento_clima+mortalidade+sancao_integridade+trabalho_empresa	3314	
4	desmatamento_clima+mortalidade+sancao_integridade+transferencia_renda	3314	
4	desmatamento_clima+mortalidade+sancao_integridade+vigilancia_sinan	3314	
4	desmatamento_clima+natalidade+politica+sancao_integridade	3314	
4	desmatamento_clima+natalidade+sancao_integridade+saneamento_agua	3314	
4	desmatamento_clima+natalidade+sancao_integridade+saude_producao	3314	
4	desmatamento_clima+natalidade+sancao_integridade+trabalho_empresa	3314	
4	desmatamento_clima+natalidade+sancao_integridade+transferencia_renda	3314	
4	desmatamento_clima+natalidade+sancao_integridade+vigilancia_sinan	3314	
4	desmatamento_clima+politica+sancao_integridade+saneamento_agua	3314	
4	desmatamento_clima+politica+sancao_integridade+saude_producao	3314	
4	desmatamento_clima+politica+sancao_integridade+trabalho_empresa	3314	
4	desmatamento_clima+politica+sancao_integridade+transferencia_renda	3314	
4	desmatamento_clima+politica+sancao_integridade+vigilancia_sinan	3314	
4	desmatamento_clima+sancao_integridade+saneamento_agua+saude_producao	3314	
4	desmatamento_clima+sancao_integridade+saneamento_agua+trabalho_empresa	3314	
4	desmatamento_clima+sancao_integridade+saneamento_agua+transferencia_renda	3314	
4	desmatamento_clima+sancao_integridade+saneamento_agua+vigilancia_sinan	3314	
4	desmatamento_clima+sancao_integridade+saude_producao+trabalho_empresa	3314	
4	desmatamento_clima+sancao_integridade+saude_producao+transferencia_renda	3314	
4	desmatamento_clima+sancao_integridade+saude_producao+vigilancia_sinan	3314	
4	desmatamento_clima+sancao_integridade+trabalho_empresa+transferencia_renda	3314	
4	desmatamento_clima+sancao_integridade+trabalho_empresa+vigilancia_sinan	3314	
4	desmatamento_clima+sancao_integridade+transferencia_renda+vigilancia_sinan	3314	
4	educacao+fiscal_municipal+fiscalizacao_ambiental+sancao_integridade	3314	
4	educacao+fiscal_municipal+fundiario+sancao_integridade	3314	
4	educacao+fiscal_municipal+mineracao_energia+sancao_integridade	3314	
4	educacao+fiscal_municipal+mobilidade+sancao_integridade	3314	
4	educacao+fiscal_municipal+mortalidade+sancao_integridade	3314	
4	educacao+fiscal_municipal+natalidade+sancao_integridade	3314	
4	educacao+fiscal_municipal+politica+sancao_integridade	3314	
4	educacao+fiscal_municipal+sancao_integridade+saneamento_agua	3314	
4	educacao+fiscal_municipal+sancao_integridade+saude_producao	3314	
4	educacao+fiscal_municipal+sancao_integridade+trabalho_empresa	3314	
4	educacao+fiscal_municipal+sancao_integridade+transferencia_renda	3314	
4	educacao+fiscal_municipal+sancao_integridade+vigilancia_sinan	3314	
4	educacao+fiscalizacao_ambiental+fundiario+sancao_integridade	3314	
4	educacao+fiscalizacao_ambiental+mineracao_energia+sancao_integridade	3314	
4	educacao+fiscalizacao_ambiental+mobilidade+sancao_integridade	3314	
4	educacao+fiscalizacao_ambiental+mortalidade+sancao_integridade	3314	
4	educacao+fiscalizacao_ambiental+natalidade+sancao_integridade	3314	
4	educacao+fiscalizacao_ambiental+politica+sancao_integridade	3314	
4	educacao+fiscalizacao_ambiental+sancao_integridade+saneamento_agua	3314	
4	educacao+fiscalizacao_ambiental+sancao_integridade+saude_producao	3314	
4	educacao+fiscalizacao_ambiental+sancao_integridade+trabalho_empresa	3314	
4	educacao+fiscalizacao_ambiental+sancao_integridade+transferencia_renda	3314	
4	educacao+fiscalizacao_ambiental+sancao_integridade+vigilancia_sinan	3314	
4	educacao+fundiario+mineracao_energia+sancao_integridade	3314	
4	educacao+fundiario+mobilidade+sancao_integridade	3314	
4	educacao+fundiario+mortalidade+sancao_integridade	3314	
4	educacao+fundiario+natalidade+sancao_integridade	3314	
4	educacao+fundiario+politica+sancao_integridade	3314	
4	educacao+fundiario+sancao_integridade+saneamento_agua	3314	
4	educacao+fundiario+sancao_integridade+saude_producao	3314	
4	educacao+fundiario+sancao_integridade+trabalho_empresa	3314	
4	educacao+fundiario+sancao_integridade+transferencia_renda	3314	
4	educacao+fundiario+sancao_integridade+vigilancia_sinan	3314	
4	educacao+mineracao_energia+mobilidade+sancao_integridade	3314	
4	educacao+mineracao_energia+mortalidade+sancao_integridade	3314	
4	educacao+mineracao_energia+natalidade+sancao_integridade	3314	
4	educacao+mineracao_energia+politica+sancao_integridade	3314	
4	educacao+mineracao_energia+sancao_integridade+saneamento_agua	3314	
4	educacao+mineracao_energia+sancao_integridade+saude_producao	3314	
4	educacao+mineracao_energia+sancao_integridade+trabalho_empresa	3314	
4	educacao+mineracao_energia+sancao_integridade+transferencia_renda	3314	
4	educacao+mineracao_energia+sancao_integridade+vigilancia_sinan	3314	
4	educacao+mobilidade+mortalidade+sancao_integridade	3314	
4	educacao+mobilidade+natalidade+sancao_integridade	3314	
4	educacao+mobilidade+politica+sancao_integridade	3314	
4	educacao+mobilidade+sancao_integridade+saneamento_agua	3314	
4	educacao+mobilidade+sancao_integridade+saude_producao	3314	
4	educacao+mobilidade+sancao_integridade+trabalho_empresa	3314	
4	educacao+mobilidade+sancao_integridade+transferencia_renda	3314	
4	educacao+mobilidade+sancao_integridade+vigilancia_sinan	3314	
4	educacao+mortalidade+natalidade+sancao_integridade	3314	
4	educacao+mortalidade+politica+sancao_integridade	3314	
4	educacao+mortalidade+sancao_integridade+saneamento_agua	3314	
4	educacao+mortalidade+sancao_integridade+saude_producao	3314	
4	educacao+mortalidade+sancao_integridade+trabalho_empresa	3314	
4	educacao+mortalidade+sancao_integridade+transferencia_renda	3314	
4	educacao+mortalidade+sancao_integridade+vigilancia_sinan	3314	
4	educacao+natalidade+politica+sancao_integridade	3314	
4	educacao+natalidade+sancao_integridade+saneamento_agua	3314	
4	educacao+natalidade+sancao_integridade+saude_producao	3314	
4	educacao+natalidade+sancao_integridade+trabalho_empresa	3314	
4	educacao+natalidade+sancao_integridade+transferencia_renda	3314	
4	educacao+natalidade+sancao_integridade+vigilancia_sinan	3314	
4	educacao+politica+sancao_integridade+saneamento_agua	3314	
4	educacao+politica+sancao_integridade+saude_producao	3314	
4	educacao+politica+sancao_integridade+trabalho_empresa	3314	
4	educacao+politica+sancao_integridade+transferencia_renda	3314	
4	educacao+politica+sancao_integridade+vigilancia_sinan	3314	
4	educacao+sancao_integridade+saneamento_agua+saude_producao	3314	
4	educacao+sancao_integridade+saneamento_agua+trabalho_empresa	3314	
4	educacao+sancao_integridade+saneamento_agua+transferencia_renda	3314	
4	educacao+sancao_integridade+saneamento_agua+vigilancia_sinan	3314	
4	educacao+sancao_integridade+saude_producao+trabalho_empresa	3314	
4	educacao+sancao_integridade+saude_producao+transferencia_renda	3314	
4	educacao+sancao_integridade+saude_producao+vigilancia_sinan	3314	
4	educacao+sancao_integridade+trabalho_empresa+transferencia_renda	3314	H?
4	educacao+sancao_integridade+trabalho_empresa+vigilancia_sinan	3314	
4	educacao+sancao_integridade+transferencia_renda+vigilancia_sinan	3314	
4	fiscal_municipal+fiscalizacao_ambiental+fundiario+sancao_integridade	3314	
4	fiscal_municipal+fiscalizacao_ambiental+mineracao_energia+sancao_integridade	3314	
4	fiscal_municipal+fiscalizacao_ambiental+mobilidade+sancao_integridade	3314	
4	fiscal_municipal+fiscalizacao_ambiental+mortalidade+sancao_integridade	3314	
4	fiscal_municipal+fiscalizacao_ambiental+natalidade+sancao_integridade	3314	
4	fiscal_municipal+fiscalizacao_ambiental+politica+sancao_integridade	3314	
4	fiscal_municipal+fiscalizacao_ambiental+sancao_integridade+saneamento_agua	3314	
4	fiscal_municipal+fiscalizacao_ambiental+sancao_integridade+saude_producao	3314	
4	fiscal_municipal+fiscalizacao_ambiental+sancao_integridade+trabalho_empresa	3314	
4	fiscal_municipal+fiscalizacao_ambiental+sancao_integridade+transferencia_renda	3314	
4	fiscal_municipal+fiscalizacao_ambiental+sancao_integridade+vigilancia_sinan	3314	
4	fiscal_municipal+fundiario+mineracao_energia+sancao_integridade	3314	
4	fiscal_municipal+fundiario+mobilidade+sancao_integridade	3314	
4	fiscal_municipal+fundiario+mortalidade+sancao_integridade	3314	
4	fiscal_municipal+fundiario+natalidade+sancao_integridade	3314	
4	fiscal_municipal+fundiario+politica+sancao_integridade	3314	
4	fiscal_municipal+fundiario+sancao_integridade+saneamento_agua	3314	
4	fiscal_municipal+fundiario+sancao_integridade+saude_producao	3314	
4	fiscal_municipal+fundiario+sancao_integridade+trabalho_empresa	3314	
4	fiscal_municipal+fundiario+sancao_integridade+transferencia_renda	3314	
4	fiscal_municipal+fundiario+sancao_integridade+vigilancia_sinan	3314	
4	fiscal_municipal+mineracao_energia+mobilidade+sancao_integridade	3314	
4	fiscal_municipal+mineracao_energia+mortalidade+sancao_integridade	3314	
4	fiscal_municipal+mineracao_energia+natalidade+sancao_integridade	3314	
4	fiscal_municipal+mineracao_energia+politica+sancao_integridade	3314	
4	fiscal_municipal+mineracao_energia+sancao_integridade+saneamento_agua	3314	
4	fiscal_municipal+mineracao_energia+sancao_integridade+saude_producao	3314	
4	fiscal_municipal+mineracao_energia+sancao_integridade+trabalho_empresa	3314	
4	fiscal_municipal+mineracao_energia+sancao_integridade+transferencia_renda	3314	
4	fiscal_municipal+mineracao_energia+sancao_integridade+vigilancia_sinan	3314	
4	fiscal_municipal+mobilidade+mortalidade+sancao_integridade	3314	
4	fiscal_municipal+mobilidade+natalidade+sancao_integridade	3314	
4	fiscal_municipal+mobilidade+politica+sancao_integridade	3314	
4	fiscal_municipal+mobilidade+sancao_integridade+saneamento_agua	3314	
4	fiscal_municipal+mobilidade+sancao_integridade+saude_producao	3314	
4	fiscal_municipal+mobilidade+sancao_integridade+trabalho_empresa	3314	
4	fiscal_municipal+mobilidade+sancao_integridade+transferencia_renda	3314	
4	fiscal_municipal+mobilidade+sancao_integridade+vigilancia_sinan	3314	
4	fiscal_municipal+mortalidade+natalidade+sancao_integridade	3314	
4	fiscal_municipal+mortalidade+politica+sancao_integridade	3314	
4	fiscal_municipal+mortalidade+sancao_integridade+saneamento_agua	3314	
4	fiscal_municipal+mortalidade+sancao_integridade+saude_producao	3314	
4	fiscal_municipal+mortalidade+sancao_integridade+trabalho_empresa	3314	
4	fiscal_municipal+mortalidade+sancao_integridade+transferencia_renda	3314	
4	fiscal_municipal+mortalidade+sancao_integridade+vigilancia_sinan	3314	
4	fiscal_municipal+natalidade+politica+sancao_integridade	3314	
4	fiscal_municipal+natalidade+sancao_integridade+saneamento_agua	3314	
4	fiscal_municipal+natalidade+sancao_integridade+saude_producao	3314	
4	fiscal_municipal+natalidade+sancao_integridade+trabalho_empresa	3314	
4	fiscal_municipal+natalidade+sancao_integridade+transferencia_renda	3314	
4	fiscal_municipal+natalidade+sancao_integridade+vigilancia_sinan	3314	
4	fiscal_municipal+politica+sancao_integridade+saneamento_agua	3314	
4	fiscal_municipal+politica+sancao_integridade+saude_producao	3314	
4	fiscal_municipal+politica+sancao_integridade+trabalho_empresa	3314	
4	fiscal_municipal+politica+sancao_integridade+transferencia_renda	3314	
4	fiscal_municipal+politica+sancao_integridade+vigilancia_sinan	3314	
4	fiscal_municipal+sancao_integridade+saneamento_agua+saude_producao	3314	
4	fiscal_municipal+sancao_integridade+saneamento_agua+trabalho_empresa	3314	
4	fiscal_municipal+sancao_integridade+saneamento_agua+transferencia_renda	3314	
4	fiscal_municipal+sancao_integridade+saneamento_agua+vigilancia_sinan	3314	
4	fiscal_municipal+sancao_integridade+saude_producao+trabalho_empresa	3314	
4	fiscal_municipal+sancao_integridade+saude_producao+transferencia_renda	3314	
4	fiscal_municipal+sancao_integridade+saude_producao+vigilancia_sinan	3314	
4	fiscal_municipal+sancao_integridade+trabalho_empresa+transferencia_renda	3314	
4	fiscal_municipal+sancao_integridade+trabalho_empresa+vigilancia_sinan	3314	
4	fiscal_municipal+sancao_integridade+transferencia_renda+vigilancia_sinan	3314	
4	fiscalizacao_ambiental+fundiario+mineracao_energia+sancao_integridade	3314	
4	fiscalizacao_ambiental+fundiario+mobilidade+sancao_integridade	3314	
4	fiscalizacao_ambiental+fundiario+mortalidade+sancao_integridade	3314	
4	fiscalizacao_ambiental+fundiario+natalidade+sancao_integridade	3314	
4	fiscalizacao_ambiental+fundiario+politica+sancao_integridade	3314	
4	fiscalizacao_ambiental+fundiario+sancao_integridade+saneamento_agua	3314	
4	fiscalizacao_ambiental+fundiario+sancao_integridade+saude_producao	3314	
4	fiscalizacao_ambiental+fundiario+sancao_integridade+trabalho_empresa	3314	
4	fiscalizacao_ambiental+fundiario+sancao_integridade+transferencia_renda	3314	
4	fiscalizacao_ambiental+fundiario+sancao_integridade+vigilancia_sinan	3314	
4	fiscalizacao_ambiental+mineracao_energia+mobilidade+sancao_integridade	3314	
4	fiscalizacao_ambiental+mineracao_energia+mortalidade+sancao_integridade	3314	
4	fiscalizacao_ambiental+mineracao_energia+natalidade+sancao_integridade	3314	
4	fiscalizacao_ambiental+mineracao_energia+politica+sancao_integridade	3314	
4	fiscalizacao_ambiental+mineracao_energia+sancao_integridade+saneamento_agua	3314	
4	fiscalizacao_ambiental+mineracao_energia+sancao_integridade+saude_producao	3314	
4	fiscalizacao_ambiental+mineracao_energia+sancao_integridade+trabalho_empresa	3314	
4	fiscalizacao_ambiental+mineracao_energia+sancao_integridade+transferencia_renda	3314	
4	fiscalizacao_ambiental+mineracao_energia+sancao_integridade+vigilancia_sinan	3314	
4	fiscalizacao_ambiental+mobilidade+mortalidade+sancao_integridade	3314	
4	fiscalizacao_ambiental+mobilidade+natalidade+sancao_integridade	3314	
4	fiscalizacao_ambiental+mobilidade+politica+sancao_integridade	3314	
4	fiscalizacao_ambiental+mobilidade+sancao_integridade+saneamento_agua	3314	
4	fiscalizacao_ambiental+mobilidade+sancao_integridade+saude_producao	3314	
4	fiscalizacao_ambiental+mobilidade+sancao_integridade+trabalho_empresa	3314	
4	fiscalizacao_ambiental+mobilidade+sancao_integridade+transferencia_renda	3314	
4	fiscalizacao_ambiental+mobilidade+sancao_integridade+vigilancia_sinan	3314	
4	fiscalizacao_ambiental+mortalidade+natalidade+sancao_integridade	3314	
4	fiscalizacao_ambiental+mortalidade+politica+sancao_integridade	3314	
4	fiscalizacao_ambiental+mortalidade+sancao_integridade+saneamento_agua	3314	
4	fiscalizacao_ambiental+mortalidade+sancao_integridade+saude_producao	3314	
4	fiscalizacao_ambiental+mortalidade+sancao_integridade+trabalho_empresa	3314	
4	fiscalizacao_ambiental+mortalidade+sancao_integridade+transferencia_renda	3314	
4	fiscalizacao_ambiental+mortalidade+sancao_integridade+vigilancia_sinan	3314	
4	fiscalizacao_ambiental+natalidade+politica+sancao_integridade	3314	
4	fiscalizacao_ambiental+natalidade+sancao_integridade+saneamento_agua	3314	
4	fiscalizacao_ambiental+natalidade+sancao_integridade+saude_producao	3314	
4	fiscalizacao_ambiental+natalidade+sancao_integridade+trabalho_empresa	3314	
4	fiscalizacao_ambiental+natalidade+sancao_integridade+transferencia_renda	3314	
4	fiscalizacao_ambiental+natalidade+sancao_integridade+vigilancia_sinan	3314	
4	fiscalizacao_ambiental+politica+sancao_integridade+saneamento_agua	3314	
4	fiscalizacao_ambiental+politica+sancao_integridade+saude_producao	3314	
4	fiscalizacao_ambiental+politica+sancao_integridade+trabalho_empresa	3314	
4	fiscalizacao_ambiental+politica+sancao_integridade+transferencia_renda	3314	
4	fiscalizacao_ambiental+politica+sancao_integridade+vigilancia_sinan	3314	
4	fiscalizacao_ambiental+sancao_integridade+saneamento_agua+saude_producao	3314	
4	fiscalizacao_ambiental+sancao_integridade+saneamento_agua+trabalho_empresa	3314	
4	fiscalizacao_ambiental+sancao_integridade+saneamento_agua+transferencia_renda	3314	
4	fiscalizacao_ambiental+sancao_integridade+saneamento_agua+vigilancia_sinan	3314	
4	fiscalizacao_ambiental+sancao_integridade+saude_producao+trabalho_empresa	3314	
4	fiscalizacao_ambiental+sancao_integridade+saude_producao+transferencia_renda	3314	
4	fiscalizacao_ambiental+sancao_integridade+saude_producao+vigilancia_sinan	3314	
4	fiscalizacao_ambiental+sancao_integridade+trabalho_empresa+transferencia_renda	3314	
4	fiscalizacao_ambiental+sancao_integridade+trabalho_empresa+vigilancia_sinan	3314	
4	fiscalizacao_ambiental+sancao_integridade+transferencia_renda+vigilancia_sinan	3314	
4	fundiario+mineracao_energia+mobilidade+sancao_integridade	3314	
4	fundiario+mineracao_energia+mortalidade+sancao_integridade	3314	
4	fundiario+mineracao_energia+natalidade+sancao_integridade	3314	
4	fundiario+mineracao_energia+politica+sancao_integridade	3314	
4	fundiario+mineracao_energia+sancao_integridade+saneamento_agua	3314	
4	fundiario+mineracao_energia+sancao_integridade+saude_producao	3314	
4	fundiario+mineracao_energia+sancao_integridade+trabalho_empresa	3314	
4	fundiario+mineracao_energia+sancao_integridade+transferencia_renda	3314	
4	fundiario+mineracao_energia+sancao_integridade+vigilancia_sinan	3314	
4	fundiario+mobilidade+mortalidade+sancao_integridade	3314	
4	fundiario+mobilidade+natalidade+sancao_integridade	3314	
4	fundiario+mobilidade+politica+sancao_integridade	3314	
4	fundiario+mobilidade+sancao_integridade+saneamento_agua	3314	
4	fundiario+mobilidade+sancao_integridade+saude_producao	3314	
4	fundiario+mobilidade+sancao_integridade+trabalho_empresa	3314	
4	fundiario+mobilidade+sancao_integridade+transferencia_renda	3314	
4	fundiario+mobilidade+sancao_integridade+vigilancia_sinan	3314	
4	fundiario+mortalidade+natalidade+sancao_integridade	3314	
4	fundiario+mortalidade+politica+sancao_integridade	3314	
4	fundiario+mortalidade+sancao_integridade+saneamento_agua	3314	
4	fundiario+mortalidade+sancao_integridade+saude_producao	3314	
4	fundiario+mortalidade+sancao_integridade+trabalho_empresa	3314	
4	fundiario+mortalidade+sancao_integridade+transferencia_renda	3314	
4	fundiario+mortalidade+sancao_integridade+vigilancia_sinan	3314	
4	fundiario+natalidade+politica+sancao_integridade	3314	
4	fundiario+natalidade+sancao_integridade+saneamento_agua	3314	
4	fundiario+natalidade+sancao_integridade+saude_producao	3314	
4	fundiario+natalidade+sancao_integridade+trabalho_empresa	3314	
4	fundiario+natalidade+sancao_integridade+transferencia_renda	3314	
4	fundiario+natalidade+sancao_integridade+vigilancia_sinan	3314	
4	fundiario+politica+sancao_integridade+saneamento_agua	3314	
4	fundiario+politica+sancao_integridade+saude_producao	3314	
4	fundiario+politica+sancao_integridade+trabalho_empresa	3314	
4	fundiario+politica+sancao_integridade+transferencia_renda	3314	
4	fundiario+politica+sancao_integridade+vigilancia_sinan	3314	
4	fundiario+sancao_integridade+saneamento_agua+saude_producao	3314	
4	fundiario+sancao_integridade+saneamento_agua+trabalho_empresa	3314	
4	fundiario+sancao_integridade+saneamento_agua+transferencia_renda	3314	
4	fundiario+sancao_integridade+saneamento_agua+vigilancia_sinan	3314	
4	fundiario+sancao_integridade+saude_producao+trabalho_empresa	3314	
4	fundiario+sancao_integridade+saude_producao+transferencia_renda	3314	
4	fundiario+sancao_integridade+saude_producao+vigilancia_sinan	3314	
4	fundiario+sancao_integridade+trabalho_empresa+transferencia_renda	3314	
4	fundiario+sancao_integridade+trabalho_empresa+vigilancia_sinan	3314	
4	fundiario+sancao_integridade+transferencia_renda+vigilancia_sinan	3314	
4	mineracao_energia+mobilidade+mortalidade+sancao_integridade	3314	
4	mineracao_energia+mobilidade+natalidade+sancao_integridade	3314	
4	mineracao_energia+mobilidade+politica+sancao_integridade	3314	
4	mineracao_energia+mobilidade+sancao_integridade+saneamento_agua	3314	
4	mineracao_energia+mobilidade+sancao_integridade+saude_producao	3314	
4	mineracao_energia+mobilidade+sancao_integridade+trabalho_empresa	3314	
4	mineracao_energia+mobilidade+sancao_integridade+transferencia_renda	3314	
4	mineracao_energia+mobilidade+sancao_integridade+vigilancia_sinan	3314	
4	mineracao_energia+mortalidade+natalidade+sancao_integridade	3314	
4	mineracao_energia+mortalidade+politica+sancao_integridade	3314	
4	mineracao_energia+mortalidade+sancao_integridade+saneamento_agua	3314	
4	mineracao_energia+mortalidade+sancao_integridade+saude_producao	3314	
4	mineracao_energia+mortalidade+sancao_integridade+trabalho_empresa	3314	
4	mineracao_energia+mortalidade+sancao_integridade+transferencia_renda	3314	
4	mineracao_energia+mortalidade+sancao_integridade+vigilancia_sinan	3314	
4	mineracao_energia+natalidade+politica+sancao_integridade	3314	
4	mineracao_energia+natalidade+sancao_integridade+saneamento_agua	3314	
4	mineracao_energia+natalidade+sancao_integridade+saude_producao	3314	
4	mineracao_energia+natalidade+sancao_integridade+trabalho_empresa	3314	
4	mineracao_energia+natalidade+sancao_integridade+transferencia_renda	3314	
4	mineracao_energia+natalidade+sancao_integridade+vigilancia_sinan	3314	
4	mineracao_energia+politica+sancao_integridade+saneamento_agua	3314	
4	mineracao_energia+politica+sancao_integridade+saude_producao	3314	
4	mineracao_energia+politica+sancao_integridade+trabalho_empresa	3314	
4	mineracao_energia+politica+sancao_integridade+transferencia_renda	3314	
4	mineracao_energia+politica+sancao_integridade+vigilancia_sinan	3314	
4	mineracao_energia+sancao_integridade+saneamento_agua+saude_producao	3314	
4	mineracao_energia+sancao_integridade+saneamento_agua+trabalho_empresa	3314	
4	mineracao_energia+sancao_integridade+saneamento_agua+transferencia_renda	3314	
4	mineracao_energia+sancao_integridade+saneamento_agua+vigilancia_sinan	3314	
4	mineracao_energia+sancao_integridade+saude_producao+trabalho_empresa	3314	
4	mineracao_energia+sancao_integridade+saude_producao+transferencia_renda	3314	
4	mineracao_energia+sancao_integridade+saude_producao+vigilancia_sinan	3314	
4	mineracao_energia+sancao_integridade+trabalho_empresa+transferencia_renda	3314	
4	mineracao_energia+sancao_integridade+trabalho_empresa+vigilancia_sinan	3314	
4	mineracao_energia+sancao_integridade+transferencia_renda+vigilancia_sinan	3314	
4	mobilidade+mortalidade+natalidade+sancao_integridade	3314	
4	mobilidade+mortalidade+politica+sancao_integridade	3314	
4	mobilidade+mortalidade+sancao_integridade+saneamento_agua	3314	
4	mobilidade+mortalidade+sancao_integridade+saude_producao	3314	
4	mobilidade+mortalidade+sancao_integridade+trabalho_empresa	3314	
4	mobilidade+mortalidade+sancao_integridade+transferencia_renda	3314	
4	mobilidade+mortalidade+sancao_integridade+vigilancia_sinan	3314	
4	mobilidade+natalidade+politica+sancao_integridade	3314	
4	mobilidade+natalidade+sancao_integridade+saneamento_agua	3314	
4	mobilidade+natalidade+sancao_integridade+saude_producao	3314	
4	mobilidade+natalidade+sancao_integridade+trabalho_empresa	3314	
4	mobilidade+natalidade+sancao_integridade+transferencia_renda	3314	
4	mobilidade+natalidade+sancao_integridade+vigilancia_sinan	3314	
4	mobilidade+politica+sancao_integridade+saneamento_agua	3314	
4	mobilidade+politica+sancao_integridade+saude_producao	3314	
4	mobilidade+politica+sancao_integridade+trabalho_empresa	3314	
4	mobilidade+politica+sancao_integridade+transferencia_renda	3314	
4	mobilidade+politica+sancao_integridade+vigilancia_sinan	3314	
4	mobilidade+sancao_integridade+saneamento_agua+saude_producao	3314	
4	mobilidade+sancao_integridade+saneamento_agua+trabalho_empresa	3314	
4	mobilidade+sancao_integridade+saneamento_agua+transferencia_renda	3314	
4	mobilidade+sancao_integridade+saneamento_agua+vigilancia_sinan	3314	
4	mobilidade+sancao_integridade+saude_producao+trabalho_empresa	3314	
4	mobilidade+sancao_integridade+saude_producao+transferencia_renda	3314	
4	mobilidade+sancao_integridade+saude_producao+vigilancia_sinan	3314	
4	mobilidade+sancao_integridade+trabalho_empresa+transferencia_renda	3314	
4	mobilidade+sancao_integridade+trabalho_empresa+vigilancia_sinan	3314	
4	mobilidade+sancao_integridade+transferencia_renda+vigilancia_sinan	3314	
4	mortalidade+natalidade+politica+sancao_integridade	3314	
4	mortalidade+natalidade+sancao_integridade+saneamento_agua	3314	
4	mortalidade+natalidade+sancao_integridade+saude_producao	3314	
4	mortalidade+natalidade+sancao_integridade+trabalho_empresa	3314	
4	mortalidade+natalidade+sancao_integridade+transferencia_renda	3314	
4	mortalidade+natalidade+sancao_integridade+vigilancia_sinan	3314	
4	mortalidade+politica+sancao_integridade+saneamento_agua	3314	
4	mortalidade+politica+sancao_integridade+saude_producao	3314	
4	mortalidade+politica+sancao_integridade+trabalho_empresa	3314	
4	mortalidade+politica+sancao_integridade+transferencia_renda	3314	
4	mortalidade+politica+sancao_integridade+vigilancia_sinan	3314	
4	mortalidade+sancao_integridade+saneamento_agua+saude_producao	3314	
4	mortalidade+sancao_integridade+saneamento_agua+trabalho_empresa	3314	
4	mortalidade+sancao_integridade+saneamento_agua+transferencia_renda	3314	
4	mortalidade+sancao_integridade+saneamento_agua+vigilancia_sinan	3314	
4	mortalidade+sancao_integridade+saude_producao+trabalho_empresa	3314	
4	mortalidade+sancao_integridade+saude_producao+transferencia_renda	3314	
4	mortalidade+sancao_integridade+saude_producao+vigilancia_sinan	3314	
4	mortalidade+sancao_integridade+trabalho_empresa+transferencia_renda	3314	
4	mortalidade+sancao_integridade+trabalho_empresa+vigilancia_sinan	3314	
4	mortalidade+sancao_integridade+transferencia_renda+vigilancia_sinan	3314	
4	natalidade+politica+sancao_integridade+saneamento_agua	3314	
4	natalidade+politica+sancao_integridade+saude_producao	3314	
4	natalidade+politica+sancao_integridade+trabalho_empresa	3314	
4	natalidade+politica+sancao_integridade+transferencia_renda	3314	
4	natalidade+politica+sancao_integridade+vigilancia_sinan	3314	
4	natalidade+sancao_integridade+saneamento_agua+saude_producao	3314	
4	natalidade+sancao_integridade+saneamento_agua+trabalho_empresa	3314	
4	natalidade+sancao_integridade+saneamento_agua+transferencia_renda	3314	
4	natalidade+sancao_integridade+saneamento_agua+vigilancia_sinan	3314	
4	natalidade+sancao_integridade+saude_producao+trabalho_empresa	3314	
4	natalidade+sancao_integridade+saude_producao+transferencia_renda	3314	
4	natalidade+sancao_integridade+saude_producao+vigilancia_sinan	3314	
4	natalidade+sancao_integridade+trabalho_empresa+transferencia_renda	3314	
4	natalidade+sancao_integridade+trabalho_empresa+vigilancia_sinan	3314	
4	natalidade+sancao_integridade+transferencia_renda+vigilancia_sinan	3314	
4	politica+sancao_integridade+saneamento_agua+saude_producao	3314	
4	politica+sancao_integridade+saneamento_agua+trabalho_empresa	3314	
4	politica+sancao_integridade+saneamento_agua+transferencia_renda	3314	
4	politica+sancao_integridade+saneamento_agua+vigilancia_sinan	3314	
4	politica+sancao_integridade+saude_producao+trabalho_empresa	3314	
4	politica+sancao_integridade+saude_producao+transferencia_renda	3314	
4	politica+sancao_integridade+saude_producao+vigilancia_sinan	3314	
4	politica+sancao_integridade+trabalho_empresa+transferencia_renda	3314	
4	politica+sancao_integridade+trabalho_empresa+vigilancia_sinan	3314	
4	politica+sancao_integridade+transferencia_renda+vigilancia_sinan	3314	
4	sancao_integridade+saneamento_agua+saude_producao+trabalho_empresa	3314	
4	sancao_integridade+saneamento_agua+saude_producao+transferencia_renda	3314	
4	sancao_integridade+saneamento_agua+saude_producao+vigilancia_sinan	3314	
4	sancao_integridade+saneamento_agua+trabalho_empresa+transferencia_renda	3314	
4	sancao_integridade+saneamento_agua+trabalho_empresa+vigilancia_sinan	3314	
4	sancao_integridade+saneamento_agua+transferencia_renda+vigilancia_sinan	3314	
4	sancao_integridade+saude_producao+trabalho_empresa+transferencia_renda	3314	
4	sancao_integridade+saude_producao+trabalho_empresa+vigilancia_sinan	3314	
4	sancao_integridade+saude_producao+transferencia_renda+vigilancia_sinan	3314	
4	sancao_integridade+trabalho_empresa+transferencia_renda+vigilancia_sinan	3314	
4	agropecuaria+comercio_exterior+compras_publicas+conectividade	2696	
4	agropecuaria+comercio_exterior+compras_publicas+credito_financeiro	2696	
4	agropecuaria+comercio_exterior+compras_publicas+demografia_censo	2696	
4	agropecuaria+comercio_exterior+compras_publicas+desmatamento_clima	2696	
4	agropecuaria+comercio_exterior+compras_publicas+educacao	2696	
4	agropecuaria+comercio_exterior+compras_publicas+fiscal_municipal	2696	
4	agropecuaria+comercio_exterior+compras_publicas+fiscalizacao_ambiental	2696	
4	agropecuaria+comercio_exterior+compras_publicas+fundiario	2696	
4	agropecuaria+comercio_exterior+compras_publicas+mineracao_energia	2696	
4	agropecuaria+comercio_exterior+compras_publicas+mobilidade	2696	
4	agropecuaria+comercio_exterior+compras_publicas+mortalidade	2696	
4	agropecuaria+comercio_exterior+compras_publicas+natalidade	2696	
4	agropecuaria+comercio_exterior+compras_publicas+politica	2696	
4	agropecuaria+comercio_exterior+compras_publicas+sancao_integridade	2696	
4	agropecuaria+comercio_exterior+compras_publicas+saneamento_agua	2696	
4	agropecuaria+comercio_exterior+compras_publicas+saude_producao	2696	
4	agropecuaria+comercio_exterior+compras_publicas+trabalho_empresa	2696	
4	agropecuaria+comercio_exterior+compras_publicas+transferencia_renda	2696	
4	agropecuaria+comercio_exterior+compras_publicas+vigilancia_sinan	2696	
4	agropecuaria+comercio_exterior+conectividade+credito_financeiro	2696	
4	agropecuaria+comercio_exterior+conectividade+demografia_censo	2696	
4	agropecuaria+comercio_exterior+conectividade+desmatamento_clima	2696	
4	agropecuaria+comercio_exterior+conectividade+educacao	2696	
4	agropecuaria+comercio_exterior+conectividade+fiscal_municipal	2696	
4	agropecuaria+comercio_exterior+conectividade+fiscalizacao_ambiental	2696	
4	agropecuaria+comercio_exterior+conectividade+fundiario	2696	
4	agropecuaria+comercio_exterior+conectividade+mineracao_energia	2696	
4	agropecuaria+comercio_exterior+conectividade+mobilidade	2696	
4	agropecuaria+comercio_exterior+conectividade+mortalidade	2696	
4	agropecuaria+comercio_exterior+conectividade+natalidade	2696	
4	agropecuaria+comercio_exterior+conectividade+politica	2696	
4	agropecuaria+comercio_exterior+conectividade+sancao_integridade	2696	
4	agropecuaria+comercio_exterior+conectividade+saneamento_agua	2696	
4	agropecuaria+comercio_exterior+conectividade+saude_producao	2696	
4	agropecuaria+comercio_exterior+conectividade+trabalho_empresa	2696	
4	agropecuaria+comercio_exterior+conectividade+transferencia_renda	2696	
4	agropecuaria+comercio_exterior+conectividade+vigilancia_sinan	2696	
4	agropecuaria+comercio_exterior+credito_financeiro+demografia_censo	2696	
4	agropecuaria+comercio_exterior+credito_financeiro+desmatamento_clima	2696	
4	agropecuaria+comercio_exterior+credito_financeiro+educacao	2696	
4	agropecuaria+comercio_exterior+credito_financeiro+fiscal_municipal	2696	
4	agropecuaria+comercio_exterior+credito_financeiro+fiscalizacao_ambiental	2696	
4	agropecuaria+comercio_exterior+credito_financeiro+fundiario	2696	
4	agropecuaria+comercio_exterior+credito_financeiro+mineracao_energia	2696	
4	agropecuaria+comercio_exterior+credito_financeiro+mobilidade	2696	
4	agropecuaria+comercio_exterior+credito_financeiro+mortalidade	2696	
4	agropecuaria+comercio_exterior+credito_financeiro+natalidade	2696	
4	agropecuaria+comercio_exterior+credito_financeiro+politica	2696	
4	agropecuaria+comercio_exterior+credito_financeiro+sancao_integridade	2696	
4	agropecuaria+comercio_exterior+credito_financeiro+saneamento_agua	2696	
4	agropecuaria+comercio_exterior+credito_financeiro+saude_producao	2696	
4	agropecuaria+comercio_exterior+credito_financeiro+trabalho_empresa	2696	
4	agropecuaria+comercio_exterior+credito_financeiro+transferencia_renda	2696	
4	agropecuaria+comercio_exterior+credito_financeiro+vigilancia_sinan	2696	
4	agropecuaria+comercio_exterior+demografia_censo+desmatamento_clima	2696	
4	agropecuaria+comercio_exterior+demografia_censo+educacao	2696	
4	agropecuaria+comercio_exterior+demografia_censo+fiscal_municipal	2696	
4	agropecuaria+comercio_exterior+demografia_censo+fiscalizacao_ambiental	2696	
4	agropecuaria+comercio_exterior+demografia_censo+fundiario	2696	
4	agropecuaria+comercio_exterior+demografia_censo+mineracao_energia	2696	
4	agropecuaria+comercio_exterior+demografia_censo+mobilidade	2696	
4	agropecuaria+comercio_exterior+demografia_censo+mortalidade	2696	
4	agropecuaria+comercio_exterior+demografia_censo+natalidade	2696	
4	agropecuaria+comercio_exterior+demografia_censo+politica	2696	
4	agropecuaria+comercio_exterior+demografia_censo+sancao_integridade	2696	
4	agropecuaria+comercio_exterior+demografia_censo+saneamento_agua	2696	
4	agropecuaria+comercio_exterior+demografia_censo+saude_producao	2696	
4	agropecuaria+comercio_exterior+demografia_censo+trabalho_empresa	2696	
4	agropecuaria+comercio_exterior+demografia_censo+transferencia_renda	2696	
4	agropecuaria+comercio_exterior+demografia_censo+vigilancia_sinan	2696	
4	agropecuaria+comercio_exterior+desmatamento_clima+educacao	2696	
4	agropecuaria+comercio_exterior+desmatamento_clima+fiscal_municipal	2696	
4	agropecuaria+comercio_exterior+desmatamento_clima+fiscalizacao_ambiental	2696	
4	agropecuaria+comercio_exterior+desmatamento_clima+fundiario	2696	
4	agropecuaria+comercio_exterior+desmatamento_clima+mineracao_energia	2696	
4	agropecuaria+comercio_exterior+desmatamento_clima+mobilidade	2696	
4	agropecuaria+comercio_exterior+desmatamento_clima+mortalidade	2696	
4	agropecuaria+comercio_exterior+desmatamento_clima+natalidade	2696	
4	agropecuaria+comercio_exterior+desmatamento_clima+politica	2696	
4	agropecuaria+comercio_exterior+desmatamento_clima+sancao_integridade	2696	
4	agropecuaria+comercio_exterior+desmatamento_clima+saneamento_agua	2696	
4	agropecuaria+comercio_exterior+desmatamento_clima+saude_producao	2696	
4	agropecuaria+comercio_exterior+desmatamento_clima+trabalho_empresa	2696	
4	agropecuaria+comercio_exterior+desmatamento_clima+transferencia_renda	2696	
4	agropecuaria+comercio_exterior+desmatamento_clima+vigilancia_sinan	2696	
4	agropecuaria+comercio_exterior+educacao+fiscal_municipal	2696	
4	agropecuaria+comercio_exterior+educacao+fiscalizacao_ambiental	2696	
4	agropecuaria+comercio_exterior+educacao+fundiario	2696	
4	agropecuaria+comercio_exterior+educacao+mineracao_energia	2696	
4	agropecuaria+comercio_exterior+educacao+mobilidade	2696	
4	agropecuaria+comercio_exterior+educacao+mortalidade	2696	
4	agropecuaria+comercio_exterior+educacao+natalidade	2696	
4	agropecuaria+comercio_exterior+educacao+politica	2696	
4	agropecuaria+comercio_exterior+educacao+sancao_integridade	2696	
4	agropecuaria+comercio_exterior+educacao+saneamento_agua	2696	
4	agropecuaria+comercio_exterior+educacao+saude_producao	2696	
4	agropecuaria+comercio_exterior+educacao+trabalho_empresa	2696	
4	agropecuaria+comercio_exterior+educacao+transferencia_renda	2696	
4	agropecuaria+comercio_exterior+educacao+vigilancia_sinan	2696	
4	agropecuaria+comercio_exterior+fiscal_municipal+fiscalizacao_ambiental	2696	
4	agropecuaria+comercio_exterior+fiscal_municipal+fundiario	2696	
4	agropecuaria+comercio_exterior+fiscal_municipal+mineracao_energia	2696	
4	agropecuaria+comercio_exterior+fiscal_municipal+mobilidade	2696	
4	agropecuaria+comercio_exterior+fiscal_municipal+mortalidade	2696	
4	agropecuaria+comercio_exterior+fiscal_municipal+natalidade	2696	
4	agropecuaria+comercio_exterior+fiscal_municipal+politica	2696	
4	agropecuaria+comercio_exterior+fiscal_municipal+sancao_integridade	2696	
4	agropecuaria+comercio_exterior+fiscal_municipal+saneamento_agua	2696	
4	agropecuaria+comercio_exterior+fiscal_municipal+saude_producao	2696	
4	agropecuaria+comercio_exterior+fiscal_municipal+trabalho_empresa	2696	
4	agropecuaria+comercio_exterior+fiscal_municipal+transferencia_renda	2696	
4	agropecuaria+comercio_exterior+fiscal_municipal+vigilancia_sinan	2696	
4	agropecuaria+comercio_exterior+fiscalizacao_ambiental+fundiario	2696	
4	agropecuaria+comercio_exterior+fiscalizacao_ambiental+mineracao_energia	2696	
4	agropecuaria+comercio_exterior+fiscalizacao_ambiental+mobilidade	2696	
4	agropecuaria+comercio_exterior+fiscalizacao_ambiental+mortalidade	2696	
4	agropecuaria+comercio_exterior+fiscalizacao_ambiental+natalidade	2696	
4	agropecuaria+comercio_exterior+fiscalizacao_ambiental+politica	2696	
4	agropecuaria+comercio_exterior+fiscalizacao_ambiental+sancao_integridade	2696	
4	agropecuaria+comercio_exterior+fiscalizacao_ambiental+saneamento_agua	2696	
4	agropecuaria+comercio_exterior+fiscalizacao_ambiental+saude_producao	2696	
4	agropecuaria+comercio_exterior+fiscalizacao_ambiental+trabalho_empresa	2696	
4	agropecuaria+comercio_exterior+fiscalizacao_ambiental+transferencia_renda	2696	
4	agropecuaria+comercio_exterior+fiscalizacao_ambiental+vigilancia_sinan	2696	
4	agropecuaria+comercio_exterior+fundiario+mineracao_energia	2696	
4	agropecuaria+comercio_exterior+fundiario+mobilidade	2696	
4	agropecuaria+comercio_exterior+fundiario+mortalidade	2696	
4	agropecuaria+comercio_exterior+fundiario+natalidade	2696	
4	agropecuaria+comercio_exterior+fundiario+politica	2696	
4	agropecuaria+comercio_exterior+fundiario+sancao_integridade	2696	
4	agropecuaria+comercio_exterior+fundiario+saneamento_agua	2696	
4	agropecuaria+comercio_exterior+fundiario+saude_producao	2696	
4	agropecuaria+comercio_exterior+fundiario+trabalho_empresa	2696	
4	agropecuaria+comercio_exterior+fundiario+transferencia_renda	2696	
4	agropecuaria+comercio_exterior+fundiario+vigilancia_sinan	2696	
4	agropecuaria+comercio_exterior+mineracao_energia+mobilidade	2696	
4	agropecuaria+comercio_exterior+mineracao_energia+mortalidade	2696	
4	agropecuaria+comercio_exterior+mineracao_energia+natalidade	2696	
4	agropecuaria+comercio_exterior+mineracao_energia+politica	2696	
4	agropecuaria+comercio_exterior+mineracao_energia+sancao_integridade	2696	
4	agropecuaria+comercio_exterior+mineracao_energia+saneamento_agua	2696	
4	agropecuaria+comercio_exterior+mineracao_energia+saude_producao	2696	
4	agropecuaria+comercio_exterior+mineracao_energia+trabalho_empresa	2696	
4	agropecuaria+comercio_exterior+mineracao_energia+transferencia_renda	2696	
4	agropecuaria+comercio_exterior+mineracao_energia+vigilancia_sinan	2696	
4	agropecuaria+comercio_exterior+mobilidade+mortalidade	2696	
4	agropecuaria+comercio_exterior+mobilidade+natalidade	2696	
4	agropecuaria+comercio_exterior+mobilidade+politica	2696	
4	agropecuaria+comercio_exterior+mobilidade+sancao_integridade	2696	
4	agropecuaria+comercio_exterior+mobilidade+saneamento_agua	2696	
4	agropecuaria+comercio_exterior+mobilidade+saude_producao	2696	
4	agropecuaria+comercio_exterior+mobilidade+trabalho_empresa	2696	
4	agropecuaria+comercio_exterior+mobilidade+transferencia_renda	2696	
4	agropecuaria+comercio_exterior+mobilidade+vigilancia_sinan	2696	
4	agropecuaria+comercio_exterior+mortalidade+natalidade	2696	
4	agropecuaria+comercio_exterior+mortalidade+politica	2696	
4	agropecuaria+comercio_exterior+mortalidade+sancao_integridade	2696	
4	agropecuaria+comercio_exterior+mortalidade+saneamento_agua	2696	
4	agropecuaria+comercio_exterior+mortalidade+saude_producao	2696	
4	agropecuaria+comercio_exterior+mortalidade+trabalho_empresa	2696	
4	agropecuaria+comercio_exterior+mortalidade+transferencia_renda	2696	
4	agropecuaria+comercio_exterior+mortalidade+vigilancia_sinan	2696	
4	agropecuaria+comercio_exterior+natalidade+politica	2696	
4	agropecuaria+comercio_exterior+natalidade+sancao_integridade	2696	
4	agropecuaria+comercio_exterior+natalidade+saneamento_agua	2696	
4	agropecuaria+comercio_exterior+natalidade+saude_producao	2696	
4	agropecuaria+comercio_exterior+natalidade+trabalho_empresa	2696	
4	agropecuaria+comercio_exterior+natalidade+transferencia_renda	2696	
4	agropecuaria+comercio_exterior+natalidade+vigilancia_sinan	2696	
4	agropecuaria+comercio_exterior+politica+sancao_integridade	2696	
4	agropecuaria+comercio_exterior+politica+saneamento_agua	2696	
4	agropecuaria+comercio_exterior+politica+saude_producao	2696	
4	agropecuaria+comercio_exterior+politica+trabalho_empresa	2696	
4	agropecuaria+comercio_exterior+politica+transferencia_renda	2696	
4	agropecuaria+comercio_exterior+politica+vigilancia_sinan	2696	
4	agropecuaria+comercio_exterior+sancao_integridade+saneamento_agua	2696	
4	agropecuaria+comercio_exterior+sancao_integridade+saude_producao	2696	
4	agropecuaria+comercio_exterior+sancao_integridade+trabalho_empresa	2696	
4	agropecuaria+comercio_exterior+sancao_integridade+transferencia_renda	2696	
4	agropecuaria+comercio_exterior+sancao_integridade+vigilancia_sinan	2696	
4	agropecuaria+comercio_exterior+saneamento_agua+saude_producao	2696	
4	agropecuaria+comercio_exterior+saneamento_agua+trabalho_empresa	2696	
4	agropecuaria+comercio_exterior+saneamento_agua+transferencia_renda	2696	
4	agropecuaria+comercio_exterior+saneamento_agua+vigilancia_sinan	2696	
4	agropecuaria+comercio_exterior+saude_producao+trabalho_empresa	2696	
4	agropecuaria+comercio_exterior+saude_producao+transferencia_renda	2696	
4	agropecuaria+comercio_exterior+saude_producao+vigilancia_sinan	2696	
4	agropecuaria+comercio_exterior+trabalho_empresa+transferencia_renda	2696	
4	agropecuaria+comercio_exterior+trabalho_empresa+vigilancia_sinan	2696	
4	agropecuaria+comercio_exterior+transferencia_renda+vigilancia_sinan	2696	
4	comercio_exterior+compras_publicas+conectividade+credito_financeiro	2696	
4	comercio_exterior+compras_publicas+conectividade+demografia_censo	2696	
4	comercio_exterior+compras_publicas+conectividade+desmatamento_clima	2696	
4	comercio_exterior+compras_publicas+conectividade+educacao	2696	
4	comercio_exterior+compras_publicas+conectividade+fiscal_municipal	2696	
4	comercio_exterior+compras_publicas+conectividade+fiscalizacao_ambiental	2696	
4	comercio_exterior+compras_publicas+conectividade+fundiario	2696	
4	comercio_exterior+compras_publicas+conectividade+mineracao_energia	2696	
4	comercio_exterior+compras_publicas+conectividade+mobilidade	2696	
4	comercio_exterior+compras_publicas+conectividade+mortalidade	2696	
4	comercio_exterior+compras_publicas+conectividade+natalidade	2696	
4	comercio_exterior+compras_publicas+conectividade+politica	2696	
4	comercio_exterior+compras_publicas+conectividade+sancao_integridade	2696	
4	comercio_exterior+compras_publicas+conectividade+saneamento_agua	2696	
4	comercio_exterior+compras_publicas+conectividade+saude_producao	2696	
4	comercio_exterior+compras_publicas+conectividade+trabalho_empresa	2696	
4	comercio_exterior+compras_publicas+conectividade+transferencia_renda	2696	
4	comercio_exterior+compras_publicas+conectividade+vigilancia_sinan	2696	
4	comercio_exterior+compras_publicas+credito_financeiro+demografia_censo	2696	
4	comercio_exterior+compras_publicas+credito_financeiro+desmatamento_clima	2696	
4	comercio_exterior+compras_publicas+credito_financeiro+educacao	2696	
4	comercio_exterior+compras_publicas+credito_financeiro+fiscal_municipal	2696	
4	comercio_exterior+compras_publicas+credito_financeiro+fiscalizacao_ambiental	2696	
4	comercio_exterior+compras_publicas+credito_financeiro+fundiario	2696	
4	comercio_exterior+compras_publicas+credito_financeiro+mineracao_energia	2696	
4	comercio_exterior+compras_publicas+credito_financeiro+mobilidade	2696	
4	comercio_exterior+compras_publicas+credito_financeiro+mortalidade	2696	
4	comercio_exterior+compras_publicas+credito_financeiro+natalidade	2696	
4	comercio_exterior+compras_publicas+credito_financeiro+politica	2696	
4	comercio_exterior+compras_publicas+credito_financeiro+sancao_integridade	2696	
4	comercio_exterior+compras_publicas+credito_financeiro+saneamento_agua	2696	
4	comercio_exterior+compras_publicas+credito_financeiro+saude_producao	2696	
4	comercio_exterior+compras_publicas+credito_financeiro+trabalho_empresa	2696	
4	comercio_exterior+compras_publicas+credito_financeiro+transferencia_renda	2696	
4	comercio_exterior+compras_publicas+credito_financeiro+vigilancia_sinan	2696	
4	comercio_exterior+compras_publicas+demografia_censo+desmatamento_clima	2696	
4	comercio_exterior+compras_publicas+demografia_censo+educacao	2696	
4	comercio_exterior+compras_publicas+demografia_censo+fiscal_municipal	2696	
4	comercio_exterior+compras_publicas+demografia_censo+fiscalizacao_ambiental	2696	
4	comercio_exterior+compras_publicas+demografia_censo+fundiario	2696	
4	comercio_exterior+compras_publicas+demografia_censo+mineracao_energia	2696	
4	comercio_exterior+compras_publicas+demografia_censo+mobilidade	2696	
4	comercio_exterior+compras_publicas+demografia_censo+mortalidade	2696	
4	comercio_exterior+compras_publicas+demografia_censo+natalidade	2696	
4	comercio_exterior+compras_publicas+demografia_censo+politica	2696	
4	comercio_exterior+compras_publicas+demografia_censo+sancao_integridade	2696	
4	comercio_exterior+compras_publicas+demografia_censo+saneamento_agua	2696	
4	comercio_exterior+compras_publicas+demografia_censo+saude_producao	2696	
4	comercio_exterior+compras_publicas+demografia_censo+trabalho_empresa	2696	
4	comercio_exterior+compras_publicas+demografia_censo+transferencia_renda	2696	
4	comercio_exterior+compras_publicas+demografia_censo+vigilancia_sinan	2696	
4	comercio_exterior+compras_publicas+desmatamento_clima+educacao	2696	
4	comercio_exterior+compras_publicas+desmatamento_clima+fiscal_municipal	2696	
4	comercio_exterior+compras_publicas+desmatamento_clima+fiscalizacao_ambiental	2696	
4	comercio_exterior+compras_publicas+desmatamento_clima+fundiario	2696	
4	comercio_exterior+compras_publicas+desmatamento_clima+mineracao_energia	2696	
4	comercio_exterior+compras_publicas+desmatamento_clima+mobilidade	2696	
4	comercio_exterior+compras_publicas+desmatamento_clima+mortalidade	2696	
4	comercio_exterior+compras_publicas+desmatamento_clima+natalidade	2696	
4	comercio_exterior+compras_publicas+desmatamento_clima+politica	2696	
4	comercio_exterior+compras_publicas+desmatamento_clima+sancao_integridade	2696	
4	comercio_exterior+compras_publicas+desmatamento_clima+saneamento_agua	2696	
4	comercio_exterior+compras_publicas+desmatamento_clima+saude_producao	2696	
4	comercio_exterior+compras_publicas+desmatamento_clima+trabalho_empresa	2696	
4	comercio_exterior+compras_publicas+desmatamento_clima+transferencia_renda	2696	
4	comercio_exterior+compras_publicas+desmatamento_clima+vigilancia_sinan	2696	
4	comercio_exterior+compras_publicas+educacao+fiscal_municipal	2696	
4	comercio_exterior+compras_publicas+educacao+fiscalizacao_ambiental	2696	
4	comercio_exterior+compras_publicas+educacao+fundiario	2696	
4	comercio_exterior+compras_publicas+educacao+mineracao_energia	2696	
4	comercio_exterior+compras_publicas+educacao+mobilidade	2696	
4	comercio_exterior+compras_publicas+educacao+mortalidade	2696	
4	comercio_exterior+compras_publicas+educacao+natalidade	2696	
4	comercio_exterior+compras_publicas+educacao+politica	2696	
4	comercio_exterior+compras_publicas+educacao+sancao_integridade	2696	
4	comercio_exterior+compras_publicas+educacao+saneamento_agua	2696	
4	comercio_exterior+compras_publicas+educacao+saude_producao	2696	
4	comercio_exterior+compras_publicas+educacao+trabalho_empresa	2696	
4	comercio_exterior+compras_publicas+educacao+transferencia_renda	2696	
4	comercio_exterior+compras_publicas+educacao+vigilancia_sinan	2696	
4	comercio_exterior+compras_publicas+fiscal_municipal+fiscalizacao_ambiental	2696	
4	comercio_exterior+compras_publicas+fiscal_municipal+fundiario	2696	
4	comercio_exterior+compras_publicas+fiscal_municipal+mineracao_energia	2696	
4	comercio_exterior+compras_publicas+fiscal_municipal+mobilidade	2696	
4	comercio_exterior+compras_publicas+fiscal_municipal+mortalidade	2696	
4	comercio_exterior+compras_publicas+fiscal_municipal+natalidade	2696	
4	comercio_exterior+compras_publicas+fiscal_municipal+politica	2696	
4	comercio_exterior+compras_publicas+fiscal_municipal+sancao_integridade	2696	
4	comercio_exterior+compras_publicas+fiscal_municipal+saneamento_agua	2696	
4	comercio_exterior+compras_publicas+fiscal_municipal+saude_producao	2696	
4	comercio_exterior+compras_publicas+fiscal_municipal+trabalho_empresa	2696	
4	comercio_exterior+compras_publicas+fiscal_municipal+transferencia_renda	2696	
4	comercio_exterior+compras_publicas+fiscal_municipal+vigilancia_sinan	2696	
4	comercio_exterior+compras_publicas+fiscalizacao_ambiental+fundiario	2696	
4	comercio_exterior+compras_publicas+fiscalizacao_ambiental+mineracao_energia	2696	
4	comercio_exterior+compras_publicas+fiscalizacao_ambiental+mobilidade	2696	
4	comercio_exterior+compras_publicas+fiscalizacao_ambiental+mortalidade	2696	
4	comercio_exterior+compras_publicas+fiscalizacao_ambiental+natalidade	2696	
4	comercio_exterior+compras_publicas+fiscalizacao_ambiental+politica	2696	
4	comercio_exterior+compras_publicas+fiscalizacao_ambiental+sancao_integridade	2696	
4	comercio_exterior+compras_publicas+fiscalizacao_ambiental+saneamento_agua	2696	
4	comercio_exterior+compras_publicas+fiscalizacao_ambiental+saude_producao	2696	
4	comercio_exterior+compras_publicas+fiscalizacao_ambiental+trabalho_empresa	2696	
4	comercio_exterior+compras_publicas+fiscalizacao_ambiental+transferencia_renda	2696	
4	comercio_exterior+compras_publicas+fiscalizacao_ambiental+vigilancia_sinan	2696	
4	comercio_exterior+compras_publicas+fundiario+mineracao_energia	2696	
4	comercio_exterior+compras_publicas+fundiario+mobilidade	2696	
4	comercio_exterior+compras_publicas+fundiario+mortalidade	2696	
4	comercio_exterior+compras_publicas+fundiario+natalidade	2696	
4	comercio_exterior+compras_publicas+fundiario+politica	2696	
4	comercio_exterior+compras_publicas+fundiario+sancao_integridade	2696	
4	comercio_exterior+compras_publicas+fundiario+saneamento_agua	2696	
4	comercio_exterior+compras_publicas+fundiario+saude_producao	2696	
4	comercio_exterior+compras_publicas+fundiario+trabalho_empresa	2696	
4	comercio_exterior+compras_publicas+fundiario+transferencia_renda	2696	
4	comercio_exterior+compras_publicas+fundiario+vigilancia_sinan	2696	
4	comercio_exterior+compras_publicas+mineracao_energia+mobilidade	2696	
4	comercio_exterior+compras_publicas+mineracao_energia+mortalidade	2696	
4	comercio_exterior+compras_publicas+mineracao_energia+natalidade	2696	
4	comercio_exterior+compras_publicas+mineracao_energia+politica	2696	
4	comercio_exterior+compras_publicas+mineracao_energia+sancao_integridade	2696	
4	comercio_exterior+compras_publicas+mineracao_energia+saneamento_agua	2696	
4	comercio_exterior+compras_publicas+mineracao_energia+saude_producao	2696	
4	comercio_exterior+compras_publicas+mineracao_energia+trabalho_empresa	2696	
4	comercio_exterior+compras_publicas+mineracao_energia+transferencia_renda	2696	
4	comercio_exterior+compras_publicas+mineracao_energia+vigilancia_sinan	2696	
4	comercio_exterior+compras_publicas+mobilidade+mortalidade	2696	
4	comercio_exterior+compras_publicas+mobilidade+natalidade	2696	
4	comercio_exterior+compras_publicas+mobilidade+politica	2696	
4	comercio_exterior+compras_publicas+mobilidade+sancao_integridade	2696	
4	comercio_exterior+compras_publicas+mobilidade+saneamento_agua	2696	
4	comercio_exterior+compras_publicas+mobilidade+saude_producao	2696	
4	comercio_exterior+compras_publicas+mobilidade+trabalho_empresa	2696	
4	comercio_exterior+compras_publicas+mobilidade+transferencia_renda	2696	
4	comercio_exterior+compras_publicas+mobilidade+vigilancia_sinan	2696	
4	comercio_exterior+compras_publicas+mortalidade+natalidade	2696	
4	comercio_exterior+compras_publicas+mortalidade+politica	2696	
4	comercio_exterior+compras_publicas+mortalidade+sancao_integridade	2696	
4	comercio_exterior+compras_publicas+mortalidade+saneamento_agua	2696	
4	comercio_exterior+compras_publicas+mortalidade+saude_producao	2696	
4	comercio_exterior+compras_publicas+mortalidade+trabalho_empresa	2696	
4	comercio_exterior+compras_publicas+mortalidade+transferencia_renda	2696	
4	comercio_exterior+compras_publicas+mortalidade+vigilancia_sinan	2696	
4	comercio_exterior+compras_publicas+natalidade+politica	2696	
4	comercio_exterior+compras_publicas+natalidade+sancao_integridade	2696	
4	comercio_exterior+compras_publicas+natalidade+saneamento_agua	2696	
4	comercio_exterior+compras_publicas+natalidade+saude_producao	2696	
4	comercio_exterior+compras_publicas+natalidade+trabalho_empresa	2696	
4	comercio_exterior+compras_publicas+natalidade+transferencia_renda	2696	
4	comercio_exterior+compras_publicas+natalidade+vigilancia_sinan	2696	
4	comercio_exterior+compras_publicas+politica+sancao_integridade	2696	
4	comercio_exterior+compras_publicas+politica+saneamento_agua	2696	
4	comercio_exterior+compras_publicas+politica+saude_producao	2696	
4	comercio_exterior+compras_publicas+politica+trabalho_empresa	2696	
4	comercio_exterior+compras_publicas+politica+transferencia_renda	2696	
4	comercio_exterior+compras_publicas+politica+vigilancia_sinan	2696	
4	comercio_exterior+compras_publicas+sancao_integridade+saneamento_agua	2696	
4	comercio_exterior+compras_publicas+sancao_integridade+saude_producao	2696	
4	comercio_exterior+compras_publicas+sancao_integridade+trabalho_empresa	2696	
4	comercio_exterior+compras_publicas+sancao_integridade+transferencia_renda	2696	
4	comercio_exterior+compras_publicas+sancao_integridade+vigilancia_sinan	2696	
4	comercio_exterior+compras_publicas+saneamento_agua+saude_producao	2696	
4	comercio_exterior+compras_publicas+saneamento_agua+trabalho_empresa	2696	
4	comercio_exterior+compras_publicas+saneamento_agua+transferencia_renda	2696	
4	comercio_exterior+compras_publicas+saneamento_agua+vigilancia_sinan	2696	
4	comercio_exterior+compras_publicas+saude_producao+trabalho_empresa	2696	
4	comercio_exterior+compras_publicas+saude_producao+transferencia_renda	2696	
4	comercio_exterior+compras_publicas+saude_producao+vigilancia_sinan	2696	
4	comercio_exterior+compras_publicas+trabalho_empresa+transferencia_renda	2696	
4	comercio_exterior+compras_publicas+trabalho_empresa+vigilancia_sinan	2696	
4	comercio_exterior+compras_publicas+transferencia_renda+vigilancia_sinan	2696	
4	comercio_exterior+conectividade+credito_financeiro+demografia_censo	2696	
4	comercio_exterior+conectividade+credito_financeiro+desmatamento_clima	2696	
4	comercio_exterior+conectividade+credito_financeiro+educacao	2696	
4	comercio_exterior+conectividade+credito_financeiro+fiscal_municipal	2696	
4	comercio_exterior+conectividade+credito_financeiro+fiscalizacao_ambiental	2696	
4	comercio_exterior+conectividade+credito_financeiro+fundiario	2696	
4	comercio_exterior+conectividade+credito_financeiro+mineracao_energia	2696	
4	comercio_exterior+conectividade+credito_financeiro+mobilidade	2696	
4	comercio_exterior+conectividade+credito_financeiro+mortalidade	2696	
4	comercio_exterior+conectividade+credito_financeiro+natalidade	2696	
4	comercio_exterior+conectividade+credito_financeiro+politica	2696	
4	comercio_exterior+conectividade+credito_financeiro+sancao_integridade	2696	
4	comercio_exterior+conectividade+credito_financeiro+saneamento_agua	2696	
4	comercio_exterior+conectividade+credito_financeiro+saude_producao	2696	
4	comercio_exterior+conectividade+credito_financeiro+trabalho_empresa	2696	
4	comercio_exterior+conectividade+credito_financeiro+transferencia_renda	2696	
4	comercio_exterior+conectividade+credito_financeiro+vigilancia_sinan	2696	
4	comercio_exterior+conectividade+demografia_censo+desmatamento_clima	2696	
4	comercio_exterior+conectividade+demografia_censo+educacao	2696	
4	comercio_exterior+conectividade+demografia_censo+fiscal_municipal	2696	
4	comercio_exterior+conectividade+demografia_censo+fiscalizacao_ambiental	2696	
4	comercio_exterior+conectividade+demografia_censo+fundiario	2696	
4	comercio_exterior+conectividade+demografia_censo+mineracao_energia	2696	
4	comercio_exterior+conectividade+demografia_censo+mobilidade	2696	
4	comercio_exterior+conectividade+demografia_censo+mortalidade	2696	
4	comercio_exterior+conectividade+demografia_censo+natalidade	2696	
4	comercio_exterior+conectividade+demografia_censo+politica	2696	
4	comercio_exterior+conectividade+demografia_censo+sancao_integridade	2696	
4	comercio_exterior+conectividade+demografia_censo+saneamento_agua	2696	
4	comercio_exterior+conectividade+demografia_censo+saude_producao	2696	
4	comercio_exterior+conectividade+demografia_censo+trabalho_empresa	2696	
4	comercio_exterior+conectividade+demografia_censo+transferencia_renda	2696	
4	comercio_exterior+conectividade+demografia_censo+vigilancia_sinan	2696	
4	comercio_exterior+conectividade+desmatamento_clima+educacao	2696	
4	comercio_exterior+conectividade+desmatamento_clima+fiscal_municipal	2696	
4	comercio_exterior+conectividade+desmatamento_clima+fiscalizacao_ambiental	2696	
4	comercio_exterior+conectividade+desmatamento_clima+fundiario	2696	
4	comercio_exterior+conectividade+desmatamento_clima+mineracao_energia	2696	
4	comercio_exterior+conectividade+desmatamento_clima+mobilidade	2696	
4	comercio_exterior+conectividade+desmatamento_clima+mortalidade	2696	
4	comercio_exterior+conectividade+desmatamento_clima+natalidade	2696	
4	comercio_exterior+conectividade+desmatamento_clima+politica	2696	
4	comercio_exterior+conectividade+desmatamento_clima+sancao_integridade	2696	
4	comercio_exterior+conectividade+desmatamento_clima+saneamento_agua	2696	
4	comercio_exterior+conectividade+desmatamento_clima+saude_producao	2696	
4	comercio_exterior+conectividade+desmatamento_clima+trabalho_empresa	2696	
4	comercio_exterior+conectividade+desmatamento_clima+transferencia_renda	2696	
4	comercio_exterior+conectividade+desmatamento_clima+vigilancia_sinan	2696	
4	comercio_exterior+conectividade+educacao+fiscal_municipal	2696	
4	comercio_exterior+conectividade+educacao+fiscalizacao_ambiental	2696	
4	comercio_exterior+conectividade+educacao+fundiario	2696	
4	comercio_exterior+conectividade+educacao+mineracao_energia	2696	
4	comercio_exterior+conectividade+educacao+mobilidade	2696	
4	comercio_exterior+conectividade+educacao+mortalidade	2696	
4	comercio_exterior+conectividade+educacao+natalidade	2696	
4	comercio_exterior+conectividade+educacao+politica	2696	
4	comercio_exterior+conectividade+educacao+sancao_integridade	2696	
4	comercio_exterior+conectividade+educacao+saneamento_agua	2696	
4	comercio_exterior+conectividade+educacao+saude_producao	2696	
4	comercio_exterior+conectividade+educacao+trabalho_empresa	2696	
4	comercio_exterior+conectividade+educacao+transferencia_renda	2696	
4	comercio_exterior+conectividade+educacao+vigilancia_sinan	2696	
4	comercio_exterior+conectividade+fiscal_municipal+fiscalizacao_ambiental	2696	
4	comercio_exterior+conectividade+fiscal_municipal+fundiario	2696	
4	comercio_exterior+conectividade+fiscal_municipal+mineracao_energia	2696	
4	comercio_exterior+conectividade+fiscal_municipal+mobilidade	2696	
4	comercio_exterior+conectividade+fiscal_municipal+mortalidade	2696	
4	comercio_exterior+conectividade+fiscal_municipal+natalidade	2696	
4	comercio_exterior+conectividade+fiscal_municipal+politica	2696	
4	comercio_exterior+conectividade+fiscal_municipal+sancao_integridade	2696	
4	comercio_exterior+conectividade+fiscal_municipal+saneamento_agua	2696	
4	comercio_exterior+conectividade+fiscal_municipal+saude_producao	2696	
4	comercio_exterior+conectividade+fiscal_municipal+trabalho_empresa	2696	
4	comercio_exterior+conectividade+fiscal_municipal+transferencia_renda	2696	
4	comercio_exterior+conectividade+fiscal_municipal+vigilancia_sinan	2696	
4	comercio_exterior+conectividade+fiscalizacao_ambiental+fundiario	2696	
4	comercio_exterior+conectividade+fiscalizacao_ambiental+mineracao_energia	2696	
4	comercio_exterior+conectividade+fiscalizacao_ambiental+mobilidade	2696	
4	comercio_exterior+conectividade+fiscalizacao_ambiental+mortalidade	2696	
4	comercio_exterior+conectividade+fiscalizacao_ambiental+natalidade	2696	
4	comercio_exterior+conectividade+fiscalizacao_ambiental+politica	2696	
4	comercio_exterior+conectividade+fiscalizacao_ambiental+sancao_integridade	2696	
4	comercio_exterior+conectividade+fiscalizacao_ambiental+saneamento_agua	2696	
4	comercio_exterior+conectividade+fiscalizacao_ambiental+saude_producao	2696	
4	comercio_exterior+conectividade+fiscalizacao_ambiental+trabalho_empresa	2696	
4	comercio_exterior+conectividade+fiscalizacao_ambiental+transferencia_renda	2696	
4	comercio_exterior+conectividade+fiscalizacao_ambiental+vigilancia_sinan	2696	
4	comercio_exterior+conectividade+fundiario+mineracao_energia	2696	
4	comercio_exterior+conectividade+fundiario+mobilidade	2696	
4	comercio_exterior+conectividade+fundiario+mortalidade	2696	
4	comercio_exterior+conectividade+fundiario+natalidade	2696	
4	comercio_exterior+conectividade+fundiario+politica	2696	
4	comercio_exterior+conectividade+fundiario+sancao_integridade	2696	
4	comercio_exterior+conectividade+fundiario+saneamento_agua	2696	
4	comercio_exterior+conectividade+fundiario+saude_producao	2696	
4	comercio_exterior+conectividade+fundiario+trabalho_empresa	2696	
4	comercio_exterior+conectividade+fundiario+transferencia_renda	2696	
4	comercio_exterior+conectividade+fundiario+vigilancia_sinan	2696	
4	comercio_exterior+conectividade+mineracao_energia+mobilidade	2696	
4	comercio_exterior+conectividade+mineracao_energia+mortalidade	2696	
4	comercio_exterior+conectividade+mineracao_energia+natalidade	2696	
4	comercio_exterior+conectividade+mineracao_energia+politica	2696	
4	comercio_exterior+conectividade+mineracao_energia+sancao_integridade	2696	
4	comercio_exterior+conectividade+mineracao_energia+saneamento_agua	2696	
4	comercio_exterior+conectividade+mineracao_energia+saude_producao	2696	
4	comercio_exterior+conectividade+mineracao_energia+trabalho_empresa	2696	
4	comercio_exterior+conectividade+mineracao_energia+transferencia_renda	2696	
4	comercio_exterior+conectividade+mineracao_energia+vigilancia_sinan	2696	
4	comercio_exterior+conectividade+mobilidade+mortalidade	2696	
4	comercio_exterior+conectividade+mobilidade+natalidade	2696	
4	comercio_exterior+conectividade+mobilidade+politica	2696	
4	comercio_exterior+conectividade+mobilidade+sancao_integridade	2696	
4	comercio_exterior+conectividade+mobilidade+saneamento_agua	2696	
4	comercio_exterior+conectividade+mobilidade+saude_producao	2696	
4	comercio_exterior+conectividade+mobilidade+trabalho_empresa	2696	
4	comercio_exterior+conectividade+mobilidade+transferencia_renda	2696	
4	comercio_exterior+conectividade+mobilidade+vigilancia_sinan	2696	
4	comercio_exterior+conectividade+mortalidade+natalidade	2696	
4	comercio_exterior+conectividade+mortalidade+politica	2696	
4	comercio_exterior+conectividade+mortalidade+sancao_integridade	2696	
4	comercio_exterior+conectividade+mortalidade+saneamento_agua	2696	
4	comercio_exterior+conectividade+mortalidade+saude_producao	2696	
4	comercio_exterior+conectividade+mortalidade+trabalho_empresa	2696	
4	comercio_exterior+conectividade+mortalidade+transferencia_renda	2696	
4	comercio_exterior+conectividade+mortalidade+vigilancia_sinan	2696	
4	comercio_exterior+conectividade+natalidade+politica	2696	
4	comercio_exterior+conectividade+natalidade+sancao_integridade	2696	
4	comercio_exterior+conectividade+natalidade+saneamento_agua	2696	
4	comercio_exterior+conectividade+natalidade+saude_producao	2696	
4	comercio_exterior+conectividade+natalidade+trabalho_empresa	2696	
4	comercio_exterior+conectividade+natalidade+transferencia_renda	2696	
4	comercio_exterior+conectividade+natalidade+vigilancia_sinan	2696	
4	comercio_exterior+conectividade+politica+sancao_integridade	2696	
4	comercio_exterior+conectividade+politica+saneamento_agua	2696	
4	comercio_exterior+conectividade+politica+saude_producao	2696	
4	comercio_exterior+conectividade+politica+trabalho_empresa	2696	
4	comercio_exterior+conectividade+politica+transferencia_renda	2696	
4	comercio_exterior+conectividade+politica+vigilancia_sinan	2696	
4	comercio_exterior+conectividade+sancao_integridade+saneamento_agua	2696	
4	comercio_exterior+conectividade+sancao_integridade+saude_producao	2696	
4	comercio_exterior+conectividade+sancao_integridade+trabalho_empresa	2696	
4	comercio_exterior+conectividade+sancao_integridade+transferencia_renda	2696	
4	comercio_exterior+conectividade+sancao_integridade+vigilancia_sinan	2696	
4	comercio_exterior+conectividade+saneamento_agua+saude_producao	2696	
4	comercio_exterior+conectividade+saneamento_agua+trabalho_empresa	2696	
4	comercio_exterior+conectividade+saneamento_agua+transferencia_renda	2696	
4	comercio_exterior+conectividade+saneamento_agua+vigilancia_sinan	2696	
4	comercio_exterior+conectividade+saude_producao+trabalho_empresa	2696	
4	comercio_exterior+conectividade+saude_producao+transferencia_renda	2696	
4	comercio_exterior+conectividade+saude_producao+vigilancia_sinan	2696	
4	comercio_exterior+conectividade+trabalho_empresa+transferencia_renda	2696	
4	comercio_exterior+conectividade+trabalho_empresa+vigilancia_sinan	2696	
4	comercio_exterior+conectividade+transferencia_renda+vigilancia_sinan	2696	
4	comercio_exterior+credito_financeiro+demografia_censo+desmatamento_clima	2696	
4	comercio_exterior+credito_financeiro+demografia_censo+educacao	2696	
4	comercio_exterior+credito_financeiro+demografia_censo+fiscal_municipal	2696	
4	comercio_exterior+credito_financeiro+demografia_censo+fiscalizacao_ambiental	2696	
4	comercio_exterior+credito_financeiro+demografia_censo+fundiario	2696	
4	comercio_exterior+credito_financeiro+demografia_censo+mineracao_energia	2696	
4	comercio_exterior+credito_financeiro+demografia_censo+mobilidade	2696	
4	comercio_exterior+credito_financeiro+demografia_censo+mortalidade	2696	
4	comercio_exterior+credito_financeiro+demografia_censo+natalidade	2696	
4	comercio_exterior+credito_financeiro+demografia_censo+politica	2696	
4	comercio_exterior+credito_financeiro+demografia_censo+sancao_integridade	2696	
4	comercio_exterior+credito_financeiro+demografia_censo+saneamento_agua	2696	
4	comercio_exterior+credito_financeiro+demografia_censo+saude_producao	2696	
4	comercio_exterior+credito_financeiro+demografia_censo+trabalho_empresa	2696	
4	comercio_exterior+credito_financeiro+demografia_censo+transferencia_renda	2696	
4	comercio_exterior+credito_financeiro+demografia_censo+vigilancia_sinan	2696	
4	comercio_exterior+credito_financeiro+desmatamento_clima+educacao	2696	
4	comercio_exterior+credito_financeiro+desmatamento_clima+fiscal_municipal	2696	
4	comercio_exterior+credito_financeiro+desmatamento_clima+fiscalizacao_ambiental	2696	
4	comercio_exterior+credito_financeiro+desmatamento_clima+fundiario	2696	
4	comercio_exterior+credito_financeiro+desmatamento_clima+mineracao_energia	2696	
4	comercio_exterior+credito_financeiro+desmatamento_clima+mobilidade	2696	
4	comercio_exterior+credito_financeiro+desmatamento_clima+mortalidade	2696	
4	comercio_exterior+credito_financeiro+desmatamento_clima+natalidade	2696	
4	comercio_exterior+credito_financeiro+desmatamento_clima+politica	2696	
4	comercio_exterior+credito_financeiro+desmatamento_clima+sancao_integridade	2696	
4	comercio_exterior+credito_financeiro+desmatamento_clima+saneamento_agua	2696	
4	comercio_exterior+credito_financeiro+desmatamento_clima+saude_producao	2696	
4	comercio_exterior+credito_financeiro+desmatamento_clima+trabalho_empresa	2696	
4	comercio_exterior+credito_financeiro+desmatamento_clima+transferencia_renda	2696	
4	comercio_exterior+credito_financeiro+desmatamento_clima+vigilancia_sinan	2696	
4	comercio_exterior+credito_financeiro+educacao+fiscal_municipal	2696	
4	comercio_exterior+credito_financeiro+educacao+fiscalizacao_ambiental	2696	
4	comercio_exterior+credito_financeiro+educacao+fundiario	2696	
4	comercio_exterior+credito_financeiro+educacao+mineracao_energia	2696	
4	comercio_exterior+credito_financeiro+educacao+mobilidade	2696	
4	comercio_exterior+credito_financeiro+educacao+mortalidade	2696	
4	comercio_exterior+credito_financeiro+educacao+natalidade	2696	
4	comercio_exterior+credito_financeiro+educacao+politica	2696	
4	comercio_exterior+credito_financeiro+educacao+sancao_integridade	2696	
4	comercio_exterior+credito_financeiro+educacao+saneamento_agua	2696	
4	comercio_exterior+credito_financeiro+educacao+saude_producao	2696	
4	comercio_exterior+credito_financeiro+educacao+trabalho_empresa	2696	
4	comercio_exterior+credito_financeiro+educacao+transferencia_renda	2696	
4	comercio_exterior+credito_financeiro+educacao+vigilancia_sinan	2696	
4	comercio_exterior+credito_financeiro+fiscal_municipal+fiscalizacao_ambiental	2696	
4	comercio_exterior+credito_financeiro+fiscal_municipal+fundiario	2696	
4	comercio_exterior+credito_financeiro+fiscal_municipal+mineracao_energia	2696	
4	comercio_exterior+credito_financeiro+fiscal_municipal+mobilidade	2696	
4	comercio_exterior+credito_financeiro+fiscal_municipal+mortalidade	2696	
4	comercio_exterior+credito_financeiro+fiscal_municipal+natalidade	2696	
4	comercio_exterior+credito_financeiro+fiscal_municipal+politica	2696	
4	comercio_exterior+credito_financeiro+fiscal_municipal+sancao_integridade	2696	
4	comercio_exterior+credito_financeiro+fiscal_municipal+saneamento_agua	2696	
4	comercio_exterior+credito_financeiro+fiscal_municipal+saude_producao	2696	
4	comercio_exterior+credito_financeiro+fiscal_municipal+trabalho_empresa	2696	
4	comercio_exterior+credito_financeiro+fiscal_municipal+transferencia_renda	2696	
4	comercio_exterior+credito_financeiro+fiscal_municipal+vigilancia_sinan	2696	
4	comercio_exterior+credito_financeiro+fiscalizacao_ambiental+fundiario	2696	
4	comercio_exterior+credito_financeiro+fiscalizacao_ambiental+mineracao_energia	2696	
4	comercio_exterior+credito_financeiro+fiscalizacao_ambiental+mobilidade	2696	
4	comercio_exterior+credito_financeiro+fiscalizacao_ambiental+mortalidade	2696	
4	comercio_exterior+credito_financeiro+fiscalizacao_ambiental+natalidade	2696	
4	comercio_exterior+credito_financeiro+fiscalizacao_ambiental+politica	2696	
4	comercio_exterior+credito_financeiro+fiscalizacao_ambiental+sancao_integridade	2696	
4	comercio_exterior+credito_financeiro+fiscalizacao_ambiental+saneamento_agua	2696	
4	comercio_exterior+credito_financeiro+fiscalizacao_ambiental+saude_producao	2696	
4	comercio_exterior+credito_financeiro+fiscalizacao_ambiental+trabalho_empresa	2696	
4	comercio_exterior+credito_financeiro+fiscalizacao_ambiental+transferencia_renda	2696	
4	comercio_exterior+credito_financeiro+fiscalizacao_ambiental+vigilancia_sinan	2696	
4	comercio_exterior+credito_financeiro+fundiario+mineracao_energia	2696	
4	comercio_exterior+credito_financeiro+fundiario+mobilidade	2696	
4	comercio_exterior+credito_financeiro+fundiario+mortalidade	2696	
4	comercio_exterior+credito_financeiro+fundiario+natalidade	2696	
4	comercio_exterior+credito_financeiro+fundiario+politica	2696	
4	comercio_exterior+credito_financeiro+fundiario+sancao_integridade	2696	
4	comercio_exterior+credito_financeiro+fundiario+saneamento_agua	2696	
4	comercio_exterior+credito_financeiro+fundiario+saude_producao	2696	
4	comercio_exterior+credito_financeiro+fundiario+trabalho_empresa	2696	
4	comercio_exterior+credito_financeiro+fundiario+transferencia_renda	2696	
4	comercio_exterior+credito_financeiro+fundiario+vigilancia_sinan	2696	
4	comercio_exterior+credito_financeiro+mineracao_energia+mobilidade	2696	
4	comercio_exterior+credito_financeiro+mineracao_energia+mortalidade	2696	
4	comercio_exterior+credito_financeiro+mineracao_energia+natalidade	2696	
4	comercio_exterior+credito_financeiro+mineracao_energia+politica	2696	
4	comercio_exterior+credito_financeiro+mineracao_energia+sancao_integridade	2696	
4	comercio_exterior+credito_financeiro+mineracao_energia+saneamento_agua	2696	
4	comercio_exterior+credito_financeiro+mineracao_energia+saude_producao	2696	
4	comercio_exterior+credito_financeiro+mineracao_energia+trabalho_empresa	2696	
4	comercio_exterior+credito_financeiro+mineracao_energia+transferencia_renda	2696	
4	comercio_exterior+credito_financeiro+mineracao_energia+vigilancia_sinan	2696	
4	comercio_exterior+credito_financeiro+mobilidade+mortalidade	2696	
4	comercio_exterior+credito_financeiro+mobilidade+natalidade	2696	
4	comercio_exterior+credito_financeiro+mobilidade+politica	2696	
4	comercio_exterior+credito_financeiro+mobilidade+sancao_integridade	2696	
4	comercio_exterior+credito_financeiro+mobilidade+saneamento_agua	2696	
4	comercio_exterior+credito_financeiro+mobilidade+saude_producao	2696	
4	comercio_exterior+credito_financeiro+mobilidade+trabalho_empresa	2696	
4	comercio_exterior+credito_financeiro+mobilidade+transferencia_renda	2696	
4	comercio_exterior+credito_financeiro+mobilidade+vigilancia_sinan	2696	
4	comercio_exterior+credito_financeiro+mortalidade+natalidade	2696	
4	comercio_exterior+credito_financeiro+mortalidade+politica	2696	
4	comercio_exterior+credito_financeiro+mortalidade+sancao_integridade	2696	
4	comercio_exterior+credito_financeiro+mortalidade+saneamento_agua	2696	
4	comercio_exterior+credito_financeiro+mortalidade+saude_producao	2696	
4	comercio_exterior+credito_financeiro+mortalidade+trabalho_empresa	2696	
4	comercio_exterior+credito_financeiro+mortalidade+transferencia_renda	2696	
4	comercio_exterior+credito_financeiro+mortalidade+vigilancia_sinan	2696	
4	comercio_exterior+credito_financeiro+natalidade+politica	2696	
4	comercio_exterior+credito_financeiro+natalidade+sancao_integridade	2696	
4	comercio_exterior+credito_financeiro+natalidade+saneamento_agua	2696	
4	comercio_exterior+credito_financeiro+natalidade+saude_producao	2696	
4	comercio_exterior+credito_financeiro+natalidade+trabalho_empresa	2696	
4	comercio_exterior+credito_financeiro+natalidade+transferencia_renda	2696	
4	comercio_exterior+credito_financeiro+natalidade+vigilancia_sinan	2696	
4	comercio_exterior+credito_financeiro+politica+sancao_integridade	2696	
4	comercio_exterior+credito_financeiro+politica+saneamento_agua	2696	
4	comercio_exterior+credito_financeiro+politica+saude_producao	2696	
4	comercio_exterior+credito_financeiro+politica+trabalho_empresa	2696	
4	comercio_exterior+credito_financeiro+politica+transferencia_renda	2696	
4	comercio_exterior+credito_financeiro+politica+vigilancia_sinan	2696	
4	comercio_exterior+credito_financeiro+sancao_integridade+saneamento_agua	2696	
4	comercio_exterior+credito_financeiro+sancao_integridade+saude_producao	2696	
4	comercio_exterior+credito_financeiro+sancao_integridade+trabalho_empresa	2696	
4	comercio_exterior+credito_financeiro+sancao_integridade+transferencia_renda	2696	
4	comercio_exterior+credito_financeiro+sancao_integridade+vigilancia_sinan	2696	
4	comercio_exterior+credito_financeiro+saneamento_agua+saude_producao	2696	
4	comercio_exterior+credito_financeiro+saneamento_agua+trabalho_empresa	2696	
4	comercio_exterior+credito_financeiro+saneamento_agua+transferencia_renda	2696	
4	comercio_exterior+credito_financeiro+saneamento_agua+vigilancia_sinan	2696	
4	comercio_exterior+credito_financeiro+saude_producao+trabalho_empresa	2696	
4	comercio_exterior+credito_financeiro+saude_producao+transferencia_renda	2696	
4	comercio_exterior+credito_financeiro+saude_producao+vigilancia_sinan	2696	
4	comercio_exterior+credito_financeiro+trabalho_empresa+transferencia_renda	2696	
4	comercio_exterior+credito_financeiro+trabalho_empresa+vigilancia_sinan	2696	
4	comercio_exterior+credito_financeiro+transferencia_renda+vigilancia_sinan	2696	
4	comercio_exterior+demografia_censo+desmatamento_clima+educacao	2696	
4	comercio_exterior+demografia_censo+desmatamento_clima+fiscal_municipal	2696	
4	comercio_exterior+demografia_censo+desmatamento_clima+fiscalizacao_ambiental	2696	
4	comercio_exterior+demografia_censo+desmatamento_clima+fundiario	2696	
4	comercio_exterior+demografia_censo+desmatamento_clima+mineracao_energia	2696	
4	comercio_exterior+demografia_censo+desmatamento_clima+mobilidade	2696	
4	comercio_exterior+demografia_censo+desmatamento_clima+mortalidade	2696	
4	comercio_exterior+demografia_censo+desmatamento_clima+natalidade	2696	
4	comercio_exterior+demografia_censo+desmatamento_clima+politica	2696	
4	comercio_exterior+demografia_censo+desmatamento_clima+sancao_integridade	2696	
4	comercio_exterior+demografia_censo+desmatamento_clima+saneamento_agua	2696	
4	comercio_exterior+demografia_censo+desmatamento_clima+saude_producao	2696	
4	comercio_exterior+demografia_censo+desmatamento_clima+trabalho_empresa	2696	
4	comercio_exterior+demografia_censo+desmatamento_clima+transferencia_renda	2696	
4	comercio_exterior+demografia_censo+desmatamento_clima+vigilancia_sinan	2696	
4	comercio_exterior+demografia_censo+educacao+fiscal_municipal	2696	
4	comercio_exterior+demografia_censo+educacao+fiscalizacao_ambiental	2696	
4	comercio_exterior+demografia_censo+educacao+fundiario	2696	
4	comercio_exterior+demografia_censo+educacao+mineracao_energia	2696	
4	comercio_exterior+demografia_censo+educacao+mobilidade	2696	
4	comercio_exterior+demografia_censo+educacao+mortalidade	2696	
4	comercio_exterior+demografia_censo+educacao+natalidade	2696	
4	comercio_exterior+demografia_censo+educacao+politica	2696	
4	comercio_exterior+demografia_censo+educacao+sancao_integridade	2696	
4	comercio_exterior+demografia_censo+educacao+saneamento_agua	2696	
4	comercio_exterior+demografia_censo+educacao+saude_producao	2696	
4	comercio_exterior+demografia_censo+educacao+trabalho_empresa	2696	
4	comercio_exterior+demografia_censo+educacao+transferencia_renda	2696	
4	comercio_exterior+demografia_censo+educacao+vigilancia_sinan	2696	
4	comercio_exterior+demografia_censo+fiscal_municipal+fiscalizacao_ambiental	2696	
4	comercio_exterior+demografia_censo+fiscal_municipal+fundiario	2696	
4	comercio_exterior+demografia_censo+fiscal_municipal+mineracao_energia	2696	
4	comercio_exterior+demografia_censo+fiscal_municipal+mobilidade	2696	
4	comercio_exterior+demografia_censo+fiscal_municipal+mortalidade	2696	
4	comercio_exterior+demografia_censo+fiscal_municipal+natalidade	2696	
4	comercio_exterior+demografia_censo+fiscal_municipal+politica	2696	
4	comercio_exterior+demografia_censo+fiscal_municipal+sancao_integridade	2696	
4	comercio_exterior+demografia_censo+fiscal_municipal+saneamento_agua	2696	
4	comercio_exterior+demografia_censo+fiscal_municipal+saude_producao	2696	
4	comercio_exterior+demografia_censo+fiscal_municipal+trabalho_empresa	2696	
4	comercio_exterior+demografia_censo+fiscal_municipal+transferencia_renda	2696	
4	comercio_exterior+demografia_censo+fiscal_municipal+vigilancia_sinan	2696	
4	comercio_exterior+demografia_censo+fiscalizacao_ambiental+fundiario	2696	
4	comercio_exterior+demografia_censo+fiscalizacao_ambiental+mineracao_energia	2696	
4	comercio_exterior+demografia_censo+fiscalizacao_ambiental+mobilidade	2696	
4	comercio_exterior+demografia_censo+fiscalizacao_ambiental+mortalidade	2696	
4	comercio_exterior+demografia_censo+fiscalizacao_ambiental+natalidade	2696	
4	comercio_exterior+demografia_censo+fiscalizacao_ambiental+politica	2696	
4	comercio_exterior+demografia_censo+fiscalizacao_ambiental+sancao_integridade	2696	
4	comercio_exterior+demografia_censo+fiscalizacao_ambiental+saneamento_agua	2696	
4	comercio_exterior+demografia_censo+fiscalizacao_ambiental+saude_producao	2696	
4	comercio_exterior+demografia_censo+fiscalizacao_ambiental+trabalho_empresa	2696	
4	comercio_exterior+demografia_censo+fiscalizacao_ambiental+transferencia_renda	2696	
4	comercio_exterior+demografia_censo+fiscalizacao_ambiental+vigilancia_sinan	2696	
4	comercio_exterior+demografia_censo+fundiario+mineracao_energia	2696	
4	comercio_exterior+demografia_censo+fundiario+mobilidade	2696	
4	comercio_exterior+demografia_censo+fundiario+mortalidade	2696	
4	comercio_exterior+demografia_censo+fundiario+natalidade	2696	
4	comercio_exterior+demografia_censo+fundiario+politica	2696	
4	comercio_exterior+demografia_censo+fundiario+sancao_integridade	2696	
4	comercio_exterior+demografia_censo+fundiario+saneamento_agua	2696	
4	comercio_exterior+demografia_censo+fundiario+saude_producao	2696	
4	comercio_exterior+demografia_censo+fundiario+trabalho_empresa	2696	
4	comercio_exterior+demografia_censo+fundiario+transferencia_renda	2696	
4	comercio_exterior+demografia_censo+fundiario+vigilancia_sinan	2696	
4	comercio_exterior+demografia_censo+mineracao_energia+mobilidade	2696	
4	comercio_exterior+demografia_censo+mineracao_energia+mortalidade	2696	
4	comercio_exterior+demografia_censo+mineracao_energia+natalidade	2696	
4	comercio_exterior+demografia_censo+mineracao_energia+politica	2696	
4	comercio_exterior+demografia_censo+mineracao_energia+sancao_integridade	2696	
4	comercio_exterior+demografia_censo+mineracao_energia+saneamento_agua	2696	
4	comercio_exterior+demografia_censo+mineracao_energia+saude_producao	2696	
4	comercio_exterior+demografia_censo+mineracao_energia+trabalho_empresa	2696	
4	comercio_exterior+demografia_censo+mineracao_energia+transferencia_renda	2696	
4	comercio_exterior+demografia_censo+mineracao_energia+vigilancia_sinan	2696	
4	comercio_exterior+demografia_censo+mobilidade+mortalidade	2696	
4	comercio_exterior+demografia_censo+mobilidade+natalidade	2696	
4	comercio_exterior+demografia_censo+mobilidade+politica	2696	
4	comercio_exterior+demografia_censo+mobilidade+sancao_integridade	2696	
4	comercio_exterior+demografia_censo+mobilidade+saneamento_agua	2696	
4	comercio_exterior+demografia_censo+mobilidade+saude_producao	2696	
4	comercio_exterior+demografia_censo+mobilidade+trabalho_empresa	2696	
4	comercio_exterior+demografia_censo+mobilidade+transferencia_renda	2696	
4	comercio_exterior+demografia_censo+mobilidade+vigilancia_sinan	2696	
4	comercio_exterior+demografia_censo+mortalidade+natalidade	2696	
4	comercio_exterior+demografia_censo+mortalidade+politica	2696	
4	comercio_exterior+demografia_censo+mortalidade+sancao_integridade	2696	
4	comercio_exterior+demografia_censo+mortalidade+saneamento_agua	2696	
4	comercio_exterior+demografia_censo+mortalidade+saude_producao	2696	
4	comercio_exterior+demografia_censo+mortalidade+trabalho_empresa	2696	
4	comercio_exterior+demografia_censo+mortalidade+transferencia_renda	2696	
4	comercio_exterior+demografia_censo+mortalidade+vigilancia_sinan	2696	
4	comercio_exterior+demografia_censo+natalidade+politica	2696	
4	comercio_exterior+demografia_censo+natalidade+sancao_integridade	2696	
4	comercio_exterior+demografia_censo+natalidade+saneamento_agua	2696	
4	comercio_exterior+demografia_censo+natalidade+saude_producao	2696	
4	comercio_exterior+demografia_censo+natalidade+trabalho_empresa	2696	
4	comercio_exterior+demografia_censo+natalidade+transferencia_renda	2696	
4	comercio_exterior+demografia_censo+natalidade+vigilancia_sinan	2696	
4	comercio_exterior+demografia_censo+politica+sancao_integridade	2696	
4	comercio_exterior+demografia_censo+politica+saneamento_agua	2696	
4	comercio_exterior+demografia_censo+politica+saude_producao	2696	
4	comercio_exterior+demografia_censo+politica+trabalho_empresa	2696	
4	comercio_exterior+demografia_censo+politica+transferencia_renda	2696	
4	comercio_exterior+demografia_censo+politica+vigilancia_sinan	2696	
4	comercio_exterior+demografia_censo+sancao_integridade+saneamento_agua	2696	
4	comercio_exterior+demografia_censo+sancao_integridade+saude_producao	2696	
4	comercio_exterior+demografia_censo+sancao_integridade+trabalho_empresa	2696	
4	comercio_exterior+demografia_censo+sancao_integridade+transferencia_renda	2696	
4	comercio_exterior+demografia_censo+sancao_integridade+vigilancia_sinan	2696	
4	comercio_exterior+demografia_censo+saneamento_agua+saude_producao	2696	
4	comercio_exterior+demografia_censo+saneamento_agua+trabalho_empresa	2696	
4	comercio_exterior+demografia_censo+saneamento_agua+transferencia_renda	2696	
4	comercio_exterior+demografia_censo+saneamento_agua+vigilancia_sinan	2696	
4	comercio_exterior+demografia_censo+saude_producao+trabalho_empresa	2696	
4	comercio_exterior+demografia_censo+saude_producao+transferencia_renda	2696	
4	comercio_exterior+demografia_censo+saude_producao+vigilancia_sinan	2696	
4	comercio_exterior+demografia_censo+trabalho_empresa+transferencia_renda	2696	
4	comercio_exterior+demografia_censo+trabalho_empresa+vigilancia_sinan	2696	
4	comercio_exterior+demografia_censo+transferencia_renda+vigilancia_sinan	2696	
4	comercio_exterior+desmatamento_clima+educacao+fiscal_municipal	2696	
4	comercio_exterior+desmatamento_clima+educacao+fiscalizacao_ambiental	2696	
4	comercio_exterior+desmatamento_clima+educacao+fundiario	2696	
4	comercio_exterior+desmatamento_clima+educacao+mineracao_energia	2696	
4	comercio_exterior+desmatamento_clima+educacao+mobilidade	2696	
4	comercio_exterior+desmatamento_clima+educacao+mortalidade	2696	
4	comercio_exterior+desmatamento_clima+educacao+natalidade	2696	
4	comercio_exterior+desmatamento_clima+educacao+politica	2696	
4	comercio_exterior+desmatamento_clima+educacao+sancao_integridade	2696	
4	comercio_exterior+desmatamento_clima+educacao+saneamento_agua	2696	
4	comercio_exterior+desmatamento_clima+educacao+saude_producao	2696	
4	comercio_exterior+desmatamento_clima+educacao+trabalho_empresa	2696	
4	comercio_exterior+desmatamento_clima+educacao+transferencia_renda	2696	
4	comercio_exterior+desmatamento_clima+educacao+vigilancia_sinan	2696	
4	comercio_exterior+desmatamento_clima+fiscal_municipal+fiscalizacao_ambiental	2696	
4	comercio_exterior+desmatamento_clima+fiscal_municipal+fundiario	2696	
4	comercio_exterior+desmatamento_clima+fiscal_municipal+mineracao_energia	2696	
4	comercio_exterior+desmatamento_clima+fiscal_municipal+mobilidade	2696	
4	comercio_exterior+desmatamento_clima+fiscal_municipal+mortalidade	2696	
4	comercio_exterior+desmatamento_clima+fiscal_municipal+natalidade	2696	
4	comercio_exterior+desmatamento_clima+fiscal_municipal+politica	2696	
4	comercio_exterior+desmatamento_clima+fiscal_municipal+sancao_integridade	2696	
4	comercio_exterior+desmatamento_clima+fiscal_municipal+saneamento_agua	2696	
4	comercio_exterior+desmatamento_clima+fiscal_municipal+saude_producao	2696	
4	comercio_exterior+desmatamento_clima+fiscal_municipal+trabalho_empresa	2696	
4	comercio_exterior+desmatamento_clima+fiscal_municipal+transferencia_renda	2696	
4	comercio_exterior+desmatamento_clima+fiscal_municipal+vigilancia_sinan	2696	
4	comercio_exterior+desmatamento_clima+fiscalizacao_ambiental+fundiario	2696	
4	comercio_exterior+desmatamento_clima+fiscalizacao_ambiental+mineracao_energia	2696	
4	comercio_exterior+desmatamento_clima+fiscalizacao_ambiental+mobilidade	2696	
4	comercio_exterior+desmatamento_clima+fiscalizacao_ambiental+mortalidade	2696	
4	comercio_exterior+desmatamento_clima+fiscalizacao_ambiental+natalidade	2696	
4	comercio_exterior+desmatamento_clima+fiscalizacao_ambiental+politica	2696	
4	comercio_exterior+desmatamento_clima+fiscalizacao_ambiental+sancao_integridade	2696	
4	comercio_exterior+desmatamento_clima+fiscalizacao_ambiental+saneamento_agua	2696	
4	comercio_exterior+desmatamento_clima+fiscalizacao_ambiental+saude_producao	2696	
4	comercio_exterior+desmatamento_clima+fiscalizacao_ambiental+trabalho_empresa	2696	
4	comercio_exterior+desmatamento_clima+fiscalizacao_ambiental+transferencia_renda	2696	
4	comercio_exterior+desmatamento_clima+fiscalizacao_ambiental+vigilancia_sinan	2696	
4	comercio_exterior+desmatamento_clima+fundiario+mineracao_energia	2696	
4	comercio_exterior+desmatamento_clima+fundiario+mobilidade	2696	
4	comercio_exterior+desmatamento_clima+fundiario+mortalidade	2696	
4	comercio_exterior+desmatamento_clima+fundiario+natalidade	2696	
4	comercio_exterior+desmatamento_clima+fundiario+politica	2696	
4	comercio_exterior+desmatamento_clima+fundiario+sancao_integridade	2696	
4	comercio_exterior+desmatamento_clima+fundiario+saneamento_agua	2696	
4	comercio_exterior+desmatamento_clima+fundiario+saude_producao	2696	
4	comercio_exterior+desmatamento_clima+fundiario+trabalho_empresa	2696	
4	comercio_exterior+desmatamento_clima+fundiario+transferencia_renda	2696	
4	comercio_exterior+desmatamento_clima+fundiario+vigilancia_sinan	2696	
4	comercio_exterior+desmatamento_clima+mineracao_energia+mobilidade	2696	
4	comercio_exterior+desmatamento_clima+mineracao_energia+mortalidade	2696	
4	comercio_exterior+desmatamento_clima+mineracao_energia+natalidade	2696	
4	comercio_exterior+desmatamento_clima+mineracao_energia+politica	2696	
4	comercio_exterior+desmatamento_clima+mineracao_energia+sancao_integridade	2696	
4	comercio_exterior+desmatamento_clima+mineracao_energia+saneamento_agua	2696	
4	comercio_exterior+desmatamento_clima+mineracao_energia+saude_producao	2696	
4	comercio_exterior+desmatamento_clima+mineracao_energia+trabalho_empresa	2696	
4	comercio_exterior+desmatamento_clima+mineracao_energia+transferencia_renda	2696	
4	comercio_exterior+desmatamento_clima+mineracao_energia+vigilancia_sinan	2696	
4	comercio_exterior+desmatamento_clima+mobilidade+mortalidade	2696	
4	comercio_exterior+desmatamento_clima+mobilidade+natalidade	2696	
4	comercio_exterior+desmatamento_clima+mobilidade+politica	2696	
4	comercio_exterior+desmatamento_clima+mobilidade+sancao_integridade	2696	
4	comercio_exterior+desmatamento_clima+mobilidade+saneamento_agua	2696	
4	comercio_exterior+desmatamento_clima+mobilidade+saude_producao	2696	
4	comercio_exterior+desmatamento_clima+mobilidade+trabalho_empresa	2696	
4	comercio_exterior+desmatamento_clima+mobilidade+transferencia_renda	2696	
4	comercio_exterior+desmatamento_clima+mobilidade+vigilancia_sinan	2696	
4	comercio_exterior+desmatamento_clima+mortalidade+natalidade	2696	
4	comercio_exterior+desmatamento_clima+mortalidade+politica	2696	
4	comercio_exterior+desmatamento_clima+mortalidade+sancao_integridade	2696	
4	comercio_exterior+desmatamento_clima+mortalidade+saneamento_agua	2696	
4	comercio_exterior+desmatamento_clima+mortalidade+saude_producao	2696	
4	comercio_exterior+desmatamento_clima+mortalidade+trabalho_empresa	2696	
4	comercio_exterior+desmatamento_clima+mortalidade+transferencia_renda	2696	
4	comercio_exterior+desmatamento_clima+mortalidade+vigilancia_sinan	2696	
4	comercio_exterior+desmatamento_clima+natalidade+politica	2696	
4	comercio_exterior+desmatamento_clima+natalidade+sancao_integridade	2696	
4	comercio_exterior+desmatamento_clima+natalidade+saneamento_agua	2696	
4	comercio_exterior+desmatamento_clima+natalidade+saude_producao	2696	
4	comercio_exterior+desmatamento_clima+natalidade+trabalho_empresa	2696	
4	comercio_exterior+desmatamento_clima+natalidade+transferencia_renda	2696	
4	comercio_exterior+desmatamento_clima+natalidade+vigilancia_sinan	2696	
4	comercio_exterior+desmatamento_clima+politica+sancao_integridade	2696	
4	comercio_exterior+desmatamento_clima+politica+saneamento_agua	2696	
4	comercio_exterior+desmatamento_clima+politica+saude_producao	2696	
4	comercio_exterior+desmatamento_clima+politica+trabalho_empresa	2696	
4	comercio_exterior+desmatamento_clima+politica+transferencia_renda	2696	
4	comercio_exterior+desmatamento_clima+politica+vigilancia_sinan	2696	
4	comercio_exterior+desmatamento_clima+sancao_integridade+saneamento_agua	2696	
4	comercio_exterior+desmatamento_clima+sancao_integridade+saude_producao	2696	
4	comercio_exterior+desmatamento_clima+sancao_integridade+trabalho_empresa	2696	
4	comercio_exterior+desmatamento_clima+sancao_integridade+transferencia_renda	2696	
4	comercio_exterior+desmatamento_clima+sancao_integridade+vigilancia_sinan	2696	
4	comercio_exterior+desmatamento_clima+saneamento_agua+saude_producao	2696	
4	comercio_exterior+desmatamento_clima+saneamento_agua+trabalho_empresa	2696	
4	comercio_exterior+desmatamento_clima+saneamento_agua+transferencia_renda	2696	
4	comercio_exterior+desmatamento_clima+saneamento_agua+vigilancia_sinan	2696	
4	comercio_exterior+desmatamento_clima+saude_producao+trabalho_empresa	2696	
4	comercio_exterior+desmatamento_clima+saude_producao+transferencia_renda	2696	
4	comercio_exterior+desmatamento_clima+saude_producao+vigilancia_sinan	2696	
4	comercio_exterior+desmatamento_clima+trabalho_empresa+transferencia_renda	2696	
4	comercio_exterior+desmatamento_clima+trabalho_empresa+vigilancia_sinan	2696	
4	comercio_exterior+desmatamento_clima+transferencia_renda+vigilancia_sinan	2696	
4	comercio_exterior+educacao+fiscal_municipal+fiscalizacao_ambiental	2696	
4	comercio_exterior+educacao+fiscal_municipal+fundiario	2696	
4	comercio_exterior+educacao+fiscal_municipal+mineracao_energia	2696	
4	comercio_exterior+educacao+fiscal_municipal+mobilidade	2696	
4	comercio_exterior+educacao+fiscal_municipal+mortalidade	2696	
4	comercio_exterior+educacao+fiscal_municipal+natalidade	2696	
4	comercio_exterior+educacao+fiscal_municipal+politica	2696	
4	comercio_exterior+educacao+fiscal_municipal+sancao_integridade	2696	
4	comercio_exterior+educacao+fiscal_municipal+saneamento_agua	2696	
4	comercio_exterior+educacao+fiscal_municipal+saude_producao	2696	
4	comercio_exterior+educacao+fiscal_municipal+trabalho_empresa	2696	
4	comercio_exterior+educacao+fiscal_municipal+transferencia_renda	2696	
4	comercio_exterior+educacao+fiscal_municipal+vigilancia_sinan	2696	
4	comercio_exterior+educacao+fiscalizacao_ambiental+fundiario	2696	
4	comercio_exterior+educacao+fiscalizacao_ambiental+mineracao_energia	2696	
4	comercio_exterior+educacao+fiscalizacao_ambiental+mobilidade	2696	
4	comercio_exterior+educacao+fiscalizacao_ambiental+mortalidade	2696	
4	comercio_exterior+educacao+fiscalizacao_ambiental+natalidade	2696	
4	comercio_exterior+educacao+fiscalizacao_ambiental+politica	2696	
4	comercio_exterior+educacao+fiscalizacao_ambiental+sancao_integridade	2696	
4	comercio_exterior+educacao+fiscalizacao_ambiental+saneamento_agua	2696	
4	comercio_exterior+educacao+fiscalizacao_ambiental+saude_producao	2696	
4	comercio_exterior+educacao+fiscalizacao_ambiental+trabalho_empresa	2696	
4	comercio_exterior+educacao+fiscalizacao_ambiental+transferencia_renda	2696	
4	comercio_exterior+educacao+fiscalizacao_ambiental+vigilancia_sinan	2696	
4	comercio_exterior+educacao+fundiario+mineracao_energia	2696	
4	comercio_exterior+educacao+fundiario+mobilidade	2696	
4	comercio_exterior+educacao+fundiario+mortalidade	2696	
4	comercio_exterior+educacao+fundiario+natalidade	2696	
4	comercio_exterior+educacao+fundiario+politica	2696	
4	comercio_exterior+educacao+fundiario+sancao_integridade	2696	
4	comercio_exterior+educacao+fundiario+saneamento_agua	2696	
4	comercio_exterior+educacao+fundiario+saude_producao	2696	
4	comercio_exterior+educacao+fundiario+trabalho_empresa	2696	
4	comercio_exterior+educacao+fundiario+transferencia_renda	2696	
4	comercio_exterior+educacao+fundiario+vigilancia_sinan	2696	
4	comercio_exterior+educacao+mineracao_energia+mobilidade	2696	
4	comercio_exterior+educacao+mineracao_energia+mortalidade	2696	
4	comercio_exterior+educacao+mineracao_energia+natalidade	2696	
4	comercio_exterior+educacao+mineracao_energia+politica	2696	
4	comercio_exterior+educacao+mineracao_energia+sancao_integridade	2696	
4	comercio_exterior+educacao+mineracao_energia+saneamento_agua	2696	
4	comercio_exterior+educacao+mineracao_energia+saude_producao	2696	
4	comercio_exterior+educacao+mineracao_energia+trabalho_empresa	2696	
4	comercio_exterior+educacao+mineracao_energia+transferencia_renda	2696	
4	comercio_exterior+educacao+mineracao_energia+vigilancia_sinan	2696	
4	comercio_exterior+educacao+mobilidade+mortalidade	2696	
4	comercio_exterior+educacao+mobilidade+natalidade	2696	
4	comercio_exterior+educacao+mobilidade+politica	2696	
4	comercio_exterior+educacao+mobilidade+sancao_integridade	2696	
4	comercio_exterior+educacao+mobilidade+saneamento_agua	2696	
4	comercio_exterior+educacao+mobilidade+saude_producao	2696	
4	comercio_exterior+educacao+mobilidade+trabalho_empresa	2696	
4	comercio_exterior+educacao+mobilidade+transferencia_renda	2696	
4	comercio_exterior+educacao+mobilidade+vigilancia_sinan	2696	
4	comercio_exterior+educacao+mortalidade+natalidade	2696	
4	comercio_exterior+educacao+mortalidade+politica	2696	
4	comercio_exterior+educacao+mortalidade+sancao_integridade	2696	
4	comercio_exterior+educacao+mortalidade+saneamento_agua	2696	
4	comercio_exterior+educacao+mortalidade+saude_producao	2696	
4	comercio_exterior+educacao+mortalidade+trabalho_empresa	2696	
4	comercio_exterior+educacao+mortalidade+transferencia_renda	2696	
4	comercio_exterior+educacao+mortalidade+vigilancia_sinan	2696	
4	comercio_exterior+educacao+natalidade+politica	2696	
4	comercio_exterior+educacao+natalidade+sancao_integridade	2696	
4	comercio_exterior+educacao+natalidade+saneamento_agua	2696	
4	comercio_exterior+educacao+natalidade+saude_producao	2696	
4	comercio_exterior+educacao+natalidade+trabalho_empresa	2696	
4	comercio_exterior+educacao+natalidade+transferencia_renda	2696	
4	comercio_exterior+educacao+natalidade+vigilancia_sinan	2696	
4	comercio_exterior+educacao+politica+sancao_integridade	2696	
4	comercio_exterior+educacao+politica+saneamento_agua	2696	
4	comercio_exterior+educacao+politica+saude_producao	2696	
4	comercio_exterior+educacao+politica+trabalho_empresa	2696	
4	comercio_exterior+educacao+politica+transferencia_renda	2696	
4	comercio_exterior+educacao+politica+vigilancia_sinan	2696	
4	comercio_exterior+educacao+sancao_integridade+saneamento_agua	2696	
4	comercio_exterior+educacao+sancao_integridade+saude_producao	2696	
4	comercio_exterior+educacao+sancao_integridade+trabalho_empresa	2696	
4	comercio_exterior+educacao+sancao_integridade+transferencia_renda	2696	
4	comercio_exterior+educacao+sancao_integridade+vigilancia_sinan	2696	
4	comercio_exterior+educacao+saneamento_agua+saude_producao	2696	
4	comercio_exterior+educacao+saneamento_agua+trabalho_empresa	2696	
4	comercio_exterior+educacao+saneamento_agua+transferencia_renda	2696	
4	comercio_exterior+educacao+saneamento_agua+vigilancia_sinan	2696	
4	comercio_exterior+educacao+saude_producao+trabalho_empresa	2696	
4	comercio_exterior+educacao+saude_producao+transferencia_renda	2696	
4	comercio_exterior+educacao+saude_producao+vigilancia_sinan	2696	
4	comercio_exterior+educacao+trabalho_empresa+transferencia_renda	2696	
4	comercio_exterior+educacao+trabalho_empresa+vigilancia_sinan	2696	
4	comercio_exterior+educacao+transferencia_renda+vigilancia_sinan	2696	
4	comercio_exterior+fiscal_municipal+fiscalizacao_ambiental+fundiario	2696	
4	comercio_exterior+fiscal_municipal+fiscalizacao_ambiental+mineracao_energia	2696	
4	comercio_exterior+fiscal_municipal+fiscalizacao_ambiental+mobilidade	2696	
4	comercio_exterior+fiscal_municipal+fiscalizacao_ambiental+mortalidade	2696	
4	comercio_exterior+fiscal_municipal+fiscalizacao_ambiental+natalidade	2696	
4	comercio_exterior+fiscal_municipal+fiscalizacao_ambiental+politica	2696	
4	comercio_exterior+fiscal_municipal+fiscalizacao_ambiental+sancao_integridade	2696	
4	comercio_exterior+fiscal_municipal+fiscalizacao_ambiental+saneamento_agua	2696	
4	comercio_exterior+fiscal_municipal+fiscalizacao_ambiental+saude_producao	2696	
4	comercio_exterior+fiscal_municipal+fiscalizacao_ambiental+trabalho_empresa	2696	
4	comercio_exterior+fiscal_municipal+fiscalizacao_ambiental+transferencia_renda	2696	
4	comercio_exterior+fiscal_municipal+fiscalizacao_ambiental+vigilancia_sinan	2696	
4	comercio_exterior+fiscal_municipal+fundiario+mineracao_energia	2696	
4	comercio_exterior+fiscal_municipal+fundiario+mobilidade	2696	
4	comercio_exterior+fiscal_municipal+fundiario+mortalidade	2696	
4	comercio_exterior+fiscal_municipal+fundiario+natalidade	2696	
4	comercio_exterior+fiscal_municipal+fundiario+politica	2696	
4	comercio_exterior+fiscal_municipal+fundiario+sancao_integridade	2696	
4	comercio_exterior+fiscal_municipal+fundiario+saneamento_agua	2696	
4	comercio_exterior+fiscal_municipal+fundiario+saude_producao	2696	
4	comercio_exterior+fiscal_municipal+fundiario+trabalho_empresa	2696	
4	comercio_exterior+fiscal_municipal+fundiario+transferencia_renda	2696	
4	comercio_exterior+fiscal_municipal+fundiario+vigilancia_sinan	2696	
4	comercio_exterior+fiscal_municipal+mineracao_energia+mobilidade	2696	
4	comercio_exterior+fiscal_municipal+mineracao_energia+mortalidade	2696	
4	comercio_exterior+fiscal_municipal+mineracao_energia+natalidade	2696	
4	comercio_exterior+fiscal_municipal+mineracao_energia+politica	2696	
4	comercio_exterior+fiscal_municipal+mineracao_energia+sancao_integridade	2696	
4	comercio_exterior+fiscal_municipal+mineracao_energia+saneamento_agua	2696	
4	comercio_exterior+fiscal_municipal+mineracao_energia+saude_producao	2696	
4	comercio_exterior+fiscal_municipal+mineracao_energia+trabalho_empresa	2696	
4	comercio_exterior+fiscal_municipal+mineracao_energia+transferencia_renda	2696	
4	comercio_exterior+fiscal_municipal+mineracao_energia+vigilancia_sinan	2696	
4	comercio_exterior+fiscal_municipal+mobilidade+mortalidade	2696	
4	comercio_exterior+fiscal_municipal+mobilidade+natalidade	2696	
4	comercio_exterior+fiscal_municipal+mobilidade+politica	2696	
4	comercio_exterior+fiscal_municipal+mobilidade+sancao_integridade	2696	
4	comercio_exterior+fiscal_municipal+mobilidade+saneamento_agua	2696	
4	comercio_exterior+fiscal_municipal+mobilidade+saude_producao	2696	
4	comercio_exterior+fiscal_municipal+mobilidade+trabalho_empresa	2696	
4	comercio_exterior+fiscal_municipal+mobilidade+transferencia_renda	2696	
4	comercio_exterior+fiscal_municipal+mobilidade+vigilancia_sinan	2696	
4	comercio_exterior+fiscal_municipal+mortalidade+natalidade	2696	
4	comercio_exterior+fiscal_municipal+mortalidade+politica	2696	
4	comercio_exterior+fiscal_municipal+mortalidade+sancao_integridade	2696	
4	comercio_exterior+fiscal_municipal+mortalidade+saneamento_agua	2696	
4	comercio_exterior+fiscal_municipal+mortalidade+saude_producao	2696	
4	comercio_exterior+fiscal_municipal+mortalidade+trabalho_empresa	2696	
4	comercio_exterior+fiscal_municipal+mortalidade+transferencia_renda	2696	
4	comercio_exterior+fiscal_municipal+mortalidade+vigilancia_sinan	2696	
4	comercio_exterior+fiscal_municipal+natalidade+politica	2696	
4	comercio_exterior+fiscal_municipal+natalidade+sancao_integridade	2696	
4	comercio_exterior+fiscal_municipal+natalidade+saneamento_agua	2696	
4	comercio_exterior+fiscal_municipal+natalidade+saude_producao	2696	
4	comercio_exterior+fiscal_municipal+natalidade+trabalho_empresa	2696	
4	comercio_exterior+fiscal_municipal+natalidade+transferencia_renda	2696	
4	comercio_exterior+fiscal_municipal+natalidade+vigilancia_sinan	2696	
4	comercio_exterior+fiscal_municipal+politica+sancao_integridade	2696	
4	comercio_exterior+fiscal_municipal+politica+saneamento_agua	2696	
4	comercio_exterior+fiscal_municipal+politica+saude_producao	2696	
4	comercio_exterior+fiscal_municipal+politica+trabalho_empresa	2696	
4	comercio_exterior+fiscal_municipal+politica+transferencia_renda	2696	
4	comercio_exterior+fiscal_municipal+politica+vigilancia_sinan	2696	
4	comercio_exterior+fiscal_municipal+sancao_integridade+saneamento_agua	2696	
4	comercio_exterior+fiscal_municipal+sancao_integridade+saude_producao	2696	
4	comercio_exterior+fiscal_municipal+sancao_integridade+trabalho_empresa	2696	
4	comercio_exterior+fiscal_municipal+sancao_integridade+transferencia_renda	2696	
4	comercio_exterior+fiscal_municipal+sancao_integridade+vigilancia_sinan	2696	
4	comercio_exterior+fiscal_municipal+saneamento_agua+saude_producao	2696	
4	comercio_exterior+fiscal_municipal+saneamento_agua+trabalho_empresa	2696	
4	comercio_exterior+fiscal_municipal+saneamento_agua+transferencia_renda	2696	
4	comercio_exterior+fiscal_municipal+saneamento_agua+vigilancia_sinan	2696	
4	comercio_exterior+fiscal_municipal+saude_producao+trabalho_empresa	2696	
4	comercio_exterior+fiscal_municipal+saude_producao+transferencia_renda	2696	
4	comercio_exterior+fiscal_municipal+saude_producao+vigilancia_sinan	2696	
4	comercio_exterior+fiscal_municipal+trabalho_empresa+transferencia_renda	2696	
4	comercio_exterior+fiscal_municipal+trabalho_empresa+vigilancia_sinan	2696	
4	comercio_exterior+fiscal_municipal+transferencia_renda+vigilancia_sinan	2696	
4	comercio_exterior+fiscalizacao_ambiental+fundiario+mineracao_energia	2696	
4	comercio_exterior+fiscalizacao_ambiental+fundiario+mobilidade	2696	
4	comercio_exterior+fiscalizacao_ambiental+fundiario+mortalidade	2696	
4	comercio_exterior+fiscalizacao_ambiental+fundiario+natalidade	2696	
4	comercio_exterior+fiscalizacao_ambiental+fundiario+politica	2696	
4	comercio_exterior+fiscalizacao_ambiental+fundiario+sancao_integridade	2696	
4	comercio_exterior+fiscalizacao_ambiental+fundiario+saneamento_agua	2696	
4	comercio_exterior+fiscalizacao_ambiental+fundiario+saude_producao	2696	
4	comercio_exterior+fiscalizacao_ambiental+fundiario+trabalho_empresa	2696	
4	comercio_exterior+fiscalizacao_ambiental+fundiario+transferencia_renda	2696	
4	comercio_exterior+fiscalizacao_ambiental+fundiario+vigilancia_sinan	2696	
4	comercio_exterior+fiscalizacao_ambiental+mineracao_energia+mobilidade	2696	
4	comercio_exterior+fiscalizacao_ambiental+mineracao_energia+mortalidade	2696	
4	comercio_exterior+fiscalizacao_ambiental+mineracao_energia+natalidade	2696	
4	comercio_exterior+fiscalizacao_ambiental+mineracao_energia+politica	2696	
4	comercio_exterior+fiscalizacao_ambiental+mineracao_energia+sancao_integridade	2696	
4	comercio_exterior+fiscalizacao_ambiental+mineracao_energia+saneamento_agua	2696	
4	comercio_exterior+fiscalizacao_ambiental+mineracao_energia+saude_producao	2696	
4	comercio_exterior+fiscalizacao_ambiental+mineracao_energia+trabalho_empresa	2696	
4	comercio_exterior+fiscalizacao_ambiental+mineracao_energia+transferencia_renda	2696	
4	comercio_exterior+fiscalizacao_ambiental+mineracao_energia+vigilancia_sinan	2696	
4	comercio_exterior+fiscalizacao_ambiental+mobilidade+mortalidade	2696	
4	comercio_exterior+fiscalizacao_ambiental+mobilidade+natalidade	2696	
4	comercio_exterior+fiscalizacao_ambiental+mobilidade+politica	2696	
4	comercio_exterior+fiscalizacao_ambiental+mobilidade+sancao_integridade	2696	
4	comercio_exterior+fiscalizacao_ambiental+mobilidade+saneamento_agua	2696	
4	comercio_exterior+fiscalizacao_ambiental+mobilidade+saude_producao	2696	
4	comercio_exterior+fiscalizacao_ambiental+mobilidade+trabalho_empresa	2696	
4	comercio_exterior+fiscalizacao_ambiental+mobilidade+transferencia_renda	2696	
4	comercio_exterior+fiscalizacao_ambiental+mobilidade+vigilancia_sinan	2696	
4	comercio_exterior+fiscalizacao_ambiental+mortalidade+natalidade	2696	
4	comercio_exterior+fiscalizacao_ambiental+mortalidade+politica	2696	
4	comercio_exterior+fiscalizacao_ambiental+mortalidade+sancao_integridade	2696	
4	comercio_exterior+fiscalizacao_ambiental+mortalidade+saneamento_agua	2696	
4	comercio_exterior+fiscalizacao_ambiental+mortalidade+saude_producao	2696	
4	comercio_exterior+fiscalizacao_ambiental+mortalidade+trabalho_empresa	2696	
4	comercio_exterior+fiscalizacao_ambiental+mortalidade+transferencia_renda	2696	
4	comercio_exterior+fiscalizacao_ambiental+mortalidade+vigilancia_sinan	2696	
4	comercio_exterior+fiscalizacao_ambiental+natalidade+politica	2696	
4	comercio_exterior+fiscalizacao_ambiental+natalidade+sancao_integridade	2696	
4	comercio_exterior+fiscalizacao_ambiental+natalidade+saneamento_agua	2696	
4	comercio_exterior+fiscalizacao_ambiental+natalidade+saude_producao	2696	
4	comercio_exterior+fiscalizacao_ambiental+natalidade+trabalho_empresa	2696	
4	comercio_exterior+fiscalizacao_ambiental+natalidade+transferencia_renda	2696	
4	comercio_exterior+fiscalizacao_ambiental+natalidade+vigilancia_sinan	2696	
4	comercio_exterior+fiscalizacao_ambiental+politica+sancao_integridade	2696	
4	comercio_exterior+fiscalizacao_ambiental+politica+saneamento_agua	2696	
4	comercio_exterior+fiscalizacao_ambiental+politica+saude_producao	2696	
4	comercio_exterior+fiscalizacao_ambiental+politica+trabalho_empresa	2696	
4	comercio_exterior+fiscalizacao_ambiental+politica+transferencia_renda	2696	
4	comercio_exterior+fiscalizacao_ambiental+politica+vigilancia_sinan	2696	
4	comercio_exterior+fiscalizacao_ambiental+sancao_integridade+saneamento_agua	2696	
4	comercio_exterior+fiscalizacao_ambiental+sancao_integridade+saude_producao	2696	
4	comercio_exterior+fiscalizacao_ambiental+sancao_integridade+trabalho_empresa	2696	
4	comercio_exterior+fiscalizacao_ambiental+sancao_integridade+transferencia_renda	2696	
4	comercio_exterior+fiscalizacao_ambiental+sancao_integridade+vigilancia_sinan	2696	
4	comercio_exterior+fiscalizacao_ambiental+saneamento_agua+saude_producao	2696	
4	comercio_exterior+fiscalizacao_ambiental+saneamento_agua+trabalho_empresa	2696	
4	comercio_exterior+fiscalizacao_ambiental+saneamento_agua+transferencia_renda	2696	
4	comercio_exterior+fiscalizacao_ambiental+saneamento_agua+vigilancia_sinan	2696	
4	comercio_exterior+fiscalizacao_ambiental+saude_producao+trabalho_empresa	2696	
4	comercio_exterior+fiscalizacao_ambiental+saude_producao+transferencia_renda	2696	
4	comercio_exterior+fiscalizacao_ambiental+saude_producao+vigilancia_sinan	2696	
4	comercio_exterior+fiscalizacao_ambiental+trabalho_empresa+transferencia_renda	2696	
4	comercio_exterior+fiscalizacao_ambiental+trabalho_empresa+vigilancia_sinan	2696	
4	comercio_exterior+fiscalizacao_ambiental+transferencia_renda+vigilancia_sinan	2696	
4	comercio_exterior+fundiario+mineracao_energia+mobilidade	2696	
4	comercio_exterior+fundiario+mineracao_energia+mortalidade	2696	
4	comercio_exterior+fundiario+mineracao_energia+natalidade	2696	
4	comercio_exterior+fundiario+mineracao_energia+politica	2696	
4	comercio_exterior+fundiario+mineracao_energia+sancao_integridade	2696	
4	comercio_exterior+fundiario+mineracao_energia+saneamento_agua	2696	
4	comercio_exterior+fundiario+mineracao_energia+saude_producao	2696	
4	comercio_exterior+fundiario+mineracao_energia+trabalho_empresa	2696	
4	comercio_exterior+fundiario+mineracao_energia+transferencia_renda	2696	
4	comercio_exterior+fundiario+mineracao_energia+vigilancia_sinan	2696	
4	comercio_exterior+fundiario+mobilidade+mortalidade	2696	
4	comercio_exterior+fundiario+mobilidade+natalidade	2696	
4	comercio_exterior+fundiario+mobilidade+politica	2696	
4	comercio_exterior+fundiario+mobilidade+sancao_integridade	2696	
4	comercio_exterior+fundiario+mobilidade+saneamento_agua	2696	
4	comercio_exterior+fundiario+mobilidade+saude_producao	2696	
4	comercio_exterior+fundiario+mobilidade+trabalho_empresa	2696	
4	comercio_exterior+fundiario+mobilidade+transferencia_renda	2696	
4	comercio_exterior+fundiario+mobilidade+vigilancia_sinan	2696	
4	comercio_exterior+fundiario+mortalidade+natalidade	2696	
4	comercio_exterior+fundiario+mortalidade+politica	2696	
4	comercio_exterior+fundiario+mortalidade+sancao_integridade	2696	
4	comercio_exterior+fundiario+mortalidade+saneamento_agua	2696	
4	comercio_exterior+fundiario+mortalidade+saude_producao	2696	
4	comercio_exterior+fundiario+mortalidade+trabalho_empresa	2696	
4	comercio_exterior+fundiario+mortalidade+transferencia_renda	2696	
4	comercio_exterior+fundiario+mortalidade+vigilancia_sinan	2696	
4	comercio_exterior+fundiario+natalidade+politica	2696	
4	comercio_exterior+fundiario+natalidade+sancao_integridade	2696	
4	comercio_exterior+fundiario+natalidade+saneamento_agua	2696	
4	comercio_exterior+fundiario+natalidade+saude_producao	2696	
4	comercio_exterior+fundiario+natalidade+trabalho_empresa	2696	
4	comercio_exterior+fundiario+natalidade+transferencia_renda	2696	
4	comercio_exterior+fundiario+natalidade+vigilancia_sinan	2696	
4	comercio_exterior+fundiario+politica+sancao_integridade	2696	
4	comercio_exterior+fundiario+politica+saneamento_agua	2696	
4	comercio_exterior+fundiario+politica+saude_producao	2696	
4	comercio_exterior+fundiario+politica+trabalho_empresa	2696	
4	comercio_exterior+fundiario+politica+transferencia_renda	2696	
4	comercio_exterior+fundiario+politica+vigilancia_sinan	2696	
4	comercio_exterior+fundiario+sancao_integridade+saneamento_agua	2696	
4	comercio_exterior+fundiario+sancao_integridade+saude_producao	2696	
4	comercio_exterior+fundiario+sancao_integridade+trabalho_empresa	2696	
4	comercio_exterior+fundiario+sancao_integridade+transferencia_renda	2696	
4	comercio_exterior+fundiario+sancao_integridade+vigilancia_sinan	2696	
4	comercio_exterior+fundiario+saneamento_agua+saude_producao	2696	
4	comercio_exterior+fundiario+saneamento_agua+trabalho_empresa	2696	
4	comercio_exterior+fundiario+saneamento_agua+transferencia_renda	2696	
4	comercio_exterior+fundiario+saneamento_agua+vigilancia_sinan	2696	
4	comercio_exterior+fundiario+saude_producao+trabalho_empresa	2696	
4	comercio_exterior+fundiario+saude_producao+transferencia_renda	2696	
4	comercio_exterior+fundiario+saude_producao+vigilancia_sinan	2696	
4	comercio_exterior+fundiario+trabalho_empresa+transferencia_renda	2696	
4	comercio_exterior+fundiario+trabalho_empresa+vigilancia_sinan	2696	
4	comercio_exterior+fundiario+transferencia_renda+vigilancia_sinan	2696	
4	comercio_exterior+mineracao_energia+mobilidade+mortalidade	2696	
4	comercio_exterior+mineracao_energia+mobilidade+natalidade	2696	
4	comercio_exterior+mineracao_energia+mobilidade+politica	2696	
4	comercio_exterior+mineracao_energia+mobilidade+sancao_integridade	2696	
4	comercio_exterior+mineracao_energia+mobilidade+saneamento_agua	2696	
4	comercio_exterior+mineracao_energia+mobilidade+saude_producao	2696	
4	comercio_exterior+mineracao_energia+mobilidade+trabalho_empresa	2696	
4	comercio_exterior+mineracao_energia+mobilidade+transferencia_renda	2696	
4	comercio_exterior+mineracao_energia+mobilidade+vigilancia_sinan	2696	
4	comercio_exterior+mineracao_energia+mortalidade+natalidade	2696	
4	comercio_exterior+mineracao_energia+mortalidade+politica	2696	
4	comercio_exterior+mineracao_energia+mortalidade+sancao_integridade	2696	
4	comercio_exterior+mineracao_energia+mortalidade+saneamento_agua	2696	
4	comercio_exterior+mineracao_energia+mortalidade+saude_producao	2696	
4	comercio_exterior+mineracao_energia+mortalidade+trabalho_empresa	2696	
4	comercio_exterior+mineracao_energia+mortalidade+transferencia_renda	2696	
4	comercio_exterior+mineracao_energia+mortalidade+vigilancia_sinan	2696	
4	comercio_exterior+mineracao_energia+natalidade+politica	2696	
4	comercio_exterior+mineracao_energia+natalidade+sancao_integridade	2696	
4	comercio_exterior+mineracao_energia+natalidade+saneamento_agua	2696	
4	comercio_exterior+mineracao_energia+natalidade+saude_producao	2696	
4	comercio_exterior+mineracao_energia+natalidade+trabalho_empresa	2696	
4	comercio_exterior+mineracao_energia+natalidade+transferencia_renda	2696	
4	comercio_exterior+mineracao_energia+natalidade+vigilancia_sinan	2696	
4	comercio_exterior+mineracao_energia+politica+sancao_integridade	2696	
4	comercio_exterior+mineracao_energia+politica+saneamento_agua	2696	
4	comercio_exterior+mineracao_energia+politica+saude_producao	2696	
4	comercio_exterior+mineracao_energia+politica+trabalho_empresa	2696	
4	comercio_exterior+mineracao_energia+politica+transferencia_renda	2696	
4	comercio_exterior+mineracao_energia+politica+vigilancia_sinan	2696	
4	comercio_exterior+mineracao_energia+sancao_integridade+saneamento_agua	2696	
4	comercio_exterior+mineracao_energia+sancao_integridade+saude_producao	2696	
4	comercio_exterior+mineracao_energia+sancao_integridade+trabalho_empresa	2696	
4	comercio_exterior+mineracao_energia+sancao_integridade+transferencia_renda	2696	
4	comercio_exterior+mineracao_energia+sancao_integridade+vigilancia_sinan	2696	
4	comercio_exterior+mineracao_energia+saneamento_agua+saude_producao	2696	
4	comercio_exterior+mineracao_energia+saneamento_agua+trabalho_empresa	2696	
4	comercio_exterior+mineracao_energia+saneamento_agua+transferencia_renda	2696	
4	comercio_exterior+mineracao_energia+saneamento_agua+vigilancia_sinan	2696	
4	comercio_exterior+mineracao_energia+saude_producao+trabalho_empresa	2696	
4	comercio_exterior+mineracao_energia+saude_producao+transferencia_renda	2696	
4	comercio_exterior+mineracao_energia+saude_producao+vigilancia_sinan	2696	
4	comercio_exterior+mineracao_energia+trabalho_empresa+transferencia_renda	2696	
4	comercio_exterior+mineracao_energia+trabalho_empresa+vigilancia_sinan	2696	
4	comercio_exterior+mineracao_energia+transferencia_renda+vigilancia_sinan	2696	
4	comercio_exterior+mobilidade+mortalidade+natalidade	2696	
4	comercio_exterior+mobilidade+mortalidade+politica	2696	
4	comercio_exterior+mobilidade+mortalidade+sancao_integridade	2696	
4	comercio_exterior+mobilidade+mortalidade+saneamento_agua	2696	
4	comercio_exterior+mobilidade+mortalidade+saude_producao	2696	
4	comercio_exterior+mobilidade+mortalidade+trabalho_empresa	2696	
4	comercio_exterior+mobilidade+mortalidade+transferencia_renda	2696	
4	comercio_exterior+mobilidade+mortalidade+vigilancia_sinan	2696	
4	comercio_exterior+mobilidade+natalidade+politica	2696	
4	comercio_exterior+mobilidade+natalidade+sancao_integridade	2696	
4	comercio_exterior+mobilidade+natalidade+saneamento_agua	2696	
4	comercio_exterior+mobilidade+natalidade+saude_producao	2696	
4	comercio_exterior+mobilidade+natalidade+trabalho_empresa	2696	
4	comercio_exterior+mobilidade+natalidade+transferencia_renda	2696	
4	comercio_exterior+mobilidade+natalidade+vigilancia_sinan	2696	
4	comercio_exterior+mobilidade+politica+sancao_integridade	2696	
4	comercio_exterior+mobilidade+politica+saneamento_agua	2696	
4	comercio_exterior+mobilidade+politica+saude_producao	2696	
4	comercio_exterior+mobilidade+politica+trabalho_empresa	2696	
4	comercio_exterior+mobilidade+politica+transferencia_renda	2696	
4	comercio_exterior+mobilidade+politica+vigilancia_sinan	2696	
4	comercio_exterior+mobilidade+sancao_integridade+saneamento_agua	2696	
4	comercio_exterior+mobilidade+sancao_integridade+saude_producao	2696	
4	comercio_exterior+mobilidade+sancao_integridade+trabalho_empresa	2696	
4	comercio_exterior+mobilidade+sancao_integridade+transferencia_renda	2696	
4	comercio_exterior+mobilidade+sancao_integridade+vigilancia_sinan	2696	
4	comercio_exterior+mobilidade+saneamento_agua+saude_producao	2696	
4	comercio_exterior+mobilidade+saneamento_agua+trabalho_empresa	2696	
4	comercio_exterior+mobilidade+saneamento_agua+transferencia_renda	2696	
4	comercio_exterior+mobilidade+saneamento_agua+vigilancia_sinan	2696	
4	comercio_exterior+mobilidade+saude_producao+trabalho_empresa	2696	
4	comercio_exterior+mobilidade+saude_producao+transferencia_renda	2696	
4	comercio_exterior+mobilidade+saude_producao+vigilancia_sinan	2696	
4	comercio_exterior+mobilidade+trabalho_empresa+transferencia_renda	2696	
4	comercio_exterior+mobilidade+trabalho_empresa+vigilancia_sinan	2696	
4	comercio_exterior+mobilidade+transferencia_renda+vigilancia_sinan	2696	
4	comercio_exterior+mortalidade+natalidade+politica	2696	
4	comercio_exterior+mortalidade+natalidade+sancao_integridade	2696	
4	comercio_exterior+mortalidade+natalidade+saneamento_agua	2696	
4	comercio_exterior+mortalidade+natalidade+saude_producao	2696	
4	comercio_exterior+mortalidade+natalidade+trabalho_empresa	2696	
4	comercio_exterior+mortalidade+natalidade+transferencia_renda	2696	
4	comercio_exterior+mortalidade+natalidade+vigilancia_sinan	2696	
4	comercio_exterior+mortalidade+politica+sancao_integridade	2696	
4	comercio_exterior+mortalidade+politica+saneamento_agua	2696	
4	comercio_exterior+mortalidade+politica+saude_producao	2696	
4	comercio_exterior+mortalidade+politica+trabalho_empresa	2696	
4	comercio_exterior+mortalidade+politica+transferencia_renda	2696	
4	comercio_exterior+mortalidade+politica+vigilancia_sinan	2696	
4	comercio_exterior+mortalidade+sancao_integridade+saneamento_agua	2696	
4	comercio_exterior+mortalidade+sancao_integridade+saude_producao	2696	
4	comercio_exterior+mortalidade+sancao_integridade+trabalho_empresa	2696	
4	comercio_exterior+mortalidade+sancao_integridade+transferencia_renda	2696	
4	comercio_exterior+mortalidade+sancao_integridade+vigilancia_sinan	2696	
4	comercio_exterior+mortalidade+saneamento_agua+saude_producao	2696	
4	comercio_exterior+mortalidade+saneamento_agua+trabalho_empresa	2696	
4	comercio_exterior+mortalidade+saneamento_agua+transferencia_renda	2696	
4	comercio_exterior+mortalidade+saneamento_agua+vigilancia_sinan	2696	
4	comercio_exterior+mortalidade+saude_producao+trabalho_empresa	2696	
4	comercio_exterior+mortalidade+saude_producao+transferencia_renda	2696	
4	comercio_exterior+mortalidade+saude_producao+vigilancia_sinan	2696	
4	comercio_exterior+mortalidade+trabalho_empresa+transferencia_renda	2696	
4	comercio_exterior+mortalidade+trabalho_empresa+vigilancia_sinan	2696	
4	comercio_exterior+mortalidade+transferencia_renda+vigilancia_sinan	2696	
4	comercio_exterior+natalidade+politica+sancao_integridade	2696	
4	comercio_exterior+natalidade+politica+saneamento_agua	2696	
4	comercio_exterior+natalidade+politica+saude_producao	2696	
4	comercio_exterior+natalidade+politica+trabalho_empresa	2696	
4	comercio_exterior+natalidade+politica+transferencia_renda	2696	
4	comercio_exterior+natalidade+politica+vigilancia_sinan	2696	
4	comercio_exterior+natalidade+sancao_integridade+saneamento_agua	2696	
4	comercio_exterior+natalidade+sancao_integridade+saude_producao	2696	
4	comercio_exterior+natalidade+sancao_integridade+trabalho_empresa	2696	
4	comercio_exterior+natalidade+sancao_integridade+transferencia_renda	2696	
4	comercio_exterior+natalidade+sancao_integridade+vigilancia_sinan	2696	
4	comercio_exterior+natalidade+saneamento_agua+saude_producao	2696	
4	comercio_exterior+natalidade+saneamento_agua+trabalho_empresa	2696	
4	comercio_exterior+natalidade+saneamento_agua+transferencia_renda	2696	
4	comercio_exterior+natalidade+saneamento_agua+vigilancia_sinan	2696	
4	comercio_exterior+natalidade+saude_producao+trabalho_empresa	2696	
4	comercio_exterior+natalidade+saude_producao+transferencia_renda	2696	
4	comercio_exterior+natalidade+saude_producao+vigilancia_sinan	2696	
4	comercio_exterior+natalidade+trabalho_empresa+transferencia_renda	2696	
4	comercio_exterior+natalidade+trabalho_empresa+vigilancia_sinan	2696	
4	comercio_exterior+natalidade+transferencia_renda+vigilancia_sinan	2696	
4	comercio_exterior+politica+sancao_integridade+saneamento_agua	2696	
4	comercio_exterior+politica+sancao_integridade+saude_producao	2696	
4	comercio_exterior+politica+sancao_integridade+trabalho_empresa	2696	
4	comercio_exterior+politica+sancao_integridade+transferencia_renda	2696	
4	comercio_exterior+politica+sancao_integridade+vigilancia_sinan	2696	
4	comercio_exterior+politica+saneamento_agua+saude_producao	2696	
4	comercio_exterior+politica+saneamento_agua+trabalho_empresa	2696	
4	comercio_exterior+politica+saneamento_agua+transferencia_renda	2696	
4	comercio_exterior+politica+saneamento_agua+vigilancia_sinan	2696	
4	comercio_exterior+politica+saude_producao+trabalho_empresa	2696	
4	comercio_exterior+politica+saude_producao+transferencia_renda	2696	
4	comercio_exterior+politica+saude_producao+vigilancia_sinan	2696	
4	comercio_exterior+politica+trabalho_empresa+transferencia_renda	2696	
4	comercio_exterior+politica+trabalho_empresa+vigilancia_sinan	2696	
4	comercio_exterior+politica+transferencia_renda+vigilancia_sinan	2696	
4	comercio_exterior+sancao_integridade+saneamento_agua+saude_producao	2696	
4	comercio_exterior+sancao_integridade+saneamento_agua+trabalho_empresa	2696	
4	comercio_exterior+sancao_integridade+saneamento_agua+transferencia_renda	2696	
4	comercio_exterior+sancao_integridade+saneamento_agua+vigilancia_sinan	2696	
4	comercio_exterior+sancao_integridade+saude_producao+trabalho_empresa	2696	
4	comercio_exterior+sancao_integridade+saude_producao+transferencia_renda	2696	
4	comercio_exterior+sancao_integridade+saude_producao+vigilancia_sinan	2696	
4	comercio_exterior+sancao_integridade+trabalho_empresa+transferencia_renda	2696	
4	comercio_exterior+sancao_integridade+trabalho_empresa+vigilancia_sinan	2696	
4	comercio_exterior+sancao_integridade+transferencia_renda+vigilancia_sinan	2696	
4	comercio_exterior+saneamento_agua+saude_producao+trabalho_empresa	2696	
4	comercio_exterior+saneamento_agua+saude_producao+transferencia_renda	2696	
4	comercio_exterior+saneamento_agua+saude_producao+vigilancia_sinan	2696	
4	comercio_exterior+saneamento_agua+trabalho_empresa+transferencia_renda	2696	
4	comercio_exterior+saneamento_agua+trabalho_empresa+vigilancia_sinan	2696	
4	comercio_exterior+saneamento_agua+transferencia_renda+vigilancia_sinan	2696	
4	comercio_exterior+saude_producao+trabalho_empresa+transferencia_renda	2696	
4	comercio_exterior+saude_producao+trabalho_empresa+vigilancia_sinan	2696	
4	comercio_exterior+saude_producao+transferencia_renda+vigilancia_sinan	2696	
4	comercio_exterior+trabalho_empresa+transferencia_renda+vigilancia_sinan	2696	
