score	n	ineditismo	poder	familias	datasets_sugeridos
1.000	2	1.00	6054	educacao+saneamento_agua	br_inep_saeb, br_ana_outorgas
1.000	2	1.00	5572	desmatamento_clima+educacao	br_inpe_sisam, br_inep_saeb
1.000	2	1.00	5570	conectividade+saude_producao	br_anatel_banda_larga_fixa, br_ms_cnes
1.000	2	1.00	5570	conectividade+transferencia_renda	br_anatel_banda_larga_fixa, br_mc_indicadores
1.000	2	1.00	5570	desmatamento_clima+fiscal_municipal	br_inpe_sisam, br_rf_arrecadacao
1.000	2	1.00	5570	desmatamento_clima+politica	br_inpe_sisam, br_tse_eleicoes
1.000	2	1.00	5570	desmatamento_clima+transferencia_renda	br_inpe_sisam, br_mc_indicadores
1.000	2	1.00	5570	politica+saneamento_agua	br_tse_eleicoes, br_ana_outorgas
1.000	2	1.00	5570	saneamento_agua+saude_producao	br_ana_outorgas, br_ms_cnes
1.000	2	1.00	5570	saneamento_agua+transferencia_renda	br_ana_outorgas, br_mc_indicadores
1.000	2	1.00	5567	agropecuaria+conectividade	br_ibge_ppm, br_anatel_banda_larga_fixa
1.000	2	1.00	5567	agropecuaria+demografia_censo	br_ibge_ppm, br_ibge_censo2022_raca
1.000	2	1.00	5567	agropecuaria+educacao	br_ibge_ppm, br_inep_saeb
1.000	2	1.00	5567	agropecuaria+mortalidade	br_ibge_ppm, br_ms_sim
1.000	2	1.00	5567	agropecuaria+politica	br_ibge_ppm, br_tse_eleicoes
1.000	2	1.00	5567	agropecuaria+saude_producao	br_ibge_ppm, br_ms_cnes
1.000	2	1.00	5567	agropecuaria+transferencia_renda	br_ibge_ppm, br_mc_indicadores
1.000	3	1.00	5567	agropecuaria+conectividade+saude_producao	br_ibge_ppm, br_anatel_banda_larga_fixa, br_ms_cnes
1.000	3	1.00	5567	agropecuaria+conectividade+transferencia_renda	br_ibge_ppm, br_anatel_banda_larga_fixa, br_mc_indicadores
1.000	2	1.00	5559	conectividade+fundiario	br_anatel_banda_larga_fixa, br_sfb_sicar
1.000	2	1.00	5559	educacao+fundiario	br_inep_saeb, br_sfb_sicar
1.000	2	1.00	5559	fiscal_municipal+fundiario	br_rf_arrecadacao, br_sfb_sicar
1.000	2	1.00	5559	fundiario+mortalidade	br_sfb_sicar, br_ms_sim
1.000	2	1.00	5559	fundiario+politica	br_sfb_sicar, br_tse_eleicoes
1.000	2	1.00	5559	fundiario+saneamento_agua	br_sfb_sicar, br_ana_outorgas
1.000	2	1.00	5559	fundiario+transferencia_renda	br_sfb_sicar, br_mc_indicadores
1.000	3	1.00	5559	conectividade+fundiario+transferencia_renda	br_anatel_banda_larga_fixa, br_sfb_sicar, br_mc_indicadores
1.000	3	1.00	5559	educacao+fundiario+saneamento_agua	br_inep_saeb, br_sfb_sicar, br_ana_outorgas
1.000	3	1.00	5559	fundiario+politica+saneamento_agua	br_sfb_sicar, br_tse_eleicoes, br_ana_outorgas
1.000	3	1.00	5559	fundiario+saneamento_agua+transferencia_renda	br_sfb_sicar, br_ana_outorgas, br_mc_indicadores
1.000	2	1.00	5544	agropecuaria+mobilidade	br_ibge_ppm, br_mobilidados_indicadores
1.000	2	1.00	5544	conectividade+mobilidade	br_anatel_banda_larga_fixa, br_mobilidados_indicadores
1.000	2	1.00	5544	desmatamento_clima+mobilidade	br_inpe_sisam, br_mobilidados_indicadores
1.000	2	1.00	5544	educacao+mobilidade	br_inep_saeb, br_mobilidados_indicadores
1.000	2	1.00	5544	fiscal_municipal+mobilidade	br_rf_arrecadacao, br_mobilidados_indicadores
1.000	2	1.00	5544	fundiario+mobilidade	br_sfb_sicar, br_mobilidados_indicadores
1.000	2	1.00	5544	mobilidade+politica	br_mobilidados_indicadores, br_tse_eleicoes
1.000	2	1.00	5544	mobilidade+saneamento_agua	br_mobilidados_indicadores, br_ana_outorgas
1.000	2	1.00	5544	mobilidade+saude_producao	br_mobilidados_indicadores, br_ms_cnes
1.000	2	1.00	5544	mobilidade+transferencia_renda	br_mobilidados_indicadores, br_mc_indicadores
1.000	3	1.00	5544	agropecuaria+conectividade+mobilidade	br_ibge_ppm, br_anatel_banda_larga_fixa, br_mobilidados_indicadores
1.000	3	1.00	5544	agropecuaria+educacao+mobilidade	br_ibge_ppm, br_inep_saeb, br_mobilidados_indicadores
1.000	3	1.00	5544	agropecuaria+mobilidade+politica	br_ibge_ppm, br_mobilidados_indicadores, br_tse_eleicoes
1.000	3	1.00	5544	agropecuaria+mobilidade+saude_producao	br_ibge_ppm, br_mobilidados_indicadores, br_ms_cnes
1.000	3	1.00	5544	agropecuaria+mobilidade+transferencia_renda	br_ibge_ppm, br_mobilidados_indicadores, br_mc_indicadores
1.000	3	1.00	5544	conectividade+fundiario+mobilidade	br_anatel_banda_larga_fixa, br_sfb_sicar, br_mobilidados_indicadores
1.000	3	1.00	5544	conectividade+mobilidade+saude_producao	br_anatel_banda_larga_fixa, br_mobilidados_indicadores, br_ms_cnes
1.000	3	1.00	5544	conectividade+mobilidade+transferencia_renda	br_anatel_banda_larga_fixa, br_mobilidados_indicadores, br_mc_indicadores
1.000	3	1.00	5544	desmatamento_clima+educacao+mobilidade	br_inpe_sisam, br_inep_saeb, br_mobilidados_indicadores
1.000	3	1.00	5544	desmatamento_clima+fiscal_municipal+mobilidade	br_inpe_sisam, br_rf_arrecadacao, br_mobilidados_indicadores
1.000	3	1.00	5544	desmatamento_clima+mobilidade+politica	br_inpe_sisam, br_mobilidados_indicadores, br_tse_eleicoes
1.000	3	1.00	5544	desmatamento_clima+mobilidade+transferencia_renda	br_inpe_sisam, br_mobilidados_indicadores, br_mc_indicadores
1.000	3	1.00	5544	educacao+fundiario+mobilidade	br_inep_saeb, br_sfb_sicar, br_mobilidados_indicadores
1.000	3	1.00	5544	educacao+mobilidade+saneamento_agua	br_inep_saeb, br_mobilidados_indicadores, br_ana_outorgas
1.000	3	1.00	5544	fiscal_municipal+fundiario+mobilidade	br_rf_arrecadacao, br_sfb_sicar, br_mobilidados_indicadores
1.000	3	1.00	5544	fundiario+mobilidade+politica	br_sfb_sicar, br_mobilidados_indicadores, br_tse_eleicoes
1.000	3	1.00	5544	fundiario+mobilidade+saneamento_agua	br_sfb_sicar, br_mobilidados_indicadores, br_ana_outorgas
1.000	3	1.00	5544	fundiario+mobilidade+transferencia_renda	br_sfb_sicar, br_mobilidados_indicadores, br_mc_indicadores
1.000	3	1.00	5544	mobilidade+politica+saneamento_agua	br_mobilidados_indicadores, br_tse_eleicoes, br_ana_outorgas
1.000	3	1.00	5544	mobilidade+saneamento_agua+saude_producao	br_mobilidados_indicadores, br_ana_outorgas, br_ms_cnes
1.000	3	1.00	5544	mobilidade+saneamento_agua+transferencia_renda	br_mobilidados_indicadores, br_ana_outorgas, br_mc_indicadores
1.000	2	1.00	5522	credito_financeiro+mobilidade	br_bcb_sicor, br_mobilidados_indicadores
1.000	2	1.00	5522	credito_financeiro+mortalidade	br_bcb_sicor, br_ms_sim
1.000	2	1.00	5522	credito_financeiro+politica	br_bcb_sicor, br_tse_eleicoes
1.000	2	1.00	5522	credito_financeiro+saneamento_agua	br_bcb_sicor, br_ana_outorgas
1.000	3	1.00	5522	credito_financeiro+mobilidade+politica	br_bcb_sicor, br_mobilidados_indicadores, br_tse_eleicoes
1.000	3	1.00	5522	credito_financeiro+mobilidade+saneamento_agua	br_bcb_sicor, br_mobilidados_indicadores, br_ana_outorgas
1.000	3	1.00	5522	credito_financeiro+politica+saneamento_agua	br_bcb_sicor, br_tse_eleicoes, br_ana_outorgas
1.000	2	1.00	5487	agropecuaria+vigilancia_sinan	br_ibge_ppm, br_ms_sinan_violencia
1.000	2	1.00	5487	conectividade+vigilancia_sinan	br_anatel_banda_larga_fixa, br_ms_sinan_violencia
1.000	2	1.00	5487	fiscal_municipal+vigilancia_sinan	br_rf_arrecadacao, br_ms_sinan_violencia
1.000	2	1.00	5487	fundiario+vigilancia_sinan	br_sfb_sicar, br_ms_sinan_violencia
1.000	2	1.00	5487	mobilidade+vigilancia_sinan	br_mobilidados_indicadores, br_ms_sinan_violencia
1.000	2	1.00	5487	politica+vigilancia_sinan	br_tse_eleicoes, br_ms_sinan_violencia
1.000	3	1.00	5487	agropecuaria+conectividade+vigilancia_sinan	br_ibge_ppm, br_anatel_banda_larga_fixa, br_ms_sinan_violencia
1.000	3	1.00	5487	agropecuaria+mobilidade+vigilancia_sinan	br_ibge_ppm, br_mobilidados_indicadores, br_ms_sinan_violencia
1.000	3	1.00	5487	agropecuaria+politica+vigilancia_sinan	br_ibge_ppm, br_tse_eleicoes, br_ms_sinan_violencia
1.000	3	1.00	5487	conectividade+fundiario+vigilancia_sinan	br_anatel_banda_larga_fixa, br_sfb_sicar, br_ms_sinan_violencia
1.000	3	1.00	5487	conectividade+mobilidade+vigilancia_sinan	br_anatel_banda_larga_fixa, br_mobilidados_indicadores, br_ms_sinan_violencia
1.000	3	1.00	5487	fiscal_municipal+fundiario+vigilancia_sinan	br_rf_arrecadacao, br_sfb_sicar, br_ms_sinan_violencia
1.000	3	1.00	5487	fiscal_municipal+mobilidade+vigilancia_sinan	br_rf_arrecadacao, br_mobilidados_indicadores, br_ms_sinan_violencia
1.000	3	1.00	5487	fundiario+mobilidade+vigilancia_sinan	br_sfb_sicar, br_mobilidados_indicadores, br_ms_sinan_violencia
1.000	3	1.00	5487	fundiario+politica+vigilancia_sinan	br_sfb_sicar, br_tse_eleicoes, br_ms_sinan_violencia
1.000	3	1.00	5487	mobilidade+politica+vigilancia_sinan	br_mobilidados_indicadores, br_tse_eleicoes, br_ms_sinan_violencia
1.000	2	1.00	5475	educacao+fiscalizacao_ambiental	br_inep_saeb, br_ibama_autos
1.000	2	1.00	5475	fiscal_municipal+fiscalizacao_ambiental	br_rf_arrecadacao, br_ibama_autos
1.000	2	1.00	5475	fiscalizacao_ambiental+mobilidade	br_ibama_autos, br_mobilidados_indicadores
1.000	2	1.00	5475	fiscalizacao_ambiental+mortalidade	br_ibama_autos, br_ms_sim
1.000	2	1.00	5475	fiscalizacao_ambiental+saneamento_agua	br_ibama_autos, br_ana_outorgas
1.000	2	1.00	5475	fiscalizacao_ambiental+vigilancia_sinan	br_ibama_autos, br_ms_sinan_violencia
1.000	3	1.00	5475	educacao+fiscalizacao_ambiental+mobilidade	br_inep_saeb, br_ibama_autos, br_mobilidados_indicadores
1.000	3	1.00	5475	educacao+fiscalizacao_ambiental+saneamento_agua	br_inep_saeb, br_ibama_autos, br_ana_outorgas
1.000	3	1.00	5475	fiscal_municipal+fiscalizacao_ambiental+mobilidade	br_rf_arrecadacao, br_ibama_autos, br_mobilidados_indicadores
1.000	3	1.00	5475	fiscal_municipal+fiscalizacao_ambiental+vigilancia_sinan	br_rf_arrecadacao, br_ibama_autos, br_ms_sinan_violencia
1.000	3	1.00	5475	fiscalizacao_ambiental+mobilidade+saneamento_agua	br_ibama_autos, br_mobilidados_indicadores, br_ana_outorgas
1.000	3	1.00	5475	fiscalizacao_ambiental+mobilidade+vigilancia_sinan	br_ibama_autos, br_mobilidados_indicadores, br_ms_sinan_violencia
1.000	2	1.00	5419	agropecuaria+compras_publicas	br_ibge_ppm, br_cgu_emendas_parlamentares
1.000	2	1.00	5419	compras_publicas+mobilidade	br_cgu_emendas_parlamentares, br_mobilidados_indicadores
1.000	2	1.00	5419	compras_publicas+vigilancia_sinan	br_cgu_emendas_parlamentares, br_ms_sinan_violencia
1.000	3	1.00	5419	agropecuaria+compras_publicas+mobilidade	br_ibge_ppm, br_cgu_emendas_parlamentares, br_mobilidados_indicadores
1.000	3	1.00	5419	agropecuaria+compras_publicas+vigilancia_sinan	br_ibge_ppm, br_cgu_emendas_parlamentares, br_ms_sinan_violencia
1.000	3	1.00	5419	compras_publicas+mobilidade+vigilancia_sinan	br_cgu_emendas_parlamentares, br_mobilidados_indicadores, br_ms_sinan_violencia
0.938	2	1.00	4691	agropecuaria+natalidade	br_ibge_ppm, br_ms_sinasc
0.938	2	1.00	4691	conectividade+natalidade	br_anatel_banda_larga_fixa, br_ms_sinasc
0.938	2	1.00	4691	credito_financeiro+natalidade	br_bcb_sicor, br_ms_sinasc
0.938	2	1.00	4691	desmatamento_clima+natalidade	br_inpe_sisam, br_ms_sinasc
0.938	2	1.00	4691	fiscalizacao_ambiental+natalidade	br_ibama_autos, br_ms_sinasc
0.938	2	1.00	4691	fundiario+natalidade	br_sfb_sicar, br_ms_sinasc
0.938	2	1.00	4691	mobilidade+natalidade	br_mobilidados_indicadores, br_ms_sinasc
0.938	2	1.00	4691	natalidade+saneamento_agua	br_ms_sinasc, br_ana_outorgas
0.938	3	1.00	4691	agropecuaria+conectividade+natalidade	br_ibge_ppm, br_anatel_banda_larga_fixa, br_ms_sinasc
0.938	3	1.00	4691	agropecuaria+mobilidade+natalidade	br_ibge_ppm, br_mobilidados_indicadores, br_ms_sinasc
0.938	3	1.00	4691	conectividade+fundiario+natalidade	br_anatel_banda_larga_fixa, br_sfb_sicar, br_ms_sinasc
0.938	3	1.00	4691	conectividade+mobilidade+natalidade	br_anatel_banda_larga_fixa, br_mobilidados_indicadores, br_ms_sinasc
0.938	3	1.00	4691	credito_financeiro+mobilidade+natalidade	br_bcb_sicor, br_mobilidados_indicadores, br_ms_sinasc
0.938	3	1.00	4691	credito_financeiro+natalidade+saneamento_agua	br_bcb_sicor, br_ms_sinasc, br_ana_outorgas
0.938	3	1.00	4691	desmatamento_clima+mobilidade+natalidade	br_inpe_sisam, br_mobilidados_indicadores, br_ms_sinasc
0.938	3	1.00	4691	fiscalizacao_ambiental+mobilidade+natalidade	br_ibama_autos, br_mobilidados_indicadores, br_ms_sinasc
0.938	3	1.00	4691	fiscalizacao_ambiental+natalidade+saneamento_agua	br_ibama_autos, br_ms_sinasc, br_ana_outorgas
0.938	3	1.00	4691	fundiario+mobilidade+natalidade	br_sfb_sicar, br_mobilidados_indicadores, br_ms_sinasc
0.938	3	1.00	4691	fundiario+natalidade+saneamento_agua	br_sfb_sicar, br_ms_sinasc, br_ana_outorgas
0.938	3	1.00	4691	mobilidade+natalidade+saneamento_agua	br_mobilidados_indicadores, br_ms_sinasc, br_ana_outorgas
0.797	2	1.00	3985	agropecuaria+mineracao_energia	br_ibge_ppm, br_anm
0.797	2	1.00	3985	mineracao_energia+saneamento_agua	br_anm, br_ana_outorgas
0.667	3	0.67	5572	desmatamento_clima+educacao+saneamento_agua	br_inpe_sisam, br_inep_saeb, br_ana_outorgas
0.667	3	0.67	5570	conectividade+desmatamento_clima+transferencia_renda	br_anatel_banda_larga_fixa, br_inpe_sisam, br_mc_indicadores
0.667	3	0.67	5570	conectividade+saneamento_agua+saude_producao	br_anatel_banda_larga_fixa, br_ana_outorgas, br_ms_cnes
0.667	3	0.67	5570	conectividade+saneamento_agua+transferencia_renda	br_anatel_banda_larga_fixa, br_ana_outorgas, br_mc_indicadores
0.667	3	0.67	5570	conectividade+saude_producao+transferencia_renda	br_anatel_banda_larga_fixa, br_ms_cnes, br_mc_indicadores
0.667	3	0.67	5570	desmatamento_clima+educacao+fiscal_municipal	br_inpe_sisam, br_inep_saeb, br_rf_arrecadacao
0.667	3	0.67	5570	desmatamento_clima+educacao+politica	br_inpe_sisam, br_inep_saeb, br_tse_eleicoes
0.667	3	0.67	5570	desmatamento_clima+educacao+transferencia_renda	br_inpe_sisam, br_inep_saeb, br_mc_indicadores
0.667	3	0.67	5570	desmatamento_clima+fiscal_municipal+politica	br_inpe_sisam, br_rf_arrecadacao, br_tse_eleicoes
0.667	3	0.67	5570	desmatamento_clima+fiscal_municipal+transferencia_renda	br_inpe_sisam, br_rf_arrecadacao, br_mc_indicadores
0.667	3	0.67	5570	desmatamento_clima+politica+saneamento_agua	br_inpe_sisam, br_tse_eleicoes, br_ana_outorgas
0.667	3	0.67	5570	desmatamento_clima+politica+transferencia_renda	br_inpe_sisam, br_tse_eleicoes, br_mc_indicadores
0.667	3	0.67	5570	desmatamento_clima+saneamento_agua+transferencia_renda	br_inpe_sisam, br_ana_outorgas, br_mc_indicadores
0.667	3	0.67	5570	educacao+politica+saneamento_agua	br_inep_saeb, br_tse_eleicoes, br_ana_outorgas
0.667	3	0.67	5570	educacao+saneamento_agua+saude_producao	br_inep_saeb, br_ana_outorgas, br_ms_cnes
0.667	3	0.67	5570	educacao+saneamento_agua+transferencia_renda	br_inep_saeb, br_ana_outorgas, br_mc_indicadores
0.667	3	0.67	5570	politica+saneamento_agua+saude_producao	br_tse_eleicoes, br_ana_outorgas, br_ms_cnes
0.667	3	0.67	5570	politica+saneamento_agua+transferencia_renda	br_tse_eleicoes, br_ana_outorgas, br_mc_indicadores
0.667	3	0.67	5570	saneamento_agua+saude_producao+transferencia_renda	br_ana_outorgas, br_ms_cnes, br_mc_indicadores
0.667	3	0.67	5567	agropecuaria+conectividade+demografia_censo	br_ibge_ppm, br_anatel_banda_larga_fixa, br_ibge_censo2022_raca
0.667	3	0.67	5567	agropecuaria+conectividade+educacao	br_ibge_ppm, br_anatel_banda_larga_fixa, br_inep_saeb
0.667	3	0.67	5567	agropecuaria+conectividade+mortalidade	br_ibge_ppm, br_anatel_banda_larga_fixa, br_ms_sim
0.667	3	0.67	5567	agropecuaria+conectividade+politica	br_ibge_ppm, br_anatel_banda_larga_fixa, br_tse_eleicoes
0.667	3	0.67	5567	agropecuaria+demografia_censo+educacao	br_ibge_ppm, br_ibge_censo2022_raca, br_inep_saeb
0.667	3	0.67	5567	agropecuaria+demografia_censo+mortalidade	br_ibge_ppm, br_ibge_censo2022_raca, br_ms_sim
0.667	3	0.67	5567	agropecuaria+demografia_censo+politica	br_ibge_ppm, br_ibge_censo2022_raca, br_tse_eleicoes
0.667	3	0.67	5567	agropecuaria+demografia_censo+saude_producao	br_ibge_ppm, br_ibge_censo2022_raca, br_ms_cnes
0.667	3	0.67	5567	agropecuaria+demografia_censo+transferencia_renda	br_ibge_ppm, br_ibge_censo2022_raca, br_mc_indicadores
0.667	3	0.67	5567	agropecuaria+desmatamento_clima+educacao	br_ibge_ppm, br_inpe_sisam, br_inep_saeb
0.667	3	0.67	5567	agropecuaria+desmatamento_clima+politica	br_ibge_ppm, br_inpe_sisam, br_tse_eleicoes
0.667	3	0.67	5567	agropecuaria+desmatamento_clima+transferencia_renda	br_ibge_ppm, br_inpe_sisam, br_mc_indicadores
0.667	3	0.67	5567	agropecuaria+educacao+mortalidade	br_ibge_ppm, br_inep_saeb, br_ms_sim
0.667	3	0.67	5567	agropecuaria+educacao+politica	br_ibge_ppm, br_inep_saeb, br_tse_eleicoes
0.667	3	0.67	5567	agropecuaria+educacao+saneamento_agua	br_ibge_ppm, br_inep_saeb, br_ana_outorgas
0.667	3	0.67	5567	agropecuaria+educacao+saude_producao	br_ibge_ppm, br_inep_saeb, br_ms_cnes
0.667	3	0.67	5567	agropecuaria+educacao+transferencia_renda	br_ibge_ppm, br_inep_saeb, br_mc_indicadores
0.667	3	0.67	5567	agropecuaria+mortalidade+politica	br_ibge_ppm, br_ms_sim, br_tse_eleicoes
0.667	3	0.67	5567	agropecuaria+mortalidade+saude_producao	br_ibge_ppm, br_ms_sim, br_ms_cnes
0.667	3	0.67	5567	agropecuaria+mortalidade+transferencia_renda	br_ibge_ppm, br_ms_sim, br_mc_indicadores
0.667	3	0.67	5567	agropecuaria+politica+saneamento_agua	br_ibge_ppm, br_tse_eleicoes, br_ana_outorgas
0.667	3	0.67	5567	agropecuaria+politica+saude_producao	br_ibge_ppm, br_tse_eleicoes, br_ms_cnes
0.667	3	0.67	5567	agropecuaria+politica+transferencia_renda	br_ibge_ppm, br_tse_eleicoes, br_mc_indicadores
0.667	3	0.67	5567	agropecuaria+saneamento_agua+saude_producao	br_ibge_ppm, br_ana_outorgas, br_ms_cnes
0.667	3	0.67	5567	agropecuaria+saneamento_agua+transferencia_renda	br_ibge_ppm, br_ana_outorgas, br_mc_indicadores
0.667	3	0.67	5567	agropecuaria+saude_producao+transferencia_renda	br_ibge_ppm, br_ms_cnes, br_mc_indicadores
0.667	3	0.67	5559	agropecuaria+conectividade+fundiario	br_ibge_ppm, br_anatel_banda_larga_fixa, br_sfb_sicar
0.667	3	0.67	5559	agropecuaria+educacao+fundiario	br_ibge_ppm, br_inep_saeb, br_sfb_sicar
0.667	3	0.67	5559	agropecuaria+fundiario+mortalidade	br_ibge_ppm, br_sfb_sicar, br_ms_sim
0.667	3	0.67	5559	agropecuaria+fundiario+politica	br_ibge_ppm, br_sfb_sicar, br_tse_eleicoes
0.667	3	0.67	5559	agropecuaria+fundiario+transferencia_renda	br_ibge_ppm, br_sfb_sicar, br_mc_indicadores
0.667	3	0.67	5559	conectividade+educacao+fundiario	br_anatel_banda_larga_fixa, br_inep_saeb, br_sfb_sicar
0.667	3	0.67	5559	conectividade+fiscal_municipal+fundiario	br_anatel_banda_larga_fixa, br_rf_arrecadacao, br_sfb_sicar
0.667	3	0.67	5559	conectividade+fundiario+mortalidade	br_anatel_banda_larga_fixa, br_sfb_sicar, br_ms_sim
0.667	3	0.67	5559	conectividade+fundiario+politica	br_anatel_banda_larga_fixa, br_sfb_sicar, br_tse_eleicoes
0.667	3	0.67	5559	conectividade+fundiario+saneamento_agua	br_anatel_banda_larga_fixa, br_sfb_sicar, br_ana_outorgas
0.667	3	0.67	5559	conectividade+fundiario+saude_producao	br_anatel_banda_larga_fixa, br_sfb_sicar, br_ms_cnes
0.667	3	0.67	5559	desmatamento_clima+educacao+fundiario	br_inpe_sisam, br_inep_saeb, br_sfb_sicar
0.667	3	0.67	5559	desmatamento_clima+fiscal_municipal+fundiario	br_inpe_sisam, br_rf_arrecadacao, br_sfb_sicar
0.667	3	0.67	5559	desmatamento_clima+fundiario+politica	br_inpe_sisam, br_sfb_sicar, br_tse_eleicoes
0.667	3	0.67	5559	desmatamento_clima+fundiario+transferencia_renda	br_inpe_sisam, br_sfb_sicar, br_mc_indicadores
0.667	3	0.67	5559	educacao+fiscal_municipal+fundiario	br_inep_saeb, br_rf_arrecadacao, br_sfb_sicar
0.667	3	0.67	5559	educacao+fundiario+mortalidade	br_inep_saeb, br_sfb_sicar, br_ms_sim
0.667	3	0.67	5559	educacao+fundiario+politica	br_inep_saeb, br_sfb_sicar, br_tse_eleicoes
0.667	3	0.67	5559	educacao+fundiario+transferencia_renda	br_inep_saeb, br_sfb_sicar, br_mc_indicadores
0.667	3	0.67	5559	fiscal_municipal+fundiario+mortalidade	br_rf_arrecadacao, br_sfb_sicar, br_ms_sim
0.667	3	0.67	5559	fiscal_municipal+fundiario+politica	br_rf_arrecadacao, br_sfb_sicar, br_tse_eleicoes
0.667	3	0.67	5559	fiscal_municipal+fundiario+saneamento_agua	br_rf_arrecadacao, br_sfb_sicar, br_ana_outorgas
0.667	3	0.67	5559	fiscal_municipal+fundiario+transferencia_renda	br_rf_arrecadacao, br_sfb_sicar, br_mc_indicadores
0.667	3	0.67	5559	fundiario+mortalidade+politica	br_sfb_sicar, br_ms_sim, br_tse_eleicoes
0.667	3	0.67	5559	fundiario+mortalidade+saneamento_agua	br_sfb_sicar, br_ms_sim, br_ana_outorgas
0.667	3	0.67	5559	fundiario+mortalidade+transferencia_renda	br_sfb_sicar, br_ms_sim, br_mc_indicadores
0.667	3	0.67	5559	fundiario+politica+transferencia_renda	br_sfb_sicar, br_tse_eleicoes, br_mc_indicadores
0.667	3	0.67	5559	fundiario+saneamento_agua+saude_producao	br_sfb_sicar, br_ana_outorgas, br_ms_cnes
0.667	3	0.67	5544	agropecuaria+demografia_censo+mobilidade	br_ibge_ppm, br_ibge_censo2022_raca, br_mobilidados_indicadores
0.667	3	0.67	5544	agropecuaria+desmatamento_clima+mobilidade	br_ibge_ppm, br_inpe_sisam, br_mobilidados_indicadores
0.667	3	0.67	5544	agropecuaria+fiscal_municipal+mobilidade	br_ibge_ppm, br_rf_arrecadacao, br_mobilidados_indicadores
0.667	3	0.67	5544	agropecuaria+fundiario+mobilidade	br_ibge_ppm, br_sfb_sicar, br_mobilidados_indicadores
0.667	3	0.67	5544	agropecuaria+mobilidade+mortalidade	br_ibge_ppm, br_mobilidados_indicadores, br_ms_sim
0.667	3	0.67	5544	agropecuaria+mobilidade+saneamento_agua	br_ibge_ppm, br_mobilidados_indicadores, br_ana_outorgas
0.667	3	0.67	5544	conectividade+desmatamento_clima+mobilidade	br_anatel_banda_larga_fixa, br_inpe_sisam, br_mobilidados_indicadores
0.667	3	0.67	5544	conectividade+educacao+mobilidade	br_anatel_banda_larga_fixa, br_inep_saeb, br_mobilidados_indicadores
0.667	3	0.67	5544	conectividade+fiscal_municipal+mobilidade	br_anatel_banda_larga_fixa, br_rf_arrecadacao, br_mobilidados_indicadores
0.667	3	0.67	5544	conectividade+mobilidade+politica	br_anatel_banda_larga_fixa, br_mobilidados_indicadores, br_tse_eleicoes
0.667	3	0.67	5544	conectividade+mobilidade+saneamento_agua	br_anatel_banda_larga_fixa, br_mobilidados_indicadores, br_ana_outorgas
0.667	3	0.67	5544	desmatamento_clima+fundiario+mobilidade	br_inpe_sisam, br_sfb_sicar, br_mobilidados_indicadores
0.667	3	0.67	5544	desmatamento_clima+mobilidade+saneamento_agua	br_inpe_sisam, br_mobilidados_indicadores, br_ana_outorgas
0.667	3	0.67	5544	desmatamento_clima+mobilidade+saude_producao	br_inpe_sisam, br_mobilidados_indicadores, br_ms_cnes
0.667	3	0.67	5544	educacao+fiscal_municipal+mobilidade	br_inep_saeb, br_rf_arrecadacao, br_mobilidados_indicadores
0.667	3	0.67	5544	educacao+mobilidade+politica	br_inep_saeb, br_mobilidados_indicadores, br_tse_eleicoes
0.667	3	0.67	5544	educacao+mobilidade+saude_producao	br_inep_saeb, br_mobilidados_indicadores, br_ms_cnes
0.667	3	0.67	5544	educacao+mobilidade+transferencia_renda	br_inep_saeb, br_mobilidados_indicadores, br_mc_indicadores
0.667	3	0.67	5544	fiscal_municipal+mobilidade+politica	br_rf_arrecadacao, br_mobilidados_indicadores, br_tse_eleicoes
0.667	3	0.67	5544	fiscal_municipal+mobilidade+saneamento_agua	br_rf_arrecadacao, br_mobilidados_indicadores, br_ana_outorgas
0.667	3	0.67	5544	fiscal_municipal+mobilidade+saude_producao	br_rf_arrecadacao, br_mobilidados_indicadores, br_ms_cnes
0.667	3	0.67	5544	fiscal_municipal+mobilidade+transferencia_renda	br_rf_arrecadacao, br_mobilidados_indicadores, br_mc_indicadores
0.667	3	0.67	5544	fundiario+mobilidade+mortalidade	br_sfb_sicar, br_mobilidados_indicadores, br_ms_sim
0.667	3	0.67	5544	fundiario+mobilidade+saude_producao	br_sfb_sicar, br_mobilidados_indicadores, br_ms_cnes
0.667	3	0.67	5544	mobilidade+politica+saude_producao	br_mobilidados_indicadores, br_tse_eleicoes, br_ms_cnes
0.667	3	0.67	5544	mobilidade+politica+transferencia_renda	br_mobilidados_indicadores, br_tse_eleicoes, br_mc_indicadores
0.667	3	0.67	5544	mobilidade+saude_producao+transferencia_renda	br_mobilidados_indicadores, br_ms_cnes, br_mc_indicadores
0.667	3	0.67	5522	agropecuaria+credito_financeiro+mobilidade	br_ibge_ppm, br_bcb_sicor, br_mobilidados_indicadores
0.667	3	0.67	5522	agropecuaria+credito_financeiro+mortalidade	br_ibge_ppm, br_bcb_sicor, br_ms_sim
0.667	3	0.67	5522	agropecuaria+credito_financeiro+politica	br_ibge_ppm, br_bcb_sicor, br_tse_eleicoes
0.667	3	0.67	5522	conectividade+credito_financeiro+mobilidade	br_anatel_banda_larga_fixa, br_bcb_sicor, br_mobilidados_indicadores
0.667	3	0.67	5522	credito_financeiro+desmatamento_clima+mobilidade	br_bcb_sicor, br_inpe_sisam, br_mobilidados_indicadores
0.667	3	0.67	5522	credito_financeiro+desmatamento_clima+politica	br_bcb_sicor, br_inpe_sisam, br_tse_eleicoes
0.667	3	0.67	5522	credito_financeiro+educacao+mobilidade	br_bcb_sicor, br_inep_saeb, br_mobilidados_indicadores
0.667	3	0.67	5522	credito_financeiro+educacao+saneamento_agua	br_bcb_sicor, br_inep_saeb, br_ana_outorgas
0.667	3	0.67	5522	credito_financeiro+fiscal_municipal+mobilidade	br_bcb_sicor, br_rf_arrecadacao, br_mobilidados_indicadores
0.667	3	0.67	5522	credito_financeiro+fundiario+mobilidade	br_bcb_sicor, br_sfb_sicar, br_mobilidados_indicadores
0.667	3	0.67	5522	credito_financeiro+fundiario+mortalidade	br_bcb_sicor, br_sfb_sicar, br_ms_sim
0.667	3	0.67	5522	credito_financeiro+fundiario+politica	br_bcb_sicor, br_sfb_sicar, br_tse_eleicoes
0.667	3	0.67	5522	credito_financeiro+fundiario+saneamento_agua	br_bcb_sicor, br_sfb_sicar, br_ana_outorgas
0.667	3	0.67	5522	credito_financeiro+mobilidade+mortalidade	br_bcb_sicor, br_mobilidados_indicadores, br_ms_sim
0.667	3	0.67	5522	credito_financeiro+mobilidade+saude_producao	br_bcb_sicor, br_mobilidados_indicadores, br_ms_cnes
0.667	3	0.67	5522	credito_financeiro+mobilidade+transferencia_renda	br_bcb_sicor, br_mobilidados_indicadores, br_mc_indicadores
0.667	3	0.67	5522	credito_financeiro+mortalidade+politica	br_bcb_sicor, br_ms_sim, br_tse_eleicoes
0.667	3	0.67	5522	credito_financeiro+mortalidade+saneamento_agua	br_bcb_sicor, br_ms_sim, br_ana_outorgas
0.667	3	0.67	5522	credito_financeiro+saneamento_agua+saude_producao	br_bcb_sicor, br_ana_outorgas, br_ms_cnes
0.667	3	0.67	5522	credito_financeiro+saneamento_agua+transferencia_renda	br_bcb_sicor, br_ana_outorgas, br_mc_indicadores
0.667	3	0.67	5487	agropecuaria+demografia_censo+vigilancia_sinan	br_ibge_ppm, br_ibge_censo2022_raca, br_ms_sinan_violencia
0.667	3	0.67	5487	agropecuaria+educacao+vigilancia_sinan	br_ibge_ppm, br_inep_saeb, br_ms_sinan_violencia
0.667	3	0.67	5487	agropecuaria+fiscal_municipal+vigilancia_sinan	br_ibge_ppm, br_rf_arrecadacao, br_ms_sinan_violencia
0.667	3	0.67	5487	agropecuaria+fundiario+vigilancia_sinan	br_ibge_ppm, br_sfb_sicar, br_ms_sinan_violencia
0.667	3	0.67	5487	agropecuaria+mortalidade+vigilancia_sinan	br_ibge_ppm, br_ms_sim, br_ms_sinan_violencia
0.667	3	0.67	5487	agropecuaria+saude_producao+vigilancia_sinan	br_ibge_ppm, br_ms_cnes, br_ms_sinan_violencia
0.667	3	0.67	5487	agropecuaria+transferencia_renda+vigilancia_sinan	br_ibge_ppm, br_mc_indicadores, br_ms_sinan_violencia
0.667	3	0.67	5487	conectividade+fiscal_municipal+vigilancia_sinan	br_anatel_banda_larga_fixa, br_rf_arrecadacao, br_ms_sinan_violencia
0.667	3	0.67	5487	conectividade+politica+vigilancia_sinan	br_anatel_banda_larga_fixa, br_tse_eleicoes, br_ms_sinan_violencia
0.667	3	0.67	5487	conectividade+saude_producao+vigilancia_sinan	br_anatel_banda_larga_fixa, br_ms_cnes, br_ms_sinan_violencia
0.667	3	0.67	5487	conectividade+transferencia_renda+vigilancia_sinan	br_anatel_banda_larga_fixa, br_mc_indicadores, br_ms_sinan_violencia
0.667	3	0.67	5487	credito_financeiro+mobilidade+vigilancia_sinan	br_bcb_sicor, br_mobilidados_indicadores, br_ms_sinan_violencia
0.667	3	0.67	5487	credito_financeiro+politica+vigilancia_sinan	br_bcb_sicor, br_tse_eleicoes, br_ms_sinan_violencia
0.667	3	0.67	5487	desmatamento_clima+fiscal_municipal+vigilancia_sinan	br_inpe_sisam, br_rf_arrecadacao, br_ms_sinan_violencia
0.667	3	0.67	5487	desmatamento_clima+mobilidade+vigilancia_sinan	br_inpe_sisam, br_mobilidados_indicadores, br_ms_sinan_violencia
0.667	3	0.67	5487	desmatamento_clima+politica+vigilancia_sinan	br_inpe_sisam, br_tse_eleicoes, br_ms_sinan_violencia
0.667	3	0.67	5487	educacao+fundiario+vigilancia_sinan	br_inep_saeb, br_sfb_sicar, br_ms_sinan_violencia
0.667	3	0.67	5487	educacao+mobilidade+vigilancia_sinan	br_inep_saeb, br_mobilidados_indicadores, br_ms_sinan_violencia
0.667	3	0.67	5487	fiscal_municipal+politica+vigilancia_sinan	br_rf_arrecadacao, br_tse_eleicoes, br_ms_sinan_violencia
0.667	3	0.67	5487	fundiario+mortalidade+vigilancia_sinan	br_sfb_sicar, br_ms_sim, br_ms_sinan_violencia
0.667	3	0.67	5487	fundiario+saneamento_agua+vigilancia_sinan	br_sfb_sicar, br_ana_outorgas, br_ms_sinan_violencia
0.667	3	0.67	5487	fundiario+transferencia_renda+vigilancia_sinan	br_sfb_sicar, br_mc_indicadores, br_ms_sinan_violencia
0.667	3	0.67	5487	mobilidade+saneamento_agua+vigilancia_sinan	br_mobilidados_indicadores, br_ana_outorgas, br_ms_sinan_violencia
0.667	3	0.67	5487	mobilidade+saude_producao+vigilancia_sinan	br_mobilidados_indicadores, br_ms_cnes, br_ms_sinan_violencia
0.667	3	0.67	5487	mobilidade+transferencia_renda+vigilancia_sinan	br_mobilidados_indicadores, br_mc_indicadores, br_ms_sinan_violencia
0.667	3	0.67	5487	politica+saneamento_agua+vigilancia_sinan	br_tse_eleicoes, br_ana_outorgas, br_ms_sinan_violencia
0.667	3	0.67	5475	agropecuaria+educacao+fiscalizacao_ambiental	br_ibge_ppm, br_inep_saeb, br_ibama_autos
0.667	3	0.67	5475	agropecuaria+fiscalizacao_ambiental+mobilidade	br_ibge_ppm, br_ibama_autos, br_mobilidados_indicadores
0.667	3	0.67	5475	agropecuaria+fiscalizacao_ambiental+mortalidade	br_ibge_ppm, br_ibama_autos, br_ms_sim
0.667	3	0.67	5475	agropecuaria+fiscalizacao_ambiental+vigilancia_sinan	br_ibge_ppm, br_ibama_autos, br_ms_sinan_violencia
0.667	3	0.67	5475	conectividade+fiscalizacao_ambiental+mobilidade	br_anatel_banda_larga_fixa, br_ibama_autos, br_mobilidados_indicadores
0.667	3	0.67	5475	conectividade+fiscalizacao_ambiental+vigilancia_sinan	br_anatel_banda_larga_fixa, br_ibama_autos, br_ms_sinan_violencia
0.667	3	0.67	5475	credito_financeiro+fiscalizacao_ambiental+mobilidade	br_bcb_sicor, br_ibama_autos, br_mobilidados_indicadores
0.667	3	0.67	5475	credito_financeiro+fiscalizacao_ambiental+mortalidade	br_bcb_sicor, br_ibama_autos, br_ms_sim
0.667	3	0.67	5475	credito_financeiro+fiscalizacao_ambiental+saneamento_agua	br_bcb_sicor, br_ibama_autos, br_ana_outorgas
0.667	3	0.67	5475	desmatamento_clima+educacao+fiscalizacao_ambiental	br_inpe_sisam, br_inep_saeb, br_ibama_autos
0.667	3	0.67	5475	desmatamento_clima+fiscal_municipal+fiscalizacao_ambiental	br_inpe_sisam, br_rf_arrecadacao, br_ibama_autos
0.667	3	0.67	5475	desmatamento_clima+fiscalizacao_ambiental+mobilidade	br_inpe_sisam, br_ibama_autos, br_mobilidados_indicadores
0.667	3	0.67	5475	educacao+fiscal_municipal+fiscalizacao_ambiental	br_inep_saeb, br_rf_arrecadacao, br_ibama_autos
0.667	3	0.67	5475	educacao+fiscalizacao_ambiental+fundiario	br_inep_saeb, br_ibama_autos, br_sfb_sicar
0.667	3	0.67	5475	educacao+fiscalizacao_ambiental+mortalidade	br_inep_saeb, br_ibama_autos, br_ms_sim
0.667	3	0.67	5475	educacao+fiscalizacao_ambiental+vigilancia_sinan	br_inep_saeb, br_ibama_autos, br_ms_sinan_violencia
0.667	3	0.67	5475	fiscal_municipal+fiscalizacao_ambiental+fundiario	br_rf_arrecadacao, br_ibama_autos, br_sfb_sicar
0.667	3	0.67	5475	fiscal_municipal+fiscalizacao_ambiental+mortalidade	br_rf_arrecadacao, br_ibama_autos, br_ms_sim
0.667	3	0.67	5475	fiscal_municipal+fiscalizacao_ambiental+saneamento_agua	br_rf_arrecadacao, br_ibama_autos, br_ana_outorgas
0.667	3	0.67	5475	fiscalizacao_ambiental+fundiario+mobilidade	br_ibama_autos, br_sfb_sicar, br_mobilidados_indicadores
0.667	3	0.67	5475	fiscalizacao_ambiental+fundiario+mortalidade	br_ibama_autos, br_sfb_sicar, br_ms_sim
0.667	3	0.67	5475	fiscalizacao_ambiental+fundiario+saneamento_agua	br_ibama_autos, br_sfb_sicar, br_ana_outorgas
0.667	3	0.67	5475	fiscalizacao_ambiental+fundiario+vigilancia_sinan	br_ibama_autos, br_sfb_sicar, br_ms_sinan_violencia
0.667	3	0.67	5475	fiscalizacao_ambiental+mobilidade+mortalidade	br_ibama_autos, br_mobilidados_indicadores, br_ms_sim
0.667	3	0.67	5475	fiscalizacao_ambiental+mobilidade+politica	br_ibama_autos, br_mobilidados_indicadores, br_tse_eleicoes
0.667	3	0.67	5475	fiscalizacao_ambiental+mobilidade+saude_producao	br_ibama_autos, br_mobilidados_indicadores, br_ms_cnes
0.667	3	0.67	5475	fiscalizacao_ambiental+mobilidade+transferencia_renda	br_ibama_autos, br_mobilidados_indicadores, br_mc_indicadores
0.667	3	0.67	5475	fiscalizacao_ambiental+mortalidade+saneamento_agua	br_ibama_autos, br_ms_sim, br_ana_outorgas
0.667	3	0.67	5475	fiscalizacao_ambiental+mortalidade+vigilancia_sinan	br_ibama_autos, br_ms_sim, br_ms_sinan_violencia
0.667	3	0.67	5475	fiscalizacao_ambiental+politica+saneamento_agua	br_ibama_autos, br_tse_eleicoes, br_ana_outorgas
0.667	3	0.67	5475	fiscalizacao_ambiental+politica+vigilancia_sinan	br_ibama_autos, br_tse_eleicoes, br_ms_sinan_violencia
0.667	3	0.67	5475	fiscalizacao_ambiental+saneamento_agua+saude_producao	br_ibama_autos, br_ana_outorgas, br_ms_cnes
0.667	3	0.67	5475	fiscalizacao_ambiental+saneamento_agua+transferencia_renda	br_ibama_autos, br_ana_outorgas, br_mc_indicadores
0.667	3	0.67	5475	fiscalizacao_ambiental+saneamento_agua+vigilancia_sinan	br_ibama_autos, br_ana_outorgas, br_ms_sinan_violencia
0.667	3	0.67	5419	agropecuaria+compras_publicas+conectividade	br_ibge_ppm, br_cgu_emendas_parlamentares, br_anatel_banda_larga_fixa
0.667	3	0.67	5419	agropecuaria+compras_publicas+demografia_censo	br_ibge_ppm, br_cgu_emendas_parlamentares, br_ibge_censo2022_raca
0.667	3	0.67	5419	agropecuaria+compras_publicas+educacao	br_ibge_ppm, br_cgu_emendas_parlamentares, br_inep_saeb
0.667	3	0.67	5419	agropecuaria+compras_publicas+mortalidade	br_ibge_ppm, br_cgu_emendas_parlamentares, br_ms_sim
0.667	3	0.67	5419	agropecuaria+compras_publicas+politica	br_ibge_ppm, br_cgu_emendas_parlamentares, br_tse_eleicoes
0.667	3	0.67	5419	agropecuaria+compras_publicas+saude_producao	br_ibge_ppm, br_cgu_emendas_parlamentares, br_ms_cnes
0.667	3	0.67	5419	agropecuaria+compras_publicas+transferencia_renda	br_ibge_ppm, br_cgu_emendas_parlamentares, br_mc_indicadores
0.667	3	0.67	5419	compras_publicas+conectividade+mobilidade	br_cgu_emendas_parlamentares, br_anatel_banda_larga_fixa, br_mobilidados_indicadores
0.667	3	0.67	5419	compras_publicas+conectividade+vigilancia_sinan	br_cgu_emendas_parlamentares, br_anatel_banda_larga_fixa, br_ms_sinan_violencia
0.667	3	0.67	5419	compras_publicas+credito_financeiro+mobilidade	br_cgu_emendas_parlamentares, br_bcb_sicor, br_mobilidados_indicadores
0.667	3	0.67	5419	compras_publicas+desmatamento_clima+mobilidade	br_cgu_emendas_parlamentares, br_inpe_sisam, br_mobilidados_indicadores
0.667	3	0.67	5419	compras_publicas+educacao+mobilidade	br_cgu_emendas_parlamentares, br_inep_saeb, br_mobilidados_indicadores
0.667	3	0.67	5419	compras_publicas+fiscal_municipal+mobilidade	br_cgu_emendas_parlamentares, br_rf_arrecadacao, br_mobilidados_indicadores
0.667	3	0.67	5419	compras_publicas+fiscal_municipal+vigilancia_sinan	br_cgu_emendas_parlamentares, br_rf_arrecadacao, br_ms_sinan_violencia
0.667	3	0.67	5419	compras_publicas+fiscalizacao_ambiental+mobilidade	br_cgu_emendas_parlamentares, br_ibama_autos, br_mobilidados_indicadores
0.667	3	0.67	5419	compras_publicas+fiscalizacao_ambiental+vigilancia_sinan	br_cgu_emendas_parlamentares, br_ibama_autos, br_ms_sinan_violencia
0.667	3	0.67	5419	compras_publicas+fundiario+mobilidade	br_cgu_emendas_parlamentares, br_sfb_sicar, br_mobilidados_indicadores
0.667	3	0.67	5419	compras_publicas+fundiario+vigilancia_sinan	br_cgu_emendas_parlamentares, br_sfb_sicar, br_ms_sinan_violencia
0.667	3	0.67	5419	compras_publicas+mobilidade+politica	br_cgu_emendas_parlamentares, br_mobilidados_indicadores, br_tse_eleicoes
0.667	3	0.67	5419	compras_publicas+mobilidade+saneamento_agua	br_cgu_emendas_parlamentares, br_mobilidados_indicadores, br_ana_outorgas
0.667	3	0.67	5419	compras_publicas+mobilidade+saude_producao	br_cgu_emendas_parlamentares, br_mobilidados_indicadores, br_ms_cnes
0.667	3	0.67	5419	compras_publicas+mobilidade+transferencia_renda	br_cgu_emendas_parlamentares, br_mobilidados_indicadores, br_mc_indicadores
0.667	3	0.67	5419	compras_publicas+politica+vigilancia_sinan	br_cgu_emendas_parlamentares, br_tse_eleicoes, br_ms_sinan_violencia
0.663	2	1.00	3314	agropecuaria+sancao_integridade	br_ibge_ppm, br_tcu_inidoneos
0.663	2	1.00	3314	conectividade+sancao_integridade	br_anatel_banda_larga_fixa, br_tcu_inidoneos
0.663	2	1.00	3314	fundiario+sancao_integridade	br_sfb_sicar, br_tcu_inidoneos
0.663	2	1.00	3314	mobilidade+sancao_integridade	br_mobilidados_indicadores, br_tcu_inidoneos
0.663	2	1.00	3314	mortalidade+sancao_integridade	br_ms_sim, br_tcu_inidoneos
0.663	2	1.00	3314	natalidade+sancao_integridade	br_ms_sinasc, br_tcu_inidoneos
0.663	2	1.00	3314	sancao_integridade+saneamento_agua	br_tcu_inidoneos, br_ana_outorgas
0.663	2	1.00	3314	sancao_integridade+saude_producao	br_tcu_inidoneos, br_ms_cnes
0.663	2	1.00	3314	sancao_integridade+vigilancia_sinan	br_tcu_inidoneos, br_ms_sinan_violencia
0.663	3	1.00	3314	agropecuaria+conectividade+sancao_integridade	br_ibge_ppm, br_anatel_banda_larga_fixa, br_tcu_inidoneos
0.663	3	1.00	3314	agropecuaria+mobilidade+sancao_integridade	br_ibge_ppm, br_mobilidados_indicadores, br_tcu_inidoneos
0.663	3	1.00	3314	agropecuaria+mortalidade+sancao_integridade	br_ibge_ppm, br_ms_sim, br_tcu_inidoneos
0.663	3	1.00	3314	agropecuaria+natalidade+sancao_integridade	br_ibge_ppm, br_ms_sinasc, br_tcu_inidoneos
0.663	3	1.00	3314	agropecuaria+sancao_integridade+saude_producao	br_ibge_ppm, br_tcu_inidoneos, br_ms_cnes
0.663	3	1.00	3314	agropecuaria+sancao_integridade+vigilancia_sinan	br_ibge_ppm, br_tcu_inidoneos, br_ms_sinan_violencia
0.663	3	1.00	3314	conectividade+fundiario+sancao_integridade	br_anatel_banda_larga_fixa, br_sfb_sicar, br_tcu_inidoneos
0.663	3	1.00	3314	conectividade+mobilidade+sancao_integridade	br_anatel_banda_larga_fixa, br_mobilidados_indicadores, br_tcu_inidoneos
0.663	3	1.00	3314	conectividade+natalidade+sancao_integridade	br_anatel_banda_larga_fixa, br_ms_sinasc, br_tcu_inidoneos
0.663	3	1.00	3314	conectividade+sancao_integridade+saude_producao	br_anatel_banda_larga_fixa, br_tcu_inidoneos, br_ms_cnes
0.663	3	1.00	3314	conectividade+sancao_integridade+vigilancia_sinan	br_anatel_banda_larga_fixa, br_tcu_inidoneos, br_ms_sinan_violencia
0.663	3	1.00	3314	fundiario+mobilidade+sancao_integridade	br_sfb_sicar, br_mobilidados_indicadores, br_tcu_inidoneos
0.663	3	1.00	3314	fundiario+mortalidade+sancao_integridade	br_sfb_sicar, br_ms_sim, br_tcu_inidoneos
0.663	3	1.00	3314	fundiario+natalidade+sancao_integridade	br_sfb_sicar, br_ms_sinasc, br_tcu_inidoneos
0.663	3	1.00	3314	fundiario+sancao_integridade+saneamento_agua	br_sfb_sicar, br_tcu_inidoneos, br_ana_outorgas
0.663	3	1.00	3314	fundiario+sancao_integridade+vigilancia_sinan	br_sfb_sicar, br_tcu_inidoneos, br_ms_sinan_violencia
0.663	3	1.00	3314	mobilidade+natalidade+sancao_integridade	br_mobilidados_indicadores, br_ms_sinasc, br_tcu_inidoneos
0.663	3	1.00	3314	mobilidade+sancao_integridade+saneamento_agua	br_mobilidados_indicadores, br_tcu_inidoneos, br_ana_outorgas
0.663	3	1.00	3314	mobilidade+sancao_integridade+saude_producao	br_mobilidados_indicadores, br_tcu_inidoneos, br_ms_cnes
0.663	3	1.00	3314	mobilidade+sancao_integridade+vigilancia_sinan	br_mobilidados_indicadores, br_tcu_inidoneos, br_ms_sinan_violencia
0.663	3	1.00	3314	natalidade+sancao_integridade+saneamento_agua	br_ms_sinasc, br_tcu_inidoneos, br_ana_outorgas
0.663	3	1.00	3314	sancao_integridade+saneamento_agua+saude_producao	br_tcu_inidoneos, br_ana_outorgas, br_ms_cnes
0.625	3	0.67	4691	agropecuaria+compras_publicas+natalidade	br_ibge_ppm, br_cgu_emendas_parlamentares, br_ms_sinasc
0.625	3	0.67	4691	agropecuaria+credito_financeiro+natalidade	br_ibge_ppm, br_bcb_sicor, br_ms_sinasc
0.625	3	0.67	4691	agropecuaria+demografia_censo+natalidade	br_ibge_ppm, br_ibge_censo2022_raca, br_ms_sinasc
0.625	3	0.67	4691	agropecuaria+desmatamento_clima+natalidade	br_ibge_ppm, br_inpe_sisam, br_ms_sinasc
0.625	3	0.67	4691	agropecuaria+educacao+natalidade	br_ibge_ppm, br_inep_saeb, br_ms_sinasc
0.625	3	0.67	4691	agropecuaria+fiscalizacao_ambiental+natalidade	br_ibge_ppm, br_ibama_autos, br_ms_sinasc
0.625	3	0.67	4691	agropecuaria+fundiario+natalidade	br_ibge_ppm, br_sfb_sicar, br_ms_sinasc
0.625	3	0.67	4691	agropecuaria+mortalidade+natalidade	br_ibge_ppm, br_ms_sim, br_ms_sinasc
0.625	3	0.67	4691	agropecuaria+natalidade+politica	br_ibge_ppm, br_ms_sinasc, br_tse_eleicoes
0.625	3	0.67	4691	agropecuaria+natalidade+saneamento_agua	br_ibge_ppm, br_ms_sinasc, br_ana_outorgas
0.625	3	0.67	4691	agropecuaria+natalidade+saude_producao	br_ibge_ppm, br_ms_sinasc, br_ms_cnes
0.625	3	0.67	4691	agropecuaria+natalidade+transferencia_renda	br_ibge_ppm, br_ms_sinasc, br_mc_indicadores
0.625	3	0.67	4691	agropecuaria+natalidade+vigilancia_sinan	br_ibge_ppm, br_ms_sinasc, br_ms_sinan_violencia
0.625	3	0.67	4691	compras_publicas+mobilidade+natalidade	br_cgu_emendas_parlamentares, br_mobilidados_indicadores, br_ms_sinasc
0.625	3	0.67	4691	conectividade+credito_financeiro+natalidade	br_anatel_banda_larga_fixa, br_bcb_sicor, br_ms_sinasc
0.625	3	0.67	4691	conectividade+desmatamento_clima+natalidade	br_anatel_banda_larga_fixa, br_inpe_sisam, br_ms_sinasc
0.625	3	0.67	4691	conectividade+fiscalizacao_ambiental+natalidade	br_anatel_banda_larga_fixa, br_ibama_autos, br_ms_sinasc
0.625	3	0.67	4691	conectividade+natalidade+saneamento_agua	br_anatel_banda_larga_fixa, br_ms_sinasc, br_ana_outorgas
0.625	3	0.67	4691	conectividade+natalidade+saude_producao	br_anatel_banda_larga_fixa, br_ms_sinasc, br_ms_cnes
0.625	3	0.67	4691	conectividade+natalidade+transferencia_renda	br_anatel_banda_larga_fixa, br_ms_sinasc, br_mc_indicadores
0.625	3	0.67	4691	conectividade+natalidade+vigilancia_sinan	br_anatel_banda_larga_fixa, br_ms_sinasc, br_ms_sinan_violencia
0.625	3	0.67	4691	credito_financeiro+desmatamento_clima+natalidade	br_bcb_sicor, br_inpe_sisam, br_ms_sinasc
0.625	3	0.67	4691	credito_financeiro+fiscalizacao_ambiental+natalidade	br_bcb_sicor, br_ibama_autos, br_ms_sinasc
0.625	3	0.67	4691	credito_financeiro+fundiario+natalidade	br_bcb_sicor, br_sfb_sicar, br_ms_sinasc
0.625	3	0.67	4691	credito_financeiro+mortalidade+natalidade	br_bcb_sicor, br_ms_sim, br_ms_sinasc
0.625	3	0.67	4691	credito_financeiro+natalidade+politica	br_bcb_sicor, br_ms_sinasc, br_tse_eleicoes
0.625	3	0.67	4691	desmatamento_clima+educacao+natalidade	br_inpe_sisam, br_inep_saeb, br_ms_sinasc
0.625	3	0.67	4691	desmatamento_clima+fiscal_municipal+natalidade	br_inpe_sisam, br_rf_arrecadacao, br_ms_sinasc
0.625	3	0.67	4691	desmatamento_clima+fiscalizacao_ambiental+natalidade	br_inpe_sisam, br_ibama_autos, br_ms_sinasc
0.625	3	0.67	4691	desmatamento_clima+fundiario+natalidade	br_inpe_sisam, br_sfb_sicar, br_ms_sinasc
0.625	3	0.67	4691	desmatamento_clima+natalidade+politica	br_inpe_sisam, br_ms_sinasc, br_tse_eleicoes
0.625	3	0.67	4691	desmatamento_clima+natalidade+saneamento_agua	br_inpe_sisam, br_ms_sinasc, br_ana_outorgas
0.625	3	0.67	4691	desmatamento_clima+natalidade+transferencia_renda	br_inpe_sisam, br_ms_sinasc, br_mc_indicadores
0.625	3	0.67	4691	educacao+fiscalizacao_ambiental+natalidade	br_inep_saeb, br_ibama_autos, br_ms_sinasc
0.625	3	0.67	4691	educacao+fundiario+natalidade	br_inep_saeb, br_sfb_sicar, br_ms_sinasc
0.625	3	0.67	4691	educacao+mobilidade+natalidade	br_inep_saeb, br_mobilidados_indicadores, br_ms_sinasc
0.625	3	0.67	4691	educacao+natalidade+saneamento_agua	br_inep_saeb, br_ms_sinasc, br_ana_outorgas
0.625	3	0.67	4691	fiscal_municipal+fiscalizacao_ambiental+natalidade	br_rf_arrecadacao, br_ibama_autos, br_ms_sinasc
0.625	3	0.67	4691	fiscal_municipal+fundiario+natalidade	br_rf_arrecadacao, br_sfb_sicar, br_ms_sinasc
0.625	3	0.67	4691	fiscal_municipal+mobilidade+natalidade	br_rf_arrecadacao, br_mobilidados_indicadores, br_ms_sinasc
0.625	3	0.67	4691	fiscalizacao_ambiental+fundiario+natalidade	br_ibama_autos, br_sfb_sicar, br_ms_sinasc
0.625	3	0.67	4691	fiscalizacao_ambiental+mortalidade+natalidade	br_ibama_autos, br_ms_sim, br_ms_sinasc
0.625	3	0.67	4691	fiscalizacao_ambiental+natalidade+vigilancia_sinan	br_ibama_autos, br_ms_sinasc, br_ms_sinan_violencia
0.625	3	0.67	4691	fundiario+mortalidade+natalidade	br_sfb_sicar, br_ms_sim, br_ms_sinasc
0.625	3	0.67	4691	fundiario+natalidade+politica	br_sfb_sicar, br_ms_sinasc, br_tse_eleicoes
0.625	3	0.67	4691	fundiario+natalidade+transferencia_renda	br_sfb_sicar, br_ms_sinasc, br_mc_indicadores
0.625	3	0.67	4691	fundiario+natalidade+vigilancia_sinan	br_sfb_sicar, br_ms_sinasc, br_ms_sinan_violencia
0.625	3	0.67	4691	mobilidade+natalidade+politica	br_mobilidados_indicadores, br_ms_sinasc, br_tse_eleicoes
0.625	3	0.67	4691	mobilidade+natalidade+saude_producao	br_mobilidados_indicadores, br_ms_sinasc, br_ms_cnes
0.625	3	0.67	4691	mobilidade+natalidade+transferencia_renda	br_mobilidados_indicadores, br_ms_sinasc, br_mc_indicadores
0.625	3	0.67	4691	mobilidade+natalidade+vigilancia_sinan	br_mobilidados_indicadores, br_ms_sinasc, br_ms_sinan_violencia
0.625	3	0.67	4691	natalidade+politica+saneamento_agua	br_ms_sinasc, br_tse_eleicoes, br_ana_outorgas
0.625	3	0.67	4691	natalidade+saneamento_agua+saude_producao	br_ms_sinasc, br_ana_outorgas, br_ms_cnes
0.625	3	0.67	4691	natalidade+saneamento_agua+transferencia_renda	br_ms_sinasc, br_ana_outorgas, br_mc_indicadores
0.539	2	1.00	2696	comercio_exterior+compras_publicas	br_me_comex_stat, br_cgu_emendas_parlamentares
0.539	2	1.00	2696	comercio_exterior+conectividade	br_me_comex_stat, br_anatel_banda_larga_fixa
0.539	2	1.00	2696	comercio_exterior+credito_financeiro	br_me_comex_stat, br_bcb_sicor
0.539	2	1.00	2696	comercio_exterior+educacao	br_me_comex_stat, br_inep_saeb
0.539	2	1.00	2696	comercio_exterior+fiscal_municipal	br_me_comex_stat, br_rf_arrecadacao
0.539	2	1.00	2696	comercio_exterior+fiscalizacao_ambiental	br_me_comex_stat, br_ibama_autos
0.539	2	1.00	2696	comercio_exterior+mineracao_energia	br_me_comex_stat, br_anm
0.539	2	1.00	2696	comercio_exterior+mobilidade	br_me_comex_stat, br_mobilidados_indicadores
0.539	2	1.00	2696	comercio_exterior+mortalidade	br_me_comex_stat, br_ms_sim
0.539	2	1.00	2696	comercio_exterior+natalidade	br_me_comex_stat, br_ms_sinasc
0.539	2	1.00	2696	comercio_exterior+politica	br_me_comex_stat, br_tse_eleicoes
0.539	2	1.00	2696	comercio_exterior+sancao_integridade	br_me_comex_stat, br_tcu_inidoneos
0.539	2	1.00	2696	comercio_exterior+saneamento_agua	br_me_comex_stat, br_ana_outorgas
0.539	2	1.00	2696	comercio_exterior+saude_producao	br_me_comex_stat, br_ms_cnes
0.539	2	1.00	2696	comercio_exterior+vigilancia_sinan	br_me_comex_stat, br_ms_sinan_violencia
0.539	3	1.00	2696	comercio_exterior+compras_publicas+mobilidade	br_me_comex_stat, br_cgu_emendas_parlamentares, br_mobilidados_indicadores
0.539	3	1.00	2696	comercio_exterior+compras_publicas+vigilancia_sinan	br_me_comex_stat, br_cgu_emendas_parlamentares, br_ms_sinan_violencia
0.539	3	1.00	2696	comercio_exterior+conectividade+mobilidade	br_me_comex_stat, br_anatel_banda_larga_fixa, br_mobilidados_indicadores
0.539	3	1.00	2696	comercio_exterior+conectividade+natalidade	br_me_comex_stat, br_anatel_banda_larga_fixa, br_ms_sinasc
0.539	3	1.00	2696	comercio_exterior+conectividade+sancao_integridade	br_me_comex_stat, br_anatel_banda_larga_fixa, br_tcu_inidoneos
0.539	3	1.00	2696	comercio_exterior+conectividade+saude_producao	br_me_comex_stat, br_anatel_banda_larga_fixa, br_ms_cnes
0.539	3	1.00	2696	comercio_exterior+conectividade+vigilancia_sinan	br_me_comex_stat, br_anatel_banda_larga_fixa, br_ms_sinan_violencia
0.539	3	1.00	2696	comercio_exterior+credito_financeiro+mobilidade	br_me_comex_stat, br_bcb_sicor, br_mobilidados_indicadores
0.539	3	1.00	2696	comercio_exterior+credito_financeiro+mortalidade	br_me_comex_stat, br_bcb_sicor, br_ms_sim
0.539	3	1.00	2696	comercio_exterior+credito_financeiro+natalidade	br_me_comex_stat, br_bcb_sicor, br_ms_sinasc
0.539	3	1.00	2696	comercio_exterior+credito_financeiro+politica	br_me_comex_stat, br_bcb_sicor, br_tse_eleicoes
0.539	3	1.00	2696	comercio_exterior+credito_financeiro+saneamento_agua	br_me_comex_stat, br_bcb_sicor, br_ana_outorgas
0.539	3	1.00	2696	comercio_exterior+educacao+fiscalizacao_ambiental	br_me_comex_stat, br_inep_saeb, br_ibama_autos
0.539	3	1.00	2696	comercio_exterior+educacao+mobilidade	br_me_comex_stat, br_inep_saeb, br_mobilidados_indicadores
0.539	3	1.00	2696	comercio_exterior+educacao+saneamento_agua	br_me_comex_stat, br_inep_saeb, br_ana_outorgas
0.539	3	1.00	2696	comercio_exterior+fiscal_municipal+fiscalizacao_ambiental	br_me_comex_stat, br_rf_arrecadacao, br_ibama_autos
0.539	3	1.00	2696	comercio_exterior+fiscal_municipal+mobilidade	br_me_comex_stat, br_rf_arrecadacao, br_mobilidados_indicadores
0.539	3	1.00	2696	comercio_exterior+fiscal_municipal+vigilancia_sinan	br_me_comex_stat, br_rf_arrecadacao, br_ms_sinan_violencia
0.539	3	1.00	2696	comercio_exterior+fiscalizacao_ambiental+mobilidade	br_me_comex_stat, br_ibama_autos, br_mobilidados_indicadores
0.539	3	1.00	2696	comercio_exterior+fiscalizacao_ambiental+mortalidade	br_me_comex_stat, br_ibama_autos, br_ms_sim
0.539	3	1.00	2696	comercio_exterior+fiscalizacao_ambiental+natalidade	br_me_comex_stat, br_ibama_autos, br_ms_sinasc
0.539	3	1.00	2696	comercio_exterior+fiscalizacao_ambiental+saneamento_agua	br_me_comex_stat, br_ibama_autos, br_ana_outorgas
0.539	3	1.00	2696	comercio_exterior+fiscalizacao_ambiental+vigilancia_sinan	br_me_comex_stat, br_ibama_autos, br_ms_sinan_violencia
0.539	3	1.00	2696	comercio_exterior+mineracao_energia+saneamento_agua	br_me_comex_stat, br_anm, br_ana_outorgas
0.539	3	1.00	2696	comercio_exterior+mobilidade+natalidade	br_me_comex_stat, br_mobilidados_indicadores, br_ms_sinasc
0.539	3	1.00	2696	comercio_exterior+mobilidade+politica	br_me_comex_stat, br_mobilidados_indicadores, br_tse_eleicoes
0.539	3	1.00	2696	comercio_exterior+mobilidade+sancao_integridade	br_me_comex_stat, br_mobilidados_indicadores, br_tcu_inidoneos
0.539	3	1.00	2696	comercio_exterior+mobilidade+saneamento_agua	br_me_comex_stat, br_mobilidados_indicadores, br_ana_outorgas
0.539	3	1.00	2696	comercio_exterior+mobilidade+saude_producao	br_me_comex_stat, br_mobilidados_indicadores, br_ms_cnes
0.539	3	1.00	2696	comercio_exterior+mobilidade+vigilancia_sinan	br_me_comex_stat, br_mobilidados_indicadores, br_ms_sinan_violencia
0.539	3	1.00	2696	comercio_exterior+mortalidade+sancao_integridade	br_me_comex_stat, br_ms_sim, br_tcu_inidoneos
0.539	3	1.00	2696	comercio_exterior+natalidade+sancao_integridade	br_me_comex_stat, br_ms_sinasc, br_tcu_inidoneos
0.539	3	1.00	2696	comercio_exterior+natalidade+saneamento_agua	br_me_comex_stat, br_ms_sinasc, br_ana_outorgas
0.539	3	1.00	2696	comercio_exterior+politica+saneamento_agua	br_me_comex_stat, br_tse_eleicoes, br_ana_outorgas
0.539	3	1.00	2696	comercio_exterior+politica+vigilancia_sinan	br_me_comex_stat, br_tse_eleicoes, br_ms_sinan_violencia
0.539	3	1.00	2696	comercio_exterior+sancao_integridade+saneamento_agua	br_me_comex_stat, br_tcu_inidoneos, br_ana_outorgas
0.539	3	1.00	2696	comercio_exterior+sancao_integridade+saude_producao	br_me_comex_stat, br_tcu_inidoneos, br_ms_cnes
0.539	3	1.00	2696	comercio_exterior+sancao_integridade+vigilancia_sinan	br_me_comex_stat, br_tcu_inidoneos, br_ms_sinan_violencia
0.539	3	1.00	2696	comercio_exterior+saneamento_agua+saude_producao	br_me_comex_stat, br_ana_outorgas, br_ms_cnes
0.531	3	0.67	3985	agropecuaria+compras_publicas+mineracao_energia	br_ibge_ppm, br_cgu_emendas_parlamentares, br_anm
0.531	3	0.67	3985	agropecuaria+conectividade+mineracao_energia	br_ibge_ppm, br_anatel_banda_larga_fixa, br_anm
0.531	3	0.67	3985	agropecuaria+demografia_censo+mineracao_energia	br_ibge_ppm, br_ibge_censo2022_raca, br_anm
0.531	3	0.67	3985	agropecuaria+educacao+mineracao_energia	br_ibge_ppm, br_inep_saeb, br_anm
0.531	3	0.67	3985	agropecuaria+mineracao_energia+mobilidade	br_ibge_ppm, br_anm, br_mobilidados_indicadores
0.531	3	0.67	3985	agropecuaria+mineracao_energia+mortalidade	br_ibge_ppm, br_anm, br_ms_sim
0.531	3	0.67	3985	agropecuaria+mineracao_energia+natalidade	br_ibge_ppm, br_anm, br_ms_sinasc
0.531	3	0.67	3985	agropecuaria+mineracao_energia+politica	br_ibge_ppm, br_anm, br_tse_eleicoes
0.531	3	0.67	3985	agropecuaria+mineracao_energia+saneamento_agua	br_ibge_ppm, br_anm, br_ana_outorgas
0.531	3	0.67	3985	agropecuaria+mineracao_energia+saude_producao	br_ibge_ppm, br_anm, br_ms_cnes
0.531	3	0.67	3985	agropecuaria+mineracao_energia+transferencia_renda	br_ibge_ppm, br_anm, br_mc_indicadores
0.531	3	0.67	3985	agropecuaria+mineracao_energia+vigilancia_sinan	br_ibge_ppm, br_anm, br_ms_sinan_violencia
0.531	3	0.67	3985	credito_financeiro+mineracao_energia+saneamento_agua	br_bcb_sicor, br_anm, br_ana_outorgas
0.531	3	0.67	3985	educacao+mineracao_energia+saneamento_agua	br_inep_saeb, br_anm, br_ana_outorgas
0.531	3	0.67	3985	fiscalizacao_ambiental+mineracao_energia+saneamento_agua	br_ibama_autos, br_anm, br_ana_outorgas
0.531	3	0.67	3985	fundiario+mineracao_energia+saneamento_agua	br_sfb_sicar, br_anm, br_ana_outorgas
0.531	3	0.67	3985	mineracao_energia+mobilidade+saneamento_agua	br_anm, br_mobilidados_indicadores, br_ana_outorgas
0.531	3	0.67	3985	mineracao_energia+natalidade+saneamento_agua	br_anm, br_ms_sinasc, br_ana_outorgas
0.531	3	0.67	3985	mineracao_energia+politica+saneamento_agua	br_anm, br_tse_eleicoes, br_ana_outorgas
0.531	3	0.67	3985	mineracao_energia+saneamento_agua+saude_producao	br_anm, br_ana_outorgas, br_ms_cnes
0.531	3	0.67	3985	mineracao_energia+saneamento_agua+transferencia_renda	br_anm, br_ana_outorgas, br_mc_indicadores
0.442	3	0.67	3314	agropecuaria+compras_publicas+sancao_integridade	br_ibge_ppm, br_cgu_emendas_parlamentares, br_tcu_inidoneos
0.442	3	0.67	3314	agropecuaria+demografia_censo+sancao_integridade	br_ibge_ppm, br_ibge_censo2022_raca, br_tcu_inidoneos
0.442	3	0.67	3314	agropecuaria+educacao+sancao_integridade	br_ibge_ppm, br_inep_saeb, br_tcu_inidoneos
0.442	3	0.67	3314	agropecuaria+fundiario+sancao_integridade	br_ibge_ppm, br_sfb_sicar, br_tcu_inidoneos
0.442	3	0.67	3314	agropecuaria+mineracao_energia+sancao_integridade	br_ibge_ppm, br_anm, br_tcu_inidoneos
0.442	3	0.67	3314	agropecuaria+politica+sancao_integridade	br_ibge_ppm, br_tse_eleicoes, br_tcu_inidoneos
0.442	3	0.67	3314	agropecuaria+sancao_integridade+saneamento_agua	br_ibge_ppm, br_tcu_inidoneos, br_ana_outorgas
0.442	3	0.67	3314	agropecuaria+sancao_integridade+transferencia_renda	br_ibge_ppm, br_tcu_inidoneos, br_mc_indicadores
0.442	3	0.67	3314	compras_publicas+mobilidade+sancao_integridade	br_cgu_emendas_parlamentares, br_mobilidados_indicadores, br_tcu_inidoneos
0.442	3	0.67	3314	compras_publicas+sancao_integridade+vigilancia_sinan	br_cgu_emendas_parlamentares, br_tcu_inidoneos, br_ms_sinan_violencia
0.442	3	0.67	3314	conectividade+mortalidade+sancao_integridade	br_anatel_banda_larga_fixa, br_ms_sim, br_tcu_inidoneos
0.442	3	0.67	3314	conectividade+sancao_integridade+saneamento_agua	br_anatel_banda_larga_fixa, br_tcu_inidoneos, br_ana_outorgas
0.442	3	0.67	3314	conectividade+sancao_integridade+transferencia_renda	br_anatel_banda_larga_fixa, br_tcu_inidoneos, br_mc_indicadores
0.442	3	0.67	3314	credito_financeiro+mobilidade+sancao_integridade	br_bcb_sicor, br_mobilidados_indicadores, br_tcu_inidoneos
0.442	3	0.67	3314	credito_financeiro+mortalidade+sancao_integridade	br_bcb_sicor, br_ms_sim, br_tcu_inidoneos
0.442	3	0.67	3314	credito_financeiro+natalidade+sancao_integridade	br_bcb_sicor, br_ms_sinasc, br_tcu_inidoneos
0.442	3	0.67	3314	credito_financeiro+sancao_integridade+saneamento_agua	br_bcb_sicor, br_tcu_inidoneos, br_ana_outorgas
0.442	3	0.67	3314	desmatamento_clima+mobilidade+sancao_integridade	br_inpe_sisam, br_mobilidados_indicadores, br_tcu_inidoneos
0.442	3	0.67	3314	desmatamento_clima+natalidade+sancao_integridade	br_inpe_sisam, br_ms_sinasc, br_tcu_inidoneos
0.442	3	0.67	3314	educacao+fundiario+sancao_integridade	br_inep_saeb, br_sfb_sicar, br_tcu_inidoneos
0.442	3	0.67	3314	educacao+mobilidade+sancao_integridade	br_inep_saeb, br_mobilidados_indicadores, br_tcu_inidoneos
0.442	3	0.67	3314	educacao+sancao_integridade+saneamento_agua	br_inep_saeb, br_tcu_inidoneos, br_ana_outorgas
0.442	3	0.67	3314	fiscal_municipal+fundiario+sancao_integridade	br_rf_arrecadacao, br_sfb_sicar, br_tcu_inidoneos
0.442	3	0.67	3314	fiscal_municipal+mobilidade+sancao_integridade	br_rf_arrecadacao, br_mobilidados_indicadores, br_tcu_inidoneos
0.442	3	0.67	3314	fiscal_municipal+sancao_integridade+vigilancia_sinan	br_rf_arrecadacao, br_tcu_inidoneos, br_ms_sinan_violencia
0.442	3	0.67	3314	fiscalizacao_ambiental+mobilidade+sancao_integridade	br_ibama_autos, br_mobilidados_indicadores, br_tcu_inidoneos
0.442	3	0.67	3314	fiscalizacao_ambiental+mortalidade+sancao_integridade	br_ibama_autos, br_ms_sim, br_tcu_inidoneos
0.442	3	0.67	3314	fiscalizacao_ambiental+natalidade+sancao_integridade	br_ibama_autos, br_ms_sinasc, br_tcu_inidoneos
0.442	3	0.67	3314	fiscalizacao_ambiental+sancao_integridade+saneamento_agua	br_ibama_autos, br_tcu_inidoneos, br_ana_outorgas
0.442	3	0.67	3314	fiscalizacao_ambiental+sancao_integridade+vigilancia_sinan	br_ibama_autos, br_tcu_inidoneos, br_ms_sinan_violencia
0.442	3	0.67	3314	fundiario+politica+sancao_integridade	br_sfb_sicar, br_tse_eleicoes, br_tcu_inidoneos
0.442	3	0.67	3314	fundiario+sancao_integridade+saude_producao	br_sfb_sicar, br_tcu_inidoneos, br_ms_cnes
0.442	3	0.67	3314	fundiario+sancao_integridade+transferencia_renda	br_sfb_sicar, br_tcu_inidoneos, br_mc_indicadores
0.442	3	0.67	3314	mineracao_energia+sancao_integridade+saneamento_agua	br_anm, br_tcu_inidoneos, br_ana_outorgas
0.442	3	0.67	3314	mobilidade+mortalidade+sancao_integridade	br_mobilidados_indicadores, br_ms_sim, br_tcu_inidoneos
0.442	3	0.67	3314	mobilidade+politica+sancao_integridade	br_mobilidados_indicadores, br_tse_eleicoes, br_tcu_inidoneos
0.442	3	0.67	3314	mobilidade+sancao_integridade+transferencia_renda	br_mobilidados_indicadores, br_tcu_inidoneos, br_mc_indicadores
0.442	3	0.67	3314	mortalidade+natalidade+sancao_integridade	br_ms_sim, br_ms_sinasc, br_tcu_inidoneos
0.442	3	0.67	3314	mortalidade+sancao_integridade+saneamento_agua	br_ms_sim, br_tcu_inidoneos, br_ana_outorgas
0.442	3	0.67	3314	mortalidade+sancao_integridade+saude_producao	br_ms_sim, br_tcu_inidoneos, br_ms_cnes
0.442	3	0.67	3314	mortalidade+sancao_integridade+vigilancia_sinan	br_ms_sim, br_tcu_inidoneos, br_ms_sinan_violencia
0.442	3	0.67	3314	natalidade+sancao_integridade+saude_producao	br_ms_sinasc, br_tcu_inidoneos, br_ms_cnes
0.442	3	0.67	3314	natalidade+sancao_integridade+vigilancia_sinan	br_ms_sinasc, br_tcu_inidoneos, br_ms_sinan_violencia
0.442	3	0.67	3314	politica+sancao_integridade+saneamento_agua	br_tse_eleicoes, br_tcu_inidoneos, br_ana_outorgas
0.442	3	0.67	3314	politica+sancao_integridade+vigilancia_sinan	br_tse_eleicoes, br_tcu_inidoneos, br_ms_sinan_violencia
0.442	3	0.67	3314	sancao_integridade+saneamento_agua+transferencia_renda	br_tcu_inidoneos, br_ana_outorgas, br_mc_indicadores
0.442	3	0.67	3314	sancao_integridade+saneamento_agua+vigilancia_sinan	br_tcu_inidoneos, br_ana_outorgas, br_ms_sinan_violencia
0.442	3	0.67	3314	sancao_integridade+saude_producao+vigilancia_sinan	br_tcu_inidoneos, br_ms_cnes, br_ms_sinan_violencia
0.359	3	0.67	2696	agropecuaria+comercio_exterior+compras_publicas	br_ibge_ppm, br_me_comex_stat, br_cgu_emendas_parlamentares
0.359	3	0.67	2696	agropecuaria+comercio_exterior+conectividade	br_ibge_ppm, br_me_comex_stat, br_anatel_banda_larga_fixa
0.359	3	0.67	2696	agropecuaria+comercio_exterior+educacao	br_ibge_ppm, br_me_comex_stat, br_inep_saeb
0.359	3	0.67	2696	agropecuaria+comercio_exterior+mineracao_energia	br_ibge_ppm, br_me_comex_stat, br_anm
0.359	3	0.67	2696	agropecuaria+comercio_exterior+mobilidade	br_ibge_ppm, br_me_comex_stat, br_mobilidados_indicadores
0.359	3	0.67	2696	agropecuaria+comercio_exterior+mortalidade	br_ibge_ppm, br_me_comex_stat, br_ms_sim
0.359	3	0.67	2696	agropecuaria+comercio_exterior+natalidade	br_ibge_ppm, br_me_comex_stat, br_ms_sinasc
0.359	3	0.67	2696	agropecuaria+comercio_exterior+politica	br_ibge_ppm, br_me_comex_stat, br_tse_eleicoes
0.359	3	0.67	2696	agropecuaria+comercio_exterior+sancao_integridade	br_ibge_ppm, br_me_comex_stat, br_tcu_inidoneos
0.359	3	0.67	2696	agropecuaria+comercio_exterior+saude_producao	br_ibge_ppm, br_me_comex_stat, br_ms_cnes
0.359	3	0.67	2696	agropecuaria+comercio_exterior+vigilancia_sinan	br_ibge_ppm, br_me_comex_stat, br_ms_sinan_violencia
0.359	3	0.67	2696	comercio_exterior+compras_publicas+conectividade	br_me_comex_stat, br_cgu_emendas_parlamentares, br_anatel_banda_larga_fixa
0.359	3	0.67	2696	comercio_exterior+compras_publicas+credito_financeiro	br_me_comex_stat, br_cgu_emendas_parlamentares, br_bcb_sicor
0.359	3	0.67	2696	comercio_exterior+compras_publicas+educacao	br_me_comex_stat, br_cgu_emendas_parlamentares, br_inep_saeb
0.359	3	0.67	2696	comercio_exterior+compras_publicas+fiscal_municipal	br_me_comex_stat, br_cgu_emendas_parlamentares, br_rf_arrecadacao
0.359	3	0.67	2696	comercio_exterior+compras_publicas+fiscalizacao_ambiental	br_me_comex_stat, br_cgu_emendas_parlamentares, br_ibama_autos
0.359	3	0.67	2696	comercio_exterior+compras_publicas+mineracao_energia	br_me_comex_stat, br_cgu_emendas_parlamentares, br_anm
0.359	3	0.67	2696	comercio_exterior+compras_publicas+mortalidade	br_me_comex_stat, br_cgu_emendas_parlamentares, br_ms_sim
0.359	3	0.67	2696	comercio_exterior+compras_publicas+natalidade	br_me_comex_stat, br_cgu_emendas_parlamentares, br_ms_sinasc
0.359	3	0.67	2696	comercio_exterior+compras_publicas+politica	br_me_comex_stat, br_cgu_emendas_parlamentares, br_tse_eleicoes
0.359	3	0.67	2696	comercio_exterior+compras_publicas+sancao_integridade	br_me_comex_stat, br_cgu_emendas_parlamentares, br_tcu_inidoneos
0.359	3	0.67	2696	comercio_exterior+compras_publicas+saneamento_agua	br_me_comex_stat, br_cgu_emendas_parlamentares, br_ana_outorgas
0.359	3	0.67	2696	comercio_exterior+compras_publicas+saude_producao	br_me_comex_stat, br_cgu_emendas_parlamentares, br_ms_cnes
0.359	3	0.67	2696	comercio_exterior+conectividade+credito_financeiro	br_me_comex_stat, br_anatel_banda_larga_fixa, br_bcb_sicor
0.359	3	0.67	2696	comercio_exterior+conectividade+educacao	br_me_comex_stat, br_anatel_banda_larga_fixa, br_inep_saeb
0.359	3	0.67	2696	comercio_exterior+conectividade+fiscal_municipal	br_me_comex_stat, br_anatel_banda_larga_fixa, br_rf_arrecadacao
0.359	3	0.67	2696	comercio_exterior+conectividade+fiscalizacao_ambiental	br_me_comex_stat, br_anatel_banda_larga_fixa, br_ibama_autos
0.359	3	0.67	2696	comercio_exterior+conectividade+fundiario	br_me_comex_stat, br_anatel_banda_larga_fixa, br_sfb_sicar
0.359	3	0.67	2696	comercio_exterior+conectividade+mineracao_energia	br_me_comex_stat, br_anatel_banda_larga_fixa, br_anm
0.359	3	0.67	2696	comercio_exterior+conectividade+mortalidade	br_me_comex_stat, br_anatel_banda_larga_fixa, br_ms_sim
0.359	3	0.67	2696	comercio_exterior+conectividade+politica	br_me_comex_stat, br_anatel_banda_larga_fixa, br_tse_eleicoes
0.359	3	0.67	2696	comercio_exterior+conectividade+saneamento_agua	br_me_comex_stat, br_anatel_banda_larga_fixa, br_ana_outorgas
0.359	3	0.67	2696	comercio_exterior+conectividade+transferencia_renda	br_me_comex_stat, br_anatel_banda_larga_fixa, br_mc_indicadores
0.359	3	0.67	2696	comercio_exterior+credito_financeiro+educacao	br_me_comex_stat, br_bcb_sicor, br_inep_saeb
0.359	3	0.67	2696	comercio_exterior+credito_financeiro+fiscal_municipal	br_me_comex_stat, br_bcb_sicor, br_rf_arrecadacao
0.359	3	0.67	2696	comercio_exterior+credito_financeiro+fiscalizacao_ambiental	br_me_comex_stat, br_bcb_sicor, br_ibama_autos
0.359	3	0.67	2696	comercio_exterior+credito_financeiro+mineracao_energia	br_me_comex_stat, br_bcb_sicor, br_anm
0.359	3	0.67	2696	comercio_exterior+credito_financeiro+sancao_integridade	br_me_comex_stat, br_bcb_sicor, br_tcu_inidoneos
0.359	3	0.67	2696	comercio_exterior+credito_financeiro+saude_producao	br_me_comex_stat, br_bcb_sicor, br_ms_cnes
0.359	3	0.67	2696	comercio_exterior+credito_financeiro+vigilancia_sinan	br_me_comex_stat, br_bcb_sicor, br_ms_sinan_violencia
0.359	3	0.67	2696	comercio_exterior+desmatamento_clima+educacao	br_me_comex_stat, br_inpe_sisam, br_inep_saeb
0.359	3	0.67	2696	comercio_exterior+desmatamento_clima+fiscal_municipal	br_me_comex_stat, br_inpe_sisam, br_rf_arrecadacao
0.359	3	0.67	2696	comercio_exterior+desmatamento_clima+mobilidade	br_me_comex_stat, br_inpe_sisam, br_mobilidados_indicadores
0.359	3	0.67	2696	comercio_exterior+desmatamento_clima+natalidade	br_me_comex_stat, br_inpe_sisam, br_ms_sinasc
0.359	3	0.67	2696	comercio_exterior+desmatamento_clima+politica	br_me_comex_stat, br_inpe_sisam, br_tse_eleicoes
0.359	3	0.67	2696	comercio_exterior+educacao+fiscal_municipal	br_me_comex_stat, br_inep_saeb, br_rf_arrecadacao
0.359	3	0.67	2696	comercio_exterior+educacao+fundiario	br_me_comex_stat, br_inep_saeb, br_sfb_sicar
0.359	3	0.67	2696	comercio_exterior+educacao+mineracao_energia	br_me_comex_stat, br_inep_saeb, br_anm
0.359	3	0.67	2696	comercio_exterior+educacao+mortalidade	br_me_comex_stat, br_inep_saeb, br_ms_sim
0.359	3	0.67	2696	comercio_exterior+educacao+natalidade	br_me_comex_stat, br_inep_saeb, br_ms_sinasc
0.359	3	0.67	2696	comercio_exterior+educacao+politica	br_me_comex_stat, br_inep_saeb, br_tse_eleicoes
0.359	3	0.67	2696	comercio_exterior+educacao+sancao_integridade	br_me_comex_stat, br_inep_saeb, br_tcu_inidoneos
0.359	3	0.67	2696	comercio_exterior+educacao+saude_producao	br_me_comex_stat, br_inep_saeb, br_ms_cnes
0.359	3	0.67	2696	comercio_exterior+educacao+vigilancia_sinan	br_me_comex_stat, br_inep_saeb, br_ms_sinan_violencia
0.359	3	0.67	2696	comercio_exterior+fiscal_municipal+fundiario	br_me_comex_stat, br_rf_arrecadacao, br_sfb_sicar
0.359	3	0.67	2696	comercio_exterior+fiscal_municipal+mineracao_energia	br_me_comex_stat, br_rf_arrecadacao, br_anm
0.359	3	0.67	2696	comercio_exterior+fiscal_municipal+mortalidade	br_me_comex_stat, br_rf_arrecadacao, br_ms_sim
0.359	3	0.67	2696	comercio_exterior+fiscal_municipal+natalidade	br_me_comex_stat, br_rf_arrecadacao, br_ms_sinasc
0.359	3	0.67	2696	comercio_exterior+fiscal_municipal+politica	br_me_comex_stat, br_rf_arrecadacao, br_tse_eleicoes
0.359	3	0.67	2696	comercio_exterior+fiscal_municipal+sancao_integridade	br_me_comex_stat, br_rf_arrecadacao, br_tcu_inidoneos
0.359	3	0.67	2696	comercio_exterior+fiscal_municipal+saneamento_agua	br_me_comex_stat, br_rf_arrecadacao, br_ana_outorgas
0.359	3	0.67	2696	comercio_exterior+fiscal_municipal+saude_producao	br_me_comex_stat, br_rf_arrecadacao, br_ms_cnes
0.359	3	0.67	2696	comercio_exterior+fiscalizacao_ambiental+mineracao_energia	br_me_comex_stat, br_ibama_autos, br_anm
0.359	3	0.67	2696	comercio_exterior+fiscalizacao_ambiental+politica	br_me_comex_stat, br_ibama_autos, br_tse_eleicoes
0.359	3	0.67	2696	comercio_exterior+fiscalizacao_ambiental+sancao_integridade	br_me_comex_stat, br_ibama_autos, br_tcu_inidoneos
0.359	3	0.67	2696	comercio_exterior+fiscalizacao_ambiental+saude_producao	br_me_comex_stat, br_ibama_autos, br_ms_cnes
0.359	3	0.67	2696	comercio_exterior+fundiario+mobilidade	br_me_comex_stat, br_sfb_sicar, br_mobilidados_indicadores
0.359	3	0.67	2696	comercio_exterior+fundiario+mortalidade	br_me_comex_stat, br_sfb_sicar, br_ms_sim
0.359	3	0.67	2696	comercio_exterior+fundiario+natalidade	br_me_comex_stat, br_sfb_sicar, br_ms_sinasc
0.359	3	0.67	2696	comercio_exterior+fundiario+politica	br_me_comex_stat, br_sfb_sicar, br_tse_eleicoes
0.359	3	0.67	2696	comercio_exterior+fundiario+sancao_integridade	br_me_comex_stat, br_sfb_sicar, br_tcu_inidoneos
0.359	3	0.67	2696	comercio_exterior+fundiario+saneamento_agua	br_me_comex_stat, br_sfb_sicar, br_ana_outorgas
0.359	3	0.67	2696	comercio_exterior+fundiario+vigilancia_sinan	br_me_comex_stat, br_sfb_sicar, br_ms_sinan_violencia
0.359	3	0.67	2696	comercio_exterior+mineracao_energia+mobilidade	br_me_comex_stat, br_anm, br_mobilidados_indicadores
0.359	3	0.67	2696	comercio_exterior+mineracao_energia+mortalidade	br_me_comex_stat, br_anm, br_ms_sim
0.359	3	0.67	2696	comercio_exterior+mineracao_energia+natalidade	br_me_comex_stat, br_anm, br_ms_sinasc
0.359	3	0.67	2696	comercio_exterior+mineracao_energia+politica	br_me_comex_stat, br_anm, br_tse_eleicoes
0.359	3	0.67	2696	comercio_exterior+mineracao_energia+sancao_integridade	br_me_comex_stat, br_anm, br_tcu_inidoneos
0.359	3	0.67	2696	comercio_exterior+mineracao_energia+saude_producao	br_me_comex_stat, br_anm, br_ms_cnes
0.359	3	0.67	2696	comercio_exterior+mineracao_energia+vigilancia_sinan	br_me_comex_stat, br_anm, br_ms_sinan_violencia
0.359	3	0.67	2696	comercio_exterior+mobilidade+mortalidade	br_me_comex_stat, br_mobilidados_indicadores, br_ms_sim
0.359	3	0.67	2696	comercio_exterior+mobilidade+transferencia_renda	br_me_comex_stat, br_mobilidados_indicadores, br_mc_indicadores
0.359	3	0.67	2696	comercio_exterior+mortalidade+natalidade	br_me_comex_stat, br_ms_sim, br_ms_sinasc
0.359	3	0.67	2696	comercio_exterior+mortalidade+politica	br_me_comex_stat, br_ms_sim, br_tse_eleicoes
0.359	3	0.67	2696	comercio_exterior+mortalidade+saneamento_agua	br_me_comex_stat, br_ms_sim, br_ana_outorgas
0.359	3	0.67	2696	comercio_exterior+mortalidade+saude_producao	br_me_comex_stat, br_ms_sim, br_ms_cnes
0.359	3	0.67	2696	comercio_exterior+mortalidade+vigilancia_sinan	br_me_comex_stat, br_ms_sim, br_ms_sinan_violencia
0.359	3	0.67	2696	comercio_exterior+natalidade+politica	br_me_comex_stat, br_ms_sinasc, br_tse_eleicoes
0.359	3	0.67	2696	comercio_exterior+natalidade+saude_producao	br_me_comex_stat, br_ms_sinasc, br_ms_cnes
0.359	3	0.67	2696	comercio_exterior+natalidade+vigilancia_sinan	br_me_comex_stat, br_ms_sinasc, br_ms_sinan_violencia
0.359	3	0.67	2696	comercio_exterior+politica+sancao_integridade	br_me_comex_stat, br_tse_eleicoes, br_tcu_inidoneos
0.359	3	0.67	2696	comercio_exterior+politica+saude_producao	br_me_comex_stat, br_tse_eleicoes, br_ms_cnes
0.359	3	0.67	2696	comercio_exterior+saneamento_agua+transferencia_renda	br_me_comex_stat, br_ana_outorgas, br_mc_indicadores
0.359	3	0.67	2696	comercio_exterior+saneamento_agua+vigilancia_sinan	br_me_comex_stat, br_ana_outorgas, br_ms_sinan_violencia
0.359	3	0.67	2696	comercio_exterior+saude_producao+vigilancia_sinan	br_me_comex_stat, br_ms_cnes, br_ms_sinan_violencia
0.333	3	0.33	5626	educacao+mortalidade+saneamento_agua	br_inep_saeb, br_ms_sim, br_ana_outorgas
0.333	3	0.33	5572	desmatamento_clima+educacao+mortalidade	br_inpe_sisam, br_inep_saeb, br_ms_sim
0.333	3	0.33	5571	demografia_censo+desmatamento_clima+educacao	br_ibge_censo2022_raca, br_inpe_sisam, br_inep_saeb
0.333	3	0.33	5571	demografia_censo+educacao+saneamento_agua	br_ibge_censo2022_raca, br_inep_saeb, br_ana_outorgas
0.333	3	0.33	5570	conectividade+demografia_censo+saude_producao	br_anatel_banda_larga_fixa, br_ibge_censo2022_raca, br_ms_cnes
0.333	3	0.33	5570	conectividade+demografia_censo+transferencia_renda	br_anatel_banda_larga_fixa, br_ibge_censo2022_raca, br_mc_indicadores
0.333	3	0.33	5570	conectividade+desmatamento_clima+educacao	br_anatel_banda_larga_fixa, br_inpe_sisam, br_inep_saeb
0.333	3	0.33	5570	conectividade+desmatamento_clima+fiscal_municipal	br_anatel_banda_larga_fixa, br_inpe_sisam, br_rf_arrecadacao
0.333	3	0.33	5570	conectividade+desmatamento_clima+politica	br_anatel_banda_larga_fixa, br_inpe_sisam, br_tse_eleicoes
0.333	3	0.33	5570	conectividade+desmatamento_clima+saude_producao	br_anatel_banda_larga_fixa, br_inpe_sisam, br_ms_cnes
0.333	3	0.33	5570	conectividade+educacao+saneamento_agua	br_anatel_banda_larga_fixa, br_inep_saeb, br_ana_outorgas
0.333	3	0.33	5570	conectividade+educacao+saude_producao	br_anatel_banda_larga_fixa, br_inep_saeb, br_ms_cnes
0.333	3	0.33	5570	conectividade+educacao+transferencia_renda	br_anatel_banda_larga_fixa, br_inep_saeb, br_mc_indicadores
0.333	3	0.33	5570	conectividade+fiscal_municipal+saude_producao	br_anatel_banda_larga_fixa, br_rf_arrecadacao, br_ms_cnes
0.333	3	0.33	5570	conectividade+fiscal_municipal+transferencia_renda	br_anatel_banda_larga_fixa, br_rf_arrecadacao, br_mc_indicadores
0.333	3	0.33	5570	conectividade+mortalidade+saude_producao	br_anatel_banda_larga_fixa, br_ms_sim, br_ms_cnes
0.333	3	0.33	5570	conectividade+mortalidade+transferencia_renda	br_anatel_banda_larga_fixa, br_ms_sim, br_mc_indicadores
0.333	3	0.33	5570	conectividade+politica+saneamento_agua	br_anatel_banda_larga_fixa, br_tse_eleicoes, br_ana_outorgas
0.333	3	0.33	5570	conectividade+politica+saude_producao	br_anatel_banda_larga_fixa, br_tse_eleicoes, br_ms_cnes
0.333	3	0.33	5570	conectividade+politica+transferencia_renda	br_anatel_banda_larga_fixa, br_tse_eleicoes, br_mc_indicadores
0.333	3	0.33	5570	conectividade+saude_producao+trabalho_empresa	br_anatel_banda_larga_fixa, br_ms_cnes, br_me_cnpj
0.333	3	0.33	5570	conectividade+trabalho_empresa+transferencia_renda	br_anatel_banda_larga_fixa, br_me_cnpj, br_mc_indicadores
0.333	3	0.33	5570	demografia_censo+desmatamento_clima+fiscal_municipal	br_ibge_censo2022_raca, br_inpe_sisam, br_rf_arrecadacao
0.333	3	0.33	5570	demografia_censo+desmatamento_clima+politica	br_ibge_censo2022_raca, br_inpe_sisam, br_tse_eleicoes
0.333	3	0.33	5570	demografia_censo+desmatamento_clima+transferencia_renda	br_ibge_censo2022_raca, br_inpe_sisam, br_mc_indicadores
0.333	3	0.33	5570	demografia_censo+politica+saneamento_agua	br_ibge_censo2022_raca, br_tse_eleicoes, br_ana_outorgas
0.333	3	0.33	5570	demografia_censo+saneamento_agua+saude_producao	br_ibge_censo2022_raca, br_ana_outorgas, br_ms_cnes
0.333	3	0.33	5570	demografia_censo+saneamento_agua+transferencia_renda	br_ibge_censo2022_raca, br_ana_outorgas, br_mc_indicadores
0.333	3	0.33	5570	desmatamento_clima+educacao+saude_producao	br_inpe_sisam, br_inep_saeb, br_ms_cnes
0.333	3	0.33	5570	desmatamento_clima+educacao+trabalho_empresa	br_inpe_sisam, br_inep_saeb, br_me_cnpj
0.333	3	0.33	5570	desmatamento_clima+fiscal_municipal+mortalidade	br_inpe_sisam, br_rf_arrecadacao, br_ms_sim
0.333	3	0.33	5570	desmatamento_clima+fiscal_municipal+saneamento_agua	br_inpe_sisam, br_rf_arrecadacao, br_ana_outorgas
0.333	3	0.33	5570	desmatamento_clima+fiscal_municipal+saude_producao	br_inpe_sisam, br_rf_arrecadacao, br_ms_cnes
0.333	3	0.33	5570	desmatamento_clima+fiscal_municipal+trabalho_empresa	br_inpe_sisam, br_rf_arrecadacao, br_me_cnpj
0.333	3	0.33	5570	desmatamento_clima+mortalidade+politica	br_inpe_sisam, br_ms_sim, br_tse_eleicoes
0.333	3	0.33	5570	desmatamento_clima+mortalidade+transferencia_renda	br_inpe_sisam, br_ms_sim, br_mc_indicadores
0.333	3	0.33	5570	desmatamento_clima+politica+saude_producao	br_inpe_sisam, br_tse_eleicoes, br_ms_cnes
0.333	3	0.33	5570	desmatamento_clima+politica+trabalho_empresa	br_inpe_sisam, br_tse_eleicoes, br_me_cnpj
0.333	3	0.33	5570	desmatamento_clima+saneamento_agua+saude_producao	br_inpe_sisam, br_ana_outorgas, br_ms_cnes
0.333	3	0.33	5570	desmatamento_clima+saude_producao+transferencia_renda	br_inpe_sisam, br_ms_cnes, br_mc_indicadores
0.333	3	0.33	5570	desmatamento_clima+trabalho_empresa+transferencia_renda	br_inpe_sisam, br_me_cnpj, br_mc_indicadores
0.333	3	0.33	5570	educacao+fiscal_municipal+saneamento_agua	br_inep_saeb, br_rf_arrecadacao, br_ana_outorgas
0.333	3	0.33	5570	educacao+saneamento_agua+trabalho_empresa	br_inep_saeb, br_ana_outorgas, br_me_cnpj
0.333	3	0.33	5570	fiscal_municipal+politica+saneamento_agua	br_rf_arrecadacao, br_tse_eleicoes, br_ana_outorgas
0.333	3	0.33	5570	fiscal_municipal+saneamento_agua+saude_producao	br_rf_arrecadacao, br_ana_outorgas, br_ms_cnes
0.333	3	0.33	5570	fiscal_municipal+saneamento_agua+transferencia_renda	br_rf_arrecadacao, br_ana_outorgas, br_mc_indicadores
0.333	3	0.33	5570	mortalidade+politica+saneamento_agua	br_ms_sim, br_tse_eleicoes, br_ana_outorgas
0.333	3	0.33	5570	mortalidade+saneamento_agua+saude_producao	br_ms_sim, br_ana_outorgas, br_ms_cnes
0.333	3	0.33	5570	mortalidade+saneamento_agua+transferencia_renda	br_ms_sim, br_ana_outorgas, br_mc_indicadores
0.333	3	0.33	5570	politica+saneamento_agua+trabalho_empresa	br_tse_eleicoes, br_ana_outorgas, br_me_cnpj
0.333	3	0.33	5570	saneamento_agua+saude_producao+trabalho_empresa	br_ana_outorgas, br_ms_cnes, br_me_cnpj
0.333	3	0.33	5570	saneamento_agua+trabalho_empresa+transferencia_renda	br_ana_outorgas, br_me_cnpj, br_mc_indicadores
0.333	3	0.33	5567	agropecuaria+conectividade+desmatamento_clima	br_ibge_ppm, br_anatel_banda_larga_fixa, br_inpe_sisam
0.333	3	0.33	5567	agropecuaria+conectividade+fiscal_municipal	br_ibge_ppm, br_anatel_banda_larga_fixa, br_rf_arrecadacao
0.333	3	0.33	5567	agropecuaria+conectividade+saneamento_agua	br_ibge_ppm, br_anatel_banda_larga_fixa, br_ana_outorgas
0.333	3	0.33	5567	agropecuaria+conectividade+trabalho_empresa	br_ibge_ppm, br_anatel_banda_larga_fixa, br_me_cnpj
0.333	3	0.33	5567	agropecuaria+demografia_censo+desmatamento_clima	br_ibge_ppm, br_ibge_censo2022_raca, br_inpe_sisam
0.333	3	0.33	5567	agropecuaria+demografia_censo+fiscal_municipal	br_ibge_ppm, br_ibge_censo2022_raca, br_rf_arrecadacao
0.333	3	0.33	5567	agropecuaria+demografia_censo+saneamento_agua	br_ibge_ppm, br_ibge_censo2022_raca, br_ana_outorgas
0.333	3	0.33	5567	agropecuaria+demografia_censo+trabalho_empresa	br_ibge_ppm, br_ibge_censo2022_raca, br_me_cnpj
0.333	3	0.33	5567	agropecuaria+desmatamento_clima+fiscal_municipal	br_ibge_ppm, br_inpe_sisam, br_rf_arrecadacao
0.333	3	0.33	5567	agropecuaria+desmatamento_clima+mortalidade	br_ibge_ppm, br_inpe_sisam, br_ms_sim
0.333	3	0.33	5567	agropecuaria+desmatamento_clima+saude_producao	br_ibge_ppm, br_inpe_sisam, br_ms_cnes
0.333	3	0.33	5567	agropecuaria+educacao+fiscal_municipal	br_ibge_ppm, br_inep_saeb, br_rf_arrecadacao
0.333	3	0.33	5567	agropecuaria+educacao+trabalho_empresa	br_ibge_ppm, br_inep_saeb, br_me_cnpj
0.333	3	0.33	5567	agropecuaria+fiscal_municipal+mortalidade	br_ibge_ppm, br_rf_arrecadacao, br_ms_sim
0.333	3	0.33	5567	agropecuaria+fiscal_municipal+politica	br_ibge_ppm, br_rf_arrecadacao, br_tse_eleicoes
0.333	3	0.33	5567	agropecuaria+fiscal_municipal+saude_producao	br_ibge_ppm, br_rf_arrecadacao, br_ms_cnes
0.333	3	0.33	5567	agropecuaria+fiscal_municipal+transferencia_renda	br_ibge_ppm, br_rf_arrecadacao, br_mc_indicadores
0.333	3	0.33	5567	agropecuaria+mortalidade+saneamento_agua	br_ibge_ppm, br_ms_sim, br_ana_outorgas
0.333	3	0.33	5567	agropecuaria+mortalidade+trabalho_empresa	br_ibge_ppm, br_ms_sim, br_me_cnpj
0.333	3	0.33	5567	agropecuaria+politica+trabalho_empresa	br_ibge_ppm, br_tse_eleicoes, br_me_cnpj
0.333	3	0.33	5567	agropecuaria+saude_producao+trabalho_empresa	br_ibge_ppm, br_ms_cnes, br_me_cnpj
0.333	3	0.33	5567	agropecuaria+trabalho_empresa+transferencia_renda	br_ibge_ppm, br_me_cnpj, br_mc_indicadores
0.333	3	0.33	5559	agropecuaria+demografia_censo+fundiario	br_ibge_ppm, br_ibge_censo2022_raca, br_sfb_sicar
0.333	3	0.33	5559	agropecuaria+fiscal_municipal+fundiario	br_ibge_ppm, br_rf_arrecadacao, br_sfb_sicar
0.333	3	0.33	5559	agropecuaria+fundiario+saneamento_agua	br_ibge_ppm, br_sfb_sicar, br_ana_outorgas
0.333	3	0.33	5559	agropecuaria+fundiario+saude_producao	br_ibge_ppm, br_sfb_sicar, br_ms_cnes
0.333	3	0.33	5559	conectividade+demografia_censo+fundiario	br_anatel_banda_larga_fixa, br_ibge_censo2022_raca, br_sfb_sicar
0.333	3	0.33	5559	conectividade+desmatamento_clima+fundiario	br_anatel_banda_larga_fixa, br_inpe_sisam, br_sfb_sicar
0.333	3	0.33	5559	conectividade+fundiario+trabalho_empresa	br_anatel_banda_larga_fixa, br_sfb_sicar, br_me_cnpj
0.333	3	0.33	5559	demografia_censo+educacao+fundiario	br_ibge_censo2022_raca, br_inep_saeb, br_sfb_sicar
0.333	3	0.33	5559	demografia_censo+fiscal_municipal+fundiario	br_ibge_censo2022_raca, br_rf_arrecadacao, br_sfb_sicar
0.333	3	0.33	5559	demografia_censo+fundiario+mortalidade	br_ibge_censo2022_raca, br_sfb_sicar, br_ms_sim
0.333	3	0.33	5559	demografia_censo+fundiario+politica	br_ibge_censo2022_raca, br_sfb_sicar, br_tse_eleicoes
0.333	3	0.33	5559	demografia_censo+fundiario+saneamento_agua	br_ibge_censo2022_raca, br_sfb_sicar, br_ana_outorgas
0.333	3	0.33	5559	demografia_censo+fundiario+transferencia_renda	br_ibge_censo2022_raca, br_sfb_sicar, br_mc_indicadores
0.333	3	0.33	5559	desmatamento_clima+fundiario+mortalidade	br_inpe_sisam, br_sfb_sicar, br_ms_sim
0.333	3	0.33	5559	desmatamento_clima+fundiario+saneamento_agua	br_inpe_sisam, br_sfb_sicar, br_ana_outorgas
0.333	3	0.33	5559	educacao+fundiario+saude_producao	br_inep_saeb, br_sfb_sicar, br_ms_cnes
0.333	3	0.33	5559	educacao+fundiario+trabalho_empresa	br_inep_saeb, br_sfb_sicar, br_me_cnpj
0.333	3	0.33	5559	fiscal_municipal+fundiario+saude_producao	br_rf_arrecadacao, br_sfb_sicar, br_ms_cnes
0.333	3	0.33	5559	fiscal_municipal+fundiario+trabalho_empresa	br_rf_arrecadacao, br_sfb_sicar, br_me_cnpj
0.333	3	0.33	5559	fundiario+mortalidade+saude_producao	br_sfb_sicar, br_ms_sim, br_ms_cnes
0.333	3	0.33	5559	fundiario+mortalidade+trabalho_empresa	br_sfb_sicar, br_ms_sim, br_me_cnpj
0.333	3	0.33	5559	fundiario+politica+saude_producao	br_sfb_sicar, br_tse_eleicoes, br_ms_cnes
0.333	3	0.33	5559	fundiario+politica+trabalho_empresa	br_sfb_sicar, br_tse_eleicoes, br_me_cnpj
0.333	3	0.33	5559	fundiario+saneamento_agua+trabalho_empresa	br_sfb_sicar, br_ana_outorgas, br_me_cnpj
0.333	3	0.33	5559	fundiario+saude_producao+transferencia_renda	br_sfb_sicar, br_ms_cnes, br_mc_indicadores
0.333	3	0.33	5559	fundiario+trabalho_empresa+transferencia_renda	br_sfb_sicar, br_me_cnpj, br_mc_indicadores
0.333	3	0.33	5544	agropecuaria+mobilidade+trabalho_empresa	br_ibge_ppm, br_mobilidados_indicadores, br_me_cnpj
0.333	3	0.33	5544	conectividade+demografia_censo+mobilidade	br_anatel_banda_larga_fixa, br_ibge_censo2022_raca, br_mobilidados_indicadores
0.333	3	0.33	5544	conectividade+mobilidade+mortalidade	br_anatel_banda_larga_fixa, br_mobilidados_indicadores, br_ms_sim
0.333	3	0.33	5544	conectividade+mobilidade+trabalho_empresa	br_anatel_banda_larga_fixa, br_mobilidados_indicadores, br_me_cnpj
0.333	3	0.33	5544	demografia_censo+desmatamento_clima+mobilidade	br_ibge_censo2022_raca, br_inpe_sisam, br_mobilidados_indicadores
0.333	3	0.33	5544	demografia_censo+educacao+mobilidade	br_ibge_censo2022_raca, br_inep_saeb, br_mobilidados_indicadores
0.333	3	0.33	5544	demografia_censo+fiscal_municipal+mobilidade	br_ibge_censo2022_raca, br_rf_arrecadacao, br_mobilidados_indicadores
0.333	3	0.33	5544	demografia_censo+fundiario+mobilidade	br_ibge_censo2022_raca, br_sfb_sicar, br_mobilidados_indicadores
0.333	3	0.33	5544	demografia_censo+mobilidade+politica	br_ibge_censo2022_raca, br_mobilidados_indicadores, br_tse_eleicoes
0.333	3	0.33	5544	demografia_censo+mobilidade+saneamento_agua	br_ibge_censo2022_raca, br_mobilidados_indicadores, br_ana_outorgas
0.333	3	0.33	5544	demografia_censo+mobilidade+saude_producao	br_ibge_censo2022_raca, br_mobilidados_indicadores, br_ms_cnes
0.333	3	0.33	5544	demografia_censo+mobilidade+transferencia_renda	br_ibge_censo2022_raca, br_mobilidados_indicadores, br_mc_indicadores
0.333	3	0.33	5544	desmatamento_clima+mobilidade+mortalidade	br_inpe_sisam, br_mobilidados_indicadores, br_ms_sim
0.333	3	0.33	5544	desmatamento_clima+mobilidade+trabalho_empresa	br_inpe_sisam, br_mobilidados_indicadores, br_me_cnpj
0.333	3	0.33	5544	educacao+mobilidade+mortalidade	br_inep_saeb, br_mobilidados_indicadores, br_ms_sim
0.333	3	0.33	5544	educacao+mobilidade+trabalho_empresa	br_inep_saeb, br_mobilidados_indicadores, br_me_cnpj
0.333	3	0.33	5544	fiscal_municipal+mobilidade+mortalidade	br_rf_arrecadacao, br_mobilidados_indicadores, br_ms_sim
0.333	3	0.33	5544	fiscal_municipal+mobilidade+trabalho_empresa	br_rf_arrecadacao, br_mobilidados_indicadores, br_me_cnpj
0.333	3	0.33	5544	fundiario+mobilidade+trabalho_empresa	br_sfb_sicar, br_mobilidados_indicadores, br_me_cnpj
0.333	3	0.33	5544	mobilidade+mortalidade+politica	br_mobilidados_indicadores, br_ms_sim, br_tse_eleicoes
0.333	3	0.33	5544	mobilidade+mortalidade+saneamento_agua	br_mobilidados_indicadores, br_ms_sim, br_ana_outorgas
0.333	3	0.33	5544	mobilidade+mortalidade+saude_producao	br_mobilidados_indicadores, br_ms_sim, br_ms_cnes
0.333	3	0.33	5544	mobilidade+mortalidade+transferencia_renda	br_mobilidados_indicadores, br_ms_sim, br_mc_indicadores
0.333	3	0.33	5544	mobilidade+politica+trabalho_empresa	br_mobilidados_indicadores, br_tse_eleicoes, br_me_cnpj
0.333	3	0.33	5544	mobilidade+saneamento_agua+trabalho_empresa	br_mobilidados_indicadores, br_ana_outorgas, br_me_cnpj
0.333	3	0.33	5544	mobilidade+saude_producao+trabalho_empresa	br_mobilidados_indicadores, br_ms_cnes, br_me_cnpj
0.333	3	0.33	5544	mobilidade+trabalho_empresa+transferencia_renda	br_mobilidados_indicadores, br_me_cnpj, br_mc_indicadores
0.333	3	0.33	5522	agropecuaria+conectividade+credito_financeiro	br_ibge_ppm, br_anatel_banda_larga_fixa, br_bcb_sicor
0.333	3	0.33	5522	agropecuaria+credito_financeiro+demografia_censo	br_ibge_ppm, br_bcb_sicor, br_ibge_censo2022_raca
0.333	3	0.33	5522	agropecuaria+credito_financeiro+educacao	br_ibge_ppm, br_bcb_sicor, br_inep_saeb
0.333	3	0.33	5522	agropecuaria+credito_financeiro+saneamento_agua	br_ibge_ppm, br_bcb_sicor, br_ana_outorgas
0.333	3	0.33	5522	agropecuaria+credito_financeiro+saude_producao	br_ibge_ppm, br_bcb_sicor, br_ms_cnes
0.333	3	0.33	5522	agropecuaria+credito_financeiro+transferencia_renda	br_ibge_ppm, br_bcb_sicor, br_mc_indicadores
0.333	3	0.33	5522	conectividade+credito_financeiro+fundiario	br_anatel_banda_larga_fixa, br_bcb_sicor, br_sfb_sicar
0.333	3	0.33	5522	conectividade+credito_financeiro+mortalidade	br_anatel_banda_larga_fixa, br_bcb_sicor, br_ms_sim
0.333	3	0.33	5522	conectividade+credito_financeiro+politica	br_anatel_banda_larga_fixa, br_bcb_sicor, br_tse_eleicoes
0.333	3	0.33	5522	conectividade+credito_financeiro+saneamento_agua	br_anatel_banda_larga_fixa, br_bcb_sicor, br_ana_outorgas
0.333	3	0.33	5522	conectividade+credito_financeiro+saude_producao	br_anatel_banda_larga_fixa, br_bcb_sicor, br_ms_cnes
0.333	3	0.33	5522	conectividade+credito_financeiro+transferencia_renda	br_anatel_banda_larga_fixa, br_bcb_sicor, br_mc_indicadores
0.333	3	0.33	5522	credito_financeiro+demografia_censo+mobilidade	br_bcb_sicor, br_ibge_censo2022_raca, br_mobilidados_indicadores
0.333	3	0.33	5522	credito_financeiro+demografia_censo+mortalidade	br_bcb_sicor, br_ibge_censo2022_raca, br_ms_sim
0.333	3	0.33	5522	credito_financeiro+demografia_censo+politica	br_bcb_sicor, br_ibge_censo2022_raca, br_tse_eleicoes
0.333	3	0.33	5522	credito_financeiro+demografia_censo+saneamento_agua	br_bcb_sicor, br_ibge_censo2022_raca, br_ana_outorgas
0.333	3	0.33	5522	credito_financeiro+desmatamento_clima+educacao	br_bcb_sicor, br_inpe_sisam, br_inep_saeb
0.333	3	0.33	5522	credito_financeiro+desmatamento_clima+fiscal_municipal	br_bcb_sicor, br_inpe_sisam, br_rf_arrecadacao
0.333	3	0.33	5522	credito_financeiro+desmatamento_clima+mortalidade	br_bcb_sicor, br_inpe_sisam, br_ms_sim
0.333	3	0.33	5522	credito_financeiro+desmatamento_clima+saneamento_agua	br_bcb_sicor, br_inpe_sisam, br_ana_outorgas
0.333	3	0.33	5522	credito_financeiro+desmatamento_clima+transferencia_renda	br_bcb_sicor, br_inpe_sisam, br_mc_indicadores
0.333	3	0.33	5522	credito_financeiro+educacao+fundiario	br_bcb_sicor, br_inep_saeb, br_sfb_sicar
0.333	3	0.33	5522	credito_financeiro+educacao+mortalidade	br_bcb_sicor, br_inep_saeb, br_ms_sim
0.333	3	0.33	5522	credito_financeiro+educacao+politica	br_bcb_sicor, br_inep_saeb, br_tse_eleicoes
0.333	3	0.33	5522	credito_financeiro+fiscal_municipal+fundiario	br_bcb_sicor, br_rf_arrecadacao, br_sfb_sicar
0.333	3	0.33	5522	credito_financeiro+fiscal_municipal+mortalidade	br_bcb_sicor, br_rf_arrecadacao, br_ms_sim
0.333	3	0.33	5522	credito_financeiro+fiscal_municipal+politica	br_bcb_sicor, br_rf_arrecadacao, br_tse_eleicoes
0.333	3	0.33	5522	credito_financeiro+fiscal_municipal+saneamento_agua	br_bcb_sicor, br_rf_arrecadacao, br_ana_outorgas
0.333	3	0.33	5522	credito_financeiro+fundiario+transferencia_renda	br_bcb_sicor, br_sfb_sicar, br_mc_indicadores
0.333	3	0.33	5522	credito_financeiro+mobilidade+trabalho_empresa	br_bcb_sicor, br_mobilidados_indicadores, br_me_cnpj
0.333	3	0.33	5522	credito_financeiro+mortalidade+saude_producao	br_bcb_sicor, br_ms_sim, br_ms_cnes
0.333	3	0.33	5522	credito_financeiro+mortalidade+trabalho_empresa	br_bcb_sicor, br_ms_sim, br_me_cnpj
0.333	3	0.33	5522	credito_financeiro+mortalidade+transferencia_renda	br_bcb_sicor, br_ms_sim, br_mc_indicadores
0.333	3	0.33	5522	credito_financeiro+politica+saude_producao	br_bcb_sicor, br_tse_eleicoes, br_ms_cnes
0.333	3	0.33	5522	credito_financeiro+politica+trabalho_empresa	br_bcb_sicor, br_tse_eleicoes, br_me_cnpj
0.333	3	0.33	5522	credito_financeiro+politica+transferencia_renda	br_bcb_sicor, br_tse_eleicoes, br_mc_indicadores
0.333	3	0.33	5522	credito_financeiro+saneamento_agua+trabalho_empresa	br_bcb_sicor, br_ana_outorgas, br_me_cnpj
0.333	3	0.33	5487	agropecuaria+credito_financeiro+vigilancia_sinan	br_ibge_ppm, br_bcb_sicor, br_ms_sinan_violencia
0.333	3	0.33	5487	agropecuaria+desmatamento_clima+vigilancia_sinan	br_ibge_ppm, br_inpe_sisam, br_ms_sinan_violencia
0.333	3	0.33	5487	agropecuaria+saneamento_agua+vigilancia_sinan	br_ibge_ppm, br_ana_outorgas, br_ms_sinan_violencia
0.333	3	0.33	5487	agropecuaria+trabalho_empresa+vigilancia_sinan	br_ibge_ppm, br_me_cnpj, br_ms_sinan_violencia
0.333	3	0.33	5487	conectividade+credito_financeiro+vigilancia_sinan	br_anatel_banda_larga_fixa, br_bcb_sicor, br_ms_sinan_violencia
0.333	3	0.33	5487	conectividade+demografia_censo+vigilancia_sinan	br_anatel_banda_larga_fixa, br_ibge_censo2022_raca, br_ms_sinan_violencia
0.333	3	0.33	5487	conectividade+desmatamento_clima+vigilancia_sinan	br_anatel_banda_larga_fixa, br_inpe_sisam, br_ms_sinan_violencia
0.333	3	0.33	5487	conectividade+educacao+vigilancia_sinan	br_anatel_banda_larga_fixa, br_inep_saeb, br_ms_sinan_violencia
0.333	3	0.33	5487	conectividade+mortalidade+vigilancia_sinan	br_anatel_banda_larga_fixa, br_ms_sim, br_ms_sinan_violencia
0.333	3	0.33	5487	conectividade+saneamento_agua+vigilancia_sinan	br_anatel_banda_larga_fixa, br_ana_outorgas, br_ms_sinan_violencia
0.333	3	0.33	5487	conectividade+trabalho_empresa+vigilancia_sinan	br_anatel_banda_larga_fixa, br_me_cnpj, br_ms_sinan_violencia
0.333	3	0.33	5487	credito_financeiro+fiscal_municipal+vigilancia_sinan	br_bcb_sicor, br_rf_arrecadacao, br_ms_sinan_violencia
0.333	3	0.33	5487	credito_financeiro+fundiario+vigilancia_sinan	br_bcb_sicor, br_sfb_sicar, br_ms_sinan_violencia
0.333	3	0.33	5487	credito_financeiro+mortalidade+vigilancia_sinan	br_bcb_sicor, br_ms_sim, br_ms_sinan_violencia
0.333	3	0.33	5487	credito_financeiro+saneamento_agua+vigilancia_sinan	br_bcb_sicor, br_ana_outorgas, br_ms_sinan_violencia
0.333	3	0.33	5487	demografia_censo+fiscal_municipal+vigilancia_sinan	br_ibge_censo2022_raca, br_rf_arrecadacao, br_ms_sinan_violencia
0.333	3	0.33	5487	demografia_censo+fundiario+vigilancia_sinan	br_ibge_censo2022_raca, br_sfb_sicar, br_ms_sinan_violencia
0.333	3	0.33	5487	demografia_censo+mobilidade+vigilancia_sinan	br_ibge_censo2022_raca, br_mobilidados_indicadores, br_ms_sinan_violencia
0.333	3	0.33	5487	demografia_censo+politica+vigilancia_sinan	br_ibge_censo2022_raca, br_tse_eleicoes, br_ms_sinan_violencia
0.333	3	0.33	5487	desmatamento_clima+educacao+vigilancia_sinan	br_inpe_sisam, br_inep_saeb, br_ms_sinan_violencia
0.333	3	0.33	5487	desmatamento_clima+fundiario+vigilancia_sinan	br_inpe_sisam, br_sfb_sicar, br_ms_sinan_violencia
0.333	3	0.33	5487	desmatamento_clima+transferencia_renda+vigilancia_sinan	br_inpe_sisam, br_mc_indicadores, br_ms_sinan_violencia
0.333	3	0.33	5487	educacao+fiscal_municipal+vigilancia_sinan	br_inep_saeb, br_rf_arrecadacao, br_ms_sinan_violencia
0.333	3	0.33	5487	educacao+politica+vigilancia_sinan	br_inep_saeb, br_tse_eleicoes, br_ms_sinan_violencia
0.333	3	0.33	5487	educacao+saneamento_agua+vigilancia_sinan	br_inep_saeb, br_ana_outorgas, br_ms_sinan_violencia
0.333	3	0.33	5487	fiscal_municipal+mortalidade+vigilancia_sinan	br_rf_arrecadacao, br_ms_sim, br_ms_sinan_violencia
0.333	3	0.33	5487	fiscal_municipal+saneamento_agua+vigilancia_sinan	br_rf_arrecadacao, br_ana_outorgas, br_ms_sinan_violencia
0.333	3	0.33	5487	fiscal_municipal+saude_producao+vigilancia_sinan	br_rf_arrecadacao, br_ms_cnes, br_ms_sinan_violencia
0.333	3	0.33	5487	fiscal_municipal+trabalho_empresa+vigilancia_sinan	br_rf_arrecadacao, br_me_cnpj, br_ms_sinan_violencia
0.333	3	0.33	5487	fiscal_municipal+transferencia_renda+vigilancia_sinan	br_rf_arrecadacao, br_mc_indicadores, br_ms_sinan_violencia
0.333	3	0.33	5487	fundiario+saude_producao+vigilancia_sinan	br_sfb_sicar, br_ms_cnes, br_ms_sinan_violencia
0.333	3	0.33	5487	fundiario+trabalho_empresa+vigilancia_sinan	br_sfb_sicar, br_me_cnpj, br_ms_sinan_violencia
0.333	3	0.33	5487	mobilidade+mortalidade+vigilancia_sinan	br_mobilidados_indicadores, br_ms_sim, br_ms_sinan_violencia
0.333	3	0.33	5487	mobilidade+trabalho_empresa+vigilancia_sinan	br_mobilidados_indicadores, br_me_cnpj, br_ms_sinan_violencia
0.333	3	0.33	5487	mortalidade+politica+vigilancia_sinan	br_ms_sim, br_tse_eleicoes, br_ms_sinan_violencia
0.333	3	0.33	5487	politica+saude_producao+vigilancia_sinan	br_tse_eleicoes, br_ms_cnes, br_ms_sinan_violencia
0.333	3	0.33	5487	politica+trabalho_empresa+vigilancia_sinan	br_tse_eleicoes, br_me_cnpj, br_ms_sinan_violencia
0.333	3	0.33	5487	politica+transferencia_renda+vigilancia_sinan	br_tse_eleicoes, br_mc_indicadores, br_ms_sinan_violencia
0.333	3	0.33	5487	saneamento_agua+saude_producao+vigilancia_sinan	br_ana_outorgas, br_ms_cnes, br_ms_sinan_violencia
0.333	3	0.33	5487	saneamento_agua+transferencia_renda+vigilancia_sinan	br_ana_outorgas, br_mc_indicadores, br_ms_sinan_violencia
0.333	3	0.33	5475	agropecuaria+conectividade+fiscalizacao_ambiental	br_ibge_ppm, br_anatel_banda_larga_fixa, br_ibama_autos
0.333	3	0.33	5475	agropecuaria+demografia_censo+fiscalizacao_ambiental	br_ibge_ppm, br_ibge_censo2022_raca, br_ibama_autos
0.333	3	0.33	5475	agropecuaria+fiscal_municipal+fiscalizacao_ambiental	br_ibge_ppm, br_rf_arrecadacao, br_ibama_autos
0.333	3	0.33	5475	agropecuaria+fiscalizacao_ambiental+politica	br_ibge_ppm, br_ibama_autos, br_tse_eleicoes
0.333	3	0.33	5475	agropecuaria+fiscalizacao_ambiental+saneamento_agua	br_ibge_ppm, br_ibama_autos, br_ana_outorgas
0.333	3	0.33	5475	agropecuaria+fiscalizacao_ambiental+saude_producao	br_ibge_ppm, br_ibama_autos, br_ms_cnes
0.333	3	0.33	5475	agropecuaria+fiscalizacao_ambiental+transferencia_renda	br_ibge_ppm, br_ibama_autos, br_mc_indicadores
0.333	3	0.33	5475	conectividade+educacao+fiscalizacao_ambiental	br_anatel_banda_larga_fixa, br_inep_saeb, br_ibama_autos
0.333	3	0.33	5475	conectividade+fiscal_municipal+fiscalizacao_ambiental	br_anatel_banda_larga_fixa, br_rf_arrecadacao, br_ibama_autos
0.333	3	0.33	5475	conectividade+fiscalizacao_ambiental+fundiario	br_anatel_banda_larga_fixa, br_ibama_autos, br_sfb_sicar
0.333	3	0.33	5475	conectividade+fiscalizacao_ambiental+mortalidade	br_anatel_banda_larga_fixa, br_ibama_autos, br_ms_sim
0.333	3	0.33	5475	conectividade+fiscalizacao_ambiental+saneamento_agua	br_anatel_banda_larga_fixa, br_ibama_autos, br_ana_outorgas
0.333	3	0.33	5475	conectividade+fiscalizacao_ambiental+saude_producao	br_anatel_banda_larga_fixa, br_ibama_autos, br_ms_cnes
0.333	3	0.33	5475	conectividade+fiscalizacao_ambiental+transferencia_renda	br_anatel_banda_larga_fixa, br_ibama_autos, br_mc_indicadores
0.333	3	0.33	5475	credito_financeiro+educacao+fiscalizacao_ambiental	br_bcb_sicor, br_inep_saeb, br_ibama_autos
0.333	3	0.33	5475	credito_financeiro+fiscal_municipal+fiscalizacao_ambiental	br_bcb_sicor, br_rf_arrecadacao, br_ibama_autos
0.333	3	0.33	5475	credito_financeiro+fiscalizacao_ambiental+politica	br_bcb_sicor, br_ibama_autos, br_tse_eleicoes
0.333	3	0.33	5475	credito_financeiro+fiscalizacao_ambiental+vigilancia_sinan	br_bcb_sicor, br_ibama_autos, br_ms_sinan_violencia
0.333	3	0.33	5475	demografia_censo+educacao+fiscalizacao_ambiental	br_ibge_censo2022_raca, br_inep_saeb, br_ibama_autos
0.333	3	0.33	5475	demografia_censo+fiscal_municipal+fiscalizacao_ambiental	br_ibge_censo2022_raca, br_rf_arrecadacao, br_ibama_autos
0.333	3	0.33	5475	demografia_censo+fiscalizacao_ambiental+mobilidade	br_ibge_censo2022_raca, br_ibama_autos, br_mobilidados_indicadores
0.333	3	0.33	5475	demografia_censo+fiscalizacao_ambiental+mortalidade	br_ibge_censo2022_raca, br_ibama_autos, br_ms_sim
0.333	3	0.33	5475	demografia_censo+fiscalizacao_ambiental+saneamento_agua	br_ibge_censo2022_raca, br_ibama_autos, br_ana_outorgas
0.333	3	0.33	5475	demografia_censo+fiscalizacao_ambiental+vigilancia_sinan	br_ibge_censo2022_raca, br_ibama_autos, br_ms_sinan_violencia
0.333	3	0.33	5475	desmatamento_clima+fiscalizacao_ambiental+mortalidade	br_inpe_sisam, br_ibama_autos, br_ms_sim
0.333	3	0.33	5475	desmatamento_clima+fiscalizacao_ambiental+politica	br_inpe_sisam, br_ibama_autos, br_tse_eleicoes
0.333	3	0.33	5475	desmatamento_clima+fiscalizacao_ambiental+saneamento_agua	br_inpe_sisam, br_ibama_autos, br_ana_outorgas
0.333	3	0.33	5475	desmatamento_clima+fiscalizacao_ambiental+transferencia_renda	br_inpe_sisam, br_ibama_autos, br_mc_indicadores
0.333	3	0.33	5475	desmatamento_clima+fiscalizacao_ambiental+vigilancia_sinan	br_inpe_sisam, br_ibama_autos, br_ms_sinan_violencia
0.333	3	0.33	5475	educacao+fiscalizacao_ambiental+politica	br_inep_saeb, br_ibama_autos, br_tse_eleicoes
0.333	3	0.33	5475	educacao+fiscalizacao_ambiental+saude_producao	br_inep_saeb, br_ibama_autos, br_ms_cnes
0.333	3	0.33	5475	educacao+fiscalizacao_ambiental+trabalho_empresa	br_inep_saeb, br_ibama_autos, br_me_cnpj
0.333	3	0.33	5475	educacao+fiscalizacao_ambiental+transferencia_renda	br_inep_saeb, br_ibama_autos, br_mc_indicadores
0.333	3	0.33	5475	fiscal_municipal+fiscalizacao_ambiental+politica	br_rf_arrecadacao, br_ibama_autos, br_tse_eleicoes
0.333	3	0.33	5475	fiscal_municipal+fiscalizacao_ambiental+saude_producao	br_rf_arrecadacao, br_ibama_autos, br_ms_cnes
0.333	3	0.33	5475	fiscal_municipal+fiscalizacao_ambiental+trabalho_empresa	br_rf_arrecadacao, br_ibama_autos, br_me_cnpj
0.333	3	0.33	5475	fiscal_municipal+fiscalizacao_ambiental+transferencia_renda	br_rf_arrecadacao, br_ibama_autos, br_mc_indicadores
0.333	3	0.33	5475	fiscalizacao_ambiental+fundiario+politica	br_ibama_autos, br_sfb_sicar, br_tse_eleicoes
0.333	3	0.33	5475	fiscalizacao_ambiental+fundiario+transferencia_renda	br_ibama_autos, br_sfb_sicar, br_mc_indicadores
0.333	3	0.33	5475	fiscalizacao_ambiental+mobilidade+trabalho_empresa	br_ibama_autos, br_mobilidados_indicadores, br_me_cnpj
0.333	3	0.33	5475	fiscalizacao_ambiental+mortalidade+politica	br_ibama_autos, br_ms_sim, br_tse_eleicoes
0.333	3	0.33	5475	fiscalizacao_ambiental+mortalidade+saude_producao	br_ibama_autos, br_ms_sim, br_ms_cnes
0.333	3	0.33	5475	fiscalizacao_ambiental+mortalidade+trabalho_empresa	br_ibama_autos, br_ms_sim, br_me_cnpj
0.333	3	0.33	5475	fiscalizacao_ambiental+mortalidade+transferencia_renda	br_ibama_autos, br_ms_sim, br_mc_indicadores
0.333	3	0.33	5475	fiscalizacao_ambiental+saneamento_agua+trabalho_empresa	br_ibama_autos, br_ana_outorgas, br_me_cnpj
0.333	3	0.33	5475	fiscalizacao_ambiental+saude_producao+vigilancia_sinan	br_ibama_autos, br_ms_cnes, br_ms_sinan_violencia
0.333	3	0.33	5475	fiscalizacao_ambiental+trabalho_empresa+vigilancia_sinan	br_ibama_autos, br_me_cnpj, br_ms_sinan_violencia
0.333	3	0.33	5475	fiscalizacao_ambiental+transferencia_renda+vigilancia_sinan	br_ibama_autos, br_mc_indicadores, br_ms_sinan_violencia
0.333	3	0.33	5419	agropecuaria+compras_publicas+credito_financeiro	br_ibge_ppm, br_cgu_emendas_parlamentares, br_bcb_sicor
0.333	3	0.33	5419	agropecuaria+compras_publicas+desmatamento_clima	br_ibge_ppm, br_cgu_emendas_parlamentares, br_inpe_sisam
0.333	3	0.33	5419	agropecuaria+compras_publicas+fiscal_municipal	br_ibge_ppm, br_cgu_emendas_parlamentares, br_rf_arrecadacao
0.333	3	0.33	5419	agropecuaria+compras_publicas+fiscalizacao_ambiental	br_ibge_ppm, br_cgu_emendas_parlamentares, br_ibama_autos
0.333	3	0.33	5419	agropecuaria+compras_publicas+fundiario	br_ibge_ppm, br_cgu_emendas_parlamentares, br_sfb_sicar
0.333	3	0.33	5419	agropecuaria+compras_publicas+saneamento_agua	br_ibge_ppm, br_cgu_emendas_parlamentares, br_ana_outorgas
0.333	3	0.33	5419	agropecuaria+compras_publicas+trabalho_empresa	br_ibge_ppm, br_cgu_emendas_parlamentares, br_me_cnpj
0.333	3	0.33	5419	compras_publicas+conectividade+fundiario	br_cgu_emendas_parlamentares, br_anatel_banda_larga_fixa, br_sfb_sicar
0.333	3	0.33	5419	compras_publicas+conectividade+saude_producao	br_cgu_emendas_parlamentares, br_anatel_banda_larga_fixa, br_ms_cnes
0.333	3	0.33	5419	compras_publicas+conectividade+transferencia_renda	br_cgu_emendas_parlamentares, br_anatel_banda_larga_fixa, br_mc_indicadores
0.333	3	0.33	5419	compras_publicas+credito_financeiro+mortalidade	br_cgu_emendas_parlamentares, br_bcb_sicor, br_ms_sim
0.333	3	0.33	5419	compras_publicas+credito_financeiro+politica	br_cgu_emendas_parlamentares, br_bcb_sicor, br_tse_eleicoes
0.333	3	0.33	5419	compras_publicas+credito_financeiro+saneamento_agua	br_cgu_emendas_parlamentares, br_bcb_sicor, br_ana_outorgas
0.333	3	0.33	5419	compras_publicas+credito_financeiro+vigilancia_sinan	br_cgu_emendas_parlamentares, br_bcb_sicor, br_ms_sinan_violencia
0.333	3	0.33	5419	compras_publicas+demografia_censo+mobilidade	br_cgu_emendas_parlamentares, br_ibge_censo2022_raca, br_mobilidados_indicadores
0.333	3	0.33	5419	compras_publicas+demografia_censo+vigilancia_sinan	br_cgu_emendas_parlamentares, br_ibge_censo2022_raca, br_ms_sinan_violencia
0.333	3	0.33	5419	compras_publicas+desmatamento_clima+educacao	br_cgu_emendas_parlamentares, br_inpe_sisam, br_inep_saeb
0.333	3	0.33	5419	compras_publicas+desmatamento_clima+fiscal_municipal	br_cgu_emendas_parlamentares, br_inpe_sisam, br_rf_arrecadacao
0.333	3	0.33	5419	compras_publicas+desmatamento_clima+politica	br_cgu_emendas_parlamentares, br_inpe_sisam, br_tse_eleicoes
0.333	3	0.33	5419	compras_publicas+desmatamento_clima+transferencia_renda	br_cgu_emendas_parlamentares, br_inpe_sisam, br_mc_indicadores
0.333	3	0.33	5419	compras_publicas+desmatamento_clima+vigilancia_sinan	br_cgu_emendas_parlamentares, br_inpe_sisam, br_ms_sinan_violencia
0.333	3	0.33	5419	compras_publicas+educacao+fiscalizacao_ambiental	br_cgu_emendas_parlamentares, br_inep_saeb, br_ibama_autos
0.333	3	0.33	5419	compras_publicas+educacao+fundiario	br_cgu_emendas_parlamentares, br_inep_saeb, br_sfb_sicar
0.333	3	0.33	5419	compras_publicas+educacao+saneamento_agua	br_cgu_emendas_parlamentares, br_inep_saeb, br_ana_outorgas
0.333	3	0.33	5419	compras_publicas+educacao+vigilancia_sinan	br_cgu_emendas_parlamentares, br_inep_saeb, br_ms_sinan_violencia
0.333	3	0.33	5419	compras_publicas+fiscal_municipal+fiscalizacao_ambiental	br_cgu_emendas_parlamentares, br_rf_arrecadacao, br_ibama_autos
0.333	3	0.33	5419	compras_publicas+fiscal_municipal+fundiario	br_cgu_emendas_parlamentares, br_rf_arrecadacao, br_sfb_sicar
0.333	3	0.33	5419	compras_publicas+fiscalizacao_ambiental+mortalidade	br_cgu_emendas_parlamentares, br_ibama_autos, br_ms_sim
0.333	3	0.33	5419	compras_publicas+fiscalizacao_ambiental+saneamento_agua	br_cgu_emendas_parlamentares, br_ibama_autos, br_ana_outorgas
0.333	3	0.33	5419	compras_publicas+fundiario+mortalidade	br_cgu_emendas_parlamentares, br_sfb_sicar, br_ms_sim
0.333	3	0.33	5419	compras_publicas+fundiario+politica	br_cgu_emendas_parlamentares, br_sfb_sicar, br_tse_eleicoes
0.333	3	0.33	5419	compras_publicas+fundiario+saneamento_agua	br_cgu_emendas_parlamentares, br_sfb_sicar, br_ana_outorgas
0.333	3	0.33	5419	compras_publicas+fundiario+transferencia_renda	br_cgu_emendas_parlamentares, br_sfb_sicar, br_mc_indicadores
0.333	3	0.33	5419	compras_publicas+mobilidade+mortalidade	br_cgu_emendas_parlamentares, br_mobilidados_indicadores, br_ms_sim
0.333	3	0.33	5419	compras_publicas+mobilidade+trabalho_empresa	br_cgu_emendas_parlamentares, br_mobilidados_indicadores, br_me_cnpj
0.333	3	0.33	5419	compras_publicas+mortalidade+vigilancia_sinan	br_cgu_emendas_parlamentares, br_ms_sim, br_ms_sinan_violencia
0.333	3	0.33	5419	compras_publicas+politica+saneamento_agua	br_cgu_emendas_parlamentares, br_tse_eleicoes, br_ana_outorgas
0.333	3	0.33	5419	compras_publicas+saneamento_agua+saude_producao	br_cgu_emendas_parlamentares, br_ana_outorgas, br_ms_cnes
0.333	3	0.33	5419	compras_publicas+saneamento_agua+transferencia_renda	br_cgu_emendas_parlamentares, br_ana_outorgas, br_mc_indicadores
0.333	3	0.33	5419	compras_publicas+saneamento_agua+vigilancia_sinan	br_cgu_emendas_parlamentares, br_ana_outorgas, br_ms_sinan_violencia
0.333	3	0.33	5419	compras_publicas+saude_producao+vigilancia_sinan	br_cgu_emendas_parlamentares, br_ms_cnes, br_ms_sinan_violencia
0.333	3	0.33	5419	compras_publicas+trabalho_empresa+vigilancia_sinan	br_cgu_emendas_parlamentares, br_me_cnpj, br_ms_sinan_violencia
0.333	3	0.33	5419	compras_publicas+transferencia_renda+vigilancia_sinan	br_cgu_emendas_parlamentares, br_mc_indicadores, br_ms_sinan_violencia
0.313	3	0.33	4691	agropecuaria+fiscal_municipal+natalidade	br_ibge_ppm, br_rf_arrecadacao, br_ms_sinasc
0.313	3	0.33	4691	agropecuaria+natalidade+trabalho_empresa	br_ibge_ppm, br_ms_sinasc, br_me_cnpj
0.313	3	0.33	4691	compras_publicas+conectividade+natalidade	br_cgu_emendas_parlamentares, br_anatel_banda_larga_fixa, br_ms_sinasc
0.313	3	0.33	4691	compras_publicas+credito_financeiro+natalidade	br_cgu_emendas_parlamentares, br_bcb_sicor, br_ms_sinasc
0.313	3	0.33	4691	compras_publicas+desmatamento_clima+natalidade	br_cgu_emendas_parlamentares, br_inpe_sisam, br_ms_sinasc
0.313	3	0.33	4691	compras_publicas+fiscalizacao_ambiental+natalidade	br_cgu_emendas_parlamentares, br_ibama_autos, br_ms_sinasc
0.313	3	0.33	4691	compras_publicas+fundiario+natalidade	br_cgu_emendas_parlamentares, br_sfb_sicar, br_ms_sinasc
0.313	3	0.33	4691	compras_publicas+natalidade+saneamento_agua	br_cgu_emendas_parlamentares, br_ms_sinasc, br_ana_outorgas
0.313	3	0.33	4691	compras_publicas+natalidade+vigilancia_sinan	br_cgu_emendas_parlamentares, br_ms_sinasc, br_ms_sinan_violencia
0.313	3	0.33	4691	conectividade+demografia_censo+natalidade	br_anatel_banda_larga_fixa, br_ibge_censo2022_raca, br_ms_sinasc
0.313	3	0.33	4691	conectividade+educacao+natalidade	br_anatel_banda_larga_fixa, br_inep_saeb, br_ms_sinasc
0.313	3	0.33	4691	conectividade+fiscal_municipal+natalidade	br_anatel_banda_larga_fixa, br_rf_arrecadacao, br_ms_sinasc
0.313	3	0.33	4691	conectividade+mortalidade+natalidade	br_anatel_banda_larga_fixa, br_ms_sim, br_ms_sinasc
0.313	3	0.33	4691	conectividade+natalidade+politica	br_anatel_banda_larga_fixa, br_ms_sinasc, br_tse_eleicoes
0.313	3	0.33	4691	conectividade+natalidade+trabalho_empresa	br_anatel_banda_larga_fixa, br_ms_sinasc, br_me_cnpj
0.313	3	0.33	4691	credito_financeiro+demografia_censo+natalidade	br_bcb_sicor, br_ibge_censo2022_raca, br_ms_sinasc
0.313	3	0.33	4691	credito_financeiro+educacao+natalidade	br_bcb_sicor, br_inep_saeb, br_ms_sinasc
0.313	3	0.33	4691	credito_financeiro+fiscal_municipal+natalidade	br_bcb_sicor, br_rf_arrecadacao, br_ms_sinasc
0.313	3	0.33	4691	credito_financeiro+natalidade+saude_producao	br_bcb_sicor, br_ms_sinasc, br_ms_cnes
0.313	3	0.33	4691	credito_financeiro+natalidade+trabalho_empresa	br_bcb_sicor, br_ms_sinasc, br_me_cnpj
0.313	3	0.33	4691	credito_financeiro+natalidade+transferencia_renda	br_bcb_sicor, br_ms_sinasc, br_mc_indicadores
0.313	3	0.33	4691	credito_financeiro+natalidade+vigilancia_sinan	br_bcb_sicor, br_ms_sinasc, br_ms_sinan_violencia
0.313	3	0.33	4691	demografia_censo+desmatamento_clima+natalidade	br_ibge_censo2022_raca, br_inpe_sisam, br_ms_sinasc
0.313	3	0.33	4691	demografia_censo+fiscalizacao_ambiental+natalidade	br_ibge_censo2022_raca, br_ibama_autos, br_ms_sinasc
0.313	3	0.33	4691	demografia_censo+fundiario+natalidade	br_ibge_censo2022_raca, br_sfb_sicar, br_ms_sinasc
0.313	3	0.33	4691	demografia_censo+mobilidade+natalidade	br_ibge_censo2022_raca, br_mobilidados_indicadores, br_ms_sinasc
0.313	3	0.33	4691	demografia_censo+natalidade+saneamento_agua	br_ibge_censo2022_raca, br_ms_sinasc, br_ana_outorgas
0.313	3	0.33	4691	desmatamento_clima+mortalidade+natalidade	br_inpe_sisam, br_ms_sim, br_ms_sinasc
0.313	3	0.33	4691	desmatamento_clima+natalidade+saude_producao	br_inpe_sisam, br_ms_sinasc, br_ms_cnes
0.313	3	0.33	4691	desmatamento_clima+natalidade+trabalho_empresa	br_inpe_sisam, br_ms_sinasc, br_me_cnpj
0.313	3	0.33	4691	desmatamento_clima+natalidade+vigilancia_sinan	br_inpe_sisam, br_ms_sinasc, br_ms_sinan_violencia
0.313	3	0.33	4691	fiscal_municipal+natalidade+saneamento_agua	br_rf_arrecadacao, br_ms_sinasc, br_ana_outorgas
0.313	3	0.33	4691	fiscal_municipal+natalidade+vigilancia_sinan	br_rf_arrecadacao, br_ms_sinasc, br_ms_sinan_violencia
0.313	3	0.33	4691	fiscalizacao_ambiental+natalidade+politica	br_ibama_autos, br_ms_sinasc, br_tse_eleicoes
0.313	3	0.33	4691	fiscalizacao_ambiental+natalidade+saude_producao	br_ibama_autos, br_ms_sinasc, br_ms_cnes
0.313	3	0.33	4691	fiscalizacao_ambiental+natalidade+trabalho_empresa	br_ibama_autos, br_ms_sinasc, br_me_cnpj
0.313	3	0.33	4691	fiscalizacao_ambiental+natalidade+transferencia_renda	br_ibama_autos, br_ms_sinasc, br_mc_indicadores
0.313	3	0.33	4691	fundiario+natalidade+saude_producao	br_sfb_sicar, br_ms_sinasc, br_ms_cnes
0.313	3	0.33	4691	fundiario+natalidade+trabalho_empresa	br_sfb_sicar, br_ms_sinasc, br_me_cnpj
0.313	3	0.33	4691	mobilidade+mortalidade+natalidade	br_mobilidados_indicadores, br_ms_sim, br_ms_sinasc
0.313	3	0.33	4691	mobilidade+natalidade+trabalho_empresa	br_mobilidados_indicadores, br_ms_sinasc, br_me_cnpj
0.313	3	0.33	4691	mortalidade+natalidade+saneamento_agua	br_ms_sim, br_ms_sinasc, br_ana_outorgas
0.313	3	0.33	4691	natalidade+politica+vigilancia_sinan	br_ms_sinasc, br_tse_eleicoes, br_ms_sinan_violencia
0.313	3	0.33	4691	natalidade+saneamento_agua+trabalho_empresa	br_ms_sinasc, br_ana_outorgas, br_me_cnpj
0.313	3	0.33	4691	natalidade+saneamento_agua+vigilancia_sinan	br_ms_sinasc, br_ana_outorgas, br_ms_sinan_violencia
0.266	3	0.33	3985	agropecuaria+credito_financeiro+mineracao_energia	br_ibge_ppm, br_bcb_sicor, br_anm
0.266	3	0.33	3985	agropecuaria+desmatamento_clima+mineracao_energia	br_ibge_ppm, br_inpe_sisam, br_anm
0.266	3	0.33	3985	agropecuaria+fiscal_municipal+mineracao_energia	br_ibge_ppm, br_rf_arrecadacao, br_anm
0.266	3	0.33	3985	agropecuaria+fiscalizacao_ambiental+mineracao_energia	br_ibge_ppm, br_ibama_autos, br_anm
0.266	3	0.33	3985	agropecuaria+fundiario+mineracao_energia	br_ibge_ppm, br_sfb_sicar, br_anm
0.266	3	0.33	3985	agropecuaria+mineracao_energia+trabalho_empresa	br_ibge_ppm, br_anm, br_me_cnpj
0.266	3	0.33	3985	compras_publicas+mineracao_energia+mobilidade	br_cgu_emendas_parlamentares, br_anm, br_mobilidados_indicadores
0.266	3	0.33	3985	compras_publicas+mineracao_energia+saneamento_agua	br_cgu_emendas_parlamentares, br_anm, br_ana_outorgas
0.266	3	0.33	3985	compras_publicas+mineracao_energia+vigilancia_sinan	br_cgu_emendas_parlamentares, br_anm, br_ms_sinan_violencia
0.266	3	0.33	3985	conectividade+fundiario+mineracao_energia	br_anatel_banda_larga_fixa, br_sfb_sicar, br_anm
0.266	3	0.33	3985	conectividade+mineracao_energia+mobilidade	br_anatel_banda_larga_fixa, br_anm, br_mobilidados_indicadores
0.266	3	0.33	3985	conectividade+mineracao_energia+natalidade	br_anatel_banda_larga_fixa, br_anm, br_ms_sinasc
0.266	3	0.33	3985	conectividade+mineracao_energia+saneamento_agua	br_anatel_banda_larga_fixa, br_anm, br_ana_outorgas
0.266	3	0.33	3985	conectividade+mineracao_energia+saude_producao	br_anatel_banda_larga_fixa, br_anm, br_ms_cnes
0.266	3	0.33	3985	conectividade+mineracao_energia+transferencia_renda	br_anatel_banda_larga_fixa, br_anm, br_mc_indicadores
0.266	3	0.33	3985	conectividade+mineracao_energia+vigilancia_sinan	br_anatel_banda_larga_fixa, br_anm, br_ms_sinan_violencia
0.266	3	0.33	3985	credito_financeiro+mineracao_energia+mobilidade	br_bcb_sicor, br_anm, br_mobilidados_indicadores
0.266	3	0.33	3985	credito_financeiro+mineracao_energia+mortalidade	br_bcb_sicor, br_anm, br_ms_sim
0.266	3	0.33	3985	credito_financeiro+mineracao_energia+natalidade	br_bcb_sicor, br_anm, br_ms_sinasc
0.266	3	0.33	3985	credito_financeiro+mineracao_energia+politica	br_bcb_sicor, br_anm, br_tse_eleicoes
0.266	3	0.33	3985	demografia_censo+mineracao_energia+saneamento_agua	br_ibge_censo2022_raca, br_anm, br_ana_outorgas
0.266	3	0.33	3985	desmatamento_clima+educacao+mineracao_energia	br_inpe_sisam, br_inep_saeb, br_anm
0.266	3	0.33	3985	desmatamento_clima+fiscal_municipal+mineracao_energia	br_inpe_sisam, br_rf_arrecadacao, br_anm
0.266	3	0.33	3985	desmatamento_clima+mineracao_energia+mobilidade	br_inpe_sisam, br_anm, br_mobilidados_indicadores
0.266	3	0.33	3985	desmatamento_clima+mineracao_energia+natalidade	br_inpe_sisam, br_anm, br_ms_sinasc
0.266	3	0.33	3985	desmatamento_clima+mineracao_energia+politica	br_inpe_sisam, br_anm, br_tse_eleicoes
0.266	3	0.33	3985	desmatamento_clima+mineracao_energia+saneamento_agua	br_inpe_sisam, br_anm, br_ana_outorgas
0.266	3	0.33	3985	desmatamento_clima+mineracao_energia+transferencia_renda	br_inpe_sisam, br_anm, br_mc_indicadores
0.266	3	0.33	3985	educacao+fiscalizacao_ambiental+mineracao_energia	br_inep_saeb, br_ibama_autos, br_anm
0.266	3	0.33	3985	educacao+fundiario+mineracao_energia	br_inep_saeb, br_sfb_sicar, br_anm
0.266	3	0.33	3985	educacao+mineracao_energia+mobilidade	br_inep_saeb, br_anm, br_mobilidados_indicadores
0.266	3	0.33	3985	fiscal_municipal+fiscalizacao_ambiental+mineracao_energia	br_rf_arrecadacao, br_ibama_autos, br_anm
0.266	3	0.33	3985	fiscal_municipal+fundiario+mineracao_energia	br_rf_arrecadacao, br_sfb_sicar, br_anm
0.266	3	0.33	3985	fiscal_municipal+mineracao_energia+mobilidade	br_rf_arrecadacao, br_anm, br_mobilidados_indicadores
0.266	3	0.33	3985	fiscal_municipal+mineracao_energia+saneamento_agua	br_rf_arrecadacao, br_anm, br_ana_outorgas
0.266	3	0.33	3985	fiscal_municipal+mineracao_energia+vigilancia_sinan	br_rf_arrecadacao, br_anm, br_ms_sinan_violencia
0.266	3	0.33	3985	fiscalizacao_ambiental+mineracao_energia+mobilidade	br_ibama_autos, br_anm, br_mobilidados_indicadores
0.266	3	0.33	3985	fiscalizacao_ambiental+mineracao_energia+mortalidade	br_ibama_autos, br_anm, br_ms_sim
0.266	3	0.33	3985	fiscalizacao_ambiental+mineracao_energia+natalidade	br_ibama_autos, br_anm, br_ms_sinasc
0.266	3	0.33	3985	fiscalizacao_ambiental+mineracao_energia+vigilancia_sinan	br_ibama_autos, br_anm, br_ms_sinan_violencia
0.266	3	0.33	3985	fundiario+mineracao_energia+mobilidade	br_sfb_sicar, br_anm, br_mobilidados_indicadores
0.266	3	0.33	3985	fundiario+mineracao_energia+mortalidade	br_sfb_sicar, br_anm, br_ms_sim
0.266	3	0.33	3985	fundiario+mineracao_energia+natalidade	br_sfb_sicar, br_anm, br_ms_sinasc
0.266	3	0.33	3985	fundiario+mineracao_energia+politica	br_sfb_sicar, br_anm, br_tse_eleicoes
0.266	3	0.33	3985	fundiario+mineracao_energia+transferencia_renda	br_sfb_sicar, br_anm, br_mc_indicadores
0.266	3	0.33	3985	fundiario+mineracao_energia+vigilancia_sinan	br_sfb_sicar, br_anm, br_ms_sinan_violencia
0.266	3	0.33	3985	mineracao_energia+mobilidade+natalidade	br_anm, br_mobilidados_indicadores, br_ms_sinasc
0.266	3	0.33	3985	mineracao_energia+mobilidade+politica	br_anm, br_mobilidados_indicadores, br_tse_eleicoes
0.266	3	0.33	3985	mineracao_energia+mobilidade+saude_producao	br_anm, br_mobilidados_indicadores, br_ms_cnes
0.266	3	0.33	3985	mineracao_energia+mobilidade+transferencia_renda	br_anm, br_mobilidados_indicadores, br_mc_indicadores
0.266	3	0.33	3985	mineracao_energia+mobilidade+vigilancia_sinan	br_anm, br_mobilidados_indicadores, br_ms_sinan_violencia
0.266	3	0.33	3985	mineracao_energia+mortalidade+saneamento_agua	br_anm, br_ms_sim, br_ana_outorgas
0.266	3	0.33	3985	mineracao_energia+politica+vigilancia_sinan	br_anm, br_tse_eleicoes, br_ms_sinan_violencia
0.266	3	0.33	3985	mineracao_energia+saneamento_agua+trabalho_empresa	br_anm, br_ana_outorgas, br_me_cnpj
0.266	3	0.33	3985	mineracao_energia+saneamento_agua+vigilancia_sinan	br_anm, br_ana_outorgas, br_ms_sinan_violencia
0.221	3	0.33	3314	agropecuaria+credito_financeiro+sancao_integridade	br_ibge_ppm, br_bcb_sicor, br_tcu_inidoneos
0.221	3	0.33	3314	agropecuaria+desmatamento_clima+sancao_integridade	br_ibge_ppm, br_inpe_sisam, br_tcu_inidoneos
0.221	3	0.33	3314	agropecuaria+fiscal_municipal+sancao_integridade	br_ibge_ppm, br_rf_arrecadacao, br_tcu_inidoneos
0.221	3	0.33	3314	agropecuaria+fiscalizacao_ambiental+sancao_integridade	br_ibge_ppm, br_ibama_autos, br_tcu_inidoneos
0.221	3	0.33	3314	agropecuaria+sancao_integridade+trabalho_empresa	br_ibge_ppm, br_tcu_inidoneos, br_me_cnpj
0.221	3	0.33	3314	compras_publicas+conectividade+sancao_integridade	br_cgu_emendas_parlamentares, br_anatel_banda_larga_fixa, br_tcu_inidoneos
0.221	3	0.33	3314	compras_publicas+fundiario+sancao_integridade	br_cgu_emendas_parlamentares, br_sfb_sicar, br_tcu_inidoneos
0.221	3	0.33	3314	compras_publicas+mortalidade+sancao_integridade	br_cgu_emendas_parlamentares, br_ms_sim, br_tcu_inidoneos
0.221	3	0.33	3314	compras_publicas+natalidade+sancao_integridade	br_cgu_emendas_parlamentares, br_ms_sinasc, br_tcu_inidoneos
0.221	3	0.33	3314	compras_publicas+sancao_integridade+saneamento_agua	br_cgu_emendas_parlamentares, br_tcu_inidoneos, br_ana_outorgas
0.221	3	0.33	3314	compras_publicas+sancao_integridade+saude_producao	br_cgu_emendas_parlamentares, br_tcu_inidoneos, br_ms_cnes
0.221	3	0.33	3314	conectividade+credito_financeiro+sancao_integridade	br_anatel_banda_larga_fixa, br_bcb_sicor, br_tcu_inidoneos
0.221	3	0.33	3314	conectividade+demografia_censo+sancao_integridade	br_anatel_banda_larga_fixa, br_ibge_censo2022_raca, br_tcu_inidoneos
0.221	3	0.33	3314	conectividade+desmatamento_clima+sancao_integridade	br_anatel_banda_larga_fixa, br_inpe_sisam, br_tcu_inidoneos
0.221	3	0.33	3314	conectividade+educacao+sancao_integridade	br_anatel_banda_larga_fixa, br_inep_saeb, br_tcu_inidoneos
0.221	3	0.33	3314	conectividade+fiscal_municipal+sancao_integridade	br_anatel_banda_larga_fixa, br_rf_arrecadacao, br_tcu_inidoneos
0.221	3	0.33	3314	conectividade+fiscalizacao_ambiental+sancao_integridade	br_anatel_banda_larga_fixa, br_ibama_autos, br_tcu_inidoneos
0.221	3	0.33	3314	conectividade+mineracao_energia+sancao_integridade	br_anatel_banda_larga_fixa, br_anm, br_tcu_inidoneos
0.221	3	0.33	3314	conectividade+politica+sancao_integridade	br_anatel_banda_larga_fixa, br_tse_eleicoes, br_tcu_inidoneos
0.221	3	0.33	3314	conectividade+sancao_integridade+trabalho_empresa	br_anatel_banda_larga_fixa, br_tcu_inidoneos, br_me_cnpj
0.221	3	0.33	3314	credito_financeiro+fundiario+sancao_integridade	br_bcb_sicor, br_sfb_sicar, br_tcu_inidoneos
0.221	3	0.33	3314	credito_financeiro+politica+sancao_integridade	br_bcb_sicor, br_tse_eleicoes, br_tcu_inidoneos
0.221	3	0.33	3314	credito_financeiro+sancao_integridade+saude_producao	br_bcb_sicor, br_tcu_inidoneos, br_ms_cnes
0.221	3	0.33	3314	credito_financeiro+sancao_integridade+vigilancia_sinan	br_bcb_sicor, br_tcu_inidoneos, br_ms_sinan_violencia
0.221	3	0.33	3314	demografia_censo+fundiario+sancao_integridade	br_ibge_censo2022_raca, br_sfb_sicar, br_tcu_inidoneos
0.221	3	0.33	3314	demografia_censo+mobilidade+sancao_integridade	br_ibge_censo2022_raca, br_mobilidados_indicadores, br_tcu_inidoneos
0.221	3	0.33	3314	demografia_censo+mortalidade+sancao_integridade	br_ibge_censo2022_raca, br_ms_sim, br_tcu_inidoneos
0.221	3	0.33	3314	demografia_censo+natalidade+sancao_integridade	br_ibge_censo2022_raca, br_ms_sinasc, br_tcu_inidoneos
0.221	3	0.33	3314	demografia_censo+sancao_integridade+saneamento_agua	br_ibge_censo2022_raca, br_tcu_inidoneos, br_ana_outorgas
0.221	3	0.33	3314	demografia_censo+sancao_integridade+saude_producao	br_ibge_censo2022_raca, br_tcu_inidoneos, br_ms_cnes
0.221	3	0.33	3314	demografia_censo+sancao_integridade+vigilancia_sinan	br_ibge_censo2022_raca, br_tcu_inidoneos, br_ms_sinan_violencia
0.221	3	0.33	3314	desmatamento_clima+educacao+sancao_integridade	br_inpe_sisam, br_inep_saeb, br_tcu_inidoneos
0.221	3	0.33	3314	desmatamento_clima+fiscal_municipal+sancao_integridade	br_inpe_sisam, br_rf_arrecadacao, br_tcu_inidoneos
0.221	3	0.33	3314	desmatamento_clima+fundiario+sancao_integridade	br_inpe_sisam, br_sfb_sicar, br_tcu_inidoneos
0.221	3	0.33	3314	desmatamento_clima+mortalidade+sancao_integridade	br_inpe_sisam, br_ms_sim, br_tcu_inidoneos
0.221	3	0.33	3314	desmatamento_clima+politica+sancao_integridade	br_inpe_sisam, br_tse_eleicoes, br_tcu_inidoneos
0.221	3	0.33	3314	desmatamento_clima+sancao_integridade+saneamento_agua	br_inpe_sisam, br_tcu_inidoneos, br_ana_outorgas
0.221	3	0.33	3314	desmatamento_clima+sancao_integridade+saude_producao	br_inpe_sisam, br_tcu_inidoneos, br_ms_cnes
0.221	3	0.33	3314	desmatamento_clima+sancao_integridade+transferencia_renda	br_inpe_sisam, br_tcu_inidoneos, br_mc_indicadores
0.221	3	0.33	3314	desmatamento_clima+sancao_integridade+vigilancia_sinan	br_inpe_sisam, br_tcu_inidoneos, br_ms_sinan_violencia
0.221	3	0.33	3314	educacao+fiscalizacao_ambiental+sancao_integridade	br_inep_saeb, br_ibama_autos, br_tcu_inidoneos
0.221	3	0.33	3314	educacao+mortalidade+sancao_integridade	br_inep_saeb, br_ms_sim, br_tcu_inidoneos
0.221	3	0.33	3314	educacao+natalidade+sancao_integridade	br_inep_saeb, br_ms_sinasc, br_tcu_inidoneos
0.221	3	0.33	3314	educacao+sancao_integridade+saude_producao	br_inep_saeb, br_tcu_inidoneos, br_ms_cnes
0.221	3	0.33	3314	educacao+sancao_integridade+vigilancia_sinan	br_inep_saeb, br_tcu_inidoneos, br_ms_sinan_violencia
0.221	3	0.33	3314	fiscal_municipal+fiscalizacao_ambiental+sancao_integridade	br_rf_arrecadacao, br_ibama_autos, br_tcu_inidoneos
0.221	3	0.33	3314	fiscal_municipal+mortalidade+sancao_integridade	br_rf_arrecadacao, br_ms_sim, br_tcu_inidoneos
0.221	3	0.33	3314	fiscal_municipal+natalidade+sancao_integridade	br_rf_arrecadacao, br_ms_sinasc, br_tcu_inidoneos
0.221	3	0.33	3314	fiscal_municipal+sancao_integridade+saneamento_agua	br_rf_arrecadacao, br_tcu_inidoneos, br_ana_outorgas
0.221	3	0.33	3314	fiscal_municipal+sancao_integridade+saude_producao	br_rf_arrecadacao, br_tcu_inidoneos, br_ms_cnes
0.221	3	0.33	3314	fiscalizacao_ambiental+fundiario+sancao_integridade	br_ibama_autos, br_sfb_sicar, br_tcu_inidoneos
0.221	3	0.33	3314	fiscalizacao_ambiental+sancao_integridade+saude_producao	br_ibama_autos, br_tcu_inidoneos, br_ms_cnes
0.221	3	0.33	3314	fundiario+mineracao_energia+sancao_integridade	br_sfb_sicar, br_anm, br_tcu_inidoneos
0.221	3	0.33	3314	fundiario+sancao_integridade+trabalho_empresa	br_sfb_sicar, br_tcu_inidoneos, br_me_cnpj
0.221	3	0.33	3314	mineracao_energia+mobilidade+sancao_integridade	br_anm, br_mobilidados_indicadores, br_tcu_inidoneos
0.221	3	0.33	3314	mineracao_energia+mortalidade+sancao_integridade	br_anm, br_ms_sim, br_tcu_inidoneos
0.221	3	0.33	3314	mineracao_energia+natalidade+sancao_integridade	br_anm, br_ms_sinasc, br_tcu_inidoneos
0.221	3	0.33	3314	mineracao_energia+sancao_integridade+saude_producao	br_anm, br_tcu_inidoneos, br_ms_cnes
0.221	3	0.33	3314	mineracao_energia+sancao_integridade+vigilancia_sinan	br_anm, br_tcu_inidoneos, br_ms_sinan_violencia
0.221	3	0.33	3314	mobilidade+sancao_integridade+trabalho_empresa	br_mobilidados_indicadores, br_tcu_inidoneos, br_me_cnpj
0.221	3	0.33	3314	mortalidade+politica+sancao_integridade	br_ms_sim, br_tse_eleicoes, br_tcu_inidoneos
0.221	3	0.33	3314	mortalidade+sancao_integridade+trabalho_empresa	br_ms_sim, br_tcu_inidoneos, br_me_cnpj
0.221	3	0.33	3314	mortalidade+sancao_integridade+transferencia_renda	br_ms_sim, br_tcu_inidoneos, br_mc_indicadores
0.221	3	0.33	3314	natalidade+politica+sancao_integridade	br_ms_sinasc, br_tse_eleicoes, br_tcu_inidoneos
0.221	3	0.33	3314	natalidade+sancao_integridade+trabalho_empresa	br_ms_sinasc, br_tcu_inidoneos, br_me_cnpj
0.221	3	0.33	3314	natalidade+sancao_integridade+transferencia_renda	br_ms_sinasc, br_tcu_inidoneos, br_mc_indicadores
0.221	3	0.33	3314	politica+sancao_integridade+saude_producao	br_tse_eleicoes, br_tcu_inidoneos, br_ms_cnes
0.221	3	0.33	3314	sancao_integridade+saneamento_agua+trabalho_empresa	br_tcu_inidoneos, br_ana_outorgas, br_me_cnpj
0.221	3	0.33	3314	sancao_integridade+saude_producao+trabalho_empresa	br_tcu_inidoneos, br_ms_cnes, br_me_cnpj
0.221	3	0.33	3314	sancao_integridade+saude_producao+transferencia_renda	br_tcu_inidoneos, br_ms_cnes, br_mc_indicadores
0.221	3	0.33	3314	sancao_integridade+trabalho_empresa+vigilancia_sinan	br_tcu_inidoneos, br_me_cnpj, br_ms_sinan_violencia
0.221	3	0.33	3314	sancao_integridade+transferencia_renda+vigilancia_sinan	br_tcu_inidoneos, br_mc_indicadores, br_ms_sinan_violencia
0.180	3	0.33	2696	agropecuaria+comercio_exterior+credito_financeiro	br_ibge_ppm, br_me_comex_stat, br_bcb_sicor
0.180	3	0.33	2696	agropecuaria+comercio_exterior+demografia_censo	br_ibge_ppm, br_me_comex_stat, br_ibge_censo2022_raca
0.180	3	0.33	2696	agropecuaria+comercio_exterior+fiscal_municipal	br_ibge_ppm, br_me_comex_stat, br_rf_arrecadacao
0.180	3	0.33	2696	agropecuaria+comercio_exterior+fiscalizacao_ambiental	br_ibge_ppm, br_me_comex_stat, br_ibama_autos
0.180	3	0.33	2696	agropecuaria+comercio_exterior+saneamento_agua	br_ibge_ppm, br_me_comex_stat, br_ana_outorgas
0.180	3	0.33	2696	agropecuaria+comercio_exterior+transferencia_renda	br_ibge_ppm, br_me_comex_stat, br_mc_indicadores
0.180	3	0.33	2696	comercio_exterior+compras_publicas+demografia_censo	br_me_comex_stat, br_cgu_emendas_parlamentares, br_ibge_censo2022_raca
0.180	3	0.33	2696	comercio_exterior+compras_publicas+desmatamento_clima	br_me_comex_stat, br_cgu_emendas_parlamentares, br_inpe_sisam
0.180	3	0.33	2696	comercio_exterior+compras_publicas+fundiario	br_me_comex_stat, br_cgu_emendas_parlamentares, br_sfb_sicar
0.180	3	0.33	2696	comercio_exterior+compras_publicas+trabalho_empresa	br_me_comex_stat, br_cgu_emendas_parlamentares, br_me_cnpj
0.180	3	0.33	2696	comercio_exterior+compras_publicas+transferencia_renda	br_me_comex_stat, br_cgu_emendas_parlamentares, br_mc_indicadores
0.180	3	0.33	2696	comercio_exterior+conectividade+demografia_censo	br_me_comex_stat, br_anatel_banda_larga_fixa, br_ibge_censo2022_raca
0.180	3	0.33	2696	comercio_exterior+conectividade+desmatamento_clima	br_me_comex_stat, br_anatel_banda_larga_fixa, br_inpe_sisam
0.180	3	0.33	2696	comercio_exterior+conectividade+trabalho_empresa	br_me_comex_stat, br_anatel_banda_larga_fixa, br_me_cnpj
0.180	3	0.33	2696	comercio_exterior+credito_financeiro+demografia_censo	br_me_comex_stat, br_bcb_sicor, br_ibge_censo2022_raca
0.180	3	0.33	2696	comercio_exterior+credito_financeiro+desmatamento_clima	br_me_comex_stat, br_bcb_sicor, br_inpe_sisam
0.180	3	0.33	2696	comercio_exterior+credito_financeiro+fundiario	br_me_comex_stat, br_bcb_sicor, br_sfb_sicar
0.180	3	0.33	2696	comercio_exterior+credito_financeiro+trabalho_empresa	br_me_comex_stat, br_bcb_sicor, br_me_cnpj
0.180	3	0.33	2696	comercio_exterior+credito_financeiro+transferencia_renda	br_me_comex_stat, br_bcb_sicor, br_mc_indicadores
0.180	3	0.33	2696	comercio_exterior+demografia_censo+educacao	br_me_comex_stat, br_ibge_censo2022_raca, br_inep_saeb
0.180	3	0.33	2696	comercio_exterior+demografia_censo+fiscal_municipal	br_me_comex_stat, br_ibge_censo2022_raca, br_rf_arrecadacao
0.180	3	0.33	2696	comercio_exterior+demografia_censo+fiscalizacao_ambiental	br_me_comex_stat, br_ibge_censo2022_raca, br_ibama_autos
0.180	3	0.33	2696	comercio_exterior+demografia_censo+mineracao_energia	br_me_comex_stat, br_ibge_censo2022_raca, br_anm
0.180	3	0.33	2696	comercio_exterior+demografia_censo+mobilidade	br_me_comex_stat, br_ibge_censo2022_raca, br_mobilidados_indicadores
0.180	3	0.33	2696	comercio_exterior+demografia_censo+mortalidade	br_me_comex_stat, br_ibge_censo2022_raca, br_ms_sim
0.180	3	0.33	2696	comercio_exterior+demografia_censo+natalidade	br_me_comex_stat, br_ibge_censo2022_raca, br_ms_sinasc
0.180	3	0.33	2696	comercio_exterior+demografia_censo+politica	br_me_comex_stat, br_ibge_censo2022_raca, br_tse_eleicoes
0.180	3	0.33	2696	comercio_exterior+demografia_censo+sancao_integridade	br_me_comex_stat, br_ibge_censo2022_raca, br_tcu_inidoneos
0.180	3	0.33	2696	comercio_exterior+demografia_censo+saneamento_agua	br_me_comex_stat, br_ibge_censo2022_raca, br_ana_outorgas
0.180	3	0.33	2696	comercio_exterior+demografia_censo+saude_producao	br_me_comex_stat, br_ibge_censo2022_raca, br_ms_cnes
0.180	3	0.33	2696	comercio_exterior+demografia_censo+vigilancia_sinan	br_me_comex_stat, br_ibge_censo2022_raca, br_ms_sinan_violencia
0.180	3	0.33	2696	comercio_exterior+desmatamento_clima+fiscalizacao_ambiental	br_me_comex_stat, br_inpe_sisam, br_ibama_autos
0.180	3	0.33	2696	comercio_exterior+desmatamento_clima+mineracao_energia	br_me_comex_stat, br_inpe_sisam, br_anm
0.180	3	0.33	2696	comercio_exterior+desmatamento_clima+mortalidade	br_me_comex_stat, br_inpe_sisam, br_ms_sim
0.180	3	0.33	2696	comercio_exterior+desmatamento_clima+sancao_integridade	br_me_comex_stat, br_inpe_sisam, br_tcu_inidoneos
0.180	3	0.33	2696	comercio_exterior+desmatamento_clima+saneamento_agua	br_me_comex_stat, br_inpe_sisam, br_ana_outorgas
0.180	3	0.33	2696	comercio_exterior+desmatamento_clima+saude_producao	br_me_comex_stat, br_inpe_sisam, br_ms_cnes
0.180	3	0.33	2696	comercio_exterior+desmatamento_clima+transferencia_renda	br_me_comex_stat, br_inpe_sisam, br_mc_indicadores
0.180	3	0.33	2696	comercio_exterior+desmatamento_clima+vigilancia_sinan	br_me_comex_stat, br_inpe_sisam, br_ms_sinan_violencia
0.180	3	0.33	2696	comercio_exterior+educacao+trabalho_empresa	br_me_comex_stat, br_inep_saeb, br_me_cnpj
0.180	3	0.33	2696	comercio_exterior+educacao+transferencia_renda	br_me_comex_stat, br_inep_saeb, br_mc_indicadores
0.180	3	0.33	2696	comercio_exterior+fiscal_municipal+trabalho_empresa	br_me_comex_stat, br_rf_arrecadacao, br_me_cnpj
0.180	3	0.33	2696	comercio_exterior+fiscal_municipal+transferencia_renda	br_me_comex_stat, br_rf_arrecadacao, br_mc_indicadores
0.180	3	0.33	2696	comercio_exterior+fiscalizacao_ambiental+fundiario	br_me_comex_stat, br_ibama_autos, br_sfb_sicar
0.180	3	0.33	2696	comercio_exterior+fiscalizacao_ambiental+trabalho_empresa	br_me_comex_stat, br_ibama_autos, br_me_cnpj
0.180	3	0.33	2696	comercio_exterior+fiscalizacao_ambiental+transferencia_renda	br_me_comex_stat, br_ibama_autos, br_mc_indicadores
0.180	3	0.33	2696	comercio_exterior+fundiario+mineracao_energia	br_me_comex_stat, br_sfb_sicar, br_anm
0.180	3	0.33	2696	comercio_exterior+fundiario+saude_producao	br_me_comex_stat, br_sfb_sicar, br_ms_cnes
0.180	3	0.33	2696	comercio_exterior+fundiario+transferencia_renda	br_me_comex_stat, br_sfb_sicar, br_mc_indicadores
0.180	3	0.33	2696	comercio_exterior+mineracao_energia+trabalho_empresa	br_me_comex_stat, br_anm, br_me_cnpj
0.180	3	0.33	2696	comercio_exterior+mineracao_energia+transferencia_renda	br_me_comex_stat, br_anm, br_mc_indicadores
0.180	3	0.33	2696	comercio_exterior+mobilidade+trabalho_empresa	br_me_comex_stat, br_mobilidados_indicadores, br_me_cnpj
0.180	3	0.33	2696	comercio_exterior+mortalidade+trabalho_empresa	br_me_comex_stat, br_ms_sim, br_me_cnpj
0.180	3	0.33	2696	comercio_exterior+mortalidade+transferencia_renda	br_me_comex_stat, br_ms_sim, br_mc_indicadores
0.180	3	0.33	2696	comercio_exterior+natalidade+trabalho_empresa	br_me_comex_stat, br_ms_sinasc, br_me_cnpj
0.180	3	0.33	2696	comercio_exterior+natalidade+transferencia_renda	br_me_comex_stat, br_ms_sinasc, br_mc_indicadores
0.180	3	0.33	2696	comercio_exterior+politica+trabalho_empresa	br_me_comex_stat, br_tse_eleicoes, br_me_cnpj
0.180	3	0.33	2696	comercio_exterior+politica+transferencia_renda	br_me_comex_stat, br_tse_eleicoes, br_mc_indicadores
0.180	3	0.33	2696	comercio_exterior+sancao_integridade+trabalho_empresa	br_me_comex_stat, br_tcu_inidoneos, br_me_cnpj
0.180	3	0.33	2696	comercio_exterior+sancao_integridade+transferencia_renda	br_me_comex_stat, br_tcu_inidoneos, br_mc_indicadores
0.180	3	0.33	2696	comercio_exterior+saneamento_agua+trabalho_empresa	br_me_comex_stat, br_ana_outorgas, br_me_cnpj
0.180	3	0.33	2696	comercio_exterior+saude_producao+trabalho_empresa	br_me_comex_stat, br_ms_cnes, br_me_cnpj
0.180	3	0.33	2696	comercio_exterior+saude_producao+transferencia_renda	br_me_comex_stat, br_ms_cnes, br_mc_indicadores
0.180	3	0.33	2696	comercio_exterior+trabalho_empresa+vigilancia_sinan	br_me_comex_stat, br_me_cnpj, br_ms_sinan_violencia
0.180	3	0.33	2696	comercio_exterior+transferencia_renda+vigilancia_sinan	br_me_comex_stat, br_mc_indicadores, br_ms_sinan_violencia
0.000	3	0.00	5571	demografia_censo+desmatamento_clima+saneamento_agua	br_ibge_censo2022_raca, br_inpe_sisam, br_ana_outorgas
0.000	3	0.00	5570	conectividade+demografia_censo+fiscal_municipal	br_anatel_banda_larga_fixa, br_ibge_censo2022_raca, br_rf_arrecadacao
0.000	3	0.00	5570	conectividade+demografia_censo+politica	br_anatel_banda_larga_fixa, br_ibge_censo2022_raca, br_tse_eleicoes
0.000	3	0.00	5570	conectividade+desmatamento_clima+saneamento_agua	br_anatel_banda_larga_fixa, br_inpe_sisam, br_ana_outorgas
0.000	3	0.00	5570	conectividade+educacao+fiscal_municipal	br_anatel_banda_larga_fixa, br_inep_saeb, br_rf_arrecadacao
0.000	3	0.00	5570	conectividade+educacao+mortalidade	br_anatel_banda_larga_fixa, br_inep_saeb, br_ms_sim
0.000	3	0.00	5570	conectividade+fiscal_municipal+mortalidade	br_anatel_banda_larga_fixa, br_rf_arrecadacao, br_ms_sim
0.000	3	0.00	5570	conectividade+fiscal_municipal+politica	br_anatel_banda_larga_fixa, br_rf_arrecadacao, br_tse_eleicoes
0.000	3	0.00	5570	conectividade+fiscal_municipal+trabalho_empresa	br_anatel_banda_larga_fixa, br_rf_arrecadacao, br_me_cnpj
0.000	3	0.00	5570	conectividade+mortalidade+politica	br_anatel_banda_larga_fixa, br_ms_sim, br_tse_eleicoes
0.000	3	0.00	5570	conectividade+mortalidade+saneamento_agua	br_anatel_banda_larga_fixa, br_ms_sim, br_ana_outorgas
0.000	3	0.00	5570	conectividade+politica+trabalho_empresa	br_anatel_banda_larga_fixa, br_tse_eleicoes, br_me_cnpj
0.000	3	0.00	5570	conectividade+saneamento_agua+trabalho_empresa	br_anatel_banda_larga_fixa, br_ana_outorgas, br_me_cnpj
0.000	3	0.00	5570	demografia_censo+educacao+fiscal_municipal	br_ibge_censo2022_raca, br_inep_saeb, br_rf_arrecadacao
0.000	3	0.00	5570	demografia_censo+educacao+saude_producao	br_ibge_censo2022_raca, br_inep_saeb, br_ms_cnes
0.000	3	0.00	5570	demografia_censo+fiscal_municipal+politica	br_ibge_censo2022_raca, br_rf_arrecadacao, br_tse_eleicoes
0.000	3	0.00	5570	demografia_censo+fiscal_municipal+saude_producao	br_ibge_censo2022_raca, br_rf_arrecadacao, br_ms_cnes
0.000	3	0.00	5570	demografia_censo+mortalidade+politica	br_ibge_censo2022_raca, br_ms_sim, br_tse_eleicoes
0.000	3	0.00	5570	demografia_censo+mortalidade+saude_producao	br_ibge_censo2022_raca, br_ms_sim, br_ms_cnes
0.000	3	0.00	5570	demografia_censo+politica+saude_producao	br_ibge_censo2022_raca, br_tse_eleicoes, br_ms_cnes
0.000	3	0.00	5570	demografia_censo+politica+transferencia_renda	br_ibge_censo2022_raca, br_tse_eleicoes, br_mc_indicadores
0.000	3	0.00	5570	demografia_censo+saneamento_agua+trabalho_empresa	br_ibge_censo2022_raca, br_ana_outorgas, br_me_cnpj
0.000	3	0.00	5570	desmatamento_clima+mortalidade+saude_producao	br_inpe_sisam, br_ms_sim, br_ms_cnes
0.000	3	0.00	5570	desmatamento_clima+saneamento_agua+trabalho_empresa	br_inpe_sisam, br_ana_outorgas, br_me_cnpj
0.000	3	0.00	5570	desmatamento_clima+saude_producao+trabalho_empresa	br_inpe_sisam, br_ms_cnes, br_me_cnpj
0.000	3	0.00	5570	educacao+fiscal_municipal+mortalidade	br_inep_saeb, br_rf_arrecadacao, br_ms_sim
0.000	3	0.00	5570	educacao+mortalidade+politica	br_inep_saeb, br_ms_sim, br_tse_eleicoes
0.000	3	0.00	5570	educacao+mortalidade+saude_producao	br_inep_saeb, br_ms_sim, br_ms_cnes
0.000	3	0.00	5570	educacao+mortalidade+trabalho_empresa	br_inep_saeb, br_ms_sim, br_me_cnpj
0.000	3	0.00	5570	educacao+mortalidade+transferencia_renda	br_inep_saeb, br_ms_sim, br_mc_indicadores
0.000	3	0.00	5570	fiscal_municipal+mortalidade+politica	br_rf_arrecadacao, br_ms_sim, br_tse_eleicoes
0.000	3	0.00	5570	fiscal_municipal+mortalidade+saneamento_agua	br_rf_arrecadacao, br_ms_sim, br_ana_outorgas
0.000	3	0.00	5570	fiscal_municipal+mortalidade+saude_producao	br_rf_arrecadacao, br_ms_sim, br_ms_cnes
0.000	3	0.00	5570	fiscal_municipal+mortalidade+trabalho_empresa	br_rf_arrecadacao, br_ms_sim, br_me_cnpj
0.000	3	0.00	5570	fiscal_municipal+mortalidade+transferencia_renda	br_rf_arrecadacao, br_ms_sim, br_mc_indicadores
0.000	3	0.00	5570	fiscal_municipal+saneamento_agua+trabalho_empresa	br_rf_arrecadacao, br_ana_outorgas, br_me_cnpj
0.000	3	0.00	5570	mortalidade+politica+trabalho_empresa	br_ms_sim, br_tse_eleicoes, br_me_cnpj
0.000	3	0.00	5570	mortalidade+politica+transferencia_renda	br_ms_sim, br_tse_eleicoes, br_mc_indicadores
0.000	3	0.00	5570	mortalidade+saneamento_agua+trabalho_empresa	br_ms_sim, br_ana_outorgas, br_me_cnpj
0.000	3	0.00	5570	mortalidade+saude_producao+transferencia_renda	br_ms_sim, br_ms_cnes, br_mc_indicadores
0.000	3	0.00	5567	agropecuaria+desmatamento_clima+saneamento_agua	br_ibge_ppm, br_inpe_sisam, br_ana_outorgas
0.000	3	0.00	5567	agropecuaria+desmatamento_clima+trabalho_empresa	br_ibge_ppm, br_inpe_sisam, br_me_cnpj
0.000	3	0.00	5567	agropecuaria+fiscal_municipal+saneamento_agua	br_ibge_ppm, br_rf_arrecadacao, br_ana_outorgas
0.000	3	0.00	5559	agropecuaria+fundiario+trabalho_empresa	br_ibge_ppm, br_sfb_sicar, br_me_cnpj
0.000	3	0.00	5559	demografia_censo+fundiario+trabalho_empresa	br_ibge_censo2022_raca, br_sfb_sicar, br_me_cnpj
0.000	3	0.00	5559	desmatamento_clima+fundiario+trabalho_empresa	br_inpe_sisam, br_sfb_sicar, br_me_cnpj
0.000	3	0.00	5559	fundiario+saude_producao+trabalho_empresa	br_sfb_sicar, br_ms_cnes, br_me_cnpj
0.000	3	0.00	5544	mobilidade+mortalidade+trabalho_empresa	br_mobilidados_indicadores, br_ms_sim, br_me_cnpj
0.000	3	0.00	5522	agropecuaria+credito_financeiro+desmatamento_clima	br_ibge_ppm, br_bcb_sicor, br_inpe_sisam
0.000	3	0.00	5522	agropecuaria+credito_financeiro+fiscal_municipal	br_ibge_ppm, br_bcb_sicor, br_rf_arrecadacao
0.000	3	0.00	5522	conectividade+credito_financeiro+desmatamento_clima	br_anatel_banda_larga_fixa, br_bcb_sicor, br_inpe_sisam
0.000	3	0.00	5522	conectividade+credito_financeiro+educacao	br_anatel_banda_larga_fixa, br_bcb_sicor, br_inep_saeb
0.000	3	0.00	5522	conectividade+credito_financeiro+fiscal_municipal	br_anatel_banda_larga_fixa, br_bcb_sicor, br_rf_arrecadacao
0.000	3	0.00	5522	credito_financeiro+demografia_censo+educacao	br_bcb_sicor, br_ibge_censo2022_raca, br_inep_saeb
0.000	3	0.00	5522	credito_financeiro+demografia_censo+fiscal_municipal	br_bcb_sicor, br_ibge_censo2022_raca, br_rf_arrecadacao
0.000	3	0.00	5522	credito_financeiro+educacao+fiscal_municipal	br_bcb_sicor, br_inep_saeb, br_rf_arrecadacao
0.000	3	0.00	5522	credito_financeiro+educacao+saude_producao	br_bcb_sicor, br_inep_saeb, br_ms_cnes
0.000	3	0.00	5522	credito_financeiro+fiscal_municipal+saude_producao	br_bcb_sicor, br_rf_arrecadacao, br_ms_cnes
0.000	3	0.00	5522	credito_financeiro+fiscal_municipal+trabalho_empresa	br_bcb_sicor, br_rf_arrecadacao, br_me_cnpj
0.000	3	0.00	5522	credito_financeiro+saude_producao+trabalho_empresa	br_bcb_sicor, br_ms_cnes, br_me_cnpj
0.000	3	0.00	5522	credito_financeiro+saude_producao+transferencia_renda	br_bcb_sicor, br_ms_cnes, br_mc_indicadores
0.000	3	0.00	5487	credito_financeiro+desmatamento_clima+vigilancia_sinan	br_bcb_sicor, br_inpe_sisam, br_ms_sinan_violencia
0.000	3	0.00	5487	credito_financeiro+educacao+vigilancia_sinan	br_bcb_sicor, br_inep_saeb, br_ms_sinan_violencia
0.000	3	0.00	5487	credito_financeiro+saude_producao+vigilancia_sinan	br_bcb_sicor, br_ms_cnes, br_ms_sinan_violencia
0.000	3	0.00	5487	credito_financeiro+trabalho_empresa+vigilancia_sinan	br_bcb_sicor, br_me_cnpj, br_ms_sinan_violencia
0.000	3	0.00	5487	credito_financeiro+transferencia_renda+vigilancia_sinan	br_bcb_sicor, br_mc_indicadores, br_ms_sinan_violencia
0.000	3	0.00	5487	demografia_censo+desmatamento_clima+vigilancia_sinan	br_ibge_censo2022_raca, br_inpe_sisam, br_ms_sinan_violencia
0.000	3	0.00	5487	demografia_censo+saneamento_agua+vigilancia_sinan	br_ibge_censo2022_raca, br_ana_outorgas, br_ms_sinan_violencia
0.000	3	0.00	5487	desmatamento_clima+mortalidade+vigilancia_sinan	br_inpe_sisam, br_ms_sim, br_ms_sinan_violencia
0.000	3	0.00	5487	desmatamento_clima+saneamento_agua+vigilancia_sinan	br_inpe_sisam, br_ana_outorgas, br_ms_sinan_violencia
0.000	3	0.00	5487	desmatamento_clima+saude_producao+vigilancia_sinan	br_inpe_sisam, br_ms_cnes, br_ms_sinan_violencia
0.000	3	0.00	5487	desmatamento_clima+trabalho_empresa+vigilancia_sinan	br_inpe_sisam, br_me_cnpj, br_ms_sinan_violencia
0.000	3	0.00	5487	educacao+mortalidade+vigilancia_sinan	br_inep_saeb, br_ms_sim, br_ms_sinan_violencia
0.000	3	0.00	5487	educacao+saude_producao+vigilancia_sinan	br_inep_saeb, br_ms_cnes, br_ms_sinan_violencia
0.000	3	0.00	5487	educacao+trabalho_empresa+vigilancia_sinan	br_inep_saeb, br_me_cnpj, br_ms_sinan_violencia
0.000	3	0.00	5487	educacao+transferencia_renda+vigilancia_sinan	br_inep_saeb, br_mc_indicadores, br_ms_sinan_violencia
0.000	3	0.00	5487	mortalidade+saneamento_agua+vigilancia_sinan	br_ms_sim, br_ana_outorgas, br_ms_sinan_violencia
0.000	3	0.00	5487	mortalidade+transferencia_renda+vigilancia_sinan	br_ms_sim, br_mc_indicadores, br_ms_sinan_violencia
0.000	3	0.00	5487	saude_producao+trabalho_empresa+vigilancia_sinan	br_ms_cnes, br_me_cnpj, br_ms_sinan_violencia
0.000	3	0.00	5487	trabalho_empresa+transferencia_renda+vigilancia_sinan	br_me_cnpj, br_mc_indicadores, br_ms_sinan_violencia
0.000	3	0.00	5475	agropecuaria+desmatamento_clima+fiscalizacao_ambiental	br_ibge_ppm, br_inpe_sisam, br_ibama_autos
0.000	3	0.00	5475	agropecuaria+fiscalizacao_ambiental+fundiario	br_ibge_ppm, br_ibama_autos, br_sfb_sicar
0.000	3	0.00	5475	agropecuaria+fiscalizacao_ambiental+trabalho_empresa	br_ibge_ppm, br_ibama_autos, br_me_cnpj
0.000	3	0.00	5475	conectividade+credito_financeiro+fiscalizacao_ambiental	br_anatel_banda_larga_fixa, br_bcb_sicor, br_ibama_autos
0.000	3	0.00	5475	conectividade+demografia_censo+fiscalizacao_ambiental	br_anatel_banda_larga_fixa, br_ibge_censo2022_raca, br_ibama_autos
0.000	3	0.00	5475	conectividade+desmatamento_clima+fiscalizacao_ambiental	br_anatel_banda_larga_fixa, br_inpe_sisam, br_ibama_autos
0.000	3	0.00	5475	conectividade+fiscalizacao_ambiental+politica	br_anatel_banda_larga_fixa, br_ibama_autos, br_tse_eleicoes
0.000	3	0.00	5475	conectividade+fiscalizacao_ambiental+trabalho_empresa	br_anatel_banda_larga_fixa, br_ibama_autos, br_me_cnpj
0.000	3	0.00	5475	credito_financeiro+fiscalizacao_ambiental+trabalho_empresa	br_bcb_sicor, br_ibama_autos, br_me_cnpj
0.000	3	0.00	5475	credito_financeiro+fiscalizacao_ambiental+transferencia_renda	br_bcb_sicor, br_ibama_autos, br_mc_indicadores
0.000	3	0.00	5475	demografia_censo+fiscalizacao_ambiental+politica	br_ibge_censo2022_raca, br_ibama_autos, br_tse_eleicoes
0.000	3	0.00	5475	demografia_censo+fiscalizacao_ambiental+trabalho_empresa	br_ibge_censo2022_raca, br_ibama_autos, br_me_cnpj
0.000	3	0.00	5475	demografia_censo+fiscalizacao_ambiental+transferencia_renda	br_ibge_censo2022_raca, br_ibama_autos, br_mc_indicadores
0.000	3	0.00	5475	fiscalizacao_ambiental+fundiario+trabalho_empresa	br_ibama_autos, br_sfb_sicar, br_me_cnpj
0.000	3	0.00	5475	fiscalizacao_ambiental+politica+saude_producao	br_ibama_autos, br_tse_eleicoes, br_ms_cnes
0.000	3	0.00	5475	fiscalizacao_ambiental+politica+trabalho_empresa	br_ibama_autos, br_tse_eleicoes, br_me_cnpj
0.000	3	0.00	5475	fiscalizacao_ambiental+politica+transferencia_renda	br_ibama_autos, br_tse_eleicoes, br_mc_indicadores
0.000	3	0.00	5475	fiscalizacao_ambiental+saude_producao+trabalho_empresa	br_ibama_autos, br_ms_cnes, br_me_cnpj
0.000	3	0.00	5475	fiscalizacao_ambiental+saude_producao+transferencia_renda	br_ibama_autos, br_ms_cnes, br_mc_indicadores
0.000	3	0.00	5475	fiscalizacao_ambiental+trabalho_empresa+transferencia_renda	br_ibama_autos, br_me_cnpj, br_mc_indicadores
0.000	3	0.00	5419	compras_publicas+conectividade+credito_financeiro	br_cgu_emendas_parlamentares, br_anatel_banda_larga_fixa, br_bcb_sicor
0.000	3	0.00	5419	compras_publicas+conectividade+desmatamento_clima	br_cgu_emendas_parlamentares, br_anatel_banda_larga_fixa, br_inpe_sisam
0.000	3	0.00	5419	compras_publicas+conectividade+educacao	br_cgu_emendas_parlamentares, br_anatel_banda_larga_fixa, br_inep_saeb
0.000	3	0.00	5419	compras_publicas+conectividade+fiscal_municipal	br_cgu_emendas_parlamentares, br_anatel_banda_larga_fixa, br_rf_arrecadacao
0.000	3	0.00	5419	compras_publicas+conectividade+fiscalizacao_ambiental	br_cgu_emendas_parlamentares, br_anatel_banda_larga_fixa, br_ibama_autos
0.000	3	0.00	5419	compras_publicas+conectividade+mortalidade	br_cgu_emendas_parlamentares, br_anatel_banda_larga_fixa, br_ms_sim
0.000	3	0.00	5419	compras_publicas+conectividade+politica	br_cgu_emendas_parlamentares, br_anatel_banda_larga_fixa, br_tse_eleicoes
0.000	3	0.00	5419	compras_publicas+conectividade+trabalho_empresa	br_cgu_emendas_parlamentares, br_anatel_banda_larga_fixa, br_me_cnpj
0.000	3	0.00	5419	compras_publicas+credito_financeiro+educacao	br_cgu_emendas_parlamentares, br_bcb_sicor, br_inep_saeb
0.000	3	0.00	5419	compras_publicas+credito_financeiro+fiscal_municipal	br_cgu_emendas_parlamentares, br_bcb_sicor, br_rf_arrecadacao
0.000	3	0.00	5419	compras_publicas+credito_financeiro+trabalho_empresa	br_cgu_emendas_parlamentares, br_bcb_sicor, br_me_cnpj
0.000	3	0.00	5419	compras_publicas+credito_financeiro+transferencia_renda	br_cgu_emendas_parlamentares, br_bcb_sicor, br_mc_indicadores
0.000	3	0.00	5419	compras_publicas+demografia_censo+mortalidade	br_cgu_emendas_parlamentares, br_ibge_censo2022_raca, br_ms_sim
0.000	3	0.00	5419	compras_publicas+desmatamento_clima+mortalidade	br_cgu_emendas_parlamentares, br_inpe_sisam, br_ms_sim
0.000	3	0.00	5419	compras_publicas+desmatamento_clima+saneamento_agua	br_cgu_emendas_parlamentares, br_inpe_sisam, br_ana_outorgas
0.000	3	0.00	5419	compras_publicas+desmatamento_clima+trabalho_empresa	br_cgu_emendas_parlamentares, br_inpe_sisam, br_me_cnpj
0.000	3	0.00	5419	compras_publicas+educacao+mortalidade	br_cgu_emendas_parlamentares, br_inep_saeb, br_ms_sim
0.000	3	0.00	5419	compras_publicas+fiscal_municipal+mortalidade	br_cgu_emendas_parlamentares, br_rf_arrecadacao, br_ms_sim
0.000	3	0.00	5419	compras_publicas+fiscal_municipal+saneamento_agua	br_cgu_emendas_parlamentares, br_rf_arrecadacao, br_ana_outorgas
0.000	3	0.00	5419	compras_publicas+fiscalizacao_ambiental+politica	br_cgu_emendas_parlamentares, br_ibama_autos, br_tse_eleicoes
0.000	3	0.00	5419	compras_publicas+fiscalizacao_ambiental+trabalho_empresa	br_cgu_emendas_parlamentares, br_ibama_autos, br_me_cnpj
0.000	3	0.00	5419	compras_publicas+fiscalizacao_ambiental+transferencia_renda	br_cgu_emendas_parlamentares, br_ibama_autos, br_mc_indicadores
0.000	3	0.00	5419	compras_publicas+fundiario+trabalho_empresa	br_cgu_emendas_parlamentares, br_sfb_sicar, br_me_cnpj
0.000	3	0.00	5419	compras_publicas+mortalidade+politica	br_cgu_emendas_parlamentares, br_ms_sim, br_tse_eleicoes
0.000	3	0.00	5419	compras_publicas+mortalidade+saneamento_agua	br_cgu_emendas_parlamentares, br_ms_sim, br_ana_outorgas
0.000	3	0.00	5419	compras_publicas+mortalidade+trabalho_empresa	br_cgu_emendas_parlamentares, br_ms_sim, br_me_cnpj
0.000	3	0.00	5419	compras_publicas+mortalidade+transferencia_renda	br_cgu_emendas_parlamentares, br_ms_sim, br_mc_indicadores
0.000	3	0.00	5419	compras_publicas+saneamento_agua+trabalho_empresa	br_cgu_emendas_parlamentares, br_ana_outorgas, br_me_cnpj
0.000	3	0.00	4691	compras_publicas+demografia_censo+natalidade	br_cgu_emendas_parlamentares, br_ibge_censo2022_raca, br_ms_sinasc
0.000	3	0.00	4691	compras_publicas+mortalidade+natalidade	br_cgu_emendas_parlamentares, br_ms_sim, br_ms_sinasc
0.000	3	0.00	4691	demografia_censo+educacao+natalidade	br_ibge_censo2022_raca, br_inep_saeb, br_ms_sinasc
0.000	3	0.00	4691	demografia_censo+fiscal_municipal+natalidade	br_ibge_censo2022_raca, br_rf_arrecadacao, br_ms_sinasc
0.000	3	0.00	4691	demografia_censo+natalidade+politica	br_ibge_censo2022_raca, br_ms_sinasc, br_tse_eleicoes
0.000	3	0.00	4691	demografia_censo+natalidade+trabalho_empresa	br_ibge_censo2022_raca, br_ms_sinasc, br_me_cnpj
0.000	3	0.00	4691	demografia_censo+natalidade+vigilancia_sinan	br_ibge_censo2022_raca, br_ms_sinasc, br_ms_sinan_violencia
0.000	3	0.00	4691	educacao+mortalidade+natalidade	br_inep_saeb, br_ms_sim, br_ms_sinasc
0.000	3	0.00	4691	educacao+natalidade+vigilancia_sinan	br_inep_saeb, br_ms_sinasc, br_ms_sinan_violencia
0.000	3	0.00	4691	fiscal_municipal+mortalidade+natalidade	br_rf_arrecadacao, br_ms_sim, br_ms_sinasc
0.000	3	0.00	4691	mortalidade+natalidade+politica	br_ms_sim, br_ms_sinasc, br_tse_eleicoes
0.000	3	0.00	4691	mortalidade+natalidade+vigilancia_sinan	br_ms_sim, br_ms_sinasc, br_ms_sinan_violencia
0.000	3	0.00	4691	natalidade+trabalho_empresa+vigilancia_sinan	br_ms_sinasc, br_me_cnpj, br_ms_sinan_violencia
0.000	3	0.00	4691	natalidade+transferencia_renda+vigilancia_sinan	br_ms_sinasc, br_mc_indicadores, br_ms_sinan_violencia
0.000	3	0.00	3985	compras_publicas+conectividade+mineracao_energia	br_cgu_emendas_parlamentares, br_anatel_banda_larga_fixa, br_anm
0.000	3	0.00	3985	compras_publicas+mineracao_energia+mortalidade	br_cgu_emendas_parlamentares, br_anm, br_ms_sim
0.000	3	0.00	3985	conectividade+credito_financeiro+mineracao_energia	br_anatel_banda_larga_fixa, br_bcb_sicor, br_anm
0.000	3	0.00	3985	conectividade+demografia_censo+mineracao_energia	br_anatel_banda_larga_fixa, br_ibge_censo2022_raca, br_anm
0.000	3	0.00	3985	conectividade+educacao+mineracao_energia	br_anatel_banda_larga_fixa, br_inep_saeb, br_anm
0.000	3	0.00	3985	conectividade+fiscal_municipal+mineracao_energia	br_anatel_banda_larga_fixa, br_rf_arrecadacao, br_anm
0.000	3	0.00	3985	conectividade+fiscalizacao_ambiental+mineracao_energia	br_anatel_banda_larga_fixa, br_ibama_autos, br_anm
0.000	3	0.00	3985	conectividade+mineracao_energia+mortalidade	br_anatel_banda_larga_fixa, br_anm, br_ms_sim
0.000	3	0.00	3985	conectividade+mineracao_energia+politica	br_anatel_banda_larga_fixa, br_anm, br_tse_eleicoes
0.000	3	0.00	3985	conectividade+mineracao_energia+trabalho_empresa	br_anatel_banda_larga_fixa, br_anm, br_me_cnpj
0.000	3	0.00	3985	credito_financeiro+educacao+mineracao_energia	br_bcb_sicor, br_inep_saeb, br_anm
0.000	3	0.00	3985	credito_financeiro+fiscal_municipal+mineracao_energia	br_bcb_sicor, br_rf_arrecadacao, br_anm
0.000	3	0.00	3985	credito_financeiro+mineracao_energia+trabalho_empresa	br_bcb_sicor, br_anm, br_me_cnpj
0.000	3	0.00	3985	credito_financeiro+mineracao_energia+transferencia_renda	br_bcb_sicor, br_anm, br_mc_indicadores
0.000	3	0.00	3985	credito_financeiro+mineracao_energia+vigilancia_sinan	br_bcb_sicor, br_anm, br_ms_sinan_violencia
0.000	3	0.00	3985	demografia_censo+educacao+mineracao_energia	br_ibge_censo2022_raca, br_inep_saeb, br_anm
0.000	3	0.00	3985	demografia_censo+fiscal_municipal+mineracao_energia	br_ibge_censo2022_raca, br_rf_arrecadacao, br_anm
0.000	3	0.00	3985	demografia_censo+mineracao_energia+mobilidade	br_ibge_censo2022_raca, br_anm, br_mobilidados_indicadores
0.000	3	0.00	3985	demografia_censo+mineracao_energia+natalidade	br_ibge_censo2022_raca, br_anm, br_ms_sinasc
0.000	3	0.00	3985	demografia_censo+mineracao_energia+politica	br_ibge_censo2022_raca, br_anm, br_tse_eleicoes
0.000	3	0.00	3985	demografia_censo+mineracao_energia+vigilancia_sinan	br_ibge_censo2022_raca, br_anm, br_ms_sinan_violencia
0.000	3	0.00	3985	desmatamento_clima+mineracao_energia+mortalidade	br_inpe_sisam, br_anm, br_ms_sim
0.000	3	0.00	3985	desmatamento_clima+mineracao_energia+trabalho_empresa	br_inpe_sisam, br_anm, br_me_cnpj
0.000	3	0.00	3985	educacao+mineracao_energia+mortalidade	br_inep_saeb, br_anm, br_ms_sim
0.000	3	0.00	3985	educacao+mineracao_energia+vigilancia_sinan	br_inep_saeb, br_anm, br_ms_sinan_violencia
0.000	3	0.00	3985	fiscal_municipal+mineracao_energia+mortalidade	br_rf_arrecadacao, br_anm, br_ms_sim
0.000	3	0.00	3985	fiscalizacao_ambiental+mineracao_energia+politica	br_ibama_autos, br_anm, br_tse_eleicoes
0.000	3	0.00	3985	fiscalizacao_ambiental+mineracao_energia+trabalho_empresa	br_ibama_autos, br_anm, br_me_cnpj
0.000	3	0.00	3985	fiscalizacao_ambiental+mineracao_energia+transferencia_renda	br_ibama_autos, br_anm, br_mc_indicadores
0.000	3	0.00	3985	fundiario+mineracao_energia+trabalho_empresa	br_sfb_sicar, br_anm, br_me_cnpj
0.000	3	0.00	3985	mineracao_energia+mobilidade+mortalidade	br_anm, br_mobilidados_indicadores, br_ms_sim
0.000	3	0.00	3985	mineracao_energia+mortalidade+natalidade	br_anm, br_ms_sim, br_ms_sinasc
0.000	3	0.00	3985	mineracao_energia+mortalidade+politica	br_anm, br_ms_sim, br_tse_eleicoes
0.000	3	0.00	3985	mineracao_energia+mortalidade+saude_producao	br_anm, br_ms_sim, br_ms_cnes
0.000	3	0.00	3985	mineracao_energia+mortalidade+trabalho_empresa	br_anm, br_ms_sim, br_me_cnpj
0.000	3	0.00	3985	mineracao_energia+mortalidade+transferencia_renda	br_anm, br_ms_sim, br_mc_indicadores
0.000	3	0.00	3985	mineracao_energia+mortalidade+vigilancia_sinan	br_anm, br_ms_sim, br_ms_sinan_violencia
0.000	3	0.00	3985	mineracao_energia+natalidade+vigilancia_sinan	br_anm, br_ms_sinasc, br_ms_sinan_violencia
0.000	3	0.00	3985	mineracao_energia+saude_producao+vigilancia_sinan	br_anm, br_ms_cnes, br_ms_sinan_violencia
0.000	3	0.00	3985	mineracao_energia+trabalho_empresa+vigilancia_sinan	br_anm, br_me_cnpj, br_ms_sinan_violencia
0.000	3	0.00	3985	mineracao_energia+transferencia_renda+vigilancia_sinan	br_anm, br_mc_indicadores, br_ms_sinan_violencia
0.000	3	0.00	3314	compras_publicas+credito_financeiro+sancao_integridade	br_cgu_emendas_parlamentares, br_bcb_sicor, br_tcu_inidoneos
0.000	3	0.00	3314	compras_publicas+desmatamento_clima+sancao_integridade	br_cgu_emendas_parlamentares, br_inpe_sisam, br_tcu_inidoneos
0.000	3	0.00	3314	compras_publicas+fiscalizacao_ambiental+sancao_integridade	br_cgu_emendas_parlamentares, br_ibama_autos, br_tcu_inidoneos
0.000	3	0.00	3314	compras_publicas+mineracao_energia+sancao_integridade	br_cgu_emendas_parlamentares, br_anm, br_tcu_inidoneos
0.000	3	0.00	3314	credito_financeiro+demografia_censo+sancao_integridade	br_bcb_sicor, br_ibge_censo2022_raca, br_tcu_inidoneos
0.000	3	0.00	3314	credito_financeiro+desmatamento_clima+sancao_integridade	br_bcb_sicor, br_inpe_sisam, br_tcu_inidoneos
0.000	3	0.00	3314	credito_financeiro+educacao+sancao_integridade	br_bcb_sicor, br_inep_saeb, br_tcu_inidoneos
0.000	3	0.00	3314	credito_financeiro+fiscal_municipal+sancao_integridade	br_bcb_sicor, br_rf_arrecadacao, br_tcu_inidoneos
0.000	3	0.00	3314	credito_financeiro+fiscalizacao_ambiental+sancao_integridade	br_bcb_sicor, br_ibama_autos, br_tcu_inidoneos
0.000	3	0.00	3314	credito_financeiro+mineracao_energia+sancao_integridade	br_bcb_sicor, br_anm, br_tcu_inidoneos
0.000	3	0.00	3314	credito_financeiro+sancao_integridade+trabalho_empresa	br_bcb_sicor, br_tcu_inidoneos, br_me_cnpj
0.000	3	0.00	3314	credito_financeiro+sancao_integridade+transferencia_renda	br_bcb_sicor, br_tcu_inidoneos, br_mc_indicadores
0.000	3	0.00	3314	demografia_censo+desmatamento_clima+sancao_integridade	br_ibge_censo2022_raca, br_inpe_sisam, br_tcu_inidoneos
0.000	3	0.00	3314	demografia_censo+fiscal_municipal+sancao_integridade	br_ibge_censo2022_raca, br_rf_arrecadacao, br_tcu_inidoneos
0.000	3	0.00	3314	demografia_censo+fiscalizacao_ambiental+sancao_integridade	br_ibge_censo2022_raca, br_ibama_autos, br_tcu_inidoneos
0.000	3	0.00	3314	demografia_censo+mineracao_energia+sancao_integridade	br_ibge_censo2022_raca, br_anm, br_tcu_inidoneos
0.000	3	0.00	3314	demografia_censo+politica+sancao_integridade	br_ibge_censo2022_raca, br_tse_eleicoes, br_tcu_inidoneos
0.000	3	0.00	3314	desmatamento_clima+sancao_integridade+trabalho_empresa	br_inpe_sisam, br_tcu_inidoneos, br_me_cnpj
0.000	3	0.00	3314	educacao+fiscal_municipal+sancao_integridade	br_inep_saeb, br_rf_arrecadacao, br_tcu_inidoneos
0.000	3	0.00	3314	educacao+mineracao_energia+sancao_integridade	br_inep_saeb, br_anm, br_tcu_inidoneos
0.000	3	0.00	3314	educacao+politica+sancao_integridade	br_inep_saeb, br_tse_eleicoes, br_tcu_inidoneos
0.000	3	0.00	3314	fiscal_municipal+mineracao_energia+sancao_integridade	br_rf_arrecadacao, br_anm, br_tcu_inidoneos
0.000	3	0.00	3314	fiscal_municipal+politica+sancao_integridade	br_rf_arrecadacao, br_tse_eleicoes, br_tcu_inidoneos
0.000	3	0.00	3314	fiscal_municipal+sancao_integridade+transferencia_renda	br_rf_arrecadacao, br_tcu_inidoneos, br_mc_indicadores
0.000	3	0.00	3314	fiscalizacao_ambiental+politica+sancao_integridade	br_ibama_autos, br_tse_eleicoes, br_tcu_inidoneos
0.000	3	0.00	3314	fiscalizacao_ambiental+sancao_integridade+trabalho_empresa	br_ibama_autos, br_tcu_inidoneos, br_me_cnpj
0.000	3	0.00	3314	fiscalizacao_ambiental+sancao_integridade+transferencia_renda	br_ibama_autos, br_tcu_inidoneos, br_mc_indicadores
0.000	3	0.00	3314	mineracao_energia+politica+sancao_integridade	br_anm, br_tse_eleicoes, br_tcu_inidoneos
0.000	3	0.00	3314	mineracao_energia+sancao_integridade+trabalho_empresa	br_anm, br_tcu_inidoneos, br_me_cnpj
0.000	3	0.00	3314	mineracao_energia+sancao_integridade+transferencia_renda	br_anm, br_tcu_inidoneos, br_mc_indicadores
0.000	3	0.00	3314	politica+sancao_integridade+trabalho_empresa	br_tse_eleicoes, br_tcu_inidoneos, br_me_cnpj
0.000	3	0.00	3314	politica+sancao_integridade+transferencia_renda	br_tse_eleicoes, br_tcu_inidoneos, br_mc_indicadores
0.000	3	0.00	2696	agropecuaria+comercio_exterior+trabalho_empresa	br_ibge_ppm, br_me_comex_stat, br_me_cnpj
0.000	3	0.00	2696	comercio_exterior+demografia_censo+desmatamento_clima	br_me_comex_stat, br_ibge_censo2022_raca, br_inpe_sisam
0.000	3	0.00	2696	comercio_exterior+demografia_censo+fundiario	br_me_comex_stat, br_ibge_censo2022_raca, br_sfb_sicar
0.000	3	0.00	2696	comercio_exterior+demografia_censo+transferencia_renda	br_me_comex_stat, br_ibge_censo2022_raca, br_mc_indicadores
0.000	3	0.00	2696	comercio_exterior+desmatamento_clima+fundiario	br_me_comex_stat, br_inpe_sisam, br_sfb_sicar
0.000	3	0.00	2696	comercio_exterior+desmatamento_clima+trabalho_empresa	br_me_comex_stat, br_inpe_sisam, br_me_cnpj
