id_municipio,uf,nome,nome_regiao,plula22,pbolso22,plula26,pflavio26,pdir,margem22,margem26,d_lula,grupo
1200013,AC,Acrelândia,Norte,21.3,73.6,19.4,76.2,77.4,-52.3,-56.800000000000004,-1.9000000000000021,outro
1200054,AC,Assis Brasil,Norte,41.1,55.3,36.5,59.3,60.2,-14.199999999999996,-22.799999999999997,-4.600000000000001,outro
1200104,AC,Brasiléia,Norte,29.5,64.7,25.8,69.6,71.0,-35.2,-43.8,-3.6999999999999993,outro
1200138,AC,Bujari,Norte,29.3,62.0,28.8,66.6,67.5,-32.7,-37.8,-0.5,outro
1200179,AC,Capixaba,Norte,27.1,65.6,27.5,67.1,68.6,-38.49999999999999,-39.599999999999994,0.3999999999999986,outro
1200203,AC,Cruzeiro do Sul,Norte,23.8,68.5,24.9,68.9,70.8,-44.7,-44.00000000000001,1.0999999999999979,outro
1200252,AC,Epitaciolândia,Norte,26.8,67.2,23.5,72.1,73.4,-40.400000000000006,-48.599999999999994,-3.3000000000000007,outro
1200302,AC,Feijó,Norte,52.1,40.7,43.0,52.4,53.5,11.399999999999999,-9.399999999999999,-9.100000000000001,vira
1200328,AC,Jordão,Norte,55.1,37.7,49.9,45.0,45.5,17.4,4.899999999999999,-5.200000000000003,mantido
1200344,AC,Manoel Urbano,Norte,37.9,56.8,37.5,59.4,60.4,-18.9,-21.9,-0.3999999999999986,outro
1200351,AC,Marechal Thaumaturgo,Norte,40.2,51.4,37.1,59.1,59.7,-11.199999999999996,-22.0,-3.1000000000000014,outro
1200336,AC,Mâncio Lima,Norte,31.6,63.1,29.8,66.3,67.4,-31.5,-36.5,-1.8000000000000007,outro
1200385,AC,Plácido de Castro,Norte,26.0,66.1,25.8,68.8,70.1,-40.099999999999994,-43.0,-0.1999999999999993,outro
1200807,AC,Porto Acre,Norte,24.3,68.8,23.9,71.2,72.4,-44.5,-47.300000000000004,-0.40000000000000213,outro
1200393,AC,Porto Walter,Norte,48.3,38.9,51.0,44.2,44.9,9.399999999999999,6.799999999999997,2.700000000000003,mantido
1200401,AC,Rio Branco,Norte,26.3,64.0,27.3,63.8,66.3,-37.7,-36.5,1.0,outro
1200427,AC,Rodrigues Alves,Norte,20.7,73.9,23.7,72.0,72.9,-53.2,-48.3,3.0,outro
1200435,AC,Santa Rosa do Purus,Norte,53.9,40.8,50.5,45.9,46.6,13.100000000000001,4.600000000000001,-3.3999999999999986,mantido
1200500,AC,Sena Madureira,Norte,26.7,65.7,24.5,70.4,71.9,-39.0,-45.900000000000006,-2.1999999999999993,outro
1200450,AC,Senador Guiomard,Norte,25.6,66.4,24.3,69.5,70.9,-40.800000000000004,-45.2,-1.3000000000000007,outro
1200609,AC,Tarauacá,Norte,43.5,49.4,37.7,57.8,59.2,-5.899999999999999,-20.099999999999994,-5.799999999999997,outro
1200708,AC,Xapuri,Norte,40.3,54.9,34.3,61.8,63.1,-14.600000000000001,-27.5,-6.0,outro
2700201,AL,Anadia,Nordeste,72.5,20.9,69.1,27.5,28.3,51.6,41.599999999999994,-3.4000000000000057,mantido
2700300,AL,Arapiraca,Nordeste,50.8,41.4,48.7,45.6,47.4,9.399999999999999,3.1000000000000014,-2.0999999999999943,mantido
2700409,AL,Atalaia,Nordeste,61.5,31.4,59.3,36.7,38.0,30.1,22.599999999999994,-2.200000000000003,mantido
2700508,AL,Barra de Santo Antônio,Nordeste,57.7,36.6,52.9,42.5,43.7,21.1,10.399999999999999,-4.800000000000004,mantido
2700607,AL,Barra de São Miguel,Nordeste,46.4,46.9,44.7,50.5,51.8,-0.5,-5.799999999999997,-1.6999999999999957,outro
2700706,AL,Batalha,Nordeste,65.1,28.4,61.0,35.2,36.4,36.699999999999996,25.799999999999997,-4.099999999999994,mantido
2700904,AL,Belo Monte,Nordeste,71.6,22.6,67.6,28.5,29.4,48.99999999999999,39.099999999999994,-4.0,mantido
2700805,AL,Belém,Nordeste,70.0,22.6,69.5,26.6,27.6,47.4,42.9,-0.5,mantido
2701001,AL,Boca da Mata,Nordeste,57.6,36.0,55.5,41.1,42.2,21.6,14.399999999999999,-2.1000000000000014,mantido
2701100,AL,Branquinha,Nordeste,69.1,24.0,66.5,30.3,31.7,45.099999999999994,36.2,-2.5999999999999943,mantido
2701209,AL,Cacimbinhas,Nordeste,70.3,22.0,68.9,28.7,29.6,48.3,40.2,-1.3999999999999915,mantido
2701308,AL,Cajueiro,Nordeste,64.8,28.4,65.2,30.8,32.2,36.4,34.400000000000006,0.4000000000000057,mantido
2701357,AL,Campestre,Nordeste,66.4,26.6,66.0,30.1,31.1,39.800000000000004,35.9,-0.4000000000000057,mantido
2701407,AL,Campo Alegre,Nordeste,65.5,29.2,61.9,34.3,35.7,36.3,27.6,-3.6000000000000014,mantido
2701506,AL,Campo Grande,Nordeste,77.4,17.3,69.9,26.0,27.2,60.10000000000001,43.900000000000006,-7.5,mantido
2701605,AL,Canapi,Nordeste,80.7,13.3,77.1,19.8,20.5,67.4,57.3,-3.6000000000000085,mantido
2701704,AL,Capela,Nordeste,57.8,35.8,57.6,38.5,40.0,22.0,19.1,-0.19999999999999574,mantido
2701803,AL,Carneiros,Nordeste,78.3,14.4,75.8,20.5,22.1,63.9,55.3,-2.5,mantido
2701902,AL,Chã Preta,Nordeste,73.0,20.8,68.0,28.0,29.3,52.2,40.0,-5.0,mantido
2702009,AL,Coité do Nóia,Nordeste,76.3,16.8,70.9,24.4,26.0,59.5,46.50000000000001,-5.3999999999999915,mantido
2702108,AL,Colônia Leopoldina,Nordeste,53.6,40.7,50.0,46.8,47.9,12.899999999999999,3.200000000000003,-3.6000000000000014,mantido
2702207,AL,Coqueiro Seco,Nordeste,59.8,32.8,52.9,41.4,42.9,27.0,11.5,-6.899999999999999,mantido
2702306,AL,Coruripe,Nordeste,45.7,47.3,45.7,50.0,51.2,-1.5999999999999943,-4.299999999999997,0.0,outro
2702355,AL,Craíbas,Nordeste,75.9,17.8,70.5,25.4,26.5,58.10000000000001,45.1,-5.400000000000006,mantido
2702405,AL,Delmiro Gouveia,Nordeste,79.2,15.7,77.3,18.9,20.6,63.5,58.4,-1.9000000000000057,mantido
2702504,AL,Dois Riachos,Nordeste,73.0,21.4,68.8,28.5,29.5,51.6,40.3,-4.200000000000003,mantido
2702553,AL,Estrela de Alagoas,Nordeste,79.8,13.7,78.5,18.5,19.4,66.1,60.0,-1.2999999999999972,mantido
2702603,AL,Feira Grande,Nordeste,73.8,19.8,71.2,24.7,25.9,54.0,46.5,-2.5999999999999943,mantido
2702702,AL,Feliz Deserto,Nordeste,66.7,29.0,59.8,37.2,38.2,37.7,22.599999999999994,-6.900000000000006,mantido
2702801,AL,Flexeiras,Nordeste,49.2,44.0,47.8,48.6,49.8,5.200000000000003,-0.8000000000000043,-1.4000000000000057,vira
2702900,AL,Girau do Ponciano,Nordeste,78.5,15.9,75.7,21.1,22.2,62.6,54.6,-2.799999999999997,mantido
2703007,AL,Ibateguara,Nordeste,60.4,32.7,58.5,38.1,39.3,27.699999999999996,20.4,-1.8999999999999986,mantido
2703106,AL,Igaci,Nordeste,77.3,16.9,73.7,22.1,23.3,60.4,51.6,-3.5999999999999943,mantido
2703205,AL,Igreja Nova,Nordeste,73.1,21.0,69.3,27.3,28.3,52.099999999999994,42.0,-3.799999999999997,mantido
2703304,AL,Inhapi,Nordeste,80.8,13.4,79.9,17.1,17.9,67.39999999999999,62.800000000000004,-0.8999999999999915,mantido
2703403,AL,Jacaré dos Homens,Nordeste,77.9,16.8,76.8,20.3,21.2,61.10000000000001,56.5,-1.1000000000000085,mantido
2703502,AL,Jacuípe,Nordeste,68.5,26.1,66.1,30.5,31.5,42.4,35.599999999999994,-2.4000000000000057,mantido
2703601,AL,Japaratinga,Nordeste,44.5,50.5,43.2,53.6,54.5,-6.0,-10.399999999999999,-1.2999999999999972,outro
2703700,AL,Jaramataia,Nordeste,75.6,18.7,72.9,24.5,25.0,56.89999999999999,48.400000000000006,-2.6999999999999886,mantido
2703759,AL,Jequiá da Praia,Nordeste,50.0,43.6,48.9,46.7,47.8,6.399999999999999,2.1999999999999957,-1.1000000000000014,mantido
2703809,AL,Joaquim Gomes,Nordeste,68.4,26.0,66.3,30.8,31.7,42.400000000000006,35.5,-2.1000000000000085,mantido
2703908,AL,Jundiá,Nordeste,60.1,32.8,56.9,39.3,40.3,27.300000000000004,17.6,-3.200000000000003,mantido
2704005,AL,Junqueiro,Nordeste,63.7,29.4,56.4,38.4,39.7,34.300000000000004,18.0,-7.300000000000004,mantido
2704104,AL,Lagoa da Canoa,Nordeste,70.4,23.8,65.2,31.4,32.6,46.60000000000001,33.800000000000004,-5.200000000000003,mantido
2704203,AL,Limoeiro de Anadia,Nordeste,74.2,20.8,69.1,28.1,29.0,53.400000000000006,40.99999999999999,-5.1000000000000085,mantido
2704302,AL,Maceió,Nordeste,40.4,49.6,41.1,52.4,54.6,-9.200000000000003,-11.299999999999997,0.7000000000000028,outro
2704401,AL,Major Isidoro,Nordeste,66.4,27.6,62.0,35.3,36.0,38.800000000000004,26.700000000000003,-4.400000000000006,mantido
2704906,AL,Mar Vermelho,Nordeste,69.2,23.5,67.4,28.3,29.5,45.7,39.10000000000001,-1.7999999999999972,mantido
2704500,AL,Maragogi,Nordeste,41.6,53.0,39.1,57.3,58.5,-11.399999999999999,-18.199999999999996,-2.5,outro
2704609,AL,Maravilha,Nordeste,75.8,17.8,71.6,23.9,25.1,58.0,47.699999999999996,-4.200000000000003,mantido
2704708,AL,Marechal Deodoro,Nordeste,43.4,48.5,42.0,52.6,54.3,-5.100000000000001,-10.600000000000001,-1.3999999999999986,outro
2704807,AL,Maribondo,Nordeste,64.0,30.3,60.3,36.0,37.4,33.7,24.299999999999997,-3.700000000000003,mantido
2705002,AL,Mata Grande,Nordeste,79.9,15.4,79.2,18.4,19.2,64.5,60.800000000000004,-0.7000000000000028,mantido
2705101,AL,Matriz de Camaragibe,Nordeste,42.5,51.8,41.8,54.9,56.3,-9.299999999999997,-13.100000000000001,-0.7000000000000028,outro
2705200,AL,Messias,Nordeste,57.7,36.7,55.8,40.5,41.8,21.0,15.299999999999997,-1.9000000000000057,mantido
2705309,AL,Minador do Negrão,Nordeste,70.2,22.4,65.1,30.6,31.7,47.800000000000004,34.49999999999999,-5.1000000000000085,mantido
2705408,AL,Monteirópolis,Nordeste,72.2,18.8,71.1,24.3,25.4,53.400000000000006,46.8,-1.1000000000000085,mantido
2705507,AL,Murici,Nordeste,60.9,32.2,59.4,37.2,38.5,28.699999999999996,22.199999999999996,-1.5,mantido
2705606,AL,Novo Lino,Nordeste,49.4,44.2,47.0,49.5,50.7,5.199999999999996,-2.5,-2.3999999999999986,vira
2705903,AL,Olho d'Água Grande,Nordeste,78.1,16.2,72.7,23.9,24.9,61.89999999999999,48.800000000000004,-5.3999999999999915,mantido
2705705,AL,Olho d'Água das Flores,Nordeste,62.2,31.5,58.0,38.0,39.2,30.700000000000003,20.0,-4.200000000000003,mantido
2705804,AL,Olho d'Água do Casado,Nordeste,85.0,9.8,82.4,14.2,15.6,75.2,68.2,-2.5999999999999943,mantido
2706000,AL,Olivença,Nordeste,71.3,22.1,65.8,30.0,31.4,49.199999999999996,35.8,-5.5,mantido
2706109,AL,Ouro Branco,Nordeste,75.9,18.0,70.7,24.2,25.3,57.900000000000006,46.5,-5.200000000000003,mantido
2706208,AL,Palestina,Nordeste,73.9,18.2,74.9,20.9,21.5,55.7,54.00000000000001,1.0,mantido
2706307,AL,Palmeira dos Índios,Nordeste,62.3,31.2,59.4,35.8,37.5,31.099999999999998,23.6,-2.8999999999999986,mantido
2706422,AL,Pariconha,Nordeste,87.0,7.6,88.1,9.2,10.3,79.4,78.89999999999999,1.0999999999999943,mantido
2706448,AL,Paripueira,Nordeste,46.8,46.1,42.7,52.0,53.7,0.6999999999999957,-9.299999999999997,-4.099999999999994,vira
2706505,AL,Passo de Camaragibe,Nordeste,58.5,36.5,53.6,43.4,44.1,22.0,10.200000000000003,-4.899999999999999,mantido
2706604,AL,Paulo Jacinto,Nordeste,68.6,24.3,66.4,29.0,30.2,44.3,37.400000000000006,-2.1999999999999886,mantido
2706703,AL,Penedo,Nordeste,61.5,32.1,57.9,36.9,38.5,29.4,21.0,-3.6000000000000014,mantido
2706802,AL,Piaçabuçu,Nordeste,66.2,28.3,62.2,34.0,35.0,37.900000000000006,28.200000000000003,-4.0,mantido
2706901,AL,Pilar,Nordeste,53.6,38.6,50.8,44.8,46.2,15.0,6.0,-2.8000000000000043,mantido
2707008,AL,Pindoba,Nordeste,66.7,28.7,61.2,36.3,37.0,38.0,24.900000000000006,-5.5,mantido
2707107,AL,Piranhas,Nordeste,81.3,13.4,78.8,17.7,19.0,67.89999999999999,61.099999999999994,-2.5,mantido
2707305,AL,Porto Calvo,Nordeste,45.3,48.4,43.0,53.7,54.5,-3.1000000000000014,-10.700000000000003,-2.299999999999997,outro
2707503,AL,Porto Real do Colégio,Nordeste,76.5,18.3,72.0,24.4,25.5,58.2,47.6,-4.5,mantido
2707404,AL,Porto de Pedras,Nordeste,52.8,41.7,46.0,50.6,51.6,11.099999999999994,-4.600000000000001,-6.799999999999997,vira
2707206,AL,Poço das Trincheiras,Nordeste,81.8,11.5,77.6,18.0,19.0,70.3,59.599999999999994,-4.200000000000003,mantido
2706406,AL,Pão de Açúcar,Nordeste,73.3,20.6,71.8,24.4,25.6,52.699999999999996,47.4,-1.5,mantido
2707602,AL,Quebrangulo,Nordeste,71.7,22.8,68.2,28.8,29.9,48.900000000000006,39.400000000000006,-3.5,mantido
2707701,AL,Rio Largo,Nordeste,50.7,41.7,48.4,46.3,48.1,9.0,2.1000000000000014,-2.3000000000000043,mantido
2707800,AL,Roteiro,Nordeste,58.9,34.2,58.4,38.3,39.4,24.699999999999996,20.1,-0.5,mantido
2707909,AL,Santa Luzia do Norte,Nordeste,62.4,31.8,57.3,38.0,39.2,30.599999999999998,19.299999999999997,-5.100000000000001,mantido
2708006,AL,Santana do Ipanema,Nordeste,71.4,22.3,66.0,29.0,30.7,49.10000000000001,37.0,-5.400000000000006,mantido
2708105,AL,Santana do Mundaú,Nordeste,73.5,20.3,70.1,25.9,27.1,53.2,44.199999999999996,-3.4000000000000057,mantido
2708907,AL,Satuba,Nordeste,47.2,45.1,43.4,51.3,53.2,2.1000000000000014,-7.899999999999999,-3.8000000000000043,vira
2708956,AL,Senador Rui Palmeira,Nordeste,79.5,13.3,75.9,20.3,21.4,66.2,55.60000000000001,-3.5999999999999943,mantido
2708204,AL,São Brás,Nordeste,71.8,24.1,70.1,26.5,27.5,47.699999999999996,43.599999999999994,-1.7000000000000028,mantido
2708303,AL,São José da Laje,Nordeste,58.8,34.9,57.3,38.5,39.8,23.9,18.799999999999997,-1.5,mantido
2708402,AL,São José da Tapera,Nordeste,76.1,15.8,72.5,22.8,24.0,60.3,49.7,-3.5999999999999943,mantido
2708501,AL,São Luís do Quitunde,Nordeste,52.8,41.9,47.5,49.3,50.4,10.899999999999999,-1.7999999999999972,-5.299999999999997,vira
2708600,AL,São Miguel dos Campos,Nordeste,48.9,44.0,46.9,48.2,49.8,4.899999999999999,-1.3000000000000043,-2.0,vira
2708709,AL,São Miguel dos Milagres,Nordeste,49.8,44.1,44.2,52.2,53.3,5.699999999999996,-8.0,-5.599999999999994,vira
2708808,AL,São Sebastião,Nordeste,73.8,20.7,67.6,28.2,29.7,53.099999999999994,39.39999999999999,-6.200000000000003,mantido
2709004,AL,Tanque d'Arca,Nordeste,79.3,15.4,73.5,23.3,24.1,63.9,50.2,-5.799999999999997,mantido
2709103,AL,Taquarana,Nordeste,74.6,19.4,72.0,25.1,26.1,55.199999999999996,46.9,-2.5999999999999943,mantido
2709152,AL,Teotônio Vilela,Nordeste,61.7,31.8,57.9,37.1,38.7,29.900000000000002,20.799999999999997,-3.8000000000000043,mantido
2709202,AL,Traipu,Nordeste,76.3,16.9,74.2,22.4,23.6,59.4,51.800000000000004,-2.0999999999999943,mantido
2709301,AL,União dos Palmares,Nordeste,60.5,33.3,59.3,36.7,38.2,27.200000000000003,22.599999999999994,-1.2000000000000028,mantido
2709400,AL,Viçosa,Nordeste,62.8,30.9,60.4,35.4,36.7,31.9,25.0,-2.3999999999999986,mantido
2700102,AL,Água Branca,Nordeste,86.2,8.3,86.2,11.1,12.2,77.9,75.10000000000001,0.0,mantido
1300029,AM,Alvarães,Norte,70.8,23.5,67.4,27.7,28.9,47.3,39.7,-3.3999999999999915,mantido
1300060,AM,Amaturá,Norte,73.0,21.7,75.7,21.6,22.1,51.3,54.1,2.700000000000003,mantido
1300086,AM,Anamã,Norte,61.7,32.1,63.4,32.4,33.1,29.6,31.0,1.6999999999999957,mantido
1300102,AM,Anori,Norte,56.5,37.9,54.0,40.8,42.2,18.6,13.200000000000003,-2.5,mantido
1300144,AM,Apuí,Norte,37.0,58.9,24.6,71.0,71.9,-21.9,-46.4,-12.399999999999999,outro
1300201,AM,Atalaia do Norte,Norte,77.9,17.3,71.2,25.4,26.2,60.60000000000001,45.800000000000004,-6.700000000000003,mantido
1300300,AM,Autazes,Norte,63.4,32.1,56.7,38.5,39.7,31.299999999999997,18.200000000000003,-6.699999999999996,mantido
1300409,AM,Barcelos,Norte,63.3,31.1,53.9,40.7,41.9,32.199999999999996,13.199999999999996,-9.399999999999999,mantido
1300508,AM,Barreirinha,Norte,89.2,7.3,87.7,8.9,9.6,81.9,78.8,-1.5,mantido
1300607,AM,Benjamin Constant,Norte,82.0,14.2,77.7,18.9,19.8,67.8,58.800000000000004,-4.299999999999997,mantido
1300631,AM,Beruri,Norte,62.6,33.4,60.6,35.9,36.9,29.200000000000003,24.700000000000003,-2.0,mantido
1300680,AM,Boa Vista do Ramos,Norte,86.4,10.3,83.8,12.8,13.8,76.10000000000001,71.0,-2.6000000000000085,mantido
1300706,AM,Boca do Acre,Norte,46.0,48.6,38.3,57.5,58.5,-2.6000000000000014,-19.200000000000003,-7.700000000000003,outro
1300805,AM,Borba,Norte,76.4,19.9,71.6,24.5,25.4,56.50000000000001,47.099999999999994,-4.800000000000011,mantido
1300839,AM,Caapiranga,Norte,65.1,30.2,62.1,33.5,34.3,34.89999999999999,28.6,-2.999999999999993,mantido
1300904,AM,Canutama,Norte,56.2,38.9,47.3,47.3,48.2,17.300000000000004,0.0,-8.900000000000006,outro
1301001,AM,Carauari,Norte,74.0,19.5,67.0,27.2,28.6,54.5,39.8,-7.0,mantido
1301100,AM,Careiro,Norte,61.3,32.1,57.7,36.2,37.6,29.199999999999996,21.5,-3.5999999999999943,mantido
1301159,AM,Careiro da Várzea,Norte,60.3,33.0,58.1,37.1,37.8,27.299999999999997,21.0,-2.1999999999999957,mantido
1301209,AM,Coari,Norte,58.3,36.3,58.5,37.5,38.6,22.0,21.0,0.20000000000000284,mantido
1301308,AM,Codajás,Norte,59.1,37.1,57.1,38.7,39.8,22.0,18.4,-2.0,mantido
1301407,AM,Eirunepé,Norte,71.1,23.1,58.0,35.7,36.5,47.99999999999999,22.299999999999997,-13.099999999999994,mantido
1301506,AM,Envira,Norte,69.3,22.9,58.0,32.8,34.1,46.4,25.200000000000003,-11.299999999999997,mantido
1301605,AM,Fonte Boa,Norte,74.3,21.4,72.7,23.9,24.6,52.9,48.800000000000004,-1.5999999999999943,mantido
1301654,AM,Guajará,Norte,40.4,53.5,34.3,61.7,62.4,-13.100000000000001,-27.400000000000006,-6.100000000000001,outro
1301704,AM,Humaitá,Norte,52.6,41.1,39.5,54.9,56.3,11.5,-15.399999999999999,-13.100000000000001,vira
1301803,AM,Ipixuna,Norte,64.3,27.7,55.1,40.6,41.2,36.599999999999994,14.5,-9.199999999999996,mantido
1301852,AM,Iranduba,Norte,54.3,39.2,50.8,43.2,44.7,15.099999999999994,7.599999999999994,-3.5,mantido
1301902,AM,Itacoatiara,Norte,62.0,31.5,59.0,35.3,36.7,30.5,23.700000000000003,-3.0,mantido
1301951,AM,Itamarati,Norte,72.8,22.7,60.9,34.7,35.5,50.099999999999994,26.199999999999996,-11.899999999999999,mantido
1302009,AM,Itapiranga,Norte,57.8,38.5,53.1,42.2,43.6,19.299999999999997,10.899999999999999,-4.699999999999996,mantido
1302108,AM,Japurá,Norte,56.4,34.7,46.2,48.3,48.9,21.699999999999996,-2.0999999999999943,-10.199999999999996,vira
1302207,AM,Juruá,Norte,58.7,33.2,54.0,40.7,41.5,25.5,13.299999999999997,-4.700000000000003,mantido
1302306,AM,Jutaí,Norte,70.0,22.5,57.2,39.2,39.9,47.5,18.0,-12.799999999999997,mantido
1302405,AM,Lábrea,Norte,63.8,30.8,56.6,38.6,39.5,33.0,18.0,-7.199999999999996,mantido
1302504,AM,Manacapuru,Norte,54.1,40.7,51.4,43.6,44.9,13.399999999999999,7.799999999999997,-2.700000000000003,mantido
1302553,AM,Manaquiri,Norte,67.1,28.2,64.1,31.3,32.0,38.89999999999999,32.8,-3.0,mantido
1302603,AM,Manaus,Norte,37.0,53.6,37.1,54.3,56.6,-16.6,-17.199999999999996,0.10000000000000142,outro
1302702,AM,Manicoré,Norte,63.9,30.9,57.8,38.1,39.1,33.0,19.699999999999996,-6.100000000000001,mantido
1302801,AM,Maraã,Norte,70.1,25.7,63.6,33.2,33.8,44.39999999999999,30.4,-6.499999999999993,mantido
1302900,AM,Maués,Norte,83.0,13.8,80.1,16.5,17.6,69.2,63.599999999999994,-2.9000000000000057,mantido
1303007,AM,Nhamundá,Norte,83.9,13.1,80.9,16.2,16.9,70.80000000000001,64.7,-3.0,mantido
1303106,AM,Nova Olinda do Norte,Norte,76.9,18.0,67.3,25.5,26.7,58.900000000000006,41.8,-9.600000000000009,mantido
1303205,AM,Novo Airão,Norte,51.7,42.2,47.5,46.1,47.6,9.5,1.3999999999999986,-4.200000000000003,mantido
1303304,AM,Novo Aripuanã,Norte,73.8,21.9,66.0,30.3,31.0,51.9,35.7,-7.799999999999997,mantido
1303403,AM,Parintins,Norte,79.5,14.6,78.7,17.0,18.5,64.9,61.7,-0.7999999999999972,mantido
1303502,AM,Pauini,Norte,68.7,27.0,56.2,39.9,40.6,41.7,16.300000000000004,-12.5,mantido
1303536,AM,Presidente Figueiredo,Norte,51.6,41.5,46.7,46.4,48.1,10.100000000000001,0.30000000000000426,-4.899999999999999,mantido
1303569,AM,Rio Preto da Eva,Norte,51.9,41.5,48.7,45.5,46.9,10.399999999999999,3.200000000000003,-3.1999999999999957,mantido
1303601,AM,Santa Isabel do Rio Negro,Norte,71.0,23.3,68.7,27.3,28.1,47.7,41.400000000000006,-2.299999999999997,mantido
1303700,AM,Santo Antônio do Içá,Norte,71.5,24.3,69.3,27.1,27.9,47.2,42.199999999999996,-2.200000000000003,mantido
1304005,AM,Silves,Norte,79.9,16.2,75.7,20.0,21.0,63.7,55.7,-4.200000000000003,mantido
1303809,AM,São Gabriel da Cachoeira,Norte,79.1,17.5,77.6,19.5,20.6,61.599999999999994,58.099999999999994,-1.5,mantido
1303908,AM,São Paulo de Olivença,Norte,81.4,13.9,79.0,17.4,18.0,67.5,61.6,-2.4000000000000057,mantido
1303957,AM,São Sebastião do Uatumã,Norte,51.4,42.1,50.6,44.4,45.5,9.299999999999997,6.200000000000003,-0.7999999999999972,mantido
1304062,AM,Tabatinga,Norte,64.9,29.0,63.2,32.7,33.9,35.900000000000006,30.5,-1.7000000000000028,mantido
1304104,AM,Tapauá,Norte,50.0,44.3,45.8,49.8,50.7,5.700000000000003,-4.0,-4.200000000000003,vira
1304203,AM,Tefé,Norte,62.6,32.8,58.8,37.0,38.0,29.800000000000004,21.799999999999997,-3.8000000000000043,mantido
1304237,AM,Tonantins,Norte,80.2,15.6,77.3,20.0,20.6,64.60000000000001,57.3,-2.9000000000000057,mantido
1304260,AM,Uarini,Norte,65.8,28.2,62.5,33.8,34.3,37.599999999999994,28.700000000000003,-3.299999999999997,mantido
1304302,AM,Urucará,Norte,75.8,20.0,71.7,25.2,25.9,55.8,46.5,-4.099999999999994,mantido
1304401,AM,Urucurituba,Norte,78.6,18.8,73.2,23.5,24.5,59.8,49.7,-5.3999999999999915,mantido
1600105,AP,Amapá,Norte,59.1,33.0,55.3,37.2,39.1,26.1,18.099999999999994,-3.8000000000000043,mantido
1600204,AP,Calçoene,Norte,58.0,34.5,50.6,41.2,43.2,23.5,9.399999999999999,-7.399999999999999,mantido
1600212,AP,Cutias,Norte,56.7,36.1,51.9,41.7,42.8,20.6,10.199999999999996,-4.800000000000004,mantido
1600238,AP,Ferreira Gomes,Norte,50.6,40.8,45.6,47.2,49.3,9.800000000000004,-1.6000000000000014,-5.0,vira
1600253,AP,Itaubal,Norte,51.5,40.4,50.4,43.0,44.2,11.100000000000001,7.399999999999999,-1.1000000000000014,mantido
1600279,AP,Laranjal do Jari,Norte,58.9,34.7,52.3,40.8,43.2,24.199999999999996,11.5,-6.600000000000001,mantido
1600303,AP,Macapá,Norte,40.9,46.0,43.3,47.2,50.0,-5.100000000000001,-3.9000000000000057,2.3999999999999986,outro
1600402,AP,Mazagão,Norte,60.9,30.6,59.5,34.3,36.0,30.299999999999997,25.200000000000003,-1.3999999999999986,mantido
1600501,AP,Oiapoque,Norte,63.1,30.9,57.8,36.1,38.0,32.2,21.699999999999996,-5.300000000000004,mantido
1600154,AP,Pedra Branca do Amapari,Norte,54.5,39.9,50.2,43.5,44.9,14.600000000000001,6.700000000000003,-4.299999999999997,mantido
1600535,AP,Porto Grande,Norte,53.4,39.3,48.0,44.1,46.6,14.100000000000001,3.8999999999999986,-5.399999999999999,mantido
1600550,AP,Pracuúba,Norte,54.6,40.5,49.4,45.0,46.1,14.100000000000001,4.399999999999999,-5.200000000000003,mantido
1600600,AP,Santana,Norte,42.3,47.8,41.0,50.1,53.0,-5.5,-9.100000000000001,-1.2999999999999972,outro
1600055,AP,Serra do Navio,Norte,39.5,54.5,35.5,57.0,59.0,-15.0,-21.5,-4.0,outro
1600709,AP,Tartarugalzinho,Norte,56.5,37.5,52.3,42.3,44.1,19.0,10.0,-4.200000000000003,mantido
1600808,AP,Vitória do Jari,Norte,66.4,28.7,61.0,33.8,35.6,37.7,27.200000000000003,-5.400000000000006,mantido
2900207,BA,Abaré,Nordeste,76.3,20.2,72.7,25.0,25.5,56.099999999999994,47.7,-3.5999999999999943,mantido
2900108,BA,Abaíra,Nordeste,64.7,28.3,61.5,33.4,35.1,36.400000000000006,28.1,-3.200000000000003,mantido
2900306,BA,Acajutiba,Nordeste,77.3,17.6,72.0,23.5,25.0,59.699999999999996,48.5,-5.299999999999997,mantido
2900355,BA,Adustina,Nordeste,80.1,14.5,75.2,20.5,21.6,65.6,54.7,-4.8999999999999915,mantido
2900603,BA,Aiquara,Nordeste,73.9,21.4,73.4,23.9,24.4,52.50000000000001,49.50000000000001,-0.5,mantido
2900702,BA,Alagoinhas,Nordeste,66.5,26.0,65.8,27.9,29.7,40.5,37.9,-0.7000000000000028,mantido
2900801,BA,Alcobaça,Nordeste,69.2,26.4,66.9,29.7,30.8,42.800000000000004,37.2,-2.299999999999997,mantido
2900900,BA,Almadina,Nordeste,78.5,17.6,78.8,19.3,19.8,60.9,59.5,0.29999999999999716,mantido
2901007,BA,Amargosa,Nordeste,66.7,28.8,60.5,35.3,36.6,37.900000000000006,25.200000000000003,-6.200000000000003,mantido
2901106,BA,Amélia Rodrigues,Nordeste,77.5,16.5,75.5,19.3,20.7,61.0,56.2,-2.0,mantido
2901155,BA,América Dourada,Nordeste,82.6,13.8,77.5,19.2,20.0,68.8,58.3,-5.099999999999994,mantido
2901205,BA,Anagé,Nordeste,75.1,18.6,75.1,20.9,22.0,56.49999999999999,54.199999999999996,0.0,mantido
2901304,BA,Andaraí,Nordeste,84.8,12.3,80.2,16.8,17.6,72.5,63.400000000000006,-4.599999999999994,mantido
2901353,BA,Andorinha,Nordeste,88.9,8.5,85.0,11.8,12.7,80.4,73.2,-3.9000000000000057,mantido
2901403,BA,Angical,Nordeste,76.6,19.7,69.9,26.1,27.1,56.89999999999999,43.800000000000004,-6.699999999999989,mantido
2901502,BA,Anguera,Nordeste,82.2,14.4,77.0,19.3,20.0,67.8,57.7,-5.200000000000003,mantido
2901601,BA,Antas,Nordeste,70.1,24.1,64.4,31.8,32.9,45.99999999999999,32.60000000000001,-5.699999999999989,mantido
2901700,BA,Antônio Cardoso,Nordeste,88.3,8.6,82.1,14.8,15.2,79.7,67.3,-6.200000000000003,mantido
2901809,BA,Antônio Gonçalves,Nordeste,75.3,20.9,73.6,23.1,24.1,54.4,50.49999999999999,-1.7000000000000028,mantido
2901908,BA,Aporá,Nordeste,76.7,17.2,70.5,25.5,26.5,59.5,45.0,-6.200000000000003,mantido
2901957,BA,Apuarema,Nordeste,70.3,25.3,64.8,30.7,31.5,45.0,34.099999999999994,-5.5,mantido
2902005,BA,Aracatu,Nordeste,78.1,18.2,73.5,22.8,23.6,59.89999999999999,50.7,-4.599999999999994,mantido
2902104,BA,Araci,Nordeste,82.1,12.9,80.3,16.0,16.9,69.19999999999999,64.3,-1.7999999999999972,mantido
2902203,BA,Aramari,Nordeste,82.9,11.9,82.8,14.1,14.8,71.0,68.7,-0.10000000000000853,mantido
2902252,BA,Arataca,Nordeste,69.1,25.7,67.4,29.4,30.4,43.39999999999999,38.00000000000001,-1.6999999999999886,mantido
2902302,BA,Aratuípe,Nordeste,79.6,15.6,74.8,21.0,21.8,63.99999999999999,53.8,-4.799999999999997,mantido
2902054,BA,Araças,Nordeste,79.6,15.9,80.9,15.8,16.9,63.699999999999996,65.10000000000001,1.3000000000000114,mantido
2902401,BA,Aurelino Leal,Nordeste,72.0,22.9,67.1,28.1,29.0,49.1,38.99999999999999,-4.900000000000006,mantido
2902500,BA,Baianópolis,Nordeste,73.3,22.3,61.6,34.1,34.8,51.0,27.5,-11.699999999999996,mantido
2902609,BA,Baixa Grande,Nordeste,69.0,25.3,70.5,26.2,27.2,43.7,44.3,1.5,mantido
2902658,BA,Banzaê,Nordeste,76.7,17.8,74.2,21.8,22.8,58.900000000000006,52.400000000000006,-2.5,mantido
2902708,BA,Barra,Nordeste,80.8,15.2,78.3,18.7,19.5,65.6,59.599999999999994,-2.5,mantido
2902807,BA,Barra da Estiva,Nordeste,74.3,21.2,62.2,32.9,34.4,53.099999999999994,29.300000000000004,-12.099999999999994,mantido
2902906,BA,Barra do Choça,Nordeste,76.9,17.5,70.8,24.1,25.4,59.400000000000006,46.699999999999996,-6.1000000000000085,mantido
2903003,BA,Barra do Mendes,Nordeste,87.5,8.6,83.9,12.0,13.0,78.9,71.9,-3.5999999999999943,mantido
2903102,BA,Barra do Rocha,Nordeste,64.1,29.0,63.8,31.5,32.6,35.099999999999994,32.3,-0.29999999999999716,mantido
2903201,BA,Barreiras,Nordeste,58.1,36.6,50.7,43.6,45.4,21.5,7.100000000000001,-7.399999999999999,mantido
2903235,BA,Barro Alto,Nordeste,79.0,15.2,72.4,21.7,22.9,63.8,50.7,-6.599999999999994,mantido
2903300,BA,Barro Preto,Nordeste,71.2,22.3,69.7,26.0,27.0,48.900000000000006,43.7,-1.5,mantido
2903276,BA,Barrocas,Nordeste,83.3,12.5,76.4,18.9,20.3,70.8,57.50000000000001,-6.8999999999999915,mantido
2903409,BA,Belmonte,Nordeste,68.1,27.4,66.2,29.7,31.0,40.699999999999996,36.5,-1.8999999999999915,mantido
2903508,BA,Belo Campo,Nordeste,74.3,21.0,70.1,25.6,27.1,53.3,44.49999999999999,-4.200000000000003,mantido
2903607,BA,Biritinga,Nordeste,84.9,11.0,82.9,13.8,14.6,73.9,69.10000000000001,-2.0,mantido
2903706,BA,Boa Nova,Nordeste,83.3,11.7,79.6,16.0,17.5,71.6,63.599999999999994,-3.700000000000003,mantido
2903805,BA,Boa Vista do Tupim,Nordeste,72.0,23.2,65.8,30.5,31.2,48.8,35.3,-6.200000000000003,mantido
2903904,BA,Bom Jesus da Lapa,Nordeste,76.2,19.7,73.3,22.6,23.9,56.5,50.699999999999996,-2.9000000000000057,mantido
2903953,BA,Bom Jesus da Serra,Nordeste,85.3,10.5,82.0,14.0,15.0,74.8,68.0,-3.299999999999997,mantido
2904001,BA,Boninal,Nordeste,71.1,25.0,67.1,30.1,30.9,46.099999999999994,36.99999999999999,-4.0,mantido
2904050,BA,Bonito,Nordeste,81.3,14.6,74.1,21.0,22.3,66.7,53.099999999999994,-7.200000000000003,mantido
2904100,BA,Boquira,Nordeste,89.7,7.5,86.0,11.3,12.2,82.2,74.7,-3.700000000000003,mantido
2904209,BA,Botuporã,Nordeste,81.4,14.1,74.1,21.5,23.1,67.30000000000001,52.599999999999994,-7.300000000000011,mantido
2904407,BA,Brejolândia,Nordeste,70.5,24.1,62.4,34.1,35.0,46.4,28.299999999999997,-8.100000000000001,mantido
2904308,BA,Brejões,Nordeste,72.2,23.0,70.2,26.1,27.0,49.2,44.1,-2.0,mantido
2904506,BA,Brotas de Macaúbas,Nordeste,75.5,19.3,71.5,24.1,25.8,56.2,47.4,-4.0,mantido
2904605,BA,Brumado,Nordeste,67.8,27.4,63.8,31.2,32.8,40.4,32.599999999999994,-4.0,mantido
2904704,BA,Buerarema,Nordeste,38.9,53.4,43.5,51.7,53.1,-14.5,-8.200000000000003,4.600000000000001,outro
2904753,BA,Buritirama,Nordeste,77.1,17.8,72.6,24.4,25.1,59.3,48.199999999999996,-4.5,mantido
2904803,BA,Caatiba,Nordeste,66.4,27.5,60.5,34.3,35.6,38.900000000000006,26.200000000000003,-5.900000000000006,mantido
2904852,BA,Cabaceiras do Paraguaçu,Nordeste,83.1,12.2,78.5,17.7,18.5,70.89999999999999,60.8,-4.599999999999994,mantido
2904902,BA,Cachoeira,Nordeste,81.5,13.9,79.4,16.7,17.7,67.6,62.7,-2.0999999999999943,mantido
2905008,BA,Caculé,Nordeste,69.8,24.1,63.9,31.1,32.7,45.699999999999996,32.8,-5.899999999999999,mantido
2905156,BA,Caetanos,Nordeste,87.3,9.6,84.8,12.8,13.2,77.7,72.0,-2.5,mantido
2905206,BA,Caetité,Nordeste,77.3,17.8,71.6,22.9,24.4,59.5,48.699999999999996,-5.700000000000003,mantido
2905305,BA,Cafarnaum,Nordeste,73.3,22.1,67.0,28.8,29.6,51.199999999999996,38.2,-6.299999999999997,mantido
2905404,BA,Cairu,Nordeste,64.5,30.3,60.2,33.9,35.1,34.2,26.300000000000004,-4.299999999999997,mantido
2905503,BA,Caldeirão Grande,Nordeste,79.5,15.5,68.0,28.5,29.5,64.0,39.5,-11.5,mantido
2905602,BA,Camacan,Nordeste,57.9,35.8,54.6,40.5,42.1,22.1,14.100000000000001,-3.299999999999997,mantido
2905800,BA,Camamu,Nordeste,63.9,29.7,59.6,34.8,35.6,34.2,24.800000000000004,-4.299999999999997,mantido
2905701,BA,Camaçari,Nordeste,64.8,27.8,62.2,30.8,32.8,37.0,31.400000000000002,-2.5999999999999943,mantido
2905909,BA,Campo Alegre de Lourdes,Nordeste,82.6,14.1,78.8,18.5,19.3,68.5,60.3,-3.799999999999997,mantido
2906006,BA,Campo Formoso,Nordeste,71.1,23.2,65.3,30.4,31.5,47.89999999999999,34.9,-5.799999999999997,mantido
2906204,BA,Canarana,Nordeste,78.4,16.9,73.0,23.1,24.1,61.50000000000001,49.9,-5.400000000000006,mantido
2906303,BA,Canavieiras,Nordeste,63.2,30.4,59.7,35.3,36.6,32.800000000000004,24.400000000000006,-3.5,mantido
2906402,BA,Candeal,Nordeste,76.9,19.2,75.1,22.3,22.9,57.7,52.8,-1.8000000000000114,mantido
2906501,BA,Candeias,Nordeste,80.1,14.9,77.7,16.9,18.3,65.19999999999999,60.800000000000004,-2.3999999999999915,mantido
2906600,BA,Candiba,Nordeste,76.4,19.6,69.7,26.0,27.1,56.800000000000004,43.7,-6.700000000000003,mantido
2906808,BA,Cansanção,Nordeste,84.5,12.0,80.3,16.7,17.3,72.5,63.599999999999994,-4.200000000000003,mantido
2906824,BA,Canudos,Nordeste,81.9,14.7,79.8,17.4,18.5,67.2,62.4,-2.1000000000000085,mantido
2906105,BA,Canápolis,Nordeste,79.9,17.0,74.0,22.5,23.6,62.900000000000006,51.5,-5.900000000000006,mantido
2906857,BA,Capela do Alto Alegre,Nordeste,72.6,21.7,69.4,25.6,26.7,50.89999999999999,43.800000000000004,-3.1999999999999886,mantido
2906873,BA,Capim Grosso,Nordeste,64.5,30.0,58.3,36.9,38.2,34.5,21.4,-6.200000000000003,mantido
2906907,BA,Caravelas,Nordeste,66.2,29.3,64.3,31.9,33.1,36.900000000000006,32.4,-1.9000000000000057,mantido
2906899,BA,Caraíbas,Nordeste,74.6,18.6,70.0,25.6,26.6,55.99999999999999,44.4,-4.599999999999994,mantido
2907004,BA,Cardeal da Silva,Nordeste,87.5,9.2,83.9,13.4,14.0,78.3,70.5,-3.5999999999999943,mantido
2907103,BA,Carinhanha,Nordeste,66.0,29.2,59.9,36.5,37.5,36.8,23.4,-6.100000000000001,mantido
2907202,BA,Casa Nova,Nordeste,78.2,18.5,72.8,23.5,24.5,59.7,49.3,-5.400000000000006,mantido
2907301,BA,Castro Alves,Nordeste,80.7,15.6,73.7,21.4,22.5,65.10000000000001,52.300000000000004,-7.0,mantido
2907400,BA,Catolândia,Nordeste,78.5,17.9,67.5,27.4,28.4,60.6,40.1,-11.0,mantido
2907509,BA,Catu,Nordeste,76.0,17.7,76.7,18.5,20.0,58.3,58.2,0.7000000000000028,mantido
2907558,BA,Caturama,Nordeste,83.6,11.9,79.2,17.0,18.2,71.69999999999999,62.2,-4.3999999999999915,mantido
2905107,BA,Caém,Nordeste,81.5,14.0,79.7,17.4,17.9,67.5,62.300000000000004,-1.7999999999999972,mantido
2907608,BA,Central,Nordeste,78.7,16.6,76.0,20.7,21.5,62.1,55.3,-2.700000000000003,mantido
2907707,BA,Chorrochó,Nordeste,83.7,12.7,83.0,14.7,15.2,71.0,68.3,-0.7000000000000028,mantido
2907905,BA,Cipó,Nordeste,67.0,28.0,64.6,31.5,32.6,39.0,33.099999999999994,-2.4000000000000057,mantido
2908002,BA,Coaraci,Nordeste,65.4,29.5,61.3,34.4,35.5,35.900000000000006,26.9,-4.1000000000000085,mantido
2908101,BA,Cocos,Nordeste,67.8,28.7,61.0,35.6,36.4,39.099999999999994,25.4,-6.799999999999997,mantido
2908200,BA,Conceição da Feira,Nordeste,77.9,17.2,72.2,22.4,23.4,60.7,49.800000000000004,-5.700000000000003,mantido
2908309,BA,Conceição do Almeida,Nordeste,81.9,14.6,77.1,19.8,20.3,67.30000000000001,57.3,-4.800000000000011,mantido
2908408,BA,Conceição do Coité,Nordeste,63.0,32.1,58.8,37.1,38.4,30.9,21.699999999999996,-4.200000000000003,mantido
2908507,BA,Conceição do Jacuípe,Nordeste,70.7,22.8,63.9,29.2,30.9,47.900000000000006,34.7,-6.800000000000004,mantido
2908606,BA,Conde,Nordeste,76.8,18.2,74.9,21.7,22.6,58.599999999999994,53.2,-1.8999999999999915,mantido
2908705,BA,Condeúba,Nordeste,68.3,25.0,66.4,28.6,30.0,43.3,37.800000000000004,-1.8999999999999915,mantido
2908804,BA,Contendas do Sincorá,Nordeste,75.2,19.6,69.7,27.1,27.8,55.6,42.6,-5.5,mantido
2908903,BA,Coração de Maria,Nordeste,80.8,14.9,75.8,19.7,20.8,65.89999999999999,56.099999999999994,-5.0,mantido
2909000,BA,Cordeiros,Nordeste,64.1,29.0,56.0,38.3,40.0,35.099999999999994,17.700000000000003,-8.099999999999994,mantido
2909109,BA,Coribe,Nordeste,74.4,21.9,66.7,29.3,30.3,52.50000000000001,37.400000000000006,-7.700000000000003,mantido
2909208,BA,Coronel João Sá,Nordeste,78.9,16.5,69.2,27.0,27.9,62.400000000000006,42.2,-9.700000000000003,mantido
2909307,BA,Correntina,Nordeste,73.9,21.6,63.0,31.0,32.1,52.300000000000004,32.0,-10.900000000000006,mantido
2909406,BA,Cotegipe,Nordeste,80.0,17.1,71.4,25.1,25.9,62.9,46.300000000000004,-8.599999999999994,mantido
2909505,BA,Cravolândia,Nordeste,81.5,14.5,78.5,18.5,19.6,67.0,60.0,-3.0,mantido
2909703,BA,Cristópolis,Nordeste,72.3,22.6,65.0,31.3,32.2,49.699999999999996,33.7,-7.299999999999997,mantido
2909604,BA,Crisópolis,Nordeste,83.5,12.4,79.2,17.8,18.9,71.1,61.400000000000006,-4.299999999999997,mantido
2909802,BA,Cruz das Almas,Nordeste,67.2,27.4,64.2,31.0,32.3,39.800000000000004,33.2,-3.0,mantido
2909901,BA,Curaçá,Nordeste,78.8,17.2,74.3,21.8,22.9,61.599999999999994,52.5,-4.5,mantido
2906709,BA,Cândido Sales,Nordeste,70.6,24.4,69.2,27.3,28.4,46.199999999999996,41.900000000000006,-1.3999999999999915,mantido
2907806,BA,Cícero Dantas,Nordeste,75.1,20.2,67.8,27.8,29.1,54.89999999999999,40.0,-7.299999999999997,mantido
2910057,BA,Dias d'Ávila,Nordeste,72.0,21.3,68.1,25.0,27.0,50.7,43.099999999999994,-3.9000000000000057,mantido
2910107,BA,Dom Basílio,Nordeste,85.3,11.5,77.4,19.1,20.0,73.8,58.300000000000004,-7.8999999999999915,mantido
2910206,BA,Dom Macedo Costa,Nordeste,71.5,23.5,59.3,34.9,36.0,48.0,24.4,-12.200000000000003,mantido
2910008,BA,Dário Meira,Nordeste,75.5,19.3,74.2,22.5,23.6,56.2,51.7,-1.2999999999999972,mantido
2910305,BA,Elísio Medrado,Nordeste,72.7,23.1,66.4,30.0,30.9,49.6,36.400000000000006,-6.299999999999997,mantido
2910404,BA,Encruzilhada,Nordeste,72.2,22.7,70.9,26.1,26.9,49.5,44.800000000000004,-1.2999999999999972,mantido
2910503,BA,Entre Rios,Nordeste,77.1,17.9,73.4,22.0,23.1,59.199999999999996,51.400000000000006,-3.6999999999999886,mantido
2910602,BA,Esplanada,Nordeste,77.4,18.2,73.1,23.1,24.0,59.2,49.99999999999999,-4.300000000000011,mantido
2910701,BA,Euclides da Cunha,Nordeste,80.5,15.0,76.8,19.3,20.6,65.5,57.5,-3.700000000000003,mantido
2910727,BA,Eunápolis,Nordeste,51.4,42.3,47.2,46.2,48.2,9.100000000000001,1.0,-4.199999999999996,mantido
2910776,BA,Feira da Mata,Nordeste,62.9,33.6,59.7,36.9,37.5,29.299999999999997,22.800000000000004,-3.1999999999999957,mantido
2910800,BA,Feira de Santana,Nordeste,61.7,31.2,57.1,35.8,37.6,30.500000000000004,21.300000000000004,-4.600000000000001,mantido
2910859,BA,Filadélfia,Nordeste,74.4,20.6,71.3,25.2,26.2,53.800000000000004,46.099999999999994,-3.1000000000000085,mantido
2910909,BA,Firmino Alves,Nordeste,67.5,28.4,61.8,34.3,34.9,39.1,27.5,-5.700000000000003,mantido
2911006,BA,Floresta Azul,Nordeste,74.2,21.0,70.0,25.4,26.7,53.2,44.6,-4.200000000000003,mantido
2911105,BA,Formosa do Rio Preto,Nordeste,69.9,25.6,58.2,37.8,38.7,44.300000000000004,20.400000000000006,-11.700000000000003,mantido
2910750,BA,Fátima,Nordeste,83.3,11.7,80.0,16.4,18.0,71.6,63.6,-3.299999999999997,mantido
2911204,BA,Gandu,Nordeste,60.9,33.8,56.2,38.9,40.1,27.1,17.300000000000004,-4.699999999999996,mantido
2911253,BA,Gavião,Nordeste,69.5,23.9,62.3,31.5,32.5,45.6,30.799999999999997,-7.200000000000003,mantido
2911303,BA,Gentio do Ouro,Nordeste,83.7,13.1,77.6,19.7,20.3,70.60000000000001,57.89999999999999,-6.1000000000000085,mantido
2911402,BA,Glória,Nordeste,86.9,10.1,85.6,12.0,12.8,76.80000000000001,73.6,-1.3000000000000114,mantido
2911501,BA,Gongogi,Nordeste,75.3,20.1,74.0,21.9,22.7,55.199999999999996,52.1,-1.2999999999999972,mantido
2911600,BA,Governador Mangabeira,Nordeste,78.1,15.4,72.5,22.3,23.1,62.699999999999996,50.2,-5.599999999999994,mantido
2911659,BA,Guajeru,Nordeste,85.5,10.6,80.0,15.3,16.0,74.9,64.7,-5.5,mantido
2911709,BA,Guanambi,Nordeste,64.4,30.7,58.6,36.0,37.5,33.7,22.6,-5.800000000000004,mantido
2911808,BA,Guaratinga,Nordeste,68.1,27.2,63.0,33.2,34.4,40.89999999999999,29.799999999999997,-5.099999999999994,mantido
2911857,BA,Heliópolis,Nordeste,83.8,10.0,80.0,15.4,17.5,73.8,64.6,-3.799999999999997,mantido
2911907,BA,Iaçu,Nordeste,79.4,16.8,74.9,22.0,22.8,62.60000000000001,52.900000000000006,-4.5,mantido
2912004,BA,Ibiassucê,Nordeste,67.5,26.3,64.1,31.2,32.5,41.2,32.89999999999999,-3.4000000000000057,mantido
2912103,BA,Ibicaraí,Nordeste,63.0,31.3,60.2,35.1,36.2,31.7,25.1,-2.799999999999997,mantido
2912202,BA,Ibicoara,Nordeste,67.5,28.0,59.5,35.7,36.8,39.5,23.799999999999997,-8.0,mantido
2912301,BA,Ibicuí,Nordeste,70.6,24.6,63.0,32.1,33.5,45.99999999999999,30.9,-7.599999999999994,mantido
2912400,BA,Ibipeba,Nordeste,84.1,12.9,78.0,18.2,19.3,71.19999999999999,59.8,-6.099999999999994,mantido
2912509,BA,Ibipitanga,Nordeste,73.9,22.1,64.2,30.5,31.5,51.800000000000004,33.7,-9.700000000000003,mantido
2912608,BA,Ibiquera,Nordeste,82.4,12.2,78.4,18.8,19.2,70.2,59.60000000000001,-4.0,mantido
2912707,BA,Ibirapitanga,Nordeste,71.2,23.3,67.9,27.9,28.9,47.900000000000006,40.00000000000001,-3.299999999999997,mantido
2912806,BA,Ibirapuã,Nordeste,52.3,44.4,50.1,47.1,48.1,7.899999999999999,3.0,-2.1999999999999957,mantido
2912905,BA,Ibirataia,Nordeste,62.3,31.2,60.4,34.6,36.0,31.099999999999998,25.799999999999997,-1.8999999999999986,mantido
2913002,BA,Ibitiara,Nordeste,76.7,18.8,71.3,23.9,24.7,57.900000000000006,47.4,-5.400000000000006,mantido
2913101,BA,Ibititá,Nordeste,81.1,15.0,74.7,21.7,22.7,66.1,53.0,-6.3999999999999915,mantido
2913200,BA,Ibotirama,Nordeste,69.2,27.2,63.6,33.1,34.3,42.0,30.5,-5.600000000000001,mantido
2913309,BA,Ichu,Nordeste,77.1,18.6,73.9,20.7,22.9,58.49999999999999,53.2,-3.1999999999999886,mantido
2913408,BA,Igaporã,Nordeste,85.5,10.9,78.2,17.9,18.8,74.6,60.300000000000004,-7.299999999999997,mantido
2913457,BA,Igrapiúna,Nordeste,73.5,19.9,69.5,25.6,26.5,53.6,43.9,-4.0,mantido
2913507,BA,Iguaí,Nordeste,66.4,29.4,59.6,36.0,37.2,37.00000000000001,23.6,-6.800000000000004,mantido
2913606,BA,Ilhéus,Nordeste,57.9,34.1,56.8,36.5,38.4,23.799999999999997,20.299999999999997,-1.1000000000000014,mantido
2913705,BA,Inhambupe,Nordeste,76.9,17.8,72.9,23.1,24.2,59.10000000000001,49.800000000000004,-4.0,mantido
2913804,BA,Ipecaetá,Nordeste,80.8,14.9,75.9,20.6,21.3,65.89999999999999,55.300000000000004,-4.8999999999999915,mantido
2913903,BA,Ipiaú,Nordeste,64.8,30.2,60.3,34.1,35.8,34.599999999999994,26.199999999999996,-4.5,mantido
2914000,BA,Ipirá,Nordeste,78.0,16.9,71.9,23.7,24.8,61.1,48.2,-6.099999999999994,mantido
2914109,BA,Ipupiara,Nordeste,70.6,25.1,63.6,31.7,32.8,45.49999999999999,31.900000000000002,-6.999999999999993,mantido
2914208,BA,Irajuba,Nordeste,77.7,19.0,73.5,23.2,24.3,58.7,50.3,-4.200000000000003,mantido
2914307,BA,Iramaia,Nordeste,78.3,18.0,76.3,21.0,21.6,60.3,55.3,-2.0,mantido
2914406,BA,Iraquara,Nordeste,88.3,9.0,82.7,13.7,14.6,79.3,69.0,-5.599999999999994,mantido
2914505,BA,Irará,Nordeste,77.2,16.8,74.2,20.7,21.7,60.400000000000006,53.5,-3.0,mantido
2914604,BA,Irecê,Nordeste,69.7,25.4,63.3,31.4,33.0,44.300000000000004,31.9,-6.400000000000006,mantido
2914653,BA,Itabela,Nordeste,60.6,35.2,49.1,45.5,47.2,25.4,3.6000000000000014,-11.5,mantido
2914703,BA,Itaberaba,Nordeste,71.7,22.7,68.0,26.5,28.1,49.0,41.5,-3.700000000000003,mantido
2914802,BA,Itabuna,Nordeste,50.0,41.4,50.4,42.9,44.9,8.600000000000001,7.5,0.3999999999999986,mantido
2914901,BA,Itacaré,Nordeste,72.4,24.1,69.0,27.3,28.5,48.300000000000004,41.7,-3.4000000000000057,mantido
2915007,BA,Itaeté,Nordeste,70.8,26.1,67.6,30.1,30.7,44.699999999999996,37.49999999999999,-3.200000000000003,mantido
2915106,BA,Itagi,Nordeste,68.0,27.0,66.9,29.4,30.1,41.0,37.50000000000001,-1.0999999999999943,mantido
2915205,BA,Itagibá,Nordeste,66.9,28.6,60.9,33.9,35.1,38.300000000000004,27.0,-6.000000000000007,mantido
2915304,BA,Itagimirim,Nordeste,66.6,27.5,61.1,33.1,34.4,39.099999999999994,28.0,-5.499999999999993,mantido
2915353,BA,Itaguaçu da Bahia,Nordeste,83.9,13.3,85.5,12.7,13.4,70.60000000000001,72.8,1.5999999999999943,mantido
2915403,BA,Itaju do Colônia,Nordeste,57.8,37.9,63.0,34.4,35.2,19.9,28.6,5.200000000000003,mantido
2915502,BA,Itajuípe,Nordeste,66.6,28.3,65.1,30.1,31.6,38.3,34.99999999999999,-1.5,mantido
2915601,BA,Itamaraju,Nordeste,49.1,46.2,44.8,51.7,52.8,2.8999999999999986,-6.900000000000006,-4.300000000000004,vira
2915700,BA,Itamari,Nordeste,67.9,27.2,63.4,32.5,33.3,40.7,30.9,-4.500000000000007,mantido
2915809,BA,Itambé,Nordeste,68.7,26.0,66.8,28.9,30.2,42.7,37.9,-1.9000000000000057,mantido
2915908,BA,Itanagra,Nordeste,80.2,15.7,76.4,19.9,21.1,64.5,56.50000000000001,-3.799999999999997,mantido
2916005,BA,Itanhém,Nordeste,62.2,32.5,57.6,37.8,39.0,29.700000000000003,19.800000000000004,-4.600000000000001,mantido
2916104,BA,Itaparica,Nordeste,78.2,17.3,78.5,17.8,18.6,60.900000000000006,60.7,0.29999999999999716,mantido
2916302,BA,Itapebi,Nordeste,73.2,22.6,72.4,24.4,25.5,50.6,48.00000000000001,-0.7999999999999972,mantido
2916401,BA,Itapetinga,Nordeste,51.6,42.6,52.7,42.5,44.0,9.0,10.200000000000003,1.1000000000000014,mantido
2916500,BA,Itapicuru,Nordeste,81.8,13.5,77.6,18.4,19.2,68.3,59.199999999999996,-4.200000000000003,mantido
2916609,BA,Itapitanga,Nordeste,71.2,24.1,69.4,26.9,28.1,47.1,42.50000000000001,-1.7999999999999972,mantido
2916203,BA,Itapé,Nordeste,64.0,30.8,58.9,37.0,38.3,33.2,21.9,-5.100000000000001,mantido
2916708,BA,Itaquara,Nordeste,74.2,21.6,68.2,28.5,29.1,52.6,39.7,-6.0,mantido
2916807,BA,Itarantim,Nordeste,60.2,35.7,56.4,40.1,40.9,24.5,16.299999999999997,-3.8000000000000043,mantido
2916856,BA,Itatim,Nordeste,70.3,24.6,65.3,30.1,31.3,45.699999999999996,35.199999999999996,-5.0,mantido
2916906,BA,Itiruçu,Nordeste,71.8,23.4,70.8,26.2,27.2,48.4,44.599999999999994,-1.0,mantido
2917003,BA,Itiúba,Nordeste,71.7,23.7,70.2,26.4,27.2,48.0,43.800000000000004,-1.5,mantido
2917102,BA,Itororó,Nordeste,63.1,31.6,60.5,34.7,36.2,31.5,25.799999999999997,-2.6000000000000014,mantido
2917201,BA,Ituaçu,Nordeste,69.5,25.1,61.8,33.5,34.6,44.4,28.299999999999997,-7.700000000000003,mantido
2917300,BA,Ituberá,Nordeste,60.3,33.7,58.3,36.8,38.1,26.599999999999994,21.5,-2.0,mantido
2917334,BA,Iuiú,Nordeste,79.7,17.5,73.0,23.2,24.2,62.2,49.8,-6.700000000000003,mantido
2917359,BA,Jaborandi,Nordeste,75.2,21.3,66.1,29.1,30.0,53.900000000000006,36.99999999999999,-9.100000000000009,mantido
2917409,BA,Jacaraci,Nordeste,79.3,16.3,74.7,20.9,22.3,63.0,53.800000000000004,-4.599999999999994,mantido
2917508,BA,Jacobina,Nordeste,71.2,23.6,67.6,27.0,28.2,47.6,40.599999999999994,-3.6000000000000085,mantido
2917607,BA,Jaguaquara,Nordeste,67.6,28.3,62.6,33.0,34.2,39.3,29.6,-4.999999999999993,mantido
2917706,BA,Jaguarari,Nordeste,73.3,20.2,72.5,23.0,24.5,53.099999999999994,49.5,-0.7999999999999972,mantido
2917805,BA,Jaguaripe,Nordeste,79.3,15.9,75.7,20.3,21.0,63.4,55.400000000000006,-3.5999999999999943,mantido
2917904,BA,Jandaíra,Nordeste,81.4,14.5,80.0,17.0,17.7,66.9,63.0,-1.4000000000000057,mantido
2918001,BA,Jequié,Nordeste,62.1,31.3,58.9,34.7,36.6,30.8,24.199999999999996,-3.200000000000003,mantido
2918100,BA,Jeremoabo,Nordeste,81.0,15.0,76.9,20.5,21.2,66.0,56.400000000000006,-4.099999999999994,mantido
2918209,BA,Jiquiriçá,Nordeste,76.5,18.5,69.1,24.8,25.9,58.0,44.3,-7.400000000000006,mantido
2918308,BA,Jitaúna,Nordeste,71.7,23.6,71.7,24.5,25.5,48.1,47.2,0.0,mantido
2918357,BA,João Dourado,Nordeste,65.2,30.3,61.0,34.9,35.9,34.900000000000006,26.1,-4.200000000000003,mantido
2918407,BA,Juazeiro,Nordeste,65.3,29.5,63.3,32.0,33.6,35.8,31.299999999999997,-2.0,mantido
2918456,BA,Jucuruçu,Nordeste,68.3,25.8,63.2,33.0,33.7,42.5,30.200000000000003,-5.099999999999994,mantido
2918506,BA,Jussara,Nordeste,89.0,8.0,84.1,13.3,14.2,81.0,70.8,-4.900000000000006,mantido
2918555,BA,Jussari,Nordeste,63.4,32.4,67.6,30.6,30.9,31.0,36.99999999999999,4.199999999999996,mantido
2918605,BA,Jussiape,Nordeste,75.2,19.5,70.0,26.5,27.5,55.7,43.5,-5.200000000000003,mantido
2918704,BA,Lafaiete Coutinho,Nordeste,79.4,16.3,70.8,25.0,25.9,63.10000000000001,45.8,-8.600000000000009,mantido
2918753,BA,Lagoa Real,Nordeste,82.8,12.3,76.7,19.4,20.6,70.5,57.300000000000004,-6.099999999999994,mantido
2918803,BA,Laje,Nordeste,72.7,23.5,67.7,28.7,29.4,49.2,39.0,-5.0,mantido
2919009,BA,Lajedinho,Nordeste,80.5,15.7,77.0,20.2,20.8,64.8,56.8,-3.5,mantido
2919058,BA,Lajedo do Tabocal,Nordeste,79.6,16.4,75.2,19.7,20.8,63.199999999999996,55.5,-4.3999999999999915,mantido
2918902,BA,Lajedão,Nordeste,59.3,37.0,54.7,42.0,42.7,22.299999999999997,12.700000000000003,-4.599999999999994,mantido
2919108,BA,Lamarão,Nordeste,87.7,9.3,85.6,11.9,12.5,78.4,73.69999999999999,-2.1000000000000085,mantido
2919157,BA,Lapão,Nordeste,78.0,18.7,72.8,23.6,24.5,59.3,49.199999999999996,-5.200000000000003,mantido
2919207,BA,Lauro de Freitas,Nordeste,63.4,28.9,59.1,33.1,35.4,34.5,26.0,-4.299999999999997,mantido
2919306,BA,Lençóis,Nordeste,83.6,13.6,79.1,17.5,18.5,70.0,61.599999999999994,-4.5,mantido
2919405,BA,Licínio de Almeida,Nordeste,73.2,23.0,68.2,27.9,29.5,50.2,40.300000000000004,-5.0,mantido
2919504,BA,Livramento de Nossa Senhora,Nordeste,75.7,20.2,69.2,26.8,28.0,55.5,42.400000000000006,-6.5,mantido
2919553,BA,Luís Eduardo Magalhães,Nordeste,41.4,54.0,32.5,62.0,63.9,-12.600000000000001,-29.5,-8.899999999999999,outro
2919603,BA,Macajuba,Nordeste,75.0,20.1,74.1,22.8,23.4,54.9,51.3,-0.9000000000000057,mantido
2919702,BA,Macarani,Nordeste,59.6,35.4,56.7,39.3,40.3,24.200000000000003,17.400000000000006,-2.8999999999999986,mantido
2919801,BA,Macaúbas,Nordeste,77.9,17.5,69.0,26.7,27.9,60.400000000000006,42.3,-8.900000000000006,mantido
2919900,BA,Macururé,Nordeste,83.2,11.9,82.5,14.3,15.0,71.3,68.2,-0.7000000000000028,mantido
2919926,BA,Madre de Deus,Nordeste,78.3,16.9,76.3,18.6,20.0,61.4,57.699999999999996,-2.0,mantido
2919959,BA,Maetinga,Nordeste,75.8,17.5,71.4,24.3,25.2,58.3,47.10000000000001,-4.3999999999999915,mantido
2920007,BA,Maiquinique,Nordeste,60.7,35.5,53.9,42.4,43.3,25.200000000000003,11.5,-6.800000000000004,mantido
2920106,BA,Mairi,Nordeste,75.4,19.5,74.3,22.1,22.8,55.900000000000006,52.199999999999996,-1.1000000000000085,mantido
2920205,BA,Malhada,Nordeste,71.0,25.7,66.6,30.6,31.4,45.3,35.99999999999999,-4.400000000000006,mantido
2920304,BA,Malhada de Pedras,Nordeste,72.3,23.7,67.8,28.9,29.7,48.599999999999994,38.9,-4.5,mantido
2920403,BA,Manoel Vitorino,Nordeste,80.9,14.6,75.7,19.2,20.9,66.30000000000001,56.5,-5.200000000000003,mantido
2920452,BA,Mansidão,Nordeste,80.2,14.8,81.1,16.5,17.0,65.4,64.6,0.8999999999999915,mantido
2920502,BA,Maracás,Nordeste,76.5,18.6,67.4,27.4,28.7,57.9,40.00000000000001,-9.099999999999994,mantido
2920601,BA,Maragogipe,Nordeste,79.6,15.8,77.4,18.9,19.7,63.8,58.50000000000001,-2.1999999999999886,mantido
2920700,BA,Maraú,Nordeste,75.6,19.2,71.4,24.1,25.1,56.39999999999999,47.300000000000004,-4.199999999999989,mantido
2920809,BA,Marcionílio Souza,Nordeste,79.0,17.8,75.7,21.5,21.9,61.2,54.2,-3.299999999999997,mantido
2920908,BA,Mascote,Nordeste,72.2,23.4,68.3,28.1,29.1,48.800000000000004,40.199999999999996,-3.9000000000000057,mantido
2921005,BA,Mata de São João,Nordeste,75.7,19.2,71.5,22.9,24.3,56.5,48.6,-4.200000000000003,mantido
2921054,BA,Matina,Nordeste,87.5,9.4,81.0,16.0,16.9,78.1,65.0,-6.5,mantido
2921104,BA,Medeiros Neto,Nordeste,59.3,37.3,53.1,42.8,44.1,22.0,10.300000000000004,-6.199999999999996,mantido
2921203,BA,Miguel Calmon,Nordeste,69.3,25.9,64.9,30.7,31.6,43.4,34.2,-4.3999999999999915,mantido
2921302,BA,Milagres,Nordeste,74.3,22.2,69.6,27.0,28.0,52.099999999999994,42.599999999999994,-4.700000000000003,mantido
2921401,BA,Mirangaba,Nordeste,77.7,18.2,75.3,21.3,22.4,59.5,54.0,-2.4000000000000057,mantido
2921450,BA,Mirante,Nordeste,78.8,16.9,74.9,20.9,21.7,61.9,54.00000000000001,-3.8999999999999915,mantido
2921500,BA,Monte Santo,Nordeste,86.1,10.5,84.4,13.1,13.8,75.6,71.30000000000001,-1.6999999999999886,mantido
2921609,BA,Morpará,Nordeste,73.1,23.7,68.8,29.1,29.7,49.39999999999999,39.699999999999996,-4.299999999999997,mantido
2921708,BA,Morro do Chapéu,Nordeste,76.2,18.5,70.1,25.0,26.1,57.7,45.099999999999994,-6.1000000000000085,mantido
2921807,BA,Mortugaba,Nordeste,60.9,32.6,56.9,38.7,39.7,28.299999999999997,18.199999999999996,-4.0,mantido
2921906,BA,Mucugê,Nordeste,68.5,26.8,66.6,29.5,30.5,41.7,37.099999999999994,-1.9000000000000057,mantido
2922003,BA,Mucuri,Nordeste,54.8,40.2,50.6,44.1,46.0,14.599999999999994,6.5,-4.199999999999996,mantido
2922052,BA,Mulungu do Morro,Nordeste,86.6,9.0,78.7,15.2,16.4,77.6,63.5,-7.8999999999999915,mantido
2922102,BA,Mundo Novo,Nordeste,77.9,17.1,73.3,23.3,24.1,60.800000000000004,50.0,-4.6000000000000085,mantido
2922201,BA,Muniz Ferreira,Nordeste,77.3,18.1,71.6,23.9,24.7,59.199999999999996,47.699999999999996,-5.700000000000003,mantido
2922250,BA,Muquém de São Francisco,Nordeste,77.3,19.6,68.8,28.4,29.3,57.699999999999996,40.4,-8.5,mantido
2922300,BA,Muritiba,Nordeste,80.1,14.5,77.2,18.7,19.6,65.6,58.5,-2.8999999999999915,mantido
2922409,BA,Mutuípe,Nordeste,71.6,22.4,63.3,31.3,32.2,49.199999999999996,31.999999999999996,-8.299999999999997,mantido
2922508,BA,Nazaré,Nordeste,75.9,19.3,72.8,22.4,23.5,56.60000000000001,50.4,-3.1000000000000085,mantido
2922607,BA,Nilo Peçanha,Nordeste,73.1,21.1,71.2,24.9,25.7,51.99999999999999,46.300000000000004,-1.8999999999999915,mantido
2922656,BA,Nordestina,Nordeste,80.4,15.9,77.0,19.6,20.4,64.5,57.4,-3.4000000000000057,mantido
2922706,BA,Nova Canaã,Nordeste,77.6,18.1,73.5,22.8,24.0,59.49999999999999,50.7,-4.099999999999994,mantido
2922730,BA,Nova Fátima,Nordeste,74.3,20.3,68.5,26.3,27.0,54.0,42.2,-5.799999999999997,mantido
2922755,BA,Nova Ibiá,Nordeste,64.4,30.7,62.1,34.0,34.7,33.7,28.1,-2.3000000000000043,mantido
2922805,BA,Nova Itarana,Nordeste,75.3,20.5,69.6,27.4,28.2,54.8,42.199999999999996,-5.700000000000003,mantido
2922854,BA,Nova Redenção,Nordeste,85.9,10.8,83.4,14.2,14.8,75.10000000000001,69.2,-2.5,mantido
2922904,BA,Nova Soure,Nordeste,84.3,11.3,82.3,14.5,15.4,73.0,67.8,-2.0,mantido
2923001,BA,Nova Viçosa,Nordeste,51.7,43.5,49.2,47.1,48.3,8.200000000000003,2.1000000000000014,-2.5,mantido
2923035,BA,Novo Horizonte,Nordeste,76.3,18.4,69.4,25.8,26.7,57.9,43.60000000000001,-6.8999999999999915,mantido
2923050,BA,Novo Triunfo,Nordeste,79.4,14.9,74.6,22.1,23.3,64.5,52.49999999999999,-4.800000000000011,mantido
2923100,BA,Olindina,Nordeste,82.8,13.4,79.6,16.8,17.9,69.39999999999999,62.8,-3.200000000000003,mantido
2923209,BA,Oliveira dos Brejinhos,Nordeste,81.0,15.4,74.9,22.0,22.9,65.6,52.900000000000006,-6.099999999999994,mantido
2923308,BA,Ouriçangas,Nordeste,83.5,10.9,79.2,15.9,16.8,72.6,63.300000000000004,-4.299999999999997,mantido
2923357,BA,Ourolândia,Nordeste,61.4,35.2,56.6,39.6,40.6,26.199999999999996,17.0,-4.799999999999997,mantido
2923407,BA,Palmas de Monte Alto,Nordeste,84.0,13.0,77.6,19.5,20.2,71.0,58.099999999999994,-6.400000000000006,mantido
2923506,BA,Palmeiras,Nordeste,85.1,12.1,80.8,15.8,16.5,73.0,65.0,-4.299999999999997,mantido
2923605,BA,Paramirim,Nordeste,78.4,16.6,73.8,22.3,23.2,61.800000000000004,51.5,-4.6000000000000085,mantido
2923704,BA,Paratinga,Nordeste,83.0,13.9,77.3,20.1,20.7,69.1,57.199999999999996,-5.700000000000003,mantido
2923803,BA,Paripiranga,Nordeste,78.9,16.4,74.5,21.5,22.8,62.50000000000001,53.0,-4.400000000000006,mantido
2923902,BA,Pau Brasil,Nordeste,57.2,37.9,62.8,34.8,35.4,19.300000000000004,28.0,5.599999999999994,mantido
2924009,BA,Paulo Afonso,Nordeste,77.3,18.4,75.0,20.8,22.7,58.9,54.2,-2.299999999999997,mantido
2924207,BA,Pedro Alexandre,Nordeste,81.9,12.0,79.6,16.5,17.3,69.9,63.099999999999994,-2.3000000000000114,mantido
2924108,BA,Pedrão,Nordeste,86.1,9.1,81.6,13.2,14.3,77.0,68.39999999999999,-4.5,mantido
2924306,BA,Piatã,Nordeste,71.0,20.5,65.3,27.6,29.9,50.5,37.699999999999996,-5.700000000000003,mantido
2924405,BA,Pilão Arcado,Nordeste,82.6,13.5,78.5,18.5,19.2,69.1,60.0,-4.099999999999994,mantido
2924504,BA,Pindaí,Nordeste,78.4,16.7,73.6,22.3,23.3,61.7,51.3,-4.800000000000011,mantido
2924603,BA,Pindobaçu,Nordeste,69.0,26.9,67.2,29.8,30.7,42.1,37.400000000000006,-1.7999999999999972,mantido
2924652,BA,Pintadas,Nordeste,63.2,31.3,60.8,35.8,36.6,31.900000000000002,25.0,-2.4000000000000057,mantido
2924678,BA,Piraí do Norte,Nordeste,72.3,22.2,66.3,28.8,30.0,50.099999999999994,37.5,-6.0,mantido
2924702,BA,Piripá,Nordeste,75.6,18.3,69.6,25.3,27.0,57.3,44.3,-6.0,mantido
2924801,BA,Piritiba,Nordeste,73.7,21.4,68.2,27.4,28.3,52.300000000000004,40.800000000000004,-5.5,mantido
2924900,BA,Planaltino,Nordeste,79.8,15.9,72.2,24.2,25.1,63.9,48.0,-7.599999999999994,mantido
2925006,BA,Planalto,Nordeste,68.4,24.9,66.8,28.9,30.4,43.50000000000001,37.9,-1.6000000000000085,mantido
2925204,BA,Pojuca,Nordeste,75.2,19.1,74.8,20.5,22.2,56.1,54.3,-0.4000000000000057,mantido
2925253,BA,Ponto Novo,Nordeste,76.9,17.7,70.6,25.4,26.4,59.2,45.199999999999996,-6.300000000000011,mantido
2925303,BA,Porto Seguro,Nordeste,54.8,39.7,49.8,44.1,46.0,15.099999999999994,5.699999999999996,-5.0,mantido
2925402,BA,Potiraguá,Nordeste,62.9,33.0,59.9,37.2,38.0,29.9,22.699999999999996,-3.0,mantido
2925105,BA,Poções,Nordeste,73.4,21.2,69.1,26.2,27.6,52.2,42.89999999999999,-4.300000000000011,mantido
2925501,BA,Prado,Nordeste,55.7,40.7,51.7,45.2,46.2,15.0,6.5,-4.0,mantido
2925600,BA,Presidente Dutra,Nordeste,86.9,10.4,83.4,14.3,15.1,76.5,69.10000000000001,-3.5,mantido
2925709,BA,Presidente Jânio Quadros,Nordeste,80.7,15.0,75.9,19.6,20.6,65.7,56.300000000000004,-4.799999999999997,mantido
2925758,BA,Presidente Tancredo Neves,Nordeste,68.5,25.4,59.7,35.1,35.9,43.1,24.6,-8.799999999999997,mantido
2924058,BA,Pé de Serra,Nordeste,66.0,26.6,59.6,35.9,37.1,39.4,23.700000000000003,-6.399999999999999,mantido
2925808,BA,Queimadas,Nordeste,72.9,22.2,68.8,27.0,28.1,50.7,41.8,-4.1000000000000085,mantido
2925907,BA,Quijingue,Nordeste,80.0,14.5,81.6,15.7,16.4,65.5,65.89999999999999,1.5999999999999943,mantido
2925931,BA,Quixabeira,Nordeste,62.4,32.3,53.0,43.0,43.9,30.1,10.0,-9.399999999999999,mantido
2925956,BA,Rafael Jambeiro,Nordeste,74.9,20.7,69.7,26.7,27.2,54.2,43.0,-5.200000000000003,mantido
2926004,BA,Remanso,Nordeste,80.8,15.3,76.3,20.7,21.7,65.5,55.599999999999994,-4.5,mantido
2926103,BA,Retirolândia,Nordeste,77.9,17.2,70.7,23.8,25.2,60.7,46.900000000000006,-7.200000000000003,mantido
2926400,BA,Riacho de Santana,Nordeste,83.8,12.5,79.4,16.9,18.2,71.3,62.50000000000001,-4.3999999999999915,mantido
2926202,BA,Riachão das Neves,Nordeste,77.1,20.2,70.5,26.5,27.2,56.89999999999999,44.0,-6.599999999999994,mantido
2926301,BA,Riachão do Jacuípe,Nordeste,80.3,14.4,74.3,20.0,21.2,65.89999999999999,54.3,-6.0,mantido
2926509,BA,Ribeira do Amparo,Nordeste,80.4,14.2,78.9,18.3,19.1,66.2,60.60000000000001,-1.5,mantido
2926608,BA,Ribeira do Pombal,Nordeste,74.5,20.4,69.6,25.8,27.2,54.1,43.8,-4.900000000000006,mantido
2926657,BA,Ribeirão do Largo,Nordeste,73.9,21.6,69.9,26.5,27.5,52.300000000000004,43.400000000000006,-4.0,mantido
2927002,BA,Rio Real,Nordeste,69.6,23.1,68.0,26.9,28.1,46.49999999999999,41.1,-1.5999999999999943,mantido
2926707,BA,Rio de Contas,Nordeste,74.3,20.6,70.4,25.8,27.1,53.699999999999996,44.60000000000001,-3.8999999999999915,mantido
2926806,BA,Rio do Antônio,Nordeste,79.3,16.3,77.0,19.8,20.6,63.0,57.2,-2.299999999999997,mantido
2926905,BA,Rio do Pires,Nordeste,78.1,17.9,72.7,23.3,24.3,60.199999999999996,49.400000000000006,-5.3999999999999915,mantido
2927101,BA,Rodelas,Nordeste,81.7,15.1,78.3,18.9,20.0,66.60000000000001,59.4,-3.4000000000000057,mantido
2927200,BA,Ruy Barbosa,Nordeste,75.1,20.9,67.3,28.0,29.0,54.199999999999996,39.3,-7.799999999999997,mantido
2927309,BA,Salinas da Margarida,Nordeste,82.1,13.7,79.1,17.0,17.9,68.39999999999999,62.099999999999994,-3.0,mantido
2927408,BA,Salvador,Nordeste,67.0,24.1,65.3,27.0,29.2,42.9,38.3,-1.7000000000000028,mantido
2927606,BA,Santa Brígida,Nordeste,83.8,12.2,81.2,15.5,16.6,71.6,65.7,-2.5999999999999943,mantido
2927507,BA,Santa Bárbara,Nordeste,78.8,16.7,74.6,21.3,22.1,62.099999999999994,53.3,-4.200000000000003,mantido
2927705,BA,Santa Cruz Cabrália,Nordeste,61.1,34.3,56.3,38.4,39.9,26.800000000000004,17.9,-4.800000000000004,mantido
2927804,BA,Santa Cruz da Vitória,Nordeste,62.0,31.3,57.1,37.2,38.1,30.7,19.9,-4.899999999999999,mantido
2927903,BA,Santa Inês,Nordeste,82.9,13.4,77.8,19.2,20.1,69.5,58.599999999999994,-5.1000000000000085,mantido
2928059,BA,Santa Luzia,Nordeste,66.6,28.1,62.3,33.8,34.7,38.49999999999999,28.5,-4.299999999999997,mantido
2928109,BA,Santa Maria da Vitória,Nordeste,71.6,23.9,67.0,28.5,29.7,47.699999999999996,38.5,-4.599999999999994,mantido
2928406,BA,Santa Rita de Cássia,Nordeste,76.8,18.8,72.6,23.9,24.9,58.0,48.699999999999996,-4.200000000000003,mantido
2928505,BA,Santa Teresinha,Nordeste,79.0,16.7,75.0,21.5,22.2,62.3,53.5,-4.0,mantido
2928000,BA,Santaluz,Nordeste,73.1,21.5,67.9,27.0,28.2,51.599999999999994,40.900000000000006,-5.199999999999989,mantido
2928208,BA,Santana,Nordeste,72.8,23.8,64.7,31.5,32.5,49.0,33.2,-8.099999999999994,mantido
2928307,BA,Santanópolis,Nordeste,81.4,14.3,74.5,21.1,21.9,67.10000000000001,53.4,-6.900000000000006,mantido
2928604,BA,Santo Amaro,Nordeste,81.5,12.7,81.0,14.5,15.5,68.8,66.5,-0.5,mantido
2928703,BA,Santo Antônio de Jesus,Nordeste,65.9,28.6,61.0,32.7,34.4,37.300000000000004,28.299999999999997,-4.900000000000006,mantido
2928802,BA,Santo Estêvão,Nordeste,82.0,14.0,76.4,19.2,20.4,68.0,57.2,-5.599999999999994,mantido
2929602,BA,Sapeaçu,Nordeste,76.9,17.5,71.7,24.2,25.1,59.400000000000006,47.5,-5.200000000000003,mantido
2929750,BA,Saubara,Nordeste,77.2,17.8,73.5,22.1,22.9,59.400000000000006,51.4,-3.700000000000003,mantido
2929800,BA,Saúde,Nordeste,75.8,19.2,71.7,24.4,25.4,56.599999999999994,47.300000000000004,-4.099999999999994,mantido
2929909,BA,Seabra,Nordeste,83.9,12.7,76.5,19.0,20.4,71.2,57.5,-7.400000000000006,mantido
2930006,BA,Sebastião Laranjeiras,Nordeste,74.0,22.0,69.3,27.2,27.7,52.0,42.099999999999994,-4.700000000000003,mantido
2930105,BA,Senhor do Bonfim,Nordeste,63.8,30.3,62.1,33.4,34.8,33.5,28.700000000000003,-1.6999999999999957,mantido
2930204,BA,Sento Sé,Nordeste,73.3,22.8,65.0,31.4,32.4,50.5,33.6,-8.299999999999997,mantido
2930303,BA,Serra Dourada,Nordeste,64.5,31.8,60.6,36.4,37.2,32.7,24.200000000000003,-3.8999999999999986,mantido
2930402,BA,Serra Preta,Nordeste,82.4,13.7,78.5,17.9,18.6,68.7,60.6,-3.9000000000000057,mantido
2930154,BA,Serra do Ramalho,Nordeste,75.8,20.3,72.4,24.2,25.1,55.5,48.2,-3.3999999999999915,mantido
2930501,BA,Serrinha,Nordeste,73.1,21.7,72.2,22.7,24.2,51.39999999999999,49.5,-0.8999999999999915,mantido
2930600,BA,Serrolândia,Nordeste,70.2,24.8,65.5,29.8,30.8,45.400000000000006,35.7,-4.700000000000003,mantido
2930709,BA,Simões Filho,Nordeste,69.5,23.5,66.7,26.3,28.2,46.0,40.400000000000006,-2.799999999999997,mantido
2930774,BA,Sobradinho,Nordeste,75.2,20.4,70.3,24.8,26.5,54.800000000000004,45.5,-4.900000000000006,mantido
2930808,BA,Souto Soares,Nordeste,88.2,8.2,82.4,13.7,14.7,80.0,68.7,-5.799999999999997,mantido
2929701,BA,Sátiro Dias,Nordeste,76.9,17.1,72.6,22.9,24.1,59.800000000000004,49.699999999999996,-4.300000000000011,mantido
2928901,BA,São Desidério,Nordeste,68.8,27.5,60.1,35.7,37.0,41.3,24.4,-8.699999999999996,mantido
2928950,BA,São Domingos,Nordeste,71.9,21.6,67.5,27.5,28.6,50.300000000000004,40.0,-4.400000000000006,mantido
2929107,BA,São Felipe,Nordeste,75.0,19.8,68.5,27.3,28.6,55.2,41.2,-6.5,mantido
2929206,BA,São Francisco do Conde,Nordeste,81.7,13.0,82.0,13.9,14.8,68.7,68.1,0.29999999999999716,mantido
2929008,BA,São Félix,Nordeste,81.1,13.2,78.8,16.9,17.8,67.89999999999999,61.9,-2.299999999999997,mantido
2929057,BA,São Félix do Coribe,Nordeste,63.1,32.2,56.9,38.2,39.4,30.9,18.699999999999996,-6.200000000000003,mantido
2929255,BA,São Gabriel,Nordeste,86.0,10.8,81.1,15.8,16.6,75.2,65.3,-4.900000000000006,mantido
2929305,BA,São Gonçalo dos Campos,Nordeste,79.1,15.8,74.9,19.7,20.7,63.3,55.2,-4.199999999999989,mantido
2929354,BA,São José da Vitória,Nordeste,58.9,34.9,62.0,33.7,34.8,24.0,28.299999999999997,3.1000000000000014,mantido
2929370,BA,São José do Jacuípe,Nordeste,75.3,19.1,69.1,26.9,27.8,56.199999999999996,42.199999999999996,-6.200000000000003,mantido
2929404,BA,São Miguel das Matas,Nordeste,76.5,19.6,73.2,22.3,23.7,56.9,50.900000000000006,-3.299999999999997,mantido
2929503,BA,São Sebastião do Passé,Nordeste,83.7,11.5,82.4,13.4,14.6,72.2,69.0,-1.2999999999999972,mantido
2930758,BA,Sítio do Mato,Nordeste,75.6,20.6,70.1,26.9,27.5,54.99999999999999,43.199999999999996,-5.5,mantido
2930766,BA,Sítio do Quinto,Nordeste,80.6,14.7,72.7,23.5,24.5,65.89999999999999,49.2,-7.8999999999999915,mantido
2930907,BA,Tabocas do Brejo Velho,Nordeste,79.2,16.4,69.9,25.6,26.4,62.800000000000004,44.300000000000004,-9.299999999999997,mantido
2931004,BA,Tanhaçu,Nordeste,74.9,20.4,71.5,24.0,25.2,54.50000000000001,47.5,-3.4000000000000057,mantido
2931053,BA,Tanque Novo,Nordeste,82.4,13.8,76.3,19.1,20.3,68.60000000000001,57.199999999999996,-6.1000000000000085,mantido
2931103,BA,Tanquinho,Nordeste,78.1,18.4,73.2,23.0,23.5,59.699999999999996,50.2,-4.8999999999999915,mantido
2931202,BA,Taperoá,Nordeste,75.0,20.1,68.7,26.4,27.4,54.9,42.300000000000004,-6.299999999999997,mantido
2931301,BA,Tapiramutá,Nordeste,81.0,15.0,70.2,25.9,26.6,66.0,44.300000000000004,-10.799999999999997,mantido
2931350,BA,Teixeira de Freitas,Nordeste,48.8,45.8,45.4,49.5,51.4,3.0,-4.100000000000001,-3.3999999999999986,vira
2931400,BA,Teodoro Sampaio,Nordeste,86.7,8.8,84.6,11.7,12.4,77.9,72.89999999999999,-2.1000000000000085,mantido
2931509,BA,Teofilândia,Nordeste,84.3,11.7,82.8,14.0,14.8,72.6,68.8,-1.5,mantido
2931608,BA,Teolândia,Nordeste,76.2,19.6,69.9,26.2,27.0,56.6,43.7,-6.299999999999997,mantido
2931707,BA,Terra Nova,Nordeste,80.3,14.0,78.3,17.0,18.0,66.3,61.3,-2.0,mantido
2931806,BA,Tremedal,Nordeste,76.6,18.0,66.5,29.1,30.0,58.599999999999994,37.4,-10.099999999999994,mantido
2931905,BA,Tucano,Nordeste,77.8,17.6,74.7,21.5,22.7,60.199999999999996,53.2,-3.0999999999999943,mantido
2932002,BA,Uauá,Nordeste,83.2,12.2,81.4,14.9,16.3,71.0,66.5,-1.7999999999999972,mantido
2932200,BA,Ubaitaba,Nordeste,61.5,32.4,58.9,36.3,37.3,29.1,22.6,-2.6000000000000014,mantido
2932309,BA,Ubatã,Nordeste,63.7,30.3,59.1,35.0,36.4,33.400000000000006,24.1,-4.600000000000001,mantido
2932101,BA,Ubaíra,Nordeste,70.0,25.2,64.5,30.8,31.6,44.8,33.7,-5.5,mantido
2932408,BA,Uibaí,Nordeste,78.5,17.6,75.8,20.5,21.7,60.9,55.3,-2.700000000000003,mantido
2932457,BA,Umburanas,Nordeste,70.0,25.7,69.1,27.8,28.7,44.3,41.3,-0.9000000000000057,mantido
2932507,BA,Una,Nordeste,57.8,34.8,54.8,39.8,41.6,23.0,15.0,-3.0,mantido
2932606,BA,Urandi,Nordeste,79.1,18.0,74.8,21.9,22.8,61.099999999999994,52.9,-4.299999999999997,mantido
2932705,BA,Uruçuca,Nordeste,60.1,35.0,61.4,34.8,35.9,25.1,26.6,1.2999999999999972,mantido
2932804,BA,Utinga,Nordeste,77.3,18.3,71.4,24.8,25.6,59.0,46.60000000000001,-5.8999999999999915,mantido
2933000,BA,Valente,Nordeste,64.5,28.6,60.1,33.9,35.3,35.9,26.200000000000003,-4.399999999999999,mantido
2932903,BA,Valença,Nordeste,65.4,28.4,62.8,31.3,32.6,37.00000000000001,31.499999999999996,-2.6000000000000085,mantido
2933174,BA,Varzedo,Nordeste,72.6,22.4,66.1,28.9,29.8,50.199999999999996,37.199999999999996,-6.5,mantido
2933208,BA,Vera Cruz,Nordeste,75.6,19.2,74.3,21.3,22.3,56.39999999999999,53.0,-1.2999999999999972,mantido
2933257,BA,Vereda,Nordeste,67.0,28.3,62.6,33.3,34.7,38.7,29.300000000000004,-4.399999999999999,mantido
2933307,BA,Vitória da Conquista,Nordeste,55.4,36.6,52.8,40.6,42.7,18.799999999999997,12.199999999999996,-2.6000000000000014,mantido
2933158,BA,Várzea Nova,Nordeste,73.1,21.2,68.1,26.8,27.8,51.89999999999999,41.3,-5.0,mantido
2933059,BA,Várzea da Roça,Nordeste,75.7,19.2,71.6,24.3,25.1,56.5,47.3,-4.1000000000000085,mantido
2933109,BA,Várzea do Poço,Nordeste,72.1,22.3,70.2,25.4,26.4,49.8,44.800000000000004,-1.8999999999999915,mantido
2933406,BA,Wagner,Nordeste,76.7,19.1,72.3,24.6,25.4,57.6,47.699999999999996,-4.400000000000006,mantido
2933455,BA,Wanderley,Nordeste,70.6,26.7,61.7,35.3,35.8,43.89999999999999,26.400000000000006,-8.899999999999991,mantido
2933505,BA,Wenceslau Guimarães,Nordeste,69.5,24.6,64.3,31.9,32.8,44.9,32.4,-5.200000000000003,mantido
2933604,BA,Xique-Xique,Nordeste,77.0,18.2,69.6,26.4,27.6,58.8,43.199999999999996,-7.400000000000006,mantido
2900405,BA,Água Fria,Nordeste,78.6,16.1,75.3,20.0,20.9,62.49999999999999,55.3,-3.299999999999997,mantido
2900504,BA,Érico Cardoso,Nordeste,77.7,17.3,74.8,20.7,21.8,60.400000000000006,54.099999999999994,-2.9000000000000057,mantido
2300101,CE,Abaiara,Nordeste,85.5,10.4,78.8,17.6,18.6,75.1,61.199999999999996,-6.700000000000003,mantido
2300150,CE,Acarape,Nordeste,62.2,32.4,58.7,37.1,38.4,29.800000000000004,21.6,-3.5,mantido
2300200,CE,Acaraú,Nordeste,69.5,23.4,63.3,32.6,34.2,46.1,30.699999999999996,-6.200000000000003,mantido
2300309,CE,Acopiara,Nordeste,79.4,13.3,76.6,20.1,21.3,66.10000000000001,56.49999999999999,-2.8000000000000114,mantido
2300408,CE,Aiuaba,Nordeste,84.0,9.9,82.7,13.8,15.0,74.1,68.9,-1.2999999999999972,mantido
2300507,CE,Alcântaras,Nordeste,78.3,10.9,76.9,18.6,19.8,67.39999999999999,58.300000000000004,-1.3999999999999915,mantido
2300606,CE,Altaneira,Nordeste,85.8,7.0,83.1,12.4,14.8,78.8,70.69999999999999,-2.700000000000003,mantido
2300705,CE,Alto Santo,Nordeste,80.0,15.5,73.5,22.1,23.9,64.5,51.4,-6.5,mantido
2300754,CE,Amontada,Nordeste,75.0,19.1,70.1,26.1,27.6,55.9,43.99999999999999,-4.900000000000006,mantido
2300804,CE,Antonina do Norte,Nordeste,82.3,10.6,80.2,15.2,17.9,71.7,65.0,-2.0999999999999943,mantido
2300903,CE,Apuiarés,Nordeste,75.9,17.3,71.3,23.6,25.6,58.60000000000001,47.699999999999996,-4.6000000000000085,mantido
2301000,CE,Aquiraz,Nordeste,62.6,30.0,58.4,35.9,37.7,32.6,22.5,-4.200000000000003,mantido
2301109,CE,Aracati,Nordeste,67.1,25.4,63.2,31.3,32.9,41.699999999999996,31.900000000000002,-3.8999999999999915,mantido
2301208,CE,Aracoiaba,Nordeste,73.8,20.5,69.1,27.2,28.7,53.3,41.89999999999999,-4.700000000000003,mantido
2301257,CE,Ararendá,Nordeste,75.8,18.8,71.7,25.1,26.2,57.0,46.6,-4.099999999999994,mantido
2301307,CE,Araripe,Nordeste,87.9,6.8,83.2,13.8,15.1,81.10000000000001,69.4,-4.700000000000003,mantido
2301406,CE,Aratuba,Nordeste,75.2,17.7,69.5,26.4,27.6,57.5,43.1,-5.700000000000003,mantido
2301505,CE,Arneiroz,Nordeste,77.9,15.2,73.8,22.0,23.2,62.7,51.8,-4.1000000000000085,mantido
2301604,CE,Assaré,Nordeste,83.1,10.8,77.6,17.7,19.3,72.3,59.89999999999999,-5.5,mantido
2301703,CE,Aurora,Nordeste,80.3,12.8,73.7,22.0,23.5,67.5,51.7,-6.599999999999994,mantido
2301802,CE,Baixio,Nordeste,82.3,11.2,81.7,15.4,16.5,71.1,66.3,-0.5999999999999943,mantido
2301851,CE,Banabuiú,Nordeste,80.2,14.7,74.9,21.8,23.0,65.5,53.10000000000001,-5.299999999999997,mantido
2301901,CE,Barbalha,Nordeste,73.0,20.3,67.6,27.6,29.4,52.7,39.99999999999999,-5.400000000000006,mantido
2301950,CE,Barreira,Nordeste,59.9,33.8,57.0,39.8,40.9,26.1,17.200000000000003,-2.8999999999999986,mantido
2302008,CE,Barro,Nordeste,84.2,10.0,80.7,15.6,17.0,74.2,65.10000000000001,-3.5,mantido
2302057,CE,Barroquinha,Nordeste,76.3,15.2,67.3,28.3,29.7,61.099999999999994,39.0,-9.0,mantido
2302107,CE,Baturité,Nordeste,74.1,20.2,69.6,26.3,28.0,53.89999999999999,43.3,-4.5,mantido
2302206,CE,Beberibe,Nordeste,67.4,25.0,64.9,29.9,31.5,42.400000000000006,35.00000000000001,-2.5,mantido
2302305,CE,Bela Cruz,Nordeste,66.1,24.4,63.2,32.0,34.0,41.699999999999996,31.200000000000003,-2.8999999999999915,mantido
2302404,CE,Boa Viagem,Nordeste,83.2,10.9,73.9,20.0,21.4,72.3,53.900000000000006,-9.299999999999997,mantido
2302503,CE,Brejo Santo,Nordeste,79.2,15.7,75.5,20.7,22.4,63.5,54.8,-3.700000000000003,mantido
2302602,CE,Camocim,Nordeste,64.9,22.9,63.3,30.9,33.0,42.00000000000001,32.4,-1.6000000000000085,mantido
2302701,CE,Campos Sales,Nordeste,83.8,11.4,79.4,16.8,18.3,72.39999999999999,62.60000000000001,-4.3999999999999915,mantido
2302800,CE,Canindé,Nordeste,76.9,17.5,72.2,23.6,25.3,59.400000000000006,48.6,-4.700000000000003,mantido
2302909,CE,Capistrano,Nordeste,77.6,16.4,72.9,23.6,24.7,61.199999999999996,49.300000000000004,-4.699999999999989,mantido
2303006,CE,Caridade,Nordeste,79.0,16.0,71.3,24.1,25.7,63.0,47.199999999999996,-7.700000000000003,mantido
2303204,CE,Caririaçu,Nordeste,79.0,14.2,74.0,21.6,23.1,64.8,52.4,-5.0,mantido
2303105,CE,Cariré,Nordeste,71.3,20.9,68.6,27.6,29.1,50.4,40.99999999999999,-2.700000000000003,mantido
2303303,CE,Cariús,Nordeste,81.4,14.0,77.6,18.9,20.1,67.4,58.699999999999996,-3.8000000000000114,mantido
2303402,CE,Carnaubal,Nordeste,68.3,23.4,63.3,31.6,33.3,44.9,31.699999999999996,-5.0,mantido
2303501,CE,Cascavel,Nordeste,64.5,27.7,60.8,33.8,35.6,36.8,27.0,-3.700000000000003,mantido
2303600,CE,Catarina,Nordeste,80.7,13.9,74.9,21.1,22.2,66.8,53.800000000000004,-5.799999999999997,mantido
2303659,CE,Catunda,Nordeste,82.1,11.3,78.8,18.5,19.6,70.8,60.3,-3.299999999999997,mantido
2303709,CE,Caucaia,Nordeste,58.5,32.4,56.0,37.4,39.9,26.1,18.6,-2.5,mantido
2303808,CE,Cedro,Nordeste,77.9,14.1,76.5,19.5,21.4,63.800000000000004,57.0,-1.4000000000000057,mantido
2303907,CE,Chaval,Nordeste,79.8,14.1,77.1,19.1,20.4,65.7,57.99999999999999,-2.700000000000003,mantido
2303956,CE,Chorozinho,Nordeste,71.2,22.0,68.1,28.2,29.6,49.2,39.89999999999999,-3.1000000000000085,mantido
2303931,CE,Choró,Nordeste,80.6,14.7,76.6,20.3,21.5,65.89999999999999,56.3,-4.0,mantido
2304004,CE,Coreaú,Nordeste,73.2,17.6,69.4,26.9,28.3,55.6,42.50000000000001,-3.799999999999997,mantido
2304103,CE,Crateús,Nordeste,74.5,18.8,71.2,25.9,27.1,55.7,45.300000000000004,-3.299999999999997,mantido
2304202,CE,Crato,Nordeste,81.1,13.3,77.0,18.6,20.5,67.8,58.4,-4.099999999999994,mantido
2304236,CE,Croatá,Nordeste,78.1,13.7,70.9,23.6,25.5,64.39999999999999,47.300000000000004,-7.199999999999989,mantido
2304251,CE,Cruz,Nordeste,63.7,29.2,57.1,37.7,39.4,34.5,19.4,-6.600000000000001,mantido
2304269,CE,Deputado Irapuan Pinheiro,Nordeste,83.4,9.5,76.4,18.3,20.2,73.9,58.10000000000001,-7.0,mantido
2304277,CE,Ererê,Nordeste,82.3,12.1,79.2,17.0,18.1,70.2,62.2,-3.0999999999999943,mantido
2304285,CE,Eusébio,Nordeste,53.1,38.3,47.4,45.3,47.9,14.800000000000004,2.1000000000000014,-5.700000000000003,mantido
2304301,CE,Farias Brito,Nordeste,84.5,9.8,80.7,15.6,17.2,74.7,65.10000000000001,-3.799999999999997,mantido
2304350,CE,Forquilha,Nordeste,60.5,24.1,59.7,33.9,36.4,36.4,25.800000000000004,-0.7999999999999972,mantido
2304400,CE,Fortaleza,Nordeste,53.2,35.2,53.5,39.3,42.1,18.0,14.200000000000003,0.29999999999999716,mantido
2304459,CE,Fortim,Nordeste,66.2,27.5,60.9,33.7,35.5,38.7,27.199999999999996,-5.300000000000004,mantido
2304509,CE,Frecheirinha,Nordeste,70.3,21.2,61.3,34.3,36.1,49.099999999999994,27.0,-9.0,mantido
2304608,CE,General Sampaio,Nordeste,78.3,16.1,73.3,22.9,24.1,62.199999999999996,50.4,-5.0,mantido
2304707,CE,Granja,Nordeste,82.6,11.3,79.5,16.9,18.5,71.3,62.6,-3.0999999999999943,mantido
2304806,CE,Granjeiro,Nordeste,84.9,10.4,80.6,16.0,17.1,74.5,64.6,-4.300000000000011,mantido
2304657,CE,Graça,Nordeste,84.1,9.8,75.8,19.2,21.3,74.3,56.599999999999994,-8.299999999999997,mantido
2304905,CE,Groaíras,Nordeste,63.6,25.3,57.5,36.8,38.5,38.3,20.700000000000003,-6.100000000000001,mantido
2304954,CE,Guaiúba,Nordeste,73.1,21.0,69.4,27.0,28.1,52.099999999999994,42.400000000000006,-3.6999999999999886,mantido
2305001,CE,Guaraciaba do Norte,Nordeste,71.7,20.1,64.5,30.5,32.1,51.6,34.0,-7.200000000000003,mantido
2305100,CE,Guaramiranga,Nordeste,74.9,18.3,68.7,26.7,28.7,56.60000000000001,42.0,-6.200000000000003,mantido
2305209,CE,Hidrolândia,Nordeste,73.5,17.8,70.1,26.0,27.2,55.7,44.099999999999994,-3.4000000000000057,mantido
2305233,CE,Horizonte,Nordeste,61.4,30.6,57.9,35.3,37.7,30.799999999999997,22.6,-3.5,mantido
2305266,CE,Ibaretama,Nordeste,77.5,16.0,76.3,20.5,21.8,61.5,55.8,-1.2000000000000028,mantido
2305308,CE,Ibiapina,Nordeste,68.7,20.1,59.9,33.8,35.7,48.6,26.1,-8.800000000000004,mantido
2305332,CE,Ibicuitinga,Nordeste,74.2,21.0,67.1,29.0,30.1,53.2,38.099999999999994,-7.1000000000000085,mantido
2305357,CE,Icapuí,Nordeste,68.3,26.1,62.0,33.7,35.2,42.199999999999996,28.299999999999997,-6.299999999999997,mantido
2305407,CE,Icó,Nordeste,76.7,16.9,73.7,22.2,23.7,59.800000000000004,51.5,-3.0,mantido
2305506,CE,Iguatu,Nordeste,79.0,15.8,76.3,19.4,21.4,63.2,56.9,-2.700000000000003,mantido
2305605,CE,Independência,Nordeste,73.0,21.3,70.2,26.8,27.6,51.7,43.400000000000006,-2.799999999999997,mantido
2305654,CE,Ipaporanga,Nordeste,79.4,16.1,73.1,23.8,25.1,63.300000000000004,49.3,-6.300000000000011,mantido
2305704,CE,Ipaumirim,Nordeste,81.0,13.2,78.4,17.7,18.9,67.8,60.7,-2.5999999999999943,mantido
2305803,CE,Ipu,Nordeste,77.1,16.6,71.1,24.6,25.9,60.49999999999999,46.49999999999999,-6.0,mantido
2305902,CE,Ipueiras,Nordeste,74.8,17.6,69.0,26.8,28.4,57.199999999999996,42.2,-5.799999999999997,mantido
2306009,CE,Iracema,Nordeste,80.7,14.8,74.1,22.5,23.7,65.9,51.599999999999994,-6.6000000000000085,mantido
2306108,CE,Irauçuba,Nordeste,78.2,15.3,74.6,21.8,23.4,62.900000000000006,52.8,-3.6000000000000085,mantido
2306256,CE,Itaitinga,Nordeste,63.0,30.2,56.2,37.4,39.4,32.8,18.800000000000004,-6.799999999999997,mantido
2306207,CE,Itaiçaba,Nordeste,67.4,24.1,62.9,31.8,33.5,43.300000000000004,31.099999999999998,-4.500000000000007,mantido
2306306,CE,Itapagé,Nordeste,62.8,30.6,59.3,36.8,38.2,32.199999999999996,22.5,-3.5,mantido
2306405,CE,Itapipoca,Nordeste,74.0,18.7,71.1,24.8,26.6,55.3,46.3,-2.9000000000000057,mantido
2306504,CE,Itapiúna,Nordeste,72.9,19.9,68.1,28.4,29.4,53.00000000000001,39.699999999999996,-4.800000000000011,mantido
2306553,CE,Itarema,Nordeste,62.3,30.1,59.2,37.2,38.3,32.199999999999996,22.0,-3.0999999999999943,mantido
2306603,CE,Itatira,Nordeste,80.9,14.7,74.2,22.0,23.2,66.2,52.2,-6.700000000000003,mantido
2306702,CE,Jaguaretama,Nordeste,80.5,13.6,74.3,21.3,22.8,66.9,53.0,-6.200000000000003,mantido
2306801,CE,Jaguaribara,Nordeste,78.3,17.2,75.0,21.4,22.7,61.099999999999994,53.6,-3.299999999999997,mantido
2306900,CE,Jaguaribe,Nordeste,77.9,16.4,73.7,21.5,23.4,61.50000000000001,52.2,-4.200000000000003,mantido
2307007,CE,Jaguaruana,Nordeste,66.6,26.2,63.6,32.2,33.4,40.39999999999999,31.4,-2.999999999999993,mantido
2307106,CE,Jardim,Nordeste,81.7,11.6,76.0,19.9,21.0,70.10000000000001,56.1,-5.700000000000003,mantido
2307205,CE,Jati,Nordeste,81.5,12.6,79.9,17.1,17.9,68.9,62.800000000000004,-1.5999999999999943,mantido
2307254,CE,Jijoca de Jericoacoara,Nordeste,64.7,27.9,56.0,38.1,40.2,36.800000000000004,17.9,-8.700000000000003,mantido
2307304,CE,Juazeiro do Norte,Nordeste,72.5,19.9,67.1,26.2,29.0,52.6,40.89999999999999,-5.400000000000006,mantido
2307403,CE,Jucás,Nordeste,75.5,16.6,71.4,23.8,25.5,58.9,47.60000000000001,-4.099999999999994,mantido
2307502,CE,Lavras da Mangabeira,Nordeste,79.1,12.8,77.4,19.2,20.7,66.3,58.2,-1.6999999999999886,mantido
2307601,CE,Limoeiro do Norte,Nordeste,72.6,20.2,69.6,24.9,27.3,52.39999999999999,44.699999999999996,-3.0,mantido
2307635,CE,Madalena,Nordeste,80.1,14.2,73.9,21.3,22.7,65.89999999999999,52.60000000000001,-6.199999999999989,mantido
2307650,CE,Maracanaú,Nordeste,57.5,33.8,54.3,39.1,41.6,23.700000000000003,15.199999999999996,-3.200000000000003,mantido
2307700,CE,Maranguape,Nordeste,63.5,29.7,60.0,34.9,36.7,33.8,25.1,-3.5,mantido
2307809,CE,Marco,Nordeste,51.3,41.4,51.6,44.8,46.0,9.899999999999999,6.800000000000004,0.30000000000000426,mantido
2307908,CE,Martinópole,Nordeste,81.2,12.9,75.5,20.5,22.2,68.3,55.0,-5.700000000000003,mantido
2308005,CE,Massapê,Nordeste,69.1,21.0,65.4,30.1,31.6,48.099999999999994,35.300000000000004,-3.6999999999999886,mantido
2308104,CE,Mauriti,Nordeste,75.9,17.9,72.5,24.5,25.8,58.00000000000001,48.0,-3.4000000000000057,mantido
2308203,CE,Meruoca,Nordeste,72.3,14.4,67.7,26.3,28.4,57.9,41.400000000000006,-4.599999999999994,mantido
2308302,CE,Milagres,Nordeste,84.9,9.6,82.2,13.9,15.6,75.30000000000001,68.3,-2.700000000000003,mantido
2308351,CE,Milhã,Nordeste,82.0,12.5,76.1,19.9,21.3,69.5,56.199999999999996,-5.900000000000006,mantido
2308377,CE,Miraíma,Nordeste,81.8,12.3,78.1,18.5,19.7,69.5,59.599999999999994,-3.700000000000003,mantido
2308401,CE,Missão Velha,Nordeste,80.9,13.8,78.1,18.5,19.9,67.10000000000001,59.599999999999994,-2.8000000000000114,mantido
2308500,CE,Mombaça,Nordeste,78.9,15.8,75.8,20.9,22.0,63.10000000000001,54.9,-3.1000000000000085,mantido
2308609,CE,Monsenhor Tabosa,Nordeste,79.2,15.2,71.9,24.9,26.1,64.0,47.00000000000001,-7.299999999999997,mantido
2308708,CE,Morada Nova,Nordeste,69.9,21.8,62.2,32.1,33.9,48.10000000000001,30.1,-7.700000000000003,mantido
2308807,CE,Moraújo,Nordeste,74.8,17.8,69.6,26.5,27.8,57.0,43.099999999999994,-5.200000000000003,mantido
2308906,CE,Morrinhos,Nordeste,51.5,42.6,47.7,48.4,50.1,8.899999999999999,-0.6999999999999957,-3.799999999999997,vira
2309003,CE,Mucambo,Nordeste,74.6,16.1,69.8,24.5,26.1,58.49999999999999,45.3,-4.799999999999997,mantido
2309102,CE,Mulungu,Nordeste,74.3,20.5,69.7,27.5,28.6,53.8,42.2,-4.599999999999994,mantido
2309201,CE,Nova Olinda,Nordeste,79.9,14.8,74.9,21.3,22.9,65.10000000000001,53.60000000000001,-5.0,mantido
2309300,CE,Nova Russas,Nordeste,68.9,24.2,66.7,29.1,30.7,44.7,37.6,-2.200000000000003,mantido
2309409,CE,Novo Oriente,Nordeste,80.4,14.1,74.6,22.4,23.6,66.30000000000001,52.199999999999996,-5.800000000000011,mantido
2309458,CE,Ocara,Nordeste,71.9,21.7,68.5,27.1,28.5,50.2,41.4,-3.4000000000000057,mantido
2309508,CE,Orós,Nordeste,77.2,17.7,73.7,22.3,23.8,59.5,51.400000000000006,-3.5,mantido
2309607,CE,Pacajus,Nordeste,60.1,31.0,56.5,37.0,39.2,29.1,19.5,-3.6000000000000014,mantido
2309706,CE,Pacatuba,Nordeste,60.4,31.8,55.6,38.4,40.5,28.599999999999998,17.200000000000003,-4.799999999999997,mantido
2309805,CE,Pacoti,Nordeste,75.1,17.5,72.1,23.9,25.3,57.599999999999994,48.199999999999996,-3.0,mantido
2309904,CE,Pacujá,Nordeste,80.6,9.4,74.0,19.9,21.2,71.19999999999999,54.1,-6.599999999999994,mantido
2310001,CE,Palhano,Nordeste,63.8,26.1,58.6,36.5,38.1,37.699999999999996,22.1,-5.199999999999996,mantido
2310100,CE,Palmácia,Nordeste,73.7,20.3,67.4,28.7,30.1,53.400000000000006,38.7,-6.299999999999997,mantido
2310209,CE,Paracuru,Nordeste,66.9,26.2,62.5,32.7,34.4,40.7,29.799999999999997,-4.400000000000006,mantido
2310258,CE,Paraipaba,Nordeste,60.5,32.5,56.9,38.3,39.9,28.0,18.6,-3.6000000000000014,mantido
2310308,CE,Parambu,Nordeste,69.9,23.6,64.0,32.5,34.0,46.300000000000004,31.5,-5.900000000000006,mantido
2310407,CE,Paramoti,Nordeste,76.7,17.5,73.0,23.4,24.7,59.2,49.6,-3.700000000000003,mantido
2310506,CE,Pedra Branca,Nordeste,85.2,10.3,79.6,16.7,18.1,74.9,62.89999999999999,-5.6000000000000085,mantido
2310605,CE,Penaforte,Nordeste,79.5,13.8,76.7,19.3,20.8,65.7,57.400000000000006,-2.799999999999997,mantido
2310704,CE,Pentecoste,Nordeste,74.0,20.9,69.4,26.6,28.0,53.1,42.800000000000004,-4.599999999999994,mantido
2310803,CE,Pereiro,Nordeste,81.3,12.8,77.3,18.2,20.8,68.5,59.099999999999994,-4.0,mantido
2310852,CE,Pindoretama,Nordeste,70.4,24.2,68.4,27.3,28.8,46.2,41.10000000000001,-2.0,mantido
2310902,CE,Piquet Carneiro,Nordeste,82.6,13.3,74.3,22.8,24.1,69.3,51.5,-8.299999999999997,mantido
2310951,CE,Pires Ferreira,Nordeste,74.7,15.5,71.3,23.7,24.8,59.2,47.599999999999994,-3.4000000000000057,mantido
2311009,CE,Poranga,Nordeste,83.6,11.7,79.3,17.7,18.9,71.89999999999999,61.599999999999994,-4.299999999999997,mantido
2311108,CE,Porteiras,Nordeste,83.8,10.8,82.7,15.0,16.2,73.0,67.7,-1.0999999999999943,mantido
2311207,CE,Potengi,Nordeste,87.2,7.6,84.4,13.0,14.2,79.60000000000001,71.4,-2.799999999999997,mantido
2311231,CE,Potiretama,Nordeste,84.2,12.9,72.9,23.7,24.8,71.3,49.2,-11.299999999999997,mantido
2311264,CE,Quiterianópolis,Nordeste,80.2,13.7,75.8,19.8,20.6,66.5,56.0,-4.400000000000006,mantido
2311306,CE,Quixadá,Nordeste,63.0,30.9,60.2,35.8,37.3,32.1,24.400000000000006,-2.799999999999997,mantido
2311355,CE,Quixelô,Nordeste,82.3,12.3,79.8,17.3,18.5,70.0,62.5,-2.5,mantido
2311405,CE,Quixeramobim,Nordeste,76.0,16.5,73.5,22.4,23.9,59.5,51.1,-2.5,mantido
2311504,CE,Quixeré,Nordeste,73.3,20.1,67.6,25.7,27.9,53.199999999999996,41.89999999999999,-5.700000000000003,mantido
2311603,CE,Redenção,Nordeste,69.6,23.3,66.8,29.0,30.1,46.3,37.8,-2.799999999999997,mantido
2311702,CE,Reriutaba,Nordeste,76.4,14.0,74.8,20.1,21.9,62.400000000000006,54.699999999999996,-1.6000000000000085,mantido
2311801,CE,Russas,Nordeste,68.1,24.2,63.4,30.5,32.7,43.89999999999999,32.9,-4.699999999999996,mantido
2311900,CE,Saboeiro,Nordeste,81.1,14.6,77.5,19.4,20.8,66.5,58.1,-3.5999999999999943,mantido
2311959,CE,Salitre,Nordeste,78.9,12.9,71.7,25.9,26.6,66.0,45.800000000000004,-7.200000000000003,mantido
2312205,CE,Santa Quitéria,Nordeste,76.7,13.7,74.1,20.7,22.6,63.0,53.39999999999999,-2.6000000000000085,mantido
2312007,CE,Santana do Acaraú,Nordeste,76.2,16.8,73.4,22.6,23.9,59.400000000000006,50.800000000000004,-2.799999999999997,mantido
2312106,CE,Santana do Cariri,Nordeste,87.1,8.4,83.2,13.6,14.8,78.69999999999999,69.60000000000001,-3.8999999999999915,mantido
2312700,CE,Senador Pompeu,Nordeste,69.7,21.8,66.5,29.9,31.0,47.900000000000006,36.6,-3.200000000000003,mantido
2312809,CE,Senador Sá,Nordeste,72.2,19.4,69.0,25.4,27.1,52.800000000000004,43.6,-3.200000000000003,mantido
2312908,CE,Sobral,Nordeste,55.5,24.7,59.7,33.7,36.2,30.8,26.0,4.200000000000003,mantido
2313005,CE,Solonópole,Nordeste,81.7,13.1,73.3,21.4,22.8,68.60000000000001,51.9,-8.400000000000006,mantido
2312304,CE,São Benedito,Nordeste,71.1,20.6,63.3,31.8,33.7,50.49999999999999,31.499999999999996,-7.799999999999997,mantido
2312403,CE,São Gonçalo do Amarante,Nordeste,61.9,30.4,56.8,37.3,39.1,31.5,19.5,-5.100000000000001,mantido
2312502,CE,São João do Jaguaribe,Nordeste,78.4,13.4,79.3,16.5,18.1,65.0,62.8,0.8999999999999915,mantido
2312601,CE,São Luís do Curu,Nordeste,71.8,22.3,67.5,28.6,29.9,49.5,38.9,-4.299999999999997,mantido
2313104,CE,Tabuleiro do Norte,Nordeste,77.4,16.8,75.8,19.9,21.6,60.60000000000001,55.9,-1.6000000000000085,mantido
2313203,CE,Tamboril,Nordeste,76.6,15.6,74.8,22.4,23.3,60.99999999999999,52.4,-1.7999999999999972,mantido
2313252,CE,Tarrafas,Nordeste,84.9,9.6,81.2,15.2,16.6,75.30000000000001,66.0,-3.700000000000003,mantido
2313302,CE,Tauá,Nordeste,64.6,25.2,65.1,31.0,32.3,39.39999999999999,34.099999999999994,0.5,mantido
2313351,CE,Tejuçuoca,Nordeste,76.3,17.0,70.2,25.4,26.7,59.3,44.800000000000004,-6.099999999999994,mantido
2313401,CE,Tianguá,Nordeste,61.3,30.4,53.9,40.7,42.6,30.9,13.199999999999996,-7.399999999999999,mantido
2313500,CE,Trairi,Nordeste,70.5,22.1,66.6,29.1,30.6,48.4,37.49999999999999,-3.9000000000000057,mantido
2313559,CE,Tururu,Nordeste,73.3,21.0,68.7,27.6,28.7,52.3,41.1,-4.599999999999994,mantido
2313609,CE,Ubajara,Nordeste,63.7,25.4,62.5,33.0,34.8,38.300000000000004,29.5,-1.2000000000000028,mantido
2313708,CE,Umari,Nordeste,73.4,18.2,75.3,21.6,22.6,55.2,53.699999999999996,1.8999999999999915,mantido
2313757,CE,Umirim,Nordeste,74.7,19.5,70.0,26.4,27.9,55.2,43.6,-4.700000000000003,mantido
2313807,CE,Uruburetama,Nordeste,71.2,22.7,69.1,27.3,28.6,48.5,41.8,-2.1000000000000085,mantido
2313906,CE,Uruoca,Nordeste,76.9,17.9,71.7,25.1,26.2,59.00000000000001,46.6,-5.200000000000003,mantido
2313955,CE,Varjota,Nordeste,59.5,20.9,59.8,34.3,36.1,38.6,25.5,0.29999999999999716,mantido
2314102,CE,Viçosa do Ceará,Nordeste,74.0,18.5,69.4,26.9,28.2,55.5,42.50000000000001,-4.599999999999994,mantido
2314003,CE,Várzea Alegre,Nordeste,80.0,14.5,74.8,21.1,22.7,65.5,53.699999999999996,-5.200000000000003,mantido
5300108,DF,Brasília,Centro-Oeste,36.9,51.7,38.1,51.3,54.3,-14.800000000000004,-13.199999999999996,1.2000000000000028,outro
3200102,ES,Afonso Cláudio,Sudeste,36.8,55.4,33.5,59.5,61.5,-18.6,-26.0,-3.299999999999997,outro
3200201,ES,Alegre,Sudeste,45.5,48.0,43.3,50.6,52.7,-2.5,-7.300000000000004,-2.200000000000003,outro
3200300,ES,Alfredo Chaves,Sudeste,30.0,63.0,25.3,67.8,69.5,-33.0,-42.5,-4.699999999999999,outro
3200359,ES,Alto Rio Novo,Sudeste,53.8,39.8,51.6,42.3,44.0,14.0,9.300000000000004,-2.1999999999999957,mantido
3200409,ES,Anchieta,Sudeste,40.5,53.2,36.4,57.0,59.6,-12.700000000000003,-20.6,-4.100000000000001,outro
3200508,ES,Apiacá,Sudeste,47.9,46.5,45.3,49.4,51.4,1.3999999999999986,-4.100000000000001,-2.6000000000000014,vira
3200607,ES,Aracruz,Sudeste,41.3,52.5,37.9,54.7,57.3,-11.200000000000003,-16.800000000000004,-3.3999999999999986,outro
3200706,ES,Atilio Vivacqua,Sudeste,45.4,49.8,39.1,56.2,57.6,-4.399999999999999,-17.1,-6.299999999999997,outro
3200805,ES,Baixo Guandu,Sudeste,42.7,51.7,37.2,56.9,59.2,-9.0,-19.699999999999996,-5.5,outro
3200904,ES,Barra de São Francisco,Sudeste,44.6,50.5,40.8,53.6,55.7,-5.899999999999999,-12.800000000000004,-3.8000000000000043,outro
3201001,ES,Boa Esperança,Sudeste,52.0,42.6,47.8,46.9,48.3,9.399999999999999,0.8999999999999986,-4.200000000000003,mantido
3201100,ES,Bom Jesus do Norte,Sudeste,46.1,47.4,42.3,51.4,53.4,-1.2999999999999972,-9.100000000000001,-3.8000000000000043,outro
3201159,ES,Brejetuba,Sudeste,42.0,51.4,37.9,56.4,58.4,-9.399999999999999,-18.5,-4.100000000000001,outro
3201209,ES,Cachoeiro de Itapemirim,Sudeste,29.5,63.8,27.3,65.7,68.1,-34.3,-38.400000000000006,-2.1999999999999993,outro
3201308,ES,Cariacica,Sudeste,42.2,50.1,39.8,51.9,54.9,-7.899999999999999,-12.100000000000001,-2.4000000000000057,outro
3201407,ES,Castelo,Sudeste,25.0,67.9,21.9,71.5,73.7,-42.900000000000006,-49.6,-3.1000000000000014,outro
3201506,ES,Colatina,Sudeste,34.8,57.0,30.6,61.2,63.9,-22.200000000000003,-30.6,-4.199999999999996,outro
3201605,ES,Conceição da Barra,Sudeste,61.6,33.2,60.1,35.1,36.6,28.4,25.0,-1.5,mantido
3201704,ES,Conceição do Castelo,Sudeste,27.9,64.2,25.6,67.5,69.7,-36.300000000000004,-41.9,-2.299999999999997,outro
3201803,ES,Divino de São Lourenço,Sudeste,39.2,54.2,36.0,59.6,60.9,-15.0,-23.6,-3.200000000000003,outro
3201902,ES,Domingos Martins,Sudeste,28.4,63.7,24.1,68.2,70.6,-35.300000000000004,-44.1,-4.299999999999997,outro
3202009,ES,Dores do Rio Preto,Sudeste,43.3,50.6,37.8,56.1,57.9,-7.300000000000004,-18.300000000000004,-5.5,outro
3202108,ES,Ecoporanga,Sudeste,55.6,39.3,51.4,43.2,44.7,16.300000000000004,8.199999999999996,-4.200000000000003,mantido
3202207,ES,Fundão,Sudeste,47.5,46.4,44.8,49.1,51.1,1.1000000000000014,-4.300000000000004,-2.700000000000003,vira
3202256,ES,Governador Lindenberg,Sudeste,49.9,43.5,41.3,51.4,53.4,6.399999999999999,-10.100000000000001,-8.600000000000001,vira
3202405,ES,Guarapari,Sudeste,32.8,59.7,31.6,60.8,63.6,-26.900000000000006,-29.199999999999996,-1.1999999999999957,outro
3202306,ES,Guaçuí,Sudeste,39.3,53.7,37.9,55.5,57.6,-14.400000000000006,-17.6,-1.3999999999999986,outro
3202454,ES,Ibatiba,Sudeste,30.5,63.9,27.8,66.6,68.8,-33.4,-38.8,-2.6999999999999993,outro
3202504,ES,Ibiraçu,Sudeste,40.1,53.5,37.2,55.8,58.0,-13.399999999999999,-18.599999999999994,-2.8999999999999986,outro
3202553,ES,Ibitirama,Sudeste,31.8,61.5,31.2,63.7,65.0,-29.7,-32.5,-0.6000000000000014,outro
3202603,ES,Iconha,Sudeste,35.8,57.0,30.2,62.8,64.7,-21.200000000000003,-32.599999999999994,-5.599999999999998,outro
3202652,ES,Irupi,Sudeste,28.9,65.7,25.9,69.6,71.0,-36.800000000000004,-43.699999999999996,-3.0,outro
3202702,ES,Itaguaçu,Sudeste,43.2,50.0,38.6,55.1,56.9,-6.799999999999997,-16.5,-4.600000000000001,outro
3202801,ES,Itapemirim,Sudeste,31.1,63.8,29.4,65.5,67.4,-32.699999999999996,-36.1,-1.7000000000000028,outro
3202900,ES,Itarana,Sudeste,35.2,56.8,28.5,64.2,66.3,-21.599999999999994,-35.7,-6.700000000000003,outro
3203007,ES,Iúna,Sudeste,30.1,63.9,28.2,66.1,67.9,-33.8,-37.89999999999999,-1.9000000000000021,outro
3203056,ES,Jaguaré,Sudeste,59.0,36.7,53.6,41.6,43.2,22.299999999999997,12.0,-5.399999999999999,mantido
3203106,ES,Jerônimo Monteiro,Sudeste,44.2,48.1,40.7,51.5,52.9,-3.8999999999999986,-10.799999999999997,-3.5,outro
3203130,ES,João Neiva,Sudeste,38.6,55.0,36.0,57.1,59.2,-16.4,-21.1,-2.6000000000000014,outro
3203163,ES,Laranja da Terra,Sudeste,37.8,56.0,31.4,62.9,64.3,-18.200000000000003,-31.5,-6.399999999999999,outro
3203205,ES,Linhares,Sudeste,37.3,55.6,34.1,59.1,61.5,-18.300000000000004,-25.0,-3.1999999999999957,outro
3203304,ES,Mantenópolis,Sudeste,43.3,52.5,40.4,55.0,56.7,-9.200000000000003,-14.600000000000001,-2.8999999999999986,outro
3203320,ES,Marataízes,Sudeste,31.1,63.8,29.9,64.8,66.9,-32.699999999999996,-34.9,-1.2000000000000028,outro
3203346,ES,Marechal Floriano,Sudeste,34.5,57.4,29.6,62.1,64.9,-22.9,-32.5,-4.899999999999999,outro
3203353,ES,Marilândia,Sudeste,36.3,57.8,31.4,62.6,64.5,-21.5,-31.200000000000003,-4.899999999999999,outro
3203403,ES,Mimoso do Sul,Sudeste,50.3,42.9,45.6,48.2,50.1,7.399999999999999,-2.6000000000000014,-4.699999999999996,vira
3203502,ES,Montanha,Sudeste,54.8,40.2,50.8,44.7,46.3,14.599999999999994,6.099999999999994,-4.0,mantido
3203601,ES,Mucurici,Sudeste,61.2,33.9,57.8,37.5,38.4,27.300000000000004,20.299999999999997,-3.4000000000000057,mantido
3203700,ES,Muniz Freire,Sudeste,43.1,49.8,38.6,54.8,56.7,-6.699999999999996,-16.199999999999996,-4.5,outro
3203809,ES,Muqui,Sudeste,44.3,48.1,41.9,51.6,53.4,-3.8000000000000043,-9.700000000000003,-2.3999999999999986,outro
3203908,ES,Nova Venécia,Sudeste,46.6,47.4,42.5,51.0,53.0,-0.7999999999999972,-8.5,-4.100000000000001,outro
3204005,ES,Pancas,Sudeste,45.9,48.6,41.5,53.5,55.2,-2.700000000000003,-12.0,-4.399999999999999,outro
3204054,ES,Pedro Canário,Sudeste,57.9,36.9,54.5,40.2,41.9,21.0,14.299999999999997,-3.3999999999999986,mantido
3204104,ES,Pinheiros,Sudeste,60.3,34.7,56.1,38.3,39.9,25.599999999999994,17.800000000000004,-4.199999999999996,mantido
3204203,ES,Piúma,Sudeste,38.8,55.9,35.8,57.8,60.2,-17.1,-22.0,-3.0,outro
3204252,ES,Ponto Belo,Sudeste,62.5,32.6,58.1,37.5,38.5,29.9,20.6,-4.399999999999999,mantido
3204302,ES,Presidente Kennedy,Sudeste,36.6,59.2,31.6,64.0,65.2,-22.6,-32.4,-5.0,outro
3204351,ES,Rio Bananal,Sudeste,45.1,48.8,37.9,56.3,57.8,-3.6999999999999957,-18.4,-7.200000000000003,outro
3204401,ES,Rio Novo do Sul,Sudeste,27.9,66.6,24.8,69.8,71.5,-38.699999999999996,-45.0,-3.099999999999998,outro
3204500,ES,Santa Leopoldina,Sudeste,44.2,47.0,41.4,50.8,53.1,-2.799999999999997,-9.399999999999999,-2.8000000000000043,outro
3204559,ES,Santa Maria de Jetibá,Sudeste,29.7,64.2,22.5,70.1,72.4,-34.5,-47.599999999999994,-7.199999999999999,outro
3204609,ES,Santa Teresa,Sudeste,33.5,59.1,29.1,62.9,65.3,-25.6,-33.8,-4.399999999999999,outro
3205002,ES,Serra,Sudeste,44.9,47.2,42.1,49.2,52.6,-2.3000000000000043,-7.100000000000001,-2.799999999999997,outro
3205010,ES,Sooretama,Sudeste,50.2,44.7,42.8,51.0,52.9,5.5,-8.200000000000003,-7.400000000000006,vira
3204658,ES,São Domingos do Norte,Sudeste,49.8,45.4,44.0,50.3,51.8,4.399999999999999,-6.299999999999997,-5.799999999999997,vira
3204708,ES,São Gabriel da Palha,Sudeste,42.6,52.4,37.0,56.7,58.7,-9.799999999999997,-19.700000000000003,-5.600000000000001,outro
3204807,ES,São José do Calçado,Sudeste,51.6,41.8,49.4,45.6,46.8,9.800000000000004,3.799999999999997,-2.200000000000003,mantido
3204906,ES,São Mateus,Sudeste,50.6,42.7,48.2,45.7,48.0,7.899999999999999,2.5,-2.3999999999999986,mantido
3204955,ES,São Roque do Canaã,Sudeste,40.1,53.3,34.3,59.7,61.7,-13.199999999999996,-25.400000000000006,-5.800000000000004,outro
3205036,ES,Vargem Alta,Sudeste,27.7,66.2,26.4,68.4,69.9,-38.5,-42.00000000000001,-1.3000000000000007,outro
3205069,ES,Venda Nova do Imigrante,Sudeste,24.2,68.3,21.0,72.2,74.6,-44.099999999999994,-51.2,-3.1999999999999993,outro
3205101,ES,Viana,Sudeste,43.6,49.0,40.0,52.1,54.7,-5.399999999999999,-12.100000000000001,-3.6000000000000014,outro
3205150,ES,Vila Pavão,Sudeste,51.4,42.5,46.9,46.9,48.4,8.899999999999999,0.0,-4.5,outro
3205176,ES,Vila Valério,Sudeste,54.4,41.4,46.3,47.5,49.6,13.0,-1.2000000000000028,-8.100000000000001,vira
3205200,ES,Vila Velha,Sudeste,36.2,54.8,35.5,55.5,59.0,-18.599999999999994,-20.0,-0.7000000000000028,outro
3205309,ES,Vitória,Sudeste,41.9,48.2,41.6,49.4,53.0,-6.300000000000004,-7.799999999999997,-0.29999999999999716,outro
3200169,ES,Água Doce do Norte,Sudeste,51.5,43.6,48.1,46.9,48.6,7.899999999999999,1.2000000000000028,-3.3999999999999986,mantido
3200136,ES,Águia Branca,Sudeste,57.7,37.5,50.0,44.5,45.8,20.200000000000003,5.5,-7.700000000000003,mantido
5200050,GO,Abadia de Goiás,Centro-Oeste,40.5,52.3,30.7,50.7,51.8,-11.799999999999997,-20.000000000000004,-9.8,outro
5200100,GO,Abadiânia,Centro-Oeste,31.0,62.0,24.6,60.5,61.5,-31.0,-35.9,-6.399999999999999,outro
5200134,GO,Acreúna,Centro-Oeste,44.1,50.0,31.0,60.4,61.3,-5.899999999999999,-29.4,-13.100000000000001,outro
5200159,GO,Adelândia,Centro-Oeste,28.2,65.8,22.8,62.1,62.5,-37.599999999999994,-39.3,-5.399999999999999,outro
5200308,GO,Alexânia,Centro-Oeste,31.1,60.7,24.6,59.5,60.8,-29.6,-34.9,-6.5,outro
5200506,GO,Aloândia,Centro-Oeste,43.4,48.6,36.7,52.7,53.1,-5.200000000000003,-16.0,-6.699999999999996,outro
5200555,GO,Alto Horizonte,Centro-Oeste,41.1,54.2,31.3,56.3,57.3,-13.100000000000001,-24.999999999999996,-9.8,outro
5200605,GO,Alto Paraíso de Goiás,Centro-Oeste,59.4,34.1,52.6,33.9,35.1,25.299999999999997,18.700000000000003,-6.799999999999997,mantido
5200803,GO,Alvorada do Norte,Centro-Oeste,49.9,43.3,42.2,43.7,44.8,6.600000000000001,-1.5,-7.699999999999996,vira
5200829,GO,Amaralina,Centro-Oeste,53.3,39.6,43.2,40.7,41.6,13.699999999999996,2.5,-10.099999999999994,mantido
5200852,GO,Americano do Brasil,Centro-Oeste,47.7,43.7,35.9,47.2,48.3,4.0,-11.300000000000004,-11.800000000000004,vira
5200902,GO,Amorinópolis,Centro-Oeste,44.2,48.9,33.2,54.0,54.4,-4.699999999999996,-20.799999999999997,-11.0,outro
5201207,GO,Anhanguera,Centro-Oeste,48.7,42.7,40.8,45.1,45.9,6.0,-4.300000000000004,-7.900000000000006,vira
5201306,GO,Anicuns,Centro-Oeste,37.9,55.3,29.7,53.4,54.5,-17.4,-23.7,-8.2,outro
5201108,GO,Anápolis,Centro-Oeste,27.9,63.0,21.8,63.1,65.0,-35.1,-41.3,-6.099999999999998,outro
5201405,GO,Aparecida de Goiânia,Centro-Oeste,39.8,50.7,31.6,50.5,52.3,-10.900000000000006,-18.9,-8.199999999999996,outro
5201454,GO,Aparecida do Rio Doce,Centro-Oeste,49.3,44.9,34.9,55.4,57.5,4.399999999999999,-20.5,-14.399999999999999,vira
5201504,GO,Aporé,Centro-Oeste,43.0,50.8,28.3,53.5,54.7,-7.799999999999997,-25.2,-14.7,outro
5201702,GO,Aragarças,Centro-Oeste,43.2,51.0,35.2,55.3,57.3,-7.799999999999997,-20.099999999999994,-8.0,outro
5201801,GO,Aragoiânia,Centro-Oeste,43.5,49.2,33.7,49.0,49.7,-5.700000000000003,-15.299999999999997,-9.799999999999997,outro
5202155,GO,Araguapaz,Centro-Oeste,47.6,45.9,36.3,49.6,50.2,1.7000000000000028,-13.300000000000004,-11.300000000000004,vira
5201603,GO,Araçu,Centro-Oeste,48.4,44.0,38.6,44.0,45.3,4.399999999999999,-5.399999999999999,-9.799999999999997,vira
5202353,GO,Arenópolis,Centro-Oeste,48.7,44.9,37.1,51.9,52.5,3.8000000000000043,-14.799999999999997,-11.600000000000001,vira
5202502,GO,Aruanã,Centro-Oeste,47.9,47.1,35.2,47.3,48.0,0.7999999999999972,-12.099999999999994,-12.699999999999996,vira
5202601,GO,Aurilândia,Centro-Oeste,54.0,40.2,43.8,44.9,45.7,13.799999999999997,-1.1000000000000014,-10.200000000000003,vira
5202809,GO,Avelinópolis,Centro-Oeste,38.0,54.9,26.9,58.1,58.8,-16.9,-31.200000000000003,-11.100000000000001,outro
5203104,GO,Baliza,Centro-Oeste,59.4,35.6,45.9,43.8,44.9,23.799999999999997,2.1000000000000014,-13.5,mantido
5203203,GO,Barro Alto,Centro-Oeste,44.2,49.1,29.8,51.0,51.8,-4.899999999999999,-21.2,-14.400000000000002,outro
5203302,GO,Bela Vista de Goiás,Centro-Oeste,39.3,51.0,28.2,51.5,52.7,-11.700000000000003,-23.3,-11.099999999999998,outro
5203401,GO,Bom Jardim de Goiás,Centro-Oeste,53.2,41.7,39.6,50.9,51.7,11.5,-11.299999999999997,-13.600000000000001,vira
5203500,GO,Bom Jesus de Goiás,Centro-Oeste,46.4,47.5,33.1,56.7,58.7,-1.1000000000000014,-23.6,-13.299999999999997,outro
5203559,GO,Bonfinópolis,Centro-Oeste,47.3,44.5,33.7,49.2,50.4,2.799999999999997,-15.5,-13.599999999999994,vira
5203575,GO,Bonópolis,Centro-Oeste,54.8,39.9,42.5,43.0,43.2,14.899999999999999,-0.5,-12.299999999999997,vira
5203609,GO,Brazabrantes,Centro-Oeste,42.9,49.8,35.2,47.5,48.9,-6.899999999999999,-12.299999999999997,-7.699999999999996,outro
5203807,GO,Britânia,Centro-Oeste,39.8,53.1,29.3,57.2,58.2,-13.300000000000004,-27.900000000000002,-10.499999999999996,outro
5203906,GO,Buriti Alegre,Centro-Oeste,45.2,48.4,33.0,54.5,55.7,-3.1999999999999957,-21.5,-12.200000000000003,outro
5203939,GO,Buriti de Goiás,Centro-Oeste,32.5,61.2,24.4,56.3,57.5,-28.700000000000003,-31.9,-8.100000000000001,outro
5203962,GO,Buritinópolis,Centro-Oeste,51.2,38.7,44.8,42.6,43.8,12.5,2.1999999999999957,-6.400000000000006,mantido
5204003,GO,Cabeceiras,Centro-Oeste,51.1,42.0,39.3,49.0,49.9,9.100000000000001,-9.700000000000003,-11.800000000000004,vira
5204102,GO,Cachoeira Alta,Centro-Oeste,46.7,47.2,32.8,54.3,55.6,-0.5,-21.5,-13.900000000000006,outro
5204250,GO,Cachoeira Dourada,Centro-Oeste,54.7,40.7,39.6,49.5,50.6,14.0,-9.899999999999999,-15.100000000000001,vira
5204201,GO,Cachoeira de Goiás,Centro-Oeste,45.5,46.2,34.5,51.2,51.8,-0.7000000000000028,-16.700000000000003,-11.0,outro
5204409,GO,Caiapônia,Centro-Oeste,41.7,52.3,31.7,57.2,58.4,-10.599999999999994,-25.500000000000004,-10.000000000000004,outro
5204508,GO,Caldas Novas,Centro-Oeste,34.3,58.5,27.4,58.7,60.4,-24.200000000000003,-31.300000000000004,-6.899999999999999,outro
5204557,GO,Caldazinha,Centro-Oeste,42.4,46.4,30.1,46.9,48.1,-4.0,-16.799999999999997,-12.299999999999997,outro
5204607,GO,Campestre de Goiás,Centro-Oeste,46.5,46.9,36.5,47.6,49.1,-0.3999999999999986,-11.100000000000001,-10.0,outro
5204656,GO,Campinaçu,Centro-Oeste,50.4,43.5,39.1,48.7,49.3,6.899999999999999,-9.600000000000001,-11.299999999999997,vira
5204706,GO,Campinorte,Centro-Oeste,35.3,57.4,26.3,59.0,60.1,-22.1,-32.7,-8.999999999999996,outro
5204805,GO,Campo Alegre de Goiás,Centro-Oeste,49.0,44.2,36.2,52.7,53.7,4.799999999999997,-16.5,-12.799999999999997,vira
5204854,GO,Campo Limpo de Goiás,Centro-Oeste,36.3,57.8,25.2,56.7,57.5,-21.5,-31.500000000000004,-11.099999999999998,outro
5204904,GO,Campos Belos,Centro-Oeste,59.7,34.3,47.9,36.2,37.1,25.400000000000006,11.699999999999996,-11.800000000000004,mantido
5204953,GO,Campos Verdes,Centro-Oeste,64.1,29.8,54.5,33.9,34.8,34.3,20.6,-9.599999999999994,mantido
5205000,GO,Carmo do Rio Verde,Centro-Oeste,39.5,55.4,32.9,56.5,57.6,-15.899999999999999,-23.6,-6.600000000000001,outro
5205059,GO,Castelândia,Centro-Oeste,53.0,43.7,40.0,55.0,55.6,9.299999999999997,-15.0,-13.0,vira
5205109,GO,Catalão,Centro-Oeste,48.7,43.8,36.2,49.5,51.1,4.900000000000006,-13.299999999999997,-12.5,vira
5205208,GO,Caturaí,Centro-Oeste,51.8,40.9,40.4,45.1,45.9,10.899999999999999,-4.700000000000003,-11.399999999999999,vira
5205307,GO,Cavalcante,Centro-Oeste,79.4,14.7,71.4,15.8,16.2,64.7,55.60000000000001,-8.0,mantido
5204300,GO,Caçu,Centro-Oeste,36.9,56.4,25.1,65.3,66.0,-19.5,-40.199999999999996,-11.799999999999997,outro
5205406,GO,Ceres,Centro-Oeste,33.9,58.8,27.0,59.5,60.6,-24.9,-32.5,-6.899999999999999,outro
5205455,GO,Cezarina,Centro-Oeste,41.6,50.7,32.0,52.9,53.9,-9.100000000000001,-20.9,-9.600000000000001,outro
5205471,GO,Chapadão do Céu,Centro-Oeste,32.5,63.3,24.1,68.8,70.0,-30.799999999999997,-44.699999999999996,-8.399999999999999,outro
5205497,GO,Cidade Ocidental,Centro-Oeste,44.2,47.2,38.3,46.9,48.8,-3.0,-8.600000000000001,-5.900000000000006,outro
5205513,GO,Cocalzinho de Goiás,Centro-Oeste,39.0,53.7,32.2,52.6,54.0,-14.700000000000003,-20.4,-6.799999999999997,outro
5205521,GO,Colinas do Sul,Centro-Oeste,64.6,28.1,53.6,28.9,29.5,36.49999999999999,24.700000000000003,-10.999999999999993,mantido
5205901,GO,Corumbaíba,Centro-Oeste,42.3,50.3,30.7,56.0,56.8,-8.0,-25.3,-11.599999999999998,outro
5205802,GO,Corumbá de Goiás,Centro-Oeste,39.6,51.8,32.2,51.3,52.4,-12.199999999999996,-19.099999999999994,-7.399999999999999,outro
5206206,GO,Cristalina,Centro-Oeste,34.0,59.9,25.5,64.4,65.6,-25.9,-38.900000000000006,-8.5,outro
5206305,GO,Cristianópolis,Centro-Oeste,34.6,60.2,22.1,58.7,59.4,-25.6,-36.6,-12.5,outro
5206404,GO,Crixás,Centro-Oeste,54.4,40.2,42.0,42.3,43.0,14.199999999999996,-0.29999999999999716,-12.399999999999999,vira
5206503,GO,Cromínia,Centro-Oeste,42.7,48.1,31.1,53.4,54.3,-5.399999999999999,-22.299999999999997,-11.600000000000001,outro
5206602,GO,Cumari,Centro-Oeste,58.8,35.1,49.5,39.8,40.8,23.699999999999996,9.700000000000003,-9.299999999999997,mantido
5205703,GO,Córrego do Ouro,Centro-Oeste,27.6,65.6,20.5,64.6,65.1,-37.99999999999999,-44.099999999999994,-7.100000000000001,outro
5206701,GO,Damianópolis,Centro-Oeste,44.8,44.9,35.7,50.8,51.8,-0.10000000000000142,-15.099999999999994,-9.099999999999994,outro
5206800,GO,Damolândia,Centro-Oeste,46.0,43.4,29.4,46.0,47.0,2.6000000000000014,-16.6,-16.6,vira
5206909,GO,Davinópolis,Centro-Oeste,58.9,33.8,43.2,43.9,44.7,25.1,-0.6999999999999957,-15.699999999999996,vira
5207105,GO,Diorama,Centro-Oeste,37.8,52.5,29.1,56.3,56.8,-14.700000000000003,-27.199999999999996,-8.699999999999996,outro
5208301,GO,Divinópolis de Goiás,Centro-Oeste,64.0,30.3,51.2,34.2,34.6,33.7,17.0,-12.799999999999997,mantido
5207253,GO,Doverlândia,Centro-Oeste,45.8,47.4,30.7,53.8,54.6,-1.6000000000000014,-23.099999999999998,-15.099999999999998,outro
5207352,GO,Edealina,Centro-Oeste,38.1,55.7,26.1,61.7,63.1,-17.6,-35.6,-12.0,outro
5207402,GO,Edéia,Centro-Oeste,41.6,52.0,28.1,59.6,61.0,-10.399999999999999,-31.5,-13.5,outro
5207501,GO,Estrela do Norte,Centro-Oeste,48.3,43.9,35.9,45.9,46.7,4.399999999999999,-10.0,-12.399999999999999,vira
5207535,GO,Faina,Centro-Oeste,54.5,39.4,43.5,42.5,43.2,15.100000000000001,1.0,-11.0,mantido
5207600,GO,Fazenda Nova,Centro-Oeste,42.9,51.5,33.0,52.7,53.5,-8.600000000000001,-19.700000000000003,-9.899999999999999,outro
5207808,GO,Firminópolis,Centro-Oeste,32.3,61.4,23.9,61.6,62.5,-29.1,-37.7,-8.399999999999999,outro
5207907,GO,Flores de Goiás,Centro-Oeste,53.6,40.6,44.4,38.9,39.3,13.0,5.5,-9.200000000000003,mantido
5208004,GO,Formosa,Centro-Oeste,41.0,51.1,31.9,52.2,53.6,-10.100000000000001,-20.300000000000004,-9.100000000000001,outro
5208103,GO,Formoso,Centro-Oeste,51.6,42.7,42.4,46.7,47.4,8.899999999999999,-4.300000000000004,-9.200000000000003,vira
5208152,GO,Gameleira de Goiás,Centro-Oeste,43.1,47.9,31.1,52.5,53.6,-4.799999999999997,-21.4,-12.0,outro
5208509,GO,Goiandira,Centro-Oeste,53.4,38.5,43.6,42.6,44.6,14.899999999999999,1.0,-9.799999999999997,mantido
5208806,GO,Goianira,Centro-Oeste,42.8,48.8,33.8,49.1,50.6,-6.0,-15.300000000000004,-9.0,outro
5208400,GO,Goianápolis,Centro-Oeste,27.2,67.5,21.4,65.8,66.6,-40.3,-44.4,-5.800000000000001,outro
5208608,GO,Goianésia,Centro-Oeste,40.4,52.5,29.4,55.1,56.6,-12.100000000000001,-25.700000000000003,-11.0,outro
5209101,GO,Goiatuba,Centro-Oeste,37.3,55.4,23.9,62.0,63.4,-18.1,-38.1,-13.399999999999999,outro
5208905,GO,Goiás,Centro-Oeste,54.7,38.6,46.0,40.6,41.5,16.1,5.399999999999999,-8.700000000000003,mantido
5208707,GO,Goiânia,Centro-Oeste,33.1,56.1,28.2,54.7,56.5,-23.0,-26.500000000000004,-4.900000000000002,outro
5209150,GO,Gouvelândia,Centro-Oeste,59.7,34.2,44.7,45.5,46.7,25.5,-0.7999999999999972,-15.0,vira
5209200,GO,Guapó,Centro-Oeste,47.8,44.0,35.1,45.3,46.5,3.799999999999997,-10.199999999999996,-12.699999999999996,vira
5209408,GO,Guarani de Goiás,Centro-Oeste,64.7,28.1,40.2,26.6,27.0,36.6,13.600000000000001,-24.5,mantido
5209291,GO,Guaraíta,Centro-Oeste,47.0,46.6,37.5,49.5,49.9,0.3999999999999986,-12.0,-9.5,vira
5209457,GO,Guarinos,Centro-Oeste,61.0,32.3,46.8,38.8,39.3,28.700000000000003,8.0,-14.200000000000003,mantido
5209606,GO,Heitoraí,Centro-Oeste,45.3,47.9,36.6,52.0,52.3,-2.6000000000000014,-15.399999999999999,-8.699999999999996,outro
5209804,GO,Hidrolina,Centro-Oeste,52.3,42.1,43.8,47.6,47.9,10.199999999999996,-3.8000000000000043,-8.5,vira
5209705,GO,Hidrolândia,Centro-Oeste,41.8,48.4,27.6,44.3,45.5,-6.600000000000001,-16.699999999999996,-14.199999999999996,outro
5209903,GO,Iaciara,Centro-Oeste,56.5,35.9,40.2,37.2,38.1,20.6,3.0,-16.299999999999997,mantido
5209937,GO,Inaciolândia,Centro-Oeste,58.1,35.5,43.8,43.5,44.8,22.6,0.29999999999999716,-14.300000000000004,mantido
5209952,GO,Indiara,Centro-Oeste,48.9,45.5,35.6,52.3,53.9,3.3999999999999986,-16.699999999999996,-13.299999999999997,vira
5210000,GO,Inhumas,Centro-Oeste,42.9,47.9,30.6,50.1,51.5,-5.0,-19.5,-12.299999999999997,outro
5210109,GO,Ipameri,Centro-Oeste,44.8,48.0,33.4,52.6,54.0,-3.200000000000003,-19.200000000000003,-11.399999999999999,outro
5210158,GO,Ipiranga de Goiás,Centro-Oeste,42.0,52.0,32.6,57.3,57.9,-10.0,-24.699999999999996,-9.399999999999999,outro
5210208,GO,Iporá,Centro-Oeste,38.1,54.1,28.1,57.5,58.8,-16.0,-29.4,-10.0,outro
5210307,GO,Israelândia,Centro-Oeste,48.0,44.7,35.8,48.3,49.1,3.299999999999997,-12.5,-12.200000000000003,vira
5210406,GO,Itaberaí,Centro-Oeste,46.0,48.0,33.0,52.8,53.9,-2.0,-19.799999999999997,-13.0,outro
5210562,GO,Itaguari,Centro-Oeste,51.0,42.6,36.5,45.6,46.1,8.399999999999999,-9.100000000000001,-14.5,vira
5210604,GO,Itaguaru,Centro-Oeste,52.4,41.8,42.7,46.0,46.3,10.600000000000001,-3.299999999999997,-9.699999999999996,vira
5210802,GO,Itajá,Centro-Oeste,39.3,53.2,25.7,57.7,58.4,-13.900000000000006,-32.0,-13.599999999999998,outro
5210901,GO,Itapaci,Centro-Oeste,48.4,45.4,37.1,51.4,52.3,3.0,-14.299999999999997,-11.299999999999997,vira
5211008,GO,Itapirapuã,Centro-Oeste,50.3,45.0,38.8,47.3,47.8,5.299999999999997,-8.5,-11.5,vira
5211206,GO,Itapuranga,Centro-Oeste,45.8,47.9,34.6,50.8,51.8,-2.1000000000000014,-16.199999999999996,-11.199999999999996,outro
5211305,GO,Itarumã,Centro-Oeste,46.3,46.7,33.8,55.2,56.1,-0.4000000000000057,-21.400000000000006,-12.5,outro
5211404,GO,Itauçu,Centro-Oeste,44.4,47.8,33.8,51.9,52.7,-3.3999999999999986,-18.1,-10.600000000000001,outro
5211503,GO,Itumbiara,Centro-Oeste,39.5,52.4,28.6,57.8,59.5,-12.899999999999999,-29.199999999999996,-10.899999999999999,outro
5211602,GO,Ivolândia,Centro-Oeste,49.7,42.6,36.2,46.3,47.1,7.100000000000001,-10.099999999999994,-13.5,vira
5211701,GO,Jandaia,Centro-Oeste,39.4,53.0,31.0,57.6,58.7,-13.600000000000001,-26.6,-8.399999999999999,outro
5211800,GO,Jaraguá,Centro-Oeste,30.3,62.5,20.0,62.7,63.9,-32.2,-42.7,-10.3,outro
5211909,GO,Jataí,Centro-Oeste,36.3,57.0,26.2,62.5,64.2,-20.700000000000003,-36.3,-10.099999999999998,outro
5212006,GO,Jaupaci,Centro-Oeste,48.6,44.3,37.1,45.9,47.2,4.300000000000004,-8.799999999999997,-11.5,vira
5212055,GO,Jesúpolis,Centro-Oeste,37.2,57.0,27.2,53.9,54.5,-19.799999999999997,-26.7,-10.000000000000004,outro
5212105,GO,Joviânia,Centro-Oeste,46.7,46.9,32.2,57.1,58.2,-0.19999999999999574,-24.9,-14.5,outro
5212204,GO,Jussara,Centro-Oeste,39.4,53.4,29.0,57.1,58.0,-14.0,-28.1,-10.399999999999999,outro
5212253,GO,Lagoa Santa,Centro-Oeste,39.3,54.8,32.7,53.9,54.8,-15.5,-21.199999999999996,-6.599999999999994,outro
5212303,GO,Leopoldo de Bulhões,Centro-Oeste,45.3,47.4,32.6,52.3,53.0,-2.1000000000000014,-19.699999999999996,-12.699999999999996,outro
5212501,GO,Luziânia,Centro-Oeste,38.1,53.9,31.2,51.4,52.7,-15.799999999999997,-20.2,-6.900000000000002,outro
5212600,GO,Mairipotaba,Centro-Oeste,44.3,48.4,27.9,52.1,52.7,-4.100000000000001,-24.200000000000003,-16.4,outro
5212709,GO,Mambaí,Centro-Oeste,39.0,55.2,31.2,61.5,62.0,-16.200000000000003,-30.3,-7.800000000000001,outro
5212808,GO,Mara Rosa,Centro-Oeste,46.1,48.5,34.6,48.8,49.6,-2.3999999999999986,-14.199999999999996,-11.5,outro
5212907,GO,Marzagão,Centro-Oeste,47.4,46.5,33.6,49.8,51.3,0.8999999999999986,-16.199999999999996,-13.799999999999997,vira
5212956,GO,Matrinchã,Centro-Oeste,49.6,43.8,35.0,45.5,45.8,5.800000000000004,-10.5,-14.600000000000001,vira
5213004,GO,Maurilândia,Centro-Oeste,54.5,41.0,43.9,46.6,47.7,13.5,-2.700000000000003,-10.600000000000001,vira
5213053,GO,Mimoso de Goiás,Centro-Oeste,49.3,42.7,36.5,45.2,46.1,6.599999999999994,-8.700000000000003,-12.799999999999997,vira
5213087,GO,Minaçu,Centro-Oeste,44.6,50.0,36.2,51.8,52.8,-5.399999999999999,-15.599999999999994,-8.399999999999999,outro
5213103,GO,Mineiros,Centro-Oeste,40.2,53.0,27.3,60.5,62.0,-12.799999999999997,-33.2,-12.900000000000002,outro
5213400,GO,Moiporá,Centro-Oeste,39.0,53.7,29.7,52.1,52.9,-14.700000000000003,-22.400000000000002,-9.3,outro
5213509,GO,Monte Alegre de Goiás,Centro-Oeste,67.1,26.1,55.1,25.3,25.8,40.99999999999999,29.8,-11.999999999999993,mantido
5213707,GO,Montes Claros de Goiás,Centro-Oeste,39.1,54.6,31.5,56.4,57.0,-15.5,-24.9,-7.600000000000001,outro
5213756,GO,Montividiu,Centro-Oeste,33.6,62.0,23.6,70.2,71.2,-28.4,-46.6,-10.0,outro
5213772,GO,Montividiu do Norte,Centro-Oeste,48.4,47.0,38.7,48.9,50.2,1.3999999999999986,-10.199999999999996,-9.699999999999996,vira
5213806,GO,Morrinhos,Centro-Oeste,41.5,51.2,27.9,56.4,57.8,-9.700000000000003,-28.5,-13.600000000000001,outro
5213855,GO,Morro Agudo de Goiás,Centro-Oeste,37.3,56.7,28.6,54.1,54.6,-19.400000000000006,-25.5,-8.699999999999996,outro
5213905,GO,Mossâmedes,Centro-Oeste,57.4,35.8,44.9,39.4,40.1,21.6,5.5,-12.5,mantido
5214002,GO,Mozarlândia,Centro-Oeste,44.1,49.9,32.3,52.0,52.8,-5.799999999999997,-19.700000000000003,-11.800000000000004,outro
5214051,GO,Mundo Novo,Centro-Oeste,49.9,45.4,36.8,53.0,54.0,4.5,-16.200000000000003,-13.100000000000001,vira
5214101,GO,Mutunópolis,Centro-Oeste,41.3,54.4,29.2,49.4,50.0,-13.100000000000001,-20.2,-12.099999999999998,outro
5214408,GO,Nazário,Centro-Oeste,40.0,52.9,29.8,57.4,58.1,-12.899999999999999,-27.599999999999998,-10.2,outro
5214507,GO,Nerópolis,Centro-Oeste,42.3,49.4,30.5,52.7,54.0,-7.100000000000001,-22.200000000000003,-11.799999999999997,outro
5214606,GO,Niquelândia,Centro-Oeste,44.7,46.9,32.8,47.7,48.4,-2.1999999999999957,-14.900000000000006,-11.900000000000006,outro
5214705,GO,Nova América,Centro-Oeste,43.6,50.8,28.4,46.9,47.8,-7.199999999999996,-18.5,-15.200000000000003,outro
5214804,GO,Nova Aurora,Centro-Oeste,52.9,38.4,41.5,45.1,46.4,14.5,-3.6000000000000014,-11.399999999999999,vira
5214838,GO,Nova Crixás,Centro-Oeste,54.0,41.4,39.3,48.2,48.8,12.600000000000001,-8.900000000000006,-14.700000000000003,vira
5214861,GO,Nova Glória,Centro-Oeste,43.9,49.1,35.7,50.4,51.3,-5.200000000000003,-14.699999999999996,-8.199999999999996,outro
5214879,GO,Nova Iguaçu de Goiás,Centro-Oeste,48.3,47.0,35.5,50.7,52.2,1.2999999999999972,-15.200000000000003,-12.799999999999997,vira
5214903,GO,Nova Roma,Centro-Oeste,67.6,24.8,46.2,27.6,28.2,42.8,18.6,-21.39999999999999,mantido
5215009,GO,Nova Veneza,Centro-Oeste,41.5,50.8,32.9,50.1,51.4,-9.299999999999997,-17.200000000000003,-8.600000000000001,outro
5215207,GO,Novo Brasil,Centro-Oeste,43.2,51.0,34.6,52.7,53.5,-7.799999999999997,-18.1,-8.600000000000001,outro
5215231,GO,Novo Gama,Centro-Oeste,43.1,49.0,38.0,48.6,50.4,-5.899999999999999,-10.600000000000001,-5.100000000000001,outro
5215256,GO,Novo Planalto,Centro-Oeste,45.7,47.6,36.9,50.7,51.3,-1.8999999999999986,-13.800000000000004,-8.800000000000004,outro
5215306,GO,Orizona,Centro-Oeste,39.5,49.7,25.3,54.9,55.9,-10.200000000000003,-29.599999999999998,-14.2,outro
5215405,GO,Ouro Verde de Goiás,Centro-Oeste,36.8,54.0,25.9,54.2,55.0,-17.200000000000003,-28.300000000000004,-10.899999999999999,outro
5215504,GO,Ouvidor,Centro-Oeste,53.1,40.5,37.2,49.3,50.9,12.600000000000001,-12.099999999999994,-15.899999999999999,vira
5215603,GO,Padre Bernardo,Centro-Oeste,42.2,49.6,33.2,51.6,52.7,-7.399999999999999,-18.4,-9.0,outro
5215652,GO,Palestina de Goiás,Centro-Oeste,42.0,53.5,29.7,58.0,58.9,-11.5,-28.3,-12.3,outro
5215702,GO,Palmeiras de Goiás,Centro-Oeste,35.9,57.5,28.0,60.8,61.7,-21.6,-32.8,-7.899999999999999,outro
5215801,GO,Palmelo,Centro-Oeste,43.2,49.0,32.7,51.2,52.6,-5.799999999999997,-18.5,-10.5,outro
5215900,GO,Palminópolis,Centro-Oeste,32.6,60.6,24.0,60.9,61.6,-28.0,-36.9,-8.600000000000001,outro
5216007,GO,Panamá,Centro-Oeste,47.7,44.2,34.9,48.8,49.5,3.5,-13.899999999999999,-12.800000000000004,vira
5216304,GO,Paranaiguara,Centro-Oeste,54.3,38.7,41.3,45.6,46.5,15.599999999999994,-4.300000000000004,-13.0,vira
5216403,GO,Paraúna,Centro-Oeste,39.4,55.0,27.0,62.6,63.9,-15.600000000000001,-35.6,-12.399999999999999,outro
5216452,GO,Perolândia,Centro-Oeste,45.5,48.2,30.1,55.2,56.0,-2.700000000000003,-25.1,-15.399999999999999,outro
5216809,GO,Petrolina de Goiás,Centro-Oeste,36.5,54.5,27.4,58.3,59.1,-18.0,-30.9,-9.100000000000001,outro
5216908,GO,Pilar de Goiás,Centro-Oeste,55.6,38.2,41.1,46.0,46.7,17.4,-4.899999999999999,-14.5,vira
5217104,GO,Piracanjuba,Centro-Oeste,43.4,47.3,32.2,50.8,51.8,-3.8999999999999986,-18.599999999999994,-11.199999999999996,outro
5217203,GO,Piranhas,Centro-Oeste,44.9,49.6,30.5,55.5,56.3,-4.700000000000003,-25.0,-14.399999999999999,outro
5217302,GO,Pirenópolis,Centro-Oeste,42.7,49.6,33.6,51.7,52.9,-6.899999999999999,-18.1,-9.100000000000001,outro
5217401,GO,Pires do Rio,Centro-Oeste,34.7,57.8,25.9,61.4,62.6,-23.099999999999994,-35.5,-8.800000000000004,outro
5217609,GO,Planaltina,Centro-Oeste,46.3,45.3,40.1,46.2,47.9,1.0,-6.100000000000001,-6.199999999999996,vira
5217708,GO,Pontalina,Centro-Oeste,44.3,49.2,29.6,55.9,56.9,-4.900000000000006,-26.299999999999997,-14.699999999999996,outro
5218003,GO,Porangatu,Centro-Oeste,43.8,50.1,33.9,55.2,56.3,-6.300000000000004,-21.300000000000004,-9.899999999999999,outro
5218052,GO,Porteirão,Centro-Oeste,50.3,44.0,35.7,53.0,54.4,6.299999999999997,-17.299999999999997,-14.599999999999994,vira
5218102,GO,Portelândia,Centro-Oeste,46.5,46.1,33.0,57.1,57.8,0.3999999999999986,-24.1,-13.5,vira
5218300,GO,Posse,Centro-Oeste,49.6,44.0,37.0,49.4,50.3,5.600000000000001,-12.399999999999999,-12.600000000000001,vira
5218391,GO,Professor Jamil,Centro-Oeste,51.4,41.1,39.2,43.8,44.3,10.299999999999997,-4.599999999999994,-12.199999999999996,vira
5218508,GO,Quirinópolis,Centro-Oeste,45.1,48.4,31.0,56.8,58.2,-3.299999999999997,-25.799999999999997,-14.100000000000001,outro
5218607,GO,Rialma,Centro-Oeste,34.0,60.2,26.7,61.7,63.0,-26.200000000000003,-35.0,-7.300000000000001,outro
5218706,GO,Rianápolis,Centro-Oeste,32.8,59.9,26.9,58.0,58.8,-27.1,-31.1,-5.899999999999999,outro
5218789,GO,Rio Quente,Centro-Oeste,39.2,53.1,27.5,54.2,55.5,-13.899999999999999,-26.700000000000003,-11.700000000000003,outro
5218805,GO,Rio Verde,Centro-Oeste,37.7,55.6,26.8,63.7,65.6,-17.9,-36.900000000000006,-10.900000000000002,outro
5218904,GO,Rubiataba,Centro-Oeste,31.1,61.6,23.2,60.4,61.3,-30.5,-37.2,-7.900000000000002,outro
5219001,GO,Sanclerlândia,Centro-Oeste,42.1,51.4,33.4,54.4,55.2,-9.299999999999997,-21.0,-8.700000000000003,outro
5219100,GO,Santa Bárbara de Goiás,Centro-Oeste,42.0,50.8,31.0,52.1,53.0,-8.799999999999997,-21.1,-11.0,outro
5219209,GO,Santa Cruz de Goiás,Centro-Oeste,44.9,47.0,31.1,54.2,54.9,-2.1000000000000014,-23.1,-13.799999999999997,outro
5219258,GO,Santa Fé de Goiás,Centro-Oeste,45.7,49.0,32.8,50.3,51.7,-3.299999999999997,-17.5,-12.900000000000006,outro
5219308,GO,Santa Helena de Goiás,Centro-Oeste,46.1,46.1,32.8,55.3,57.0,0.0,-22.5,-13.300000000000004,outro
5219357,GO,Santa Isabel,Centro-Oeste,40.9,52.7,34.0,54.8,55.6,-11.800000000000004,-20.799999999999997,-6.899999999999999,outro
5219407,GO,Santa Rita do Araguaia,Centro-Oeste,45.8,49.0,35.5,52.3,54.0,-3.200000000000003,-16.799999999999997,-10.299999999999997,outro
5219456,GO,Santa Rita do Novo Destino,Centro-Oeste,50.2,43.7,37.7,46.2,46.7,6.5,-8.5,-12.5,vira
5219506,GO,Santa Rosa de Goiás,Centro-Oeste,47.3,44.1,33.3,49.7,50.3,3.1999999999999957,-16.400000000000006,-14.0,vira
5219605,GO,Santa Tereza de Goiás,Centro-Oeste,50.1,42.4,41.5,49.9,50.5,7.700000000000003,-8.399999999999999,-8.600000000000001,vira
5219704,GO,Santa Terezinha de Goiás,Centro-Oeste,53.1,41.4,43.7,44.2,44.9,11.700000000000003,-0.5,-9.399999999999999,vira
5219712,GO,Santo Antônio da Barra,Centro-Oeste,56.4,39.0,38.7,51.0,52.0,17.4,-12.299999999999997,-17.699999999999996,vira
5219738,GO,Santo Antônio de Goiás,Centro-Oeste,43.9,48.8,33.5,52.2,53.4,-4.899999999999999,-18.700000000000003,-10.399999999999999,outro
5219753,GO,Santo Antônio do Descoberto,Centro-Oeste,41.2,50.1,36.6,49.6,51.4,-8.899999999999999,-13.0,-4.600000000000001,outro
5220454,GO,Senador Canedo,Centro-Oeste,42.8,48.6,34.1,48.4,50.0,-5.800000000000004,-14.299999999999997,-8.699999999999996,outro
5220504,GO,Serranópolis,Centro-Oeste,47.3,46.7,35.6,53.6,54.6,0.5999999999999943,-18.0,-11.699999999999996,vira
5220603,GO,Silvânia,Centro-Oeste,39.4,50.7,27.3,57.8,59.0,-11.300000000000004,-30.499999999999996,-12.099999999999998,outro
5220686,GO,Simolândia,Centro-Oeste,56.5,36.2,44.0,42.0,42.5,20.299999999999997,2.0,-12.5,mantido
5219803,GO,São Domingos,Centro-Oeste,62.9,31.2,46.1,30.5,31.0,31.7,15.600000000000001,-16.799999999999997,mantido
5219902,GO,São Francisco de Goiás,Centro-Oeste,37.4,55.1,26.9,56.3,56.8,-17.700000000000003,-29.4,-10.5,outro
5220009,GO,São João d'Aliança,Centro-Oeste,48.7,43.5,36.1,46.7,47.5,5.200000000000003,-10.600000000000001,-12.600000000000001,vira
5220058,GO,São João da Paraúna,Centro-Oeste,39.6,54.5,25.3,57.9,58.8,-14.899999999999999,-32.599999999999994,-14.3,outro
5220108,GO,São Luís de Montes Belos,Centro-Oeste,26.8,66.8,20.1,68.0,69.0,-40.0,-47.9,-6.699999999999999,outro
5220157,GO,São Luíz do Norte,Centro-Oeste,51.5,42.7,43.6,39.0,39.9,8.799999999999997,4.600000000000001,-7.899999999999999,mantido
5220207,GO,São Miguel do Araguaia,Centro-Oeste,38.2,56.9,28.7,60.0,60.7,-18.699999999999996,-31.3,-9.500000000000004,outro
5220264,GO,São Miguel do Passa Quatro,Centro-Oeste,45.6,45.7,28.7,51.3,52.3,-0.10000000000000142,-22.599999999999998,-16.900000000000002,outro
5220280,GO,São Patrício,Centro-Oeste,32.2,60.2,25.2,59.1,59.8,-28.0,-33.900000000000006,-7.0000000000000036,outro
5220405,GO,São Simão,Centro-Oeste,54.6,40.0,44.0,46.5,48.5,14.600000000000001,-2.5,-10.600000000000001,vira
5220702,GO,Sítio d'Abadia,Centro-Oeste,54.9,36.2,43.0,38.8,39.5,18.699999999999996,4.200000000000003,-11.899999999999999,mantido
5221007,GO,Taquaral de Goiás,Centro-Oeste,40.9,50.3,30.4,55.9,56.7,-9.399999999999999,-25.5,-10.5,outro
5221080,GO,Teresina de Goiás,Centro-Oeste,64.0,30.0,55.5,29.0,29.9,34.0,26.5,-8.5,mantido
5221197,GO,Terezópolis de Goiás,Centro-Oeste,42.6,49.9,33.9,48.7,50.0,-7.299999999999997,-14.800000000000004,-8.700000000000003,outro
5221403,GO,Trindade,Centro-Oeste,41.1,49.8,31.3,49.2,50.6,-8.699999999999996,-17.900000000000002,-9.8,outro
5221452,GO,Trombas,Centro-Oeste,47.9,44.5,39.7,46.7,47.7,3.3999999999999986,-7.0,-8.199999999999996,vira
5221304,GO,Três Ranchos,Centro-Oeste,55.0,37.4,40.4,43.4,45.0,17.6,-3.0,-14.600000000000001,vira
5221551,GO,Turvelândia,Centro-Oeste,56.5,38.2,42.9,49.0,50.4,18.299999999999997,-6.100000000000001,-13.600000000000001,vira
5221502,GO,Turvânia,Centro-Oeste,36.7,56.6,28.1,59.9,60.8,-19.9,-31.799999999999997,-8.600000000000001,outro
5221577,GO,Uirapuru,Centro-Oeste,55.0,38.6,42.5,39.0,39.7,16.4,3.5,-12.5,mantido
5221700,GO,Uruana,Centro-Oeste,41.4,52.0,33.8,52.5,53.1,-10.600000000000001,-18.700000000000003,-7.600000000000001,outro
5221601,GO,Uruaçu,Centro-Oeste,43.4,49.9,32.7,54.5,55.8,-6.5,-21.799999999999997,-10.699999999999996,outro
5221809,GO,Urutaí,Centro-Oeste,49.3,42.3,36.0,45.3,46.7,7.0,-9.299999999999997,-13.299999999999997,vira
5221858,GO,Valparaíso de Goiás,Centro-Oeste,41.3,50.1,36.3,48.8,51.0,-8.800000000000004,-12.5,-5.0,outro
5221908,GO,Varjão,Centro-Oeste,36.1,54.1,26.0,53.8,54.8,-18.0,-27.799999999999997,-10.100000000000001,outro
5222005,GO,Vianópolis,Centro-Oeste,33.5,57.8,22.3,63.2,64.1,-24.299999999999997,-40.900000000000006,-11.2,outro
5222054,GO,Vicentinópolis,Centro-Oeste,48.2,46.8,34.8,55.1,56.5,1.4000000000000057,-20.300000000000004,-13.400000000000006,vira
5222203,GO,Vila Boa,Centro-Oeste,63.3,29.6,48.8,33.3,34.4,33.699999999999996,15.5,-14.5,mantido
5222302,GO,Vila Propício,Centro-Oeste,47.2,46.4,32.9,41.9,42.6,0.8000000000000043,-9.0,-14.300000000000004,vira
5200175,GO,Água Fria de Goiás,Centro-Oeste,39.1,52.4,27.3,50.8,51.6,-13.299999999999997,-23.499999999999996,-11.8,outro
5200209,GO,Água Limpa,Centro-Oeste,44.1,49.6,30.7,54.7,55.6,-5.5,-24.000000000000004,-13.400000000000002,outro
5200258,GO,Águas Lindas de Goiás,Centro-Oeste,45.5,46.5,39.1,46.6,48.5,-1.0,-7.5,-6.399999999999999,outro
2100105,MA,Afonso Cunha,Nordeste,87.4,10.1,83.9,13.5,14.1,77.30000000000001,70.4,-3.5,mantido
2100204,MA,Alcântara,Nordeste,77.5,17.7,76.7,19.5,20.6,59.8,57.2,-0.7999999999999972,mantido
2100303,MA,Aldeias Altas,Nordeste,81.9,14.2,76.2,19.9,21.0,67.7,56.300000000000004,-5.700000000000003,mantido
2100402,MA,Altamira do Maranhão,Nordeste,75.3,21.4,67.4,28.8,30.0,53.9,38.60000000000001,-7.8999999999999915,mantido
2100436,MA,Alto Alegre do Maranhão,Nordeste,78.0,18.9,71.7,25.2,26.1,59.1,46.5,-6.299999999999997,mantido
2100477,MA,Alto Alegre do Pindaré,Nordeste,81.1,15.8,74.2,21.8,23.3,65.3,52.400000000000006,-6.8999999999999915,mantido
2100501,MA,Alto Parnaíba,Nordeste,68.0,28.0,58.1,37.1,37.9,40.0,21.0,-9.899999999999999,mantido
2100550,MA,Amapá do Maranhão,Nordeste,74.5,22.3,66.9,28.7,30.5,52.2,38.2,-7.599999999999994,mantido
2100600,MA,Amarante do Maranhão,Nordeste,57.1,38.6,49.6,46.8,48.0,18.5,2.8000000000000043,-7.5,mantido
2100709,MA,Anajatuba,Nordeste,81.7,14.8,77.4,18.7,19.5,66.9,58.7,-4.299999999999997,mantido
2100808,MA,Anapurus,Nordeste,78.3,18.0,72.9,23.8,24.8,60.3,49.10000000000001,-5.3999999999999915,mantido
2100832,MA,Apicum-Açu,Nordeste,71.2,24.3,67.3,28.1,29.2,46.900000000000006,39.199999999999996,-3.9000000000000057,mantido
2100873,MA,Araguanã,Nordeste,80.1,16.1,73.4,22.8,23.7,63.99999999999999,50.60000000000001,-6.699999999999989,mantido
2100907,MA,Araioses,Nordeste,82.1,13.8,80.0,16.5,18.0,68.3,63.5,-2.0999999999999943,mantido
2100956,MA,Arame,Nordeste,71.8,25.9,63.6,33.8,34.6,45.9,29.800000000000004,-8.199999999999996,mantido
2101004,MA,Arari,Nordeste,74.2,20.6,71.2,24.1,25.5,53.6,47.1,-3.0,mantido
2101103,MA,Axixá,Nordeste,78.0,18.3,74.5,21.4,22.7,59.7,53.1,-3.5,mantido
2100055,MA,Açailândia,Nordeste,45.2,49.7,38.9,55.9,57.8,-4.5,-17.0,-6.300000000000004,outro
2101202,MA,Bacabal,Nordeste,64.5,31.1,60.7,35.0,36.7,33.4,25.700000000000003,-3.799999999999997,mantido
2101251,MA,Bacabeira,Nordeste,78.0,17.7,71.8,23.2,24.6,60.3,48.599999999999994,-6.200000000000003,mantido
2101301,MA,Bacuri,Nordeste,81.9,14.3,78.0,18.7,19.5,67.60000000000001,59.3,-3.9000000000000057,mantido
2101350,MA,Bacurituba,Nordeste,86.9,9.8,83.4,13.2,14.3,77.10000000000001,70.2,-3.5,mantido
2101400,MA,Balsas,Nordeste,51.6,43.2,38.4,55.5,57.3,8.399999999999999,-17.1,-13.200000000000003,vira
2101608,MA,Barra do Corda,Nordeste,64.7,31.6,61.1,35.3,36.7,33.1,25.800000000000004,-3.6000000000000014,mantido
2101707,MA,Barreirinhas,Nordeste,78.5,17.5,72.7,23.3,24.6,61.0,49.400000000000006,-5.799999999999997,mantido
2101509,MA,Barão de Grajaú,Nordeste,84.6,10.6,78.7,16.3,17.8,74.0,62.400000000000006,-5.8999999999999915,mantido
2101772,MA,Bela Vista do Maranhão,Nordeste,77.3,19.5,70.2,26.9,27.8,57.8,43.300000000000004,-7.099999999999994,mantido
2101731,MA,Belágua,Nordeste,89.4,9.0,85.6,12.3,13.0,80.4,73.3,-3.8000000000000114,mantido
2101806,MA,Benedito Leite,Nordeste,79.0,17.9,70.0,26.5,27.6,61.1,43.5,-9.0,mantido
2101905,MA,Bequimão,Nordeste,80.0,15.5,77.3,18.7,19.7,64.5,58.599999999999994,-2.700000000000003,mantido
2101939,MA,Bernardo do Mearim,Nordeste,73.2,22.3,68.5,28.0,28.9,50.900000000000006,40.5,-4.700000000000003,mantido
2101970,MA,Boa Vista do Gurupi,Nordeste,71.9,24.4,67.1,29.0,30.5,47.50000000000001,38.099999999999994,-4.800000000000011,mantido
2102002,MA,Bom Jardim,Nordeste,74.2,21.9,69.3,26.8,28.2,52.300000000000004,42.5,-4.900000000000006,mantido
2102036,MA,Bom Jesus das Selvas,Nordeste,66.8,30.2,55.7,40.7,41.7,36.599999999999994,15.0,-11.099999999999994,mantido
2102077,MA,Bom Lugar,Nordeste,76.6,21.2,70.1,27.6,28.3,55.39999999999999,42.49999999999999,-6.5,mantido
2102101,MA,Brejo,Nordeste,78.5,18.1,73.6,23.0,23.9,60.4,50.599999999999994,-4.900000000000006,mantido
2102150,MA,Brejo de Areia,Nordeste,74.2,21.1,63.1,33.9,34.6,53.1,29.200000000000003,-11.100000000000001,mantido
2102200,MA,Buriti,Nordeste,86.3,10.6,82.8,14.4,15.5,75.7,68.39999999999999,-3.5,mantido
2102309,MA,Buriti Bravo,Nordeste,83.3,12.8,77.0,19.7,20.7,70.5,57.3,-6.299999999999997,mantido
2102325,MA,Buriticupu,Nordeste,66.9,29.9,56.6,38.8,40.7,37.00000000000001,17.800000000000004,-10.300000000000004,mantido
2102358,MA,Buritirana,Nordeste,60.9,35.3,52.2,42.9,44.4,25.6,9.300000000000004,-8.699999999999996,mantido
2102374,MA,Cachoeira Grande,Nordeste,80.0,16.5,76.3,20.8,21.8,63.5,55.5,-3.700000000000003,mantido
2102408,MA,Cajapió,Nordeste,86.3,10.0,84.0,13.1,13.9,76.3,70.9,-2.299999999999997,mantido
2102507,MA,Cajari,Nordeste,84.9,11.8,82.3,14.8,15.5,73.10000000000001,67.5,-2.6000000000000085,mantido
2102556,MA,Campestre do Maranhão,Nordeste,68.4,27.8,57.8,39.1,40.4,40.60000000000001,18.699999999999996,-10.600000000000009,mantido
2102705,MA,Cantanhede,Nordeste,81.5,15.6,76.4,20.3,21.3,65.9,56.10000000000001,-5.099999999999994,mantido
2102754,MA,Capinzal do Norte,Nordeste,73.3,22.2,67.3,28.4,29.5,51.099999999999994,38.9,-6.0,mantido
2102804,MA,Carolina,Nordeste,62.4,33.2,54.6,39.6,41.1,29.199999999999996,15.0,-7.799999999999997,mantido
2102903,MA,Carutapera,Nordeste,70.7,24.7,66.0,29.1,31.0,46.0,36.9,-4.700000000000003,mantido
2103000,MA,Caxias,Nordeste,74.1,20.4,68.0,26.0,28.3,53.699999999999996,42.0,-6.099999999999994,mantido
2103109,MA,Cedral,Nordeste,78.2,17.6,74.7,20.7,22.2,60.6,54.0,-3.5,mantido
2103125,MA,Central do Maranhão,Nordeste,88.5,9.0,83.8,12.7,13.4,79.5,71.1,-4.700000000000003,mantido
2103174,MA,Centro Novo do Maranhão,Nordeste,77.7,18.5,67.6,27.6,28.8,59.2,39.99999999999999,-10.100000000000009,mantido
2103158,MA,Centro do Guilherme,Nordeste,80.0,17.4,70.9,24.8,25.9,62.6,46.10000000000001,-9.099999999999994,mantido
2103208,MA,Chapadinha,Nordeste,72.3,23.5,68.7,26.9,28.4,48.8,41.800000000000004,-3.5999999999999943,mantido
2103257,MA,Cidelândia,Nordeste,69.8,26.1,62.5,32.4,34.1,43.699999999999996,30.1,-7.299999999999997,mantido
2103307,MA,Codó,Nordeste,73.6,21.0,71.5,24.0,25.5,52.599999999999994,47.5,-2.0999999999999943,mantido
2103406,MA,Coelho Neto,Nordeste,79.9,15.9,78.3,18.1,19.4,64.0,60.199999999999996,-1.6000000000000085,mantido
2103505,MA,Colinas,Nordeste,78.4,18.3,70.1,25.7,26.8,60.10000000000001,44.39999999999999,-8.300000000000011,mantido
2103554,MA,Conceição do Lago-Açu,Nordeste,74.9,21.0,70.9,25.6,26.4,53.900000000000006,45.300000000000004,-4.0,mantido
2103604,MA,Coroatá,Nordeste,72.6,23.9,68.4,27.8,29.1,48.699999999999996,40.60000000000001,-4.199999999999989,mantido
2103703,MA,Cururupu,Nordeste,81.2,15.5,77.4,18.9,19.9,65.7,58.50000000000001,-3.799999999999997,mantido
2102606,MA,Cândido Mendes,Nordeste,73.0,23.0,70.4,25.4,26.3,50.0,45.00000000000001,-2.5999999999999943,mantido
2103752,MA,Davinópolis,Nordeste,63.0,32.3,54.2,39.8,41.9,30.700000000000003,14.400000000000006,-8.799999999999997,mantido
2103802,MA,Dom Pedro,Nordeste,67.5,28.6,60.2,35.8,37.2,38.9,24.400000000000006,-7.299999999999997,mantido
2103901,MA,Duque Bacelar,Nordeste,86.8,9.7,83.8,13.3,14.4,77.1,70.5,-3.0,mantido
2104008,MA,Esperantinópolis,Nordeste,74.0,22.7,68.2,28.0,29.2,51.3,40.2,-5.799999999999997,mantido
2104057,MA,Estreito,Nordeste,54.1,41.2,46.0,47.7,49.7,12.899999999999999,-1.7000000000000028,-8.100000000000001,vira
2104073,MA,Feira Nova do Maranhão,Nordeste,64.7,30.4,55.5,38.0,38.7,34.300000000000004,17.5,-9.200000000000003,mantido
2104081,MA,Fernando Falcão,Nordeste,76.1,21.4,70.1,27.6,28.1,54.699999999999996,42.49999999999999,-6.0,mantido
2104099,MA,Formosa da Serra Negra,Nordeste,61.1,33.6,49.2,45.5,46.5,27.5,3.700000000000003,-11.899999999999999,mantido
2104107,MA,Fortaleza dos Nogueiras,Nordeste,68.4,27.7,61.5,35.0,35.9,40.7,26.5,-6.900000000000006,mantido
2104206,MA,Fortuna,Nordeste,79.5,16.4,75.2,21.1,22.3,63.1,54.1,-4.299999999999997,mantido
2104305,MA,Godofredo Viana,Nordeste,69.0,27.1,62.5,32.8,33.8,41.9,29.700000000000003,-6.5,mantido
2104404,MA,Gonçalves Dias,Nordeste,75.3,20.8,70.1,27.2,28.1,54.5,42.89999999999999,-5.200000000000003,mantido
2104503,MA,Governador Archer,Nordeste,79.2,16.7,74.0,22.4,23.7,62.5,51.6,-5.200000000000003,mantido
2104552,MA,Governador Edison Lobão,Nordeste,61.1,34.2,51.2,41.8,44.0,26.9,9.400000000000006,-9.899999999999999,mantido
2104602,MA,Governador Eugênio Barros,Nordeste,79.6,17.2,72.6,24.2,25.5,62.39999999999999,48.39999999999999,-7.0,mantido
2104628,MA,Governador Luiz Rocha,Nordeste,71.0,25.5,65.6,30.7,31.9,45.5,34.89999999999999,-5.400000000000006,mantido
2104651,MA,Governador Newton Bello,Nordeste,78.8,17.7,71.9,24.9,25.7,61.099999999999994,47.00000000000001,-6.8999999999999915,mantido
2104677,MA,Governador Nunes Freire,Nordeste,68.3,28.3,60.9,35.1,36.3,40.0,25.799999999999997,-7.399999999999999,mantido
2104800,MA,Grajaú,Nordeste,65.0,30.8,55.9,39.7,41.1,34.2,16.199999999999996,-9.100000000000001,mantido
2104701,MA,Graça Aranha,Nordeste,78.5,18.4,72.5,24.7,25.7,60.1,47.8,-6.0,mantido
2104909,MA,Guimarães,Nordeste,84.0,12.5,80.6,15.7,16.7,71.5,64.89999999999999,-3.4000000000000057,mantido
2105005,MA,Humberto de Campos,Nordeste,79.9,16.1,77.3,18.4,19.5,63.800000000000004,58.9,-2.6000000000000085,mantido
2105104,MA,Icatu,Nordeste,79.3,16.5,77.5,19.0,19.9,62.8,58.5,-1.7999999999999972,mantido
2105203,MA,Igarapé Grande,Nordeste,63.6,31.7,59.3,37.6,39.0,31.900000000000002,21.699999999999996,-4.300000000000004,mantido
2105153,MA,Igarapé do Meio,Nordeste,81.3,15.4,76.7,19.9,20.9,65.89999999999999,56.800000000000004,-4.599999999999994,mantido
2105302,MA,Imperatriz,Nordeste,43.3,49.3,39.0,53.2,55.9,-6.0,-14.200000000000003,-4.299999999999997,outro
2105351,MA,Itaipava do Grajaú,Nordeste,75.6,21.3,67.5,29.4,30.1,54.3,38.1,-8.099999999999994,mantido
2105401,MA,Itapecuru Mirim,Nordeste,77.0,18.3,72.2,22.6,24.2,58.7,49.6,-4.799999999999997,mantido
2105427,MA,Itinga do Maranhão,Nordeste,52.7,42.9,44.8,51.2,52.6,9.800000000000004,-6.400000000000006,-7.900000000000006,vira
2105450,MA,Jatobá,Nordeste,80.8,16.4,74.5,22.8,23.6,64.4,51.7,-6.299999999999997,mantido
2105476,MA,Jenipapo dos Vieiras,Nordeste,76.6,19.0,72.5,25.0,25.8,57.599999999999994,47.5,-4.099999999999994,mantido
2105609,MA,Joselândia,Nordeste,77.0,19.7,70.3,26.1,27.3,57.3,44.199999999999996,-6.700000000000003,mantido
2105500,MA,João Lisboa,Nordeste,63.2,31.7,54.3,39.7,41.6,31.500000000000004,14.599999999999994,-8.900000000000006,mantido
2105658,MA,Junco do Maranhão,Nordeste,78.8,18.0,73.7,23.0,23.8,60.8,50.7,-5.099999999999994,mantido
2105906,MA,Lago Verde,Nordeste,82.1,15.4,77.0,20.1,21.3,66.69999999999999,56.9,-5.099999999999994,mantido
2105708,MA,Lago da Pedra,Nordeste,59.1,38.0,52.9,43.8,45.1,21.1,9.100000000000001,-6.200000000000003,mantido
2105807,MA,Lago do Junco,Nordeste,75.7,21.8,69.8,28.0,29.1,53.900000000000006,41.8,-5.900000000000006,mantido
2105948,MA,Lago dos Rodrigues,Nordeste,75.6,21.4,69.8,27.3,28.6,54.199999999999996,42.5,-5.799999999999997,mantido
2105963,MA,Lagoa Grande do Maranhão,Nordeste,77.9,19.1,67.3,29.6,30.6,58.800000000000004,37.699999999999996,-10.600000000000009,mantido
2105922,MA,Lagoa do Mato,Nordeste,84.8,12.4,79.6,18.1,18.9,72.39999999999999,61.49999999999999,-5.200000000000003,mantido
2105989,MA,Lajeado Novo,Nordeste,58.4,37.1,49.1,46.4,47.7,21.299999999999997,2.700000000000003,-9.299999999999997,mantido
2106003,MA,Lima Campos,Nordeste,66.9,28.9,62.9,33.0,34.4,38.00000000000001,29.9,-4.000000000000007,mantido
2106102,MA,Loreto,Nordeste,75.9,20.2,67.6,28.4,29.7,55.7,39.199999999999996,-8.300000000000011,mantido
2106201,MA,Luís Domingues,Nordeste,65.3,29.6,61.1,33.9,35.8,35.699999999999996,27.200000000000003,-4.199999999999996,mantido
2106300,MA,Magalhães de Almeida,Nordeste,75.8,19.1,72.0,23.1,25.1,56.699999999999996,48.9,-3.799999999999997,mantido
2106326,MA,Maracaçumé,Nordeste,67.4,28.1,59.2,36.6,37.9,39.300000000000004,22.6,-8.200000000000003,mantido
2106359,MA,Marajá do Sena,Nordeste,75.8,20.6,62.7,33.7,34.6,55.199999999999996,29.0,-13.099999999999994,mantido
2106375,MA,Maranhãozinho,Nordeste,77.6,18.4,72.0,24.4,25.3,59.199999999999996,47.6,-5.599999999999994,mantido
2106409,MA,Mata Roma,Nordeste,78.9,17.4,74.2,22.7,23.6,61.50000000000001,51.5,-4.700000000000003,mantido
2106508,MA,Matinha,Nordeste,74.7,21.8,70.6,25.7,26.5,52.900000000000006,44.89999999999999,-4.1000000000000085,mantido
2106607,MA,Matões,Nordeste,82.3,13.8,78.6,18.7,19.8,68.5,59.89999999999999,-3.700000000000003,mantido
2106631,MA,Matões do Norte,Nordeste,82.7,13.8,76.7,19.8,21.0,68.9,56.900000000000006,-6.0,mantido
2106672,MA,Milagres do Maranhão,Nordeste,82.3,13.8,79.1,18.0,19.3,68.5,61.099999999999994,-3.200000000000003,mantido
2106706,MA,Mirador,Nordeste,81.2,16.3,72.1,24.7,25.5,64.9,47.39999999999999,-9.100000000000009,mantido
2106755,MA,Miranda do Norte,Nordeste,73.4,22.4,67.4,28.0,29.6,51.00000000000001,39.400000000000006,-6.0,mantido
2106805,MA,Mirinzal,Nordeste,77.3,18.5,74.3,21.6,22.8,58.8,52.699999999999996,-3.0,mantido
2107001,MA,Montes Altos,Nordeste,64.7,30.1,57.7,37.2,38.4,34.6,20.5,-7.0,mantido
2106904,MA,Monção,Nordeste,79.9,16.2,76.3,20.7,21.5,63.7,55.599999999999994,-3.6000000000000085,mantido
2107100,MA,Morros,Nordeste,77.7,18.9,74.1,22.7,23.7,58.800000000000004,51.39999999999999,-3.6000000000000085,mantido
2107209,MA,Nina Rodrigues,Nordeste,80.7,15.5,75.7,21.4,22.5,65.2,54.300000000000004,-5.0,mantido
2107258,MA,Nova Colinas,Nordeste,73.7,21.1,63.1,31.8,32.6,52.6,31.3,-10.600000000000001,mantido
2107308,MA,Nova Iorque,Nordeste,80.0,16.6,74.1,23.2,23.9,63.4,50.89999999999999,-5.900000000000006,mantido
2107357,MA,Nova Olinda do Maranhão,Nordeste,77.1,18.7,71.0,24.5,25.6,58.39999999999999,46.5,-6.099999999999994,mantido
2107407,MA,Olho d'Água das Cunhãs,Nordeste,76.7,19.2,71.1,24.4,26.3,57.5,46.699999999999996,-5.6000000000000085,mantido
2107456,MA,Olinda Nova do Maranhão,Nordeste,80.4,14.6,76.6,19.1,20.2,65.80000000000001,57.49999999999999,-3.8000000000000114,mantido
2107605,MA,Palmeirândia,Nordeste,83.5,13.6,81.0,15.8,16.6,69.9,65.2,-2.5,mantido
2107704,MA,Paraibano,Nordeste,81.8,15.2,76.1,21.3,22.2,66.6,54.8,-5.700000000000003,mantido
2107803,MA,Parnarama,Nordeste,84.9,11.5,81.1,15.5,16.9,73.4,65.6,-3.8000000000000114,mantido
2107902,MA,Passagem Franca,Nordeste,78.7,17.1,72.4,23.6,24.8,61.6,48.800000000000004,-6.299999999999997,mantido
2108009,MA,Pastos Bons,Nordeste,78.8,18.5,69.5,27.0,28.0,60.3,42.5,-9.299999999999997,mantido
2108058,MA,Paulino Neves,Nordeste,80.5,14.8,77.5,18.3,19.5,65.7,59.2,-3.0,mantido
2108108,MA,Paulo Ramos,Nordeste,72.2,24.7,64.0,33.0,34.1,47.5,31.0,-8.200000000000003,mantido
2107506,MA,Paço do Lumiar,Nordeste,60.5,31.8,56.8,35.1,37.7,28.7,21.699999999999996,-3.700000000000003,mantido
2108207,MA,Pedreiras,Nordeste,63.8,32.1,59.7,35.6,37.6,31.699999999999996,24.1,-4.099999999999994,mantido
2108256,MA,Pedro do Rosário,Nordeste,83.2,13.8,79.3,17.5,18.3,69.4,61.8,-3.9000000000000057,mantido
2108306,MA,Penalva,Nordeste,84.2,12.5,81.8,14.7,15.6,71.7,67.1,-2.4000000000000057,mantido
2108405,MA,Peri Mirim,Nordeste,81.2,16.0,79.3,18.0,18.8,65.2,61.3,-1.9000000000000057,mantido
2108454,MA,Peritoró,Nordeste,80.9,16.1,74.1,22.4,23.7,64.80000000000001,51.699999999999996,-6.800000000000011,mantido
2108504,MA,Pindaré-Mirim,Nordeste,75.7,20.4,70.9,25.1,26.5,55.300000000000004,45.800000000000004,-4.799999999999997,mantido
2108603,MA,Pinheiro,Nordeste,71.5,22.8,68.4,26.0,27.8,48.7,42.400000000000006,-3.0999999999999943,mantido
2108702,MA,Pio XII,Nordeste,78.0,18.6,71.3,25.3,26.6,59.4,46.0,-6.700000000000003,mantido
2108801,MA,Pirapemas,Nordeste,81.0,15.7,76.6,19.9,21.2,65.3,56.699999999999996,-4.400000000000006,mantido
2109007,MA,Porto Franco,Nordeste,59.9,35.4,52.6,41.9,43.6,24.5,10.700000000000003,-7.299999999999997,mantido
2109056,MA,Porto Rico do Maranhão,Nordeste,71.6,23.6,69.1,26.3,27.2,47.99999999999999,42.8,-2.5,mantido
2108900,MA,Poção de Pedras,Nordeste,71.6,24.2,68.7,28.5,29.3,47.39999999999999,40.2,-2.8999999999999915,mantido
2109106,MA,Presidente Dutra,Nordeste,65.9,30.4,59.1,36.5,38.1,35.50000000000001,22.6,-6.800000000000004,mantido
2109205,MA,Presidente Juscelino,Nordeste,81.2,14.9,78.8,17.8,18.8,66.3,61.0,-2.4000000000000057,mantido
2109239,MA,Presidente Médici,Nordeste,78.2,16.5,71.5,24.2,25.5,61.7,47.3,-6.700000000000003,mantido
2109270,MA,Presidente Sarney,Nordeste,82.0,14.9,78.3,16.8,18.5,67.1,61.5,-3.700000000000003,mantido
2109304,MA,Presidente Vargas,Nordeste,84.5,11.8,81.7,14.8,15.7,72.7,66.9,-2.799999999999997,mantido
2109403,MA,Primeira Cruz,Nordeste,85.2,11.7,80.6,15.9,16.8,73.5,64.69999999999999,-4.6000000000000085,mantido
2109452,MA,Raposa,Nordeste,65.0,29.9,59.1,34.7,36.7,35.1,24.4,-5.899999999999999,mantido
2109502,MA,Riachão,Nordeste,71.0,25.8,62.4,33.5,34.4,45.2,28.9,-8.600000000000001,mantido
2109551,MA,Ribamar Fiquene,Nordeste,65.4,30.4,58.4,36.4,37.8,35.00000000000001,22.0,-7.000000000000007,mantido
2109601,MA,Rosário,Nordeste,74.7,19.9,70.8,23.4,25.4,54.800000000000004,47.4,-3.9000000000000057,mantido
2109700,MA,Sambaíba,Nordeste,70.0,26.9,58.4,38.2,39.1,43.1,20.199999999999996,-11.600000000000001,mantido
2109759,MA,Santa Filomena do Maranhão,Nordeste,79.8,17.0,72.0,25.5,26.1,62.8,46.5,-7.799999999999997,mantido
2109809,MA,Santa Helena,Nordeste,74.7,21.6,69.0,26.3,28.0,53.1,42.7,-5.700000000000003,mantido
2109908,MA,Santa Inês,Nordeste,64.6,30.8,59.0,36.1,38.0,33.8,22.9,-5.599999999999994,mantido
2110005,MA,Santa Luzia,Nordeste,76.3,20.6,66.4,29.7,30.9,55.699999999999996,36.7,-9.899999999999991,mantido
2110039,MA,Santa Luzia do Paruá,Nordeste,70.6,25.8,62.9,32.6,34.0,44.8,30.299999999999997,-7.699999999999996,mantido
2110104,MA,Santa Quitéria do Maranhão,Nordeste,80.1,15.9,76.7,20.0,21.2,64.19999999999999,56.7,-3.3999999999999915,mantido
2110203,MA,Santa Rita,Nordeste,78.5,17.0,74.3,22.0,23.1,61.5,52.3,-4.200000000000003,mantido
2110237,MA,Santana do Maranhão,Nordeste,79.2,18.0,75.2,21.6,23.0,61.2,53.6,-4.0,mantido
2110278,MA,Santo Amaro do Maranhão,Nordeste,82.6,13.8,76.8,18.9,20.0,68.8,57.9,-5.799999999999997,mantido
2110302,MA,Santo Antônio dos Lopes,Nordeste,70.9,24.8,65.8,30.5,32.1,46.10000000000001,35.3,-5.1000000000000085,mantido
2111722,MA,Satubinha,Nordeste,74.2,20.7,69.6,26.6,27.7,53.5,42.99999999999999,-4.6000000000000085,mantido
2111748,MA,Senador Alexandre Costa,Nordeste,77.0,20.0,71.7,25.6,26.4,57.0,46.1,-5.299999999999997,mantido
2111763,MA,Senador La Rocque,Nordeste,67.6,28.5,58.8,35.1,36.9,39.099999999999994,23.699999999999996,-8.799999999999997,mantido
2111789,MA,Serrano do Maranhão,Nordeste,89.4,8.7,86.7,10.9,11.6,80.7,75.8,-2.700000000000003,mantido
2111904,MA,Sucupira do Norte,Nordeste,77.9,19.4,70.6,26.8,27.4,58.50000000000001,43.8,-7.300000000000011,mantido
2111953,MA,Sucupira do Riachão,Nordeste,86.0,10.2,78.6,17.8,18.5,75.8,60.8,-7.400000000000006,mantido
2110401,MA,São Benedito do Rio Preto,Nordeste,84.0,13.5,79.3,17.7,18.6,70.5,61.599999999999994,-4.700000000000003,mantido
2110500,MA,São Bento,Nordeste,78.6,17.8,74.8,21.6,22.8,60.8,53.199999999999996,-3.799999999999997,mantido
2110609,MA,São Bernardo,Nordeste,77.9,18.0,72.8,23.6,24.8,59.900000000000006,49.199999999999996,-5.1000000000000085,mantido
2110658,MA,São Domingos do Azeitão,Nordeste,77.1,19.4,66.0,29.9,30.9,57.699999999999996,36.1,-11.099999999999994,mantido
2110708,MA,São Domingos do Maranhão,Nordeste,68.1,28.3,60.7,35.5,36.8,39.8,25.200000000000003,-7.3999999999999915,mantido
2110856,MA,São Francisco do Brejão,Nordeste,59.8,36.1,51.3,45.0,46.2,23.699999999999996,6.299999999999997,-8.5,mantido
2110906,MA,São Francisco do Maranhão,Nordeste,86.1,10.7,82.1,15.0,15.9,75.39999999999999,67.1,-4.0,mantido
2110807,MA,São Félix de Balsas,Nordeste,76.2,21.5,63.3,32.0,33.1,54.7,31.299999999999997,-12.900000000000006,mantido
2111201,MA,São José de Ribamar,Nordeste,61.6,31.4,58.0,34.5,37.0,30.200000000000003,23.5,-3.6000000000000014,mantido
2111250,MA,São José dos Basílios,Nordeste,84.0,13.3,78.5,18.3,19.7,70.7,60.2,-5.5,mantido
2111003,MA,São João Batista,Nordeste,84.4,12.3,82.1,15.1,15.7,72.10000000000001,67.0,-2.3000000000000114,mantido
2111029,MA,São João do Carú,Nordeste,73.4,23.0,66.7,29.7,30.6,50.400000000000006,37.0,-6.700000000000003,mantido
2111052,MA,São João do Paraíso,Nordeste,61.4,34.3,52.3,42.6,43.3,27.1,9.699999999999996,-9.100000000000001,mantido
2111078,MA,São João do Soter,Nordeste,86.1,11.1,82.4,14.8,16.0,75.0,67.60000000000001,-3.6999999999999886,mantido
2111102,MA,São João dos Patos,Nordeste,76.2,19.3,70.3,25.0,26.5,56.900000000000006,45.3,-5.900000000000006,mantido
2111300,MA,São Luís,Nordeste,56.5,34.4,54.5,37.0,39.6,22.1,17.5,-2.0,mantido
2111409,MA,São Luís Gonzaga do Maranhão,Nordeste,84.0,13.3,80.5,17.4,18.2,70.7,63.1,-3.5,mantido
2111508,MA,São Mateus do Maranhão,Nordeste,74.9,21.6,69.8,26.7,28.2,53.300000000000004,43.099999999999994,-5.1000000000000085,mantido
2111532,MA,São Pedro da Água Branca,Nordeste,63.7,32.9,52.7,43.7,44.9,30.800000000000004,9.0,-11.0,mantido
2111573,MA,São Pedro dos Crentes,Nordeste,37.4,58.6,31.4,65.1,65.8,-21.200000000000003,-33.699999999999996,-6.0,outro
2111607,MA,São Raimundo das Mangabeiras,Nordeste,68.3,28.3,58.8,36.8,38.3,40.0,22.0,-9.5,mantido
2111631,MA,São Raimundo do Doca Bezerra,Nordeste,77.7,17.5,71.0,25.4,26.5,60.2,45.6,-6.700000000000003,mantido
2111672,MA,São Roberto,Nordeste,80.7,16.7,73.2,23.6,24.5,64.0,49.6,-7.5,mantido
2111706,MA,São Vicente Ferrer,Nordeste,81.5,15.2,78.6,17.8,18.6,66.3,60.8,-2.9000000000000057,mantido
2111805,MA,Sítio Novo,Nordeste,66.0,28.9,57.2,38.1,39.0,37.1,19.1,-8.799999999999997,mantido
2112001,MA,Tasso Fragoso,Nordeste,64.7,31.3,50.3,44.3,45.4,33.400000000000006,6.0,-14.400000000000006,mantido
2112100,MA,Timbiras,Nordeste,80.4,15.1,77.3,18.7,20.2,65.30000000000001,58.599999999999994,-3.1000000000000085,mantido
2112209,MA,Timon,Nordeste,71.0,22.8,66.4,28.2,30.1,48.2,38.2,-4.599999999999994,mantido
2112233,MA,Trizidela do Vale,Nordeste,66.0,29.0,60.0,35.3,37.2,37.0,24.700000000000003,-6.0,mantido
2112274,MA,Tufilândia,Nordeste,80.8,17.2,73.0,23.6,24.7,63.599999999999994,49.4,-7.799999999999997,mantido
2112308,MA,Tuntum,Nordeste,69.6,26.3,63.6,32.9,34.0,43.3,30.700000000000003,-5.999999999999993,mantido
2112407,MA,Turiaçu,Nordeste,78.8,18.0,76.0,20.4,21.3,60.8,55.6,-2.799999999999997,mantido
2112456,MA,Turilândia,Nordeste,78.5,18.1,70.6,24.4,25.4,60.4,46.199999999999996,-7.900000000000006,mantido
2112506,MA,Tutóia,Nordeste,73.4,20.4,71.0,24.2,25.6,53.00000000000001,46.8,-2.4000000000000057,mantido
2112605,MA,Urbano Santos,Nordeste,81.9,15.3,77.7,19.6,20.7,66.60000000000001,58.1,-4.200000000000003,mantido
2112704,MA,Vargem Grande,Nordeste,80.2,16.2,73.1,22.9,24.2,64.0,50.199999999999996,-7.1000000000000085,mantido
2112803,MA,Viana,Nordeste,70.5,25.5,66.1,29.6,30.7,45.0,36.49999999999999,-4.400000000000006,mantido
2112852,MA,Vila Nova dos Martírios,Nordeste,62.2,33.1,54.5,41.1,42.0,29.1,13.399999999999999,-7.700000000000003,mantido
2113009,MA,Vitorino Freire,Nordeste,71.1,25.0,65.3,30.6,32.0,46.099999999999994,34.699999999999996,-5.799999999999997,mantido
2112902,MA,Vitória do Mearim,Nordeste,71.2,25.3,67.8,28.8,29.8,45.900000000000006,39.0,-3.4000000000000057,mantido
2114007,MA,Zé Doca,Nordeste,71.9,24.3,67.3,29.1,30.3,47.60000000000001,38.199999999999996,-4.6000000000000085,mantido
2100154,MA,Água Doce do Maranhão,Nordeste,81.8,14.6,78.8,17.9,19.2,67.2,60.9,-3.0,mantido
3100104,MG,Abadia dos Dourados,Sudeste,50.9,42.7,39.8,52.2,54.1,8.199999999999996,-12.400000000000006,-11.100000000000001,vira
3100203,MG,Abaeté,Sudeste,45.1,47.9,36.3,56.3,58.7,-2.799999999999997,-20.0,-8.800000000000004,outro
3100302,MG,Abre Campo,Sudeste,58.0,36.4,52.2,41.8,43.8,21.6,10.400000000000006,-5.799999999999997,mantido
3100401,MG,Acaiaca,Sudeste,67.9,26.5,62.7,30.9,32.5,41.400000000000006,31.800000000000004,-5.200000000000003,mantido
3100807,MG,Aguanil,Sudeste,51.0,42.0,44.2,46.6,48.6,9.0,-2.3999999999999986,-6.799999999999997,vira
3101102,MG,Aimorés,Sudeste,44.1,50.9,39.6,55.9,57.7,-6.799999999999997,-16.299999999999997,-4.5,outro
3101201,MG,Aiuruoca,Sudeste,51.5,41.6,45.5,46.4,49.0,9.899999999999999,-0.8999999999999986,-6.0,vira
3101300,MG,Alagoa,Sudeste,32.8,59.0,29.2,63.1,65.8,-26.200000000000003,-33.900000000000006,-3.599999999999998,outro
3101409,MG,Albertina,Sudeste,31.3,62.8,28.0,66.4,68.1,-31.499999999999996,-38.400000000000006,-3.3000000000000007,outro
3101607,MG,Alfenas,Sudeste,40.0,52.3,34.4,58.4,60.9,-12.299999999999997,-24.0,-5.600000000000001,outro
3101631,MG,Alfredo Vasconcelos,Sudeste,57.1,34.1,47.1,42.4,45.0,23.0,4.700000000000003,-10.0,mantido
3101706,MG,Almenara,Sudeste,70.3,25.1,65.6,29.7,31.4,45.199999999999996,35.89999999999999,-4.700000000000003,mantido
3101805,MG,Alpercata,Sudeste,54.9,40.4,48.5,47.0,48.9,14.5,1.5,-6.399999999999999,mantido
3101904,MG,Alpinópolis,Sudeste,44.1,48.0,37.0,54.5,56.9,-3.8999999999999986,-17.5,-7.100000000000001,outro
3102001,MG,Alterosa,Sudeste,44.0,50.9,38.9,54.7,56.5,-6.899999999999999,-15.800000000000004,-5.100000000000001,outro
3102050,MG,Alto Caparaó,Sudeste,28.7,67.3,27.3,67.9,69.6,-38.599999999999994,-40.60000000000001,-1.3999999999999986,outro
3153509,MG,Alto Jequitibá,Sudeste,35.0,60.3,32.0,62.9,65.1,-25.299999999999997,-30.9,-3.0,outro
3102100,MG,Alto Rio Doce,Sudeste,70.9,22.5,60.5,32.8,34.8,48.400000000000006,27.700000000000003,-10.400000000000006,mantido
3102209,MG,Alvarenga,Sudeste,55.0,41.3,49.4,45.8,47.7,13.700000000000003,3.6000000000000014,-5.600000000000001,mantido
3102308,MG,Alvinópolis,Sudeste,65.9,27.3,60.0,33.6,35.3,38.60000000000001,26.4,-5.900000000000006,mantido
3102407,MG,Alvorada de Minas,Sudeste,73.7,20.4,61.5,31.6,32.8,53.300000000000004,29.9,-12.200000000000003,mantido
3101508,MG,Além Paraíba,Sudeste,53.9,39.4,49.9,42.9,45.4,14.5,7.0,-4.0,mantido
3102506,MG,Amparo do Serra,Sudeste,74.2,20.7,68.4,25.4,26.9,53.5,43.00000000000001,-5.799999999999997,mantido
3102605,MG,Andradas,Sudeste,32.3,59.4,28.2,62.7,66.6,-27.1,-34.5,-4.099999999999998,outro
3102803,MG,Andrelândia,Sudeste,54.4,37.2,47.3,45.0,47.5,17.199999999999996,2.299999999999997,-7.100000000000001,mantido
3102852,MG,Angelândia,Sudeste,53.3,40.5,44.1,49.1,50.8,12.799999999999997,-5.0,-9.199999999999996,vira
3102902,MG,Antônio Carlos,Sudeste,63.1,29.4,55.7,35.9,38.0,33.7,19.800000000000004,-7.399999999999999,mantido
3103009,MG,Antônio Dias,Sudeste,54.4,38.0,49.5,45.0,46.5,16.4,4.5,-4.899999999999999,mantido
3103108,MG,Antônio Prado de Minas,Sudeste,57.6,36.6,47.6,44.3,47.2,21.0,3.3000000000000043,-10.0,mantido
3103306,MG,Aracitaba,Sudeste,61.9,29.9,53.4,40.1,41.8,32.0,13.299999999999997,-8.5,mantido
3103504,MG,Araguari,Sudeste,37.1,55.2,31.2,60.1,62.7,-18.1,-28.900000000000002,-5.900000000000002,outro
3103603,MG,Arantina,Sudeste,67.6,26.2,55.7,35.8,37.7,41.39999999999999,19.900000000000006,-11.899999999999991,mantido
3103702,MG,Araponga,Sudeste,73.0,21.3,66.8,27.1,29.0,51.7,39.699999999999996,-6.200000000000003,mantido
3103751,MG,Araporã,Sudeste,49.2,44.7,38.5,52.5,55.1,4.5,-14.0,-10.700000000000003,vira
3103801,MG,Arapuá,Sudeste,35.5,57.1,27.6,66.9,68.3,-21.6,-39.300000000000004,-7.899999999999999,outro
3104007,MG,Araxá,Sudeste,43.1,47.0,35.7,52.8,59.5,-3.8999999999999986,-17.099999999999994,-7.399999999999999,outro
3103207,MG,Araçaí,Sudeste,55.7,34.9,47.5,44.9,47.0,20.800000000000004,2.6000000000000014,-8.200000000000003,mantido
3103405,MG,Araçuaí,Sudeste,65.0,30.5,60.0,35.4,37.2,34.5,24.6,-5.0,mantido
3103900,MG,Araújos,Sudeste,39.5,53.4,29.3,62.8,64.5,-13.899999999999999,-33.5,-10.2,outro
3104106,MG,Arceburgo,Sudeste,41.1,51.4,35.1,56.3,60.2,-10.299999999999997,-21.199999999999996,-6.0,outro
3104205,MG,Arcos,Sudeste,41.2,48.9,33.9,56.5,59.9,-7.699999999999996,-22.6,-7.300000000000004,outro
3104304,MG,Areado,Sudeste,38.9,52.6,33.8,57.8,60.1,-13.700000000000003,-24.0,-5.100000000000001,outro
3104403,MG,Argirita,Sudeste,68.4,27.1,60.8,34.2,35.8,41.300000000000004,26.599999999999994,-7.6000000000000085,mantido
3104452,MG,Aricanduva,Sudeste,67.8,26.5,56.6,35.4,36.7,41.3,21.200000000000003,-11.199999999999996,mantido
3104502,MG,Arinos,Sudeste,59.9,34.6,51.7,42.2,44.0,25.299999999999997,9.5,-8.199999999999996,mantido
3104601,MG,Astolfo Dutra,Sudeste,51.1,43.9,44.8,48.7,51.2,7.200000000000003,-3.9000000000000057,-6.300000000000004,vira
3104700,MG,Ataléia,Sudeste,67.3,28.5,61.2,34.3,35.5,38.8,26.900000000000006,-6.099999999999994,mantido
3104809,MG,Augusto de Lima,Sudeste,56.8,36.2,50.9,41.9,43.4,20.599999999999994,9.0,-5.899999999999999,mantido
3100500,MG,Açucena,Sudeste,59.8,35.5,54.6,40.6,41.9,24.299999999999997,14.0,-5.199999999999996,mantido
3104908,MG,Baependi,Sudeste,35.1,57.6,32.8,58.8,61.4,-22.5,-26.0,-2.3000000000000043,outro
3105004,MG,Baldim,Sudeste,50.1,40.5,43.9,46.1,48.3,9.600000000000001,-2.200000000000003,-6.200000000000003,vira
3105103,MG,Bambuí,Sudeste,52.1,40.2,44.1,46.7,49.4,11.899999999999999,-2.6000000000000014,-8.0,vira
3105202,MG,Bandeira,Sudeste,78.2,17.3,75.0,21.1,21.8,60.900000000000006,53.9,-3.200000000000003,mantido
3105301,MG,Bandeira do Sul,Sudeste,39.2,53.3,34.5,56.8,59.6,-14.099999999999994,-22.299999999999997,-4.700000000000003,outro
3105608,MG,Barbacena,Sudeste,54.3,37.6,48.1,42.4,45.9,16.699999999999996,5.700000000000003,-6.199999999999996,mantido
3105707,MG,Barra Longa,Sudeste,71.6,22.7,65.0,29.6,30.8,48.89999999999999,35.4,-6.599999999999994,mantido
3105905,MG,Barroso,Sudeste,57.5,34.5,51.0,40.4,42.8,23.0,10.600000000000001,-6.5,mantido
3105400,MG,Barão de Cocais,Sudeste,54.5,35.7,44.7,44.0,47.4,18.799999999999997,0.7000000000000028,-9.799999999999997,mantido
3105509,MG,Barão de Monte Alto,Sudeste,64.6,31.5,58.2,37.3,38.2,33.099999999999994,20.900000000000006,-6.3999999999999915,mantido
3106002,MG,Bela Vista de Minas,Sudeste,62.7,30.4,56.2,36.9,39.0,32.300000000000004,19.300000000000004,-6.5,mantido
3106101,MG,Belmiro Braga,Sudeste,64.5,29.2,58.9,35.1,37.3,35.3,23.799999999999997,-5.600000000000001,mantido
3106200,MG,Belo Horizonte,Sudeste,42.5,46.6,41.4,48.3,52.3,-4.100000000000001,-6.899999999999999,-1.1000000000000014,outro
3106309,MG,Belo Oriente,Sudeste,51.7,43.5,45.3,49.3,51.3,8.200000000000003,-4.0,-6.400000000000006,vira
3106408,MG,Belo Vale,Sudeste,58.1,34.7,49.7,42.3,44.2,23.4,7.400000000000006,-8.399999999999999,mantido
3106507,MG,Berilo,Sudeste,73.8,20.8,70.3,24.3,26.0,53.0,46.0,-3.5,mantido
3106655,MG,Berizal,Sudeste,67.1,24.9,61.0,31.5,33.3,42.199999999999996,29.5,-6.099999999999994,mantido
3106606,MG,Bertópolis,Sudeste,70.8,25.6,65.9,30.7,31.7,45.199999999999996,35.2,-4.8999999999999915,mantido
3106705,MG,Betim,Sudeste,45.8,45.4,41.2,48.7,52.5,0.3999999999999986,-7.5,-4.599999999999994,vira
3106804,MG,Bias Fortes,Sudeste,70.2,22.4,63.5,30.7,31.8,47.800000000000004,32.8,-6.700000000000003,mantido
3106903,MG,Bicas,Sudeste,51.6,40.4,46.7,46.0,48.3,11.200000000000003,0.7000000000000028,-4.899999999999999,mantido
3107000,MG,Biquinhas,Sudeste,51.3,41.3,43.6,51.2,52.5,10.0,-7.600000000000001,-7.699999999999996,vira
3107109,MG,Boa Esperança,Sudeste,46.6,45.8,39.0,53.7,55.7,0.8000000000000043,-14.700000000000003,-7.600000000000001,vira
3107208,MG,Bocaina de Minas,Sudeste,53.4,38.3,42.6,48.0,50.8,15.100000000000001,-5.399999999999999,-10.799999999999997,vira
3107307,MG,Bocaiúva,Sudeste,69.1,25.6,63.0,30.4,32.3,43.49999999999999,32.6,-6.099999999999994,mantido
3107406,MG,Bom Despacho,Sudeste,33.2,57.8,26.6,64.0,67.0,-24.599999999999994,-37.4,-6.600000000000001,outro
3107505,MG,Bom Jardim de Minas,Sudeste,57.8,33.9,48.4,42.6,44.9,23.9,5.799999999999997,-9.399999999999999,mantido
3107604,MG,Bom Jesus da Penha,Sudeste,36.5,54.6,31.4,59.2,61.2,-18.1,-27.800000000000004,-5.100000000000001,outro
3107703,MG,Bom Jesus do Amparo,Sudeste,59.7,32.6,51.7,37.5,40.1,27.1,14.200000000000003,-8.0,mantido
3107802,MG,Bom Jesus do Galho,Sudeste,54.4,41.5,48.5,47.2,48.5,12.899999999999999,1.2999999999999972,-5.899999999999999,mantido
3107901,MG,Bom Repouso,Sudeste,47.9,44.8,38.6,54.2,56.7,3.1000000000000014,-15.600000000000001,-9.299999999999997,vira
3108008,MG,Bom Sucesso,Sudeste,52.1,39.5,46.8,45.5,48.0,12.600000000000001,1.2999999999999972,-5.300000000000004,mantido
3108107,MG,Bonfim,Sudeste,53.2,35.7,44.2,43.3,46.7,17.5,0.9000000000000057,-9.0,mantido
3108206,MG,Bonfinópolis de Minas,Sudeste,57.6,36.4,48.7,42.2,43.4,21.200000000000003,6.5,-8.899999999999999,mantido
3108255,MG,Bonito de Minas,Sudeste,79.8,15.0,74.4,19.0,20.7,64.8,55.400000000000006,-5.3999999999999915,mantido
3108305,MG,Borda da Mata,Sudeste,37.5,52.1,32.5,58.5,61.4,-14.600000000000001,-26.0,-5.0,outro
3108404,MG,Botelhos,Sudeste,53.0,39.9,47.4,44.9,47.3,13.100000000000001,2.5,-5.600000000000001,mantido
3108503,MG,Botumirim,Sudeste,76.2,17.9,70.6,24.4,25.8,58.300000000000004,46.199999999999996,-5.6000000000000085,mantido
3108552,MG,Brasilândia de Minas,Sudeste,58.1,37.8,47.9,44.4,46.1,20.300000000000004,3.5,-10.200000000000003,mantido
3108602,MG,Brasília de Minas,Sudeste,68.7,25.8,64.6,30.1,31.7,42.900000000000006,34.49999999999999,-4.1000000000000085,mantido
3108909,MG,Brazópolis,Sudeste,41.0,48.2,37.5,52.9,56.0,-7.200000000000003,-15.399999999999999,-3.5,outro
3108800,MG,Braúnas,Sudeste,59.2,35.4,53.2,41.7,43.2,23.800000000000004,11.5,-6.0,mantido
3109006,MG,Brumadinho,Sudeste,46.8,43.0,40.3,49.3,52.2,3.799999999999997,-9.0,-6.5,vira
3108701,MG,Brás Pires,Sudeste,60.5,34.2,53.1,40.0,41.6,26.299999999999997,13.100000000000001,-7.399999999999999,mantido
3109105,MG,Bueno Brandão,Sudeste,31.7,59.3,26.5,64.4,68.4,-27.599999999999998,-37.900000000000006,-5.199999999999999,outro
3109204,MG,Buenópolis,Sudeste,60.7,31.8,53.4,38.4,40.1,28.900000000000002,15.0,-7.300000000000004,mantido
3109253,MG,Bugre,Sudeste,49.1,45.4,41.4,53.3,55.0,3.700000000000003,-11.899999999999999,-7.700000000000003,vira
3109303,MG,Buritis,Sudeste,46.1,48.1,37.6,56.6,58.1,-2.0,-19.0,-8.5,outro
3109402,MG,Buritizeiro,Sudeste,56.3,37.3,49.1,44.4,46.1,19.0,4.700000000000003,-7.199999999999996,mantido
3109451,MG,Cabeceira Grande,Sudeste,50.1,44.0,39.5,52.5,53.8,6.100000000000001,-13.0,-10.600000000000001,vira
3109501,MG,Cabo Verde,Sudeste,50.8,42.8,45.3,47.7,49.9,8.0,-2.4000000000000057,-5.5,vira
3109808,MG,Cachoeira Dourada,Sudeste,66.1,28.9,50.3,40.7,42.2,37.199999999999996,9.599999999999994,-15.799999999999997,mantido
3109600,MG,Cachoeira da Prata,Sudeste,50.2,40.3,42.6,46.8,49.9,9.900000000000006,-4.199999999999996,-7.600000000000001,vira
3109709,MG,Cachoeira de Minas,Sudeste,34.7,54.6,31.8,57.9,61.8,-19.9,-26.099999999999998,-2.900000000000002,outro
3102704,MG,Cachoeira de Pajeú,Sudeste,68.3,27.2,63.6,32.0,32.9,41.099999999999994,31.6,-4.699999999999996,mantido
3109907,MG,Caetanópolis,Sudeste,41.7,49.4,36.8,54.1,56.5,-7.699999999999996,-17.300000000000004,-4.900000000000006,outro
3110004,MG,Caeté,Sudeste,50.7,37.5,45.2,41.2,45.1,13.200000000000003,4.0,-5.5,mantido
3110103,MG,Caiana,Sudeste,56.4,37.8,48.9,44.5,47.1,18.6,4.399999999999999,-7.5,mantido
3110202,MG,Cajuri,Sudeste,70.9,24.4,63.5,30.3,32.0,46.50000000000001,33.2,-7.400000000000006,mantido
3110301,MG,Caldas,Sudeste,38.2,52.9,33.6,58.0,60.9,-14.699999999999996,-24.4,-4.600000000000001,outro
3110400,MG,Camacho,Sudeste,57.9,36.4,49.4,45.8,47.6,21.5,3.6000000000000014,-8.5,mantido
3110509,MG,Camanducaia,Sudeste,42.2,51.3,34.7,58.5,61.5,-9.099999999999994,-23.799999999999997,-7.5,outro
3110707,MG,Cambuquira,Sudeste,46.9,43.9,43.0,49.1,51.4,3.0,-6.100000000000001,-3.8999999999999986,vira
3110608,MG,Cambuí,Sudeste,39.4,49.4,34.3,55.4,59.0,-10.0,-21.1,-5.100000000000001,outro
3110905,MG,Campanha,Sudeste,35.6,56.7,30.2,62.5,64.6,-21.1,-32.3,-5.400000000000002,outro
3110806,MG,Campanário,Sudeste,65.4,29.8,61.3,35.1,36.2,35.60000000000001,26.199999999999996,-4.1000000000000085,mantido
3111002,MG,Campestre,Sudeste,35.6,54.4,31.8,58.9,62.2,-18.799999999999997,-27.099999999999998,-3.8000000000000007,outro
3111101,MG,Campina Verde,Sudeste,47.3,47.6,39.6,54.0,55.4,-0.30000000000000426,-14.399999999999999,-7.699999999999996,outro
3111150,MG,Campo Azul,Sudeste,77.9,17.8,69.6,25.4,26.3,60.10000000000001,44.199999999999996,-8.300000000000011,mantido
3111200,MG,Campo Belo,Sudeste,40.7,51.4,35.4,56.9,59.3,-10.699999999999996,-21.5,-5.300000000000004,outro
3111408,MG,Campo Florido,Sudeste,55.0,41.0,42.7,51.7,53.6,14.0,-9.0,-12.299999999999997,vira
3111309,MG,Campo do Meio,Sudeste,58.5,35.9,51.4,43.1,45.1,22.6,8.299999999999997,-7.100000000000001,mantido
3111507,MG,Campos Altos,Sudeste,40.1,53.5,33.5,58.3,61.5,-13.399999999999999,-24.799999999999997,-6.600000000000001,outro
3111606,MG,Campos Gerais,Sudeste,43.2,49.9,39.3,53.2,55.9,-6.699999999999996,-13.900000000000006,-3.9000000000000057,outro
3111903,MG,Cana Verde,Sudeste,49.8,45.0,44.7,48.2,50.1,4.799999999999997,-3.5,-5.099999999999994,vira
3111705,MG,Canaã,Sudeste,71.6,21.0,65.1,28.4,30.1,50.599999999999994,36.699999999999996,-6.5,mantido
3112000,MG,Candeias,Sudeste,47.4,45.8,41.0,51.2,52.9,1.6000000000000014,-10.200000000000003,-6.399999999999999,vira
3112059,MG,Cantagalo,Sudeste,71.0,23.0,60.6,32.9,34.5,48.0,27.700000000000003,-10.399999999999999,mantido
3111804,MG,Canápolis,Sudeste,61.0,34.2,52.2,41.5,43.0,26.799999999999997,10.700000000000003,-8.799999999999997,mantido
3112109,MG,Caparaó,Sudeste,40.3,54.1,35.2,58.5,60.4,-13.800000000000004,-23.299999999999997,-5.099999999999994,outro
3112208,MG,Capela Nova,Sudeste,62.2,29.1,55.8,35.7,38.5,33.1,20.099999999999994,-6.400000000000006,mantido
3112307,MG,Capelinha,Sudeste,56.3,37.4,44.4,48.2,50.2,18.9,-3.8000000000000043,-11.899999999999999,vira
3112406,MG,Capetinga,Sudeste,46.2,46.5,40.9,50.8,53.3,-0.29999999999999716,-9.899999999999999,-5.300000000000004,outro
3112505,MG,Capim Branco,Sudeste,41.7,49.7,37.5,52.5,55.8,-8.0,-15.0,-4.200000000000003,outro
3112604,MG,Capinópolis,Sudeste,56.8,38.5,45.1,47.8,49.3,18.299999999999997,-2.6999999999999957,-11.699999999999996,vira
3112653,MG,Capitão Andrade,Sudeste,48.0,46.5,41.4,51.6,54.0,1.5,-10.200000000000003,-6.600000000000001,vira
3112703,MG,Capitão Enéas,Sudeste,70.0,25.2,64.0,30.2,31.5,44.8,33.8,-6.0,mantido
3112802,MG,Capitólio,Sudeste,38.7,55.0,30.7,61.0,64.1,-16.299999999999997,-30.3,-8.000000000000004,outro
3112901,MG,Caputira,Sudeste,59.1,35.7,53.6,41.9,43.1,23.4,11.700000000000003,-5.5,mantido
3113107,MG,Caranaíba,Sudeste,57.0,34.1,50.3,40.7,42.9,22.9,9.599999999999994,-6.700000000000003,mantido
3113206,MG,Carandaí,Sudeste,53.0,39.8,45.2,47.2,49.8,13.200000000000003,-2.0,-7.799999999999997,vira
3113305,MG,Carangola,Sudeste,52.2,40.9,46.9,45.7,48.3,11.300000000000004,1.1999999999999957,-5.300000000000004,mantido
3113404,MG,Caratinga,Sudeste,45.3,48.3,41.6,52.0,54.6,-3.0,-10.399999999999999,-3.6999999999999957,outro
3113008,MG,Caraí,Sudeste,74.3,20.1,69.0,25.7,27.4,54.199999999999996,43.3,-5.299999999999997,mantido
3113503,MG,Carbonita,Sudeste,64.1,30.7,50.2,40.9,42.7,33.39999999999999,9.300000000000004,-13.899999999999991,mantido
3113602,MG,Careaçu,Sudeste,44.1,48.2,37.4,56.5,58.7,-4.100000000000001,-19.1,-6.700000000000003,outro
3113701,MG,Carlos Chagas,Sudeste,60.1,34.4,55.2,39.3,41.2,25.700000000000003,15.900000000000006,-4.899999999999999,mantido
3113909,MG,Carmo da Cachoeira,Sudeste,55.4,35.2,51.0,42.0,44.0,20.199999999999996,9.0,-4.399999999999999,mantido
3114006,MG,Carmo da Mata,Sudeste,57.7,34.3,50.5,40.7,43.3,23.400000000000006,9.799999999999997,-7.200000000000003,mantido
3114105,MG,Carmo de Minas,Sudeste,46.1,46.3,39.8,53.5,55.8,-0.19999999999999574,-13.700000000000003,-6.300000000000004,outro
3114204,MG,Carmo do Cajuru,Sudeste,44.1,46.4,35.6,54.1,57.3,-2.299999999999997,-18.5,-8.5,outro
3114303,MG,Carmo do Paranaíba,Sudeste,35.0,59.1,27.9,65.7,67.8,-24.1,-37.800000000000004,-7.100000000000001,outro
3114402,MG,Carmo do Rio Claro,Sudeste,40.8,51.4,33.9,56.9,59.3,-10.600000000000001,-23.0,-6.899999999999999,outro
3113800,MG,Carmésia,Sudeste,60.4,33.3,54.6,36.3,38.2,27.1,18.300000000000004,-5.799999999999997,mantido
3114501,MG,Carmópolis de Minas,Sudeste,48.2,43.9,39.2,51.8,54.9,4.300000000000004,-12.599999999999994,-9.0,vira
3114550,MG,Carneirinho,Sudeste,51.1,44.4,42.8,52.2,53.1,6.700000000000003,-9.400000000000006,-8.300000000000004,vira
3114600,MG,Carrancas,Sudeste,52.0,39.0,43.2,48.2,51.0,13.0,-5.0,-8.799999999999997,vira
3114808,MG,Carvalhos,Sudeste,50.4,40.4,45.1,48.7,50.2,10.0,-3.6000000000000014,-5.299999999999997,vira
3114709,MG,Carvalhópolis,Sudeste,42.8,52.6,37.3,56.1,58.5,-9.800000000000004,-18.800000000000004,-5.5,outro
3114907,MG,Casa Grande,Sudeste,44.0,45.7,34.9,54.1,57.4,-1.7000000000000028,-19.200000000000003,-9.100000000000001,outro
3115003,MG,Cascalho Rico,Sudeste,43.1,51.2,36.7,56.7,58.1,-8.100000000000001,-20.0,-6.399999999999999,outro
3115300,MG,Cataguases,Sudeste,58.9,34.1,54.7,38.0,40.7,24.799999999999997,16.700000000000003,-4.199999999999996,mantido
3115359,MG,Catas Altas,Sudeste,56.0,32.9,45.8,39.1,43.2,23.1,6.699999999999996,-10.200000000000003,mantido
3115409,MG,Catas Altas da Noruega,Sudeste,66.7,26.5,56.0,36.0,37.9,40.2,20.0,-10.700000000000003,mantido
3115458,MG,Catuji,Sudeste,74.6,20.7,67.7,28.2,29.7,53.89999999999999,39.5,-6.8999999999999915,mantido
3115474,MG,Catuti,Sudeste,70.8,22.6,67.5,27.4,28.7,48.199999999999996,40.1,-3.299999999999997,mantido
3115508,MG,Caxambu,Sudeste,48.9,42.0,45.5,45.9,48.4,6.899999999999999,-0.3999999999999986,-3.3999999999999986,vira
3115607,MG,Cedro do Abaeté,Sudeste,48.3,43.6,39.7,53.4,55.6,4.699999999999996,-13.699999999999996,-8.599999999999994,vira
3115706,MG,Central de Minas,Sudeste,48.3,46.8,44.1,51.5,53.4,1.5,-7.399999999999999,-4.199999999999996,vira
3115805,MG,Centralina,Sudeste,64.6,30.9,54.2,38.9,40.4,33.699999999999996,15.300000000000004,-10.399999999999991,mantido
3116001,MG,Chalé,Sudeste,52.9,43.7,46.7,49.2,50.7,9.199999999999996,-2.5,-6.199999999999996,vira
3116159,MG,Chapada Gaúcha,Sudeste,65.0,30.6,54.8,39.4,41.5,34.4,15.399999999999999,-10.200000000000003,mantido
3116100,MG,Chapada do Norte,Sudeste,81.5,14.0,77.1,17.8,19.0,67.5,59.3,-4.400000000000006,mantido
3116209,MG,Chiador,Sudeste,51.2,41.9,42.4,49.4,51.2,9.300000000000004,-7.0,-8.800000000000004,vira
3115904,MG,Chácara,Sudeste,57.9,35.9,46.1,44.9,47.2,22.0,1.2000000000000028,-11.799999999999997,mantido
3116308,MG,Cipotânea,Sudeste,64.7,27.4,54.4,37.4,39.8,37.300000000000004,17.0,-10.300000000000004,mantido
3116407,MG,Claraval,Sudeste,30.2,63.4,25.7,67.6,70.0,-33.2,-41.89999999999999,-4.5,outro
3116506,MG,Claro dos Poções,Sudeste,56.7,36.5,52.4,40.4,42.1,20.200000000000003,12.0,-4.300000000000004,mantido
3116605,MG,Cláudio,Sudeste,32.0,57.3,26.5,64.2,67.8,-25.299999999999997,-37.7,-5.5,outro
3116704,MG,Coimbra,Sudeste,61.3,30.8,55.3,35.7,38.1,30.499999999999996,19.599999999999994,-6.0,mantido
3116803,MG,Coluna,Sudeste,65.4,28.9,55.1,37.9,39.3,36.50000000000001,17.200000000000003,-10.300000000000004,mantido
3116902,MG,Comendador Gomes,Sudeste,42.8,52.3,38.9,55.7,57.1,-9.5,-16.800000000000004,-3.8999999999999986,outro
3117009,MG,Comercinho,Sudeste,76.8,18.3,74.8,21.5,22.6,58.5,53.3,-2.0,mantido
3117108,MG,Conceição da Aparecida,Sudeste,46.9,46.9,39.4,51.9,54.0,0.0,-12.5,-7.5,outro
3115201,MG,Conceição da Barra de Minas,Sudeste,56.6,35.5,46.2,44.6,46.5,21.1,1.6000000000000014,-10.399999999999999,mantido
3117306,MG,Conceição das Alagoas,Sudeste,56.0,39.7,46.8,48.1,49.9,16.299999999999997,-1.3000000000000043,-9.200000000000003,vira
3117207,MG,Conceição das Pedras,Sudeste,46.3,41.1,37.6,53.0,55.9,5.199999999999996,-15.399999999999999,-8.699999999999996,vira
3117405,MG,Conceição de Ipanema,Sudeste,57.6,39.0,49.7,46.0,46.9,18.6,3.700000000000003,-7.899999999999999,mantido
3117504,MG,Conceição do Mato Dentro,Sudeste,67.4,26.2,57.2,34.1,36.8,41.2,23.1,-10.200000000000003,mantido
3117603,MG,Conceição do Pará,Sudeste,34.4,58.1,28.1,63.4,66.1,-23.700000000000003,-35.3,-6.299999999999997,outro
3117702,MG,Conceição do Rio Verde,Sudeste,57.0,36.7,51.9,41.5,43.4,20.299999999999997,10.399999999999999,-5.100000000000001,mantido
3117801,MG,Conceição dos Ouros,Sudeste,35.2,54.9,31.9,60.0,63.1,-19.699999999999996,-28.1,-3.3000000000000043,outro
3117876,MG,Confins,Sudeste,42.1,49.5,36.3,54.5,57.3,-7.399999999999999,-18.200000000000003,-5.800000000000004,outro
3117900,MG,Congonhal,Sudeste,35.6,55.8,30.4,62.3,64.7,-20.199999999999996,-31.9,-5.200000000000003,outro
3118007,MG,Congonhas,Sudeste,50.1,39.6,43.9,45.2,48.4,10.5,-1.3000000000000043,-6.200000000000003,vira
3118106,MG,Congonhas do Norte,Sudeste,73.7,21.2,64.0,28.3,30.9,52.5,35.7,-9.700000000000003,mantido
3118205,MG,Conquista,Sudeste,49.2,43.2,45.2,48.7,50.6,6.0,-3.5,-4.0,vira
3118304,MG,Conselheiro Lafaiete,Sudeste,53.5,36.5,46.3,42.0,45.8,17.0,4.299999999999997,-7.200000000000003,mantido
3118403,MG,Conselheiro Pena,Sudeste,42.4,51.9,38.3,56.1,58.0,-9.5,-17.800000000000004,-4.100000000000001,outro
3118502,MG,Consolação,Sudeste,44.2,46.0,35.6,56.5,60.6,-1.7999999999999972,-20.9,-8.600000000000001,outro
3118601,MG,Contagem,Sudeste,42.2,47.8,39.3,50.3,54.2,-5.599999999999994,-11.0,-2.9000000000000057,outro
3118700,MG,Coqueiral,Sudeste,44.9,46.9,40.3,51.1,54.1,-2.0,-10.800000000000004,-4.600000000000001,outro
3118809,MG,Coração de Jesus,Sudeste,73.2,21.4,68.0,26.4,27.8,51.800000000000004,41.6,-5.200000000000003,mantido
3118908,MG,Cordisburgo,Sudeste,54.1,38.9,48.6,44.6,46.0,15.200000000000003,4.0,-5.5,mantido
3119005,MG,Cordislândia,Sudeste,54.1,38.9,50.3,45.1,46.2,15.200000000000003,5.199999999999996,-3.8000000000000043,mantido
3119104,MG,Corinto,Sudeste,58.4,35.4,51.7,40.8,42.9,23.0,10.900000000000006,-6.699999999999996,mantido
3119203,MG,Coroaci,Sudeste,58.7,35.6,53.4,41.7,43.6,23.1,11.699999999999996,-5.300000000000004,mantido
3119302,MG,Coromandel,Sudeste,40.1,51.9,31.7,60.6,63.0,-11.799999999999997,-28.900000000000002,-8.400000000000002,outro
3119401,MG,Coronel Fabriciano,Sudeste,40.4,53.4,36.9,55.8,58.8,-13.0,-18.9,-3.5,outro
3119500,MG,Coronel Murta,Sudeste,75.0,21.1,66.6,29.5,30.5,53.9,37.099999999999994,-8.400000000000006,mantido
3119609,MG,Coronel Pacheco,Sudeste,55.9,36.8,50.7,42.3,44.3,19.1,8.400000000000006,-5.199999999999996,mantido
3119708,MG,Coronel Xavier Chaves,Sudeste,61.6,29.5,51.9,39.1,42.6,32.1,12.799999999999997,-9.700000000000003,mantido
3120102,MG,Couto de Magalhães de Minas,Sudeste,75.3,18.5,70.0,22.9,25.0,56.8,47.1,-5.299999999999997,mantido
3120201,MG,Cristais,Sudeste,48.1,45.0,39.2,53.2,55.9,3.1000000000000014,-14.0,-8.899999999999999,vira
3120409,MG,Cristiano Otoni,Sudeste,47.5,43.6,41.7,49.6,52.1,3.8999999999999986,-7.899999999999999,-5.799999999999997,vira
3120508,MG,Cristina,Sudeste,39.2,52.1,35.7,55.0,58.2,-12.899999999999999,-19.299999999999997,-3.5,outro
3120300,MG,Cristália,Sudeste,72.4,22.6,67.5,27.9,28.9,49.800000000000004,39.6,-4.900000000000006,mantido
3120151,MG,Crisólita,Sudeste,73.3,22.2,61.9,33.0,34.4,51.099999999999994,28.9,-11.399999999999999,mantido
3120607,MG,Crucilândia,Sudeste,46.1,45.4,38.1,51.9,55.1,0.7000000000000028,-13.799999999999997,-8.0,vira
3120706,MG,Cruzeiro da Fortaleza,Sudeste,42.7,51.2,31.5,60.6,62.7,-8.5,-29.1,-11.200000000000003,outro
3120805,MG,Cruzília,Sudeste,54.7,38.0,48.7,43.1,45.3,16.700000000000003,5.600000000000001,-6.0,mantido
3120839,MG,Cuparaque,Sudeste,39.0,56.3,34.3,61.0,63.0,-17.299999999999997,-26.700000000000003,-4.700000000000003,outro
3120870,MG,Curral de Dentro,Sudeste,58.7,35.5,57.2,37.8,39.3,23.200000000000003,19.400000000000006,-1.5,mantido
3120904,MG,Curvelo,Sudeste,50.8,41.1,43.5,47.8,50.5,9.699999999999996,-4.299999999999997,-7.299999999999997,vira
3115102,MG,Cássia,Sudeste,46.3,45.9,40.9,50.5,52.7,0.3999999999999986,-9.600000000000001,-5.399999999999999,vira
3119807,MG,Córrego Danta,Sudeste,46.3,47.9,42.1,51.3,53.4,-1.6000000000000014,-9.199999999999996,-4.199999999999996,outro
3119955,MG,Córrego Fundo,Sudeste,39.8,47.3,28.2,57.7,60.3,-7.5,-29.500000000000004,-11.599999999999998,outro
3120003,MG,Córrego Novo,Sudeste,64.4,31.6,57.8,38.3,39.4,32.800000000000004,19.5,-6.6000000000000085,mantido
3119906,MG,Córrego do Bom Jesus,Sudeste,41.8,48.1,36.5,55.5,58.1,-6.300000000000004,-19.0,-5.299999999999997,outro
3117836,MG,Cônego Marinho,Sudeste,80.4,13.4,75.7,17.4,19.2,67.0,58.300000000000004,-4.700000000000003,mantido
3121001,MG,Datas,Sudeste,74.6,19.4,70.5,23.7,25.1,55.199999999999996,46.8,-4.099999999999994,mantido
3121100,MG,Delfim Moreira,Sudeste,41.9,49.4,37.6,54.6,57.2,-7.5,-17.0,-4.299999999999997,outro
3121209,MG,Delfinópolis,Sudeste,44.4,49.1,38.5,54.5,56.6,-4.700000000000003,-16.0,-5.899999999999999,outro
3121258,MG,Delta,Sudeste,61.3,34.0,49.6,43.8,46.1,27.299999999999997,5.800000000000004,-11.699999999999996,mantido
3121308,MG,Descoberto,Sudeste,57.0,34.0,49.5,41.0,42.7,23.0,8.5,-7.5,mantido
3121407,MG,Desterro de Entre Rios,Sudeste,38.0,51.7,32.6,58.7,60.9,-13.700000000000003,-26.1,-5.399999999999999,outro
3121506,MG,Desterro do Melo,Sudeste,52.8,37.7,43.8,47.7,49.9,15.099999999999994,-3.9000000000000057,-9.0,vira
3121605,MG,Diamantina,Sudeste,66.2,26.5,61.5,30.3,32.7,39.7,31.2,-4.700000000000003,mantido
3121704,MG,Diogo de Vasconcelos,Sudeste,74.8,18.8,67.7,26.5,28.0,56.0,41.2,-7.099999999999994,mantido
3121803,MG,Dionísio,Sudeste,58.2,36.9,55.3,39.4,41.2,21.300000000000004,15.899999999999999,-2.9000000000000057,mantido
3122009,MG,Divino,Sudeste,57.5,38.0,52.5,42.7,44.2,19.5,9.799999999999997,-5.0,mantido
3122108,MG,Divino das Laranjeiras,Sudeste,48.6,45.9,44.2,50.0,52.4,2.700000000000003,-5.799999999999997,-4.399999999999999,vira
3122207,MG,Divinolândia de Minas,Sudeste,59.2,35.2,49.0,43.4,45.5,24.0,5.600000000000001,-10.200000000000003,mantido
3121902,MG,Divinésia,Sudeste,67.5,26.6,60.0,33.4,36.0,40.9,26.6,-7.5,mantido
3122306,MG,Divinópolis,Sudeste,42.3,49.1,37.3,54.0,57.4,-6.800000000000004,-16.700000000000003,-5.0,outro
3122355,MG,Divisa Alegre,Sudeste,62.0,31.5,56.1,37.6,39.2,30.5,18.5,-5.899999999999999,mantido
3122405,MG,Divisa Nova,Sudeste,50.8,42.7,46.2,47.3,49.7,8.099999999999994,-1.0999999999999943,-4.599999999999994,vira
3122454,MG,Divisópolis,Sudeste,65.8,29.1,58.1,37.2,38.6,36.699999999999996,20.9,-7.699999999999996,mantido
3122470,MG,Dom Bosco,Sudeste,46.1,49.5,35.6,58.4,59.8,-3.3999999999999986,-22.799999999999997,-10.5,outro
3122504,MG,Dom Cavati,Sudeste,46.4,49.0,41.7,52.2,55.3,-2.6000000000000014,-10.5,-4.699999999999996,outro
3122603,MG,Dom Joaquim,Sudeste,64.0,29.9,58.2,34.3,35.9,34.1,23.900000000000006,-5.799999999999997,mantido
3122702,MG,Dom Silvério,Sudeste,65.1,26.7,57.4,35.6,36.5,38.39999999999999,21.799999999999997,-7.699999999999996,mantido
3122801,MG,Dom Viçoso,Sudeste,44.7,47.3,41.4,52.1,54.2,-2.5999999999999943,-10.700000000000003,-3.3000000000000043,outro
3122900,MG,Dona Eusébia,Sudeste,54.4,40.9,47.2,46.5,48.8,13.5,0.7000000000000028,-7.199999999999996,mantido
3123007,MG,Dores de Campos,Sudeste,47.3,43.1,40.1,50.9,53.2,4.199999999999996,-10.799999999999997,-7.199999999999996,vira
3123106,MG,Dores de Guanhães,Sudeste,63.0,31.9,56.4,38.4,39.9,31.1,18.0,-6.600000000000001,mantido
3123205,MG,Dores do Indaiá,Sudeste,39.2,53.6,33.9,59.1,61.0,-14.399999999999999,-25.200000000000003,-5.300000000000004,outro
3123304,MG,Dores do Turvo,Sudeste,61.5,31.8,54.9,39.3,41.2,29.7,15.600000000000001,-6.600000000000001,mantido
3123403,MG,Doresópolis,Sudeste,45.5,48.5,34.9,58.8,60.1,-3.0,-23.9,-10.600000000000001,outro
3123502,MG,Douradoquara,Sudeste,55.7,35.7,44.5,47.1,48.2,20.0,-2.6000000000000014,-11.200000000000003,vira
3123528,MG,Durandé,Sudeste,57.0,37.9,51.3,43.9,45.3,19.1,7.399999999999999,-5.700000000000003,mantido
3123601,MG,Elói Mendes,Sudeste,38.3,53.8,34.9,56.4,59.2,-15.5,-21.5,-3.3999999999999986,outro
3123700,MG,Engenheiro Caldas,Sudeste,51.7,43.5,45.1,50.7,52.1,8.200000000000003,-5.600000000000001,-6.600000000000001,vira
3123809,MG,Engenheiro Navarro,Sudeste,71.8,23.3,65.3,28.4,29.5,48.5,36.9,-6.5,mantido
3123858,MG,Entre Folhas,Sudeste,51.6,44.2,47.3,49.1,51.2,7.399999999999999,-1.8000000000000043,-4.300000000000004,vira
3123908,MG,Entre Rios de Minas,Sudeste,54.0,35.8,44.7,44.1,46.3,18.200000000000003,0.6000000000000014,-9.299999999999997,mantido
3124005,MG,Ervália,Sudeste,65.6,27.6,56.5,35.3,38.1,37.99999999999999,21.200000000000003,-9.099999999999994,mantido
3124104,MG,Esmeraldas,Sudeste,51.8,40.1,46.4,44.2,47.3,11.699999999999996,2.1999999999999957,-5.399999999999999,mantido
3124203,MG,Espera Feliz,Sudeste,52.0,42.9,45.5,47.5,50.1,9.100000000000001,-2.0,-6.5,vira
3124302,MG,Espinosa,Sudeste,65.1,30.1,59.0,35.6,36.9,34.99999999999999,23.4,-6.099999999999994,mantido
3124401,MG,Espírito Santo do Dourado,Sudeste,48.6,43.8,40.3,53.3,55.0,4.800000000000004,-13.0,-8.300000000000004,vira
3124500,MG,Estiva,Sudeste,41.6,48.8,34.6,56.4,59.3,-7.199999999999996,-21.799999999999997,-7.0,outro
3124609,MG,Estrela Dalva,Sudeste,61.5,32.7,57.1,36.9,38.1,28.799999999999997,20.200000000000003,-4.399999999999999,mantido
3124708,MG,Estrela do Indaiá,Sudeste,47.8,45.0,43.0,51.0,52.8,2.799999999999997,-8.0,-4.799999999999997,vira
3124807,MG,Estrela do Sul,Sudeste,58.6,36.3,49.7,44.7,46.4,22.300000000000004,5.0,-8.899999999999999,mantido
3124906,MG,Eugenópolis,Sudeste,50.1,44.8,42.8,51.8,53.9,5.300000000000004,-9.0,-7.300000000000004,vira
3125002,MG,Ewbank da Câmara,Sudeste,67.0,28.7,58.4,36.8,38.3,38.3,21.6,-8.600000000000001,mantido
3125101,MG,Extrema,Sudeste,41.9,49.2,35.4,54.0,58.8,-7.300000000000004,-18.6,-6.5,outro
3125200,MG,Fama,Sudeste,47.3,47.6,36.8,56.6,59.2,-0.30000000000000426,-19.800000000000004,-10.5,outro
3125309,MG,Faria Lemos,Sudeste,61.0,33.4,54.8,39.5,41.6,27.6,15.299999999999997,-6.200000000000003,mantido
3125606,MG,Felisburgo,Sudeste,70.3,23.2,63.9,30.5,31.9,47.099999999999994,33.4,-6.399999999999999,mantido
3125705,MG,Felixlândia,Sudeste,56.5,34.9,51.0,41.4,42.8,21.6,9.600000000000001,-5.5,mantido
3125408,MG,Felício dos Santos,Sudeste,60.6,29.0,58.6,32.7,35.4,31.6,25.9,-2.0,mantido
3125804,MG,Fernandes Tourinho,Sudeste,48.7,45.4,43.3,51.8,53.8,3.3000000000000043,-8.5,-5.400000000000006,vira
3125903,MG,Ferros,Sudeste,66.5,27.2,60.8,33.3,35.3,39.3,27.5,-5.700000000000003,mantido
3125952,MG,Fervedouro,Sudeste,57.7,37.0,50.5,44.7,46.1,20.700000000000003,5.799999999999997,-7.200000000000003,mantido
3126000,MG,Florestal,Sudeste,48.5,41.5,41.1,46.6,50.5,7.0,-5.5,-7.399999999999999,vira
3126109,MG,Formiga,Sudeste,36.4,53.3,31.4,57.6,61.3,-16.9,-26.200000000000003,-5.0,outro
3126208,MG,Formoso,Sudeste,61.6,33.5,49.3,44.2,45.0,28.1,5.099999999999994,-12.300000000000004,mantido
3126307,MG,Fortaleza de Minas,Sudeste,42.0,49.6,37.5,52.9,54.6,-7.600000000000001,-15.399999999999999,-4.5,outro
3126406,MG,Fortuna de Minas,Sudeste,60.7,32.8,49.8,41.0,43.4,27.900000000000006,8.799999999999997,-10.900000000000006,mantido
3126505,MG,Francisco Badaró,Sudeste,70.0,23.7,61.6,31.9,33.8,46.3,29.700000000000003,-8.399999999999999,mantido
3126604,MG,Francisco Dumont,Sudeste,60.8,32.7,55.5,38.7,39.4,28.099999999999994,16.799999999999997,-5.299999999999997,mantido
3126703,MG,Francisco Sá,Sudeste,71.6,23.6,65.6,28.9,30.3,47.99999999999999,36.699999999999996,-6.0,mantido
3126752,MG,Franciscópolis,Sudeste,69.8,25.6,61.1,34.2,35.4,44.199999999999996,26.9,-8.699999999999996,mantido
3126802,MG,Frei Gaspar,Sudeste,67.3,28.6,58.5,37.0,38.5,38.699999999999996,21.5,-8.799999999999997,mantido
3126901,MG,Frei Inocêncio,Sudeste,56.8,37.8,52.2,43.0,44.6,19.0,9.200000000000003,-4.599999999999994,mantido
3126950,MG,Frei Lagonegro,Sudeste,66.7,27.5,57.9,33.3,34.7,39.2,24.6,-8.800000000000004,mantido
3127008,MG,Fronteira,Sudeste,53.6,42.1,46.9,48.1,49.8,11.5,-1.2000000000000028,-6.700000000000003,vira
3127057,MG,Fronteira dos Vales,Sudeste,75.5,18.9,70.6,23.4,25.3,56.6,47.199999999999996,-4.900000000000006,mantido
3127073,MG,Fruta de Leite,Sudeste,77.7,17.5,70.9,21.3,22.6,60.2,49.60000000000001,-6.799999999999997,mantido
3127107,MG,Frutal,Sudeste,43.1,50.9,36.0,57.6,59.6,-7.799999999999997,-21.6,-7.100000000000001,outro
3127206,MG,Funilândia,Sudeste,44.5,46.1,38.0,52.4,55.1,-1.6000000000000014,-14.399999999999999,-6.5,outro
3127305,MG,Galiléia,Sudeste,50.4,46.3,46.3,49.1,50.6,4.100000000000001,-2.8000000000000043,-4.100000000000001,vira
3127339,MG,Gameleiras,Sudeste,67.1,28.1,63.6,31.8,32.7,38.99999999999999,31.8,-3.499999999999993,mantido
3127354,MG,Glaucilândia,Sudeste,70.5,24.6,64.4,30.8,32.0,45.9,33.60000000000001,-6.099999999999994,mantido
3127370,MG,Goiabeira,Sudeste,41.7,52.6,36.6,59.7,60.9,-10.899999999999999,-23.1,-5.100000000000001,outro
3127388,MG,Goianá,Sudeste,53.1,39.8,46.6,44.9,47.1,13.300000000000004,1.7000000000000028,-6.5,mantido
3127503,MG,Gonzaga,Sudeste,58.7,33.8,52.0,41.5,43.3,24.900000000000006,10.5,-6.700000000000003,mantido
3127404,MG,Gonçalves,Sudeste,34.7,53.6,30.6,59.7,62.3,-18.9,-29.1,-4.100000000000001,outro
3127602,MG,Gouveia,Sudeste,68.0,25.3,59.3,33.5,35.7,42.7,25.799999999999997,-8.700000000000003,mantido
3127701,MG,Governador Valadares,Sudeste,36.4,57.6,34.3,59.6,62.4,-21.200000000000003,-25.300000000000004,-2.1000000000000014,outro
3127909,MG,Grupiara,Sudeste,47.8,46.1,39.4,53.4,54.8,1.6999999999999957,-14.0,-8.399999999999999,vira
3127800,MG,Grão Mogol,Sudeste,72.4,22.3,66.6,28.9,30.1,50.10000000000001,37.699999999999996,-5.800000000000011,mantido
3128006,MG,Guanhães,Sudeste,53.9,38.9,47.6,44.1,46.5,15.0,3.5,-6.299999999999997,mantido
3128105,MG,Guapé,Sudeste,36.6,57.6,30.3,60.2,63.0,-21.0,-29.900000000000002,-6.300000000000001,outro
3128204,MG,Guaraciaba,Sudeste,68.2,24.4,62.0,29.6,31.3,43.800000000000004,32.4,-6.200000000000003,mantido
3128253,MG,Guaraciama,Sudeste,81.3,14.3,77.7,17.9,19.1,67.0,59.800000000000004,-3.5999999999999943,mantido
3128402,MG,Guarani,Sudeste,65.0,29.4,58.5,34.8,36.8,35.6,23.700000000000003,-6.5,mantido
3128303,MG,Guaranésia,Sudeste,56.7,36.2,50.6,41.2,43.5,20.5,9.399999999999999,-6.100000000000001,mantido
3128501,MG,Guarará,Sudeste,53.7,39.2,47.1,45.1,47.4,14.5,2.0,-6.600000000000001,mantido
3128600,MG,Guarda-Mor,Sudeste,48.1,46.4,34.9,59.0,60.2,1.7000000000000028,-24.1,-13.200000000000003,vira
3128709,MG,Guaxupé,Sudeste,48.3,43.4,42.3,49.1,52.4,4.899999999999999,-6.800000000000004,-6.0,vira
3128808,MG,Guidoval,Sudeste,59.5,34.1,52.5,41.9,43.5,25.4,10.600000000000001,-7.0,mantido
3128907,MG,Guimarânia,Sudeste,45.1,47.1,33.2,58.1,59.7,-2.0,-24.9,-11.899999999999999,outro
3129004,MG,Guiricema,Sudeste,61.1,33.0,53.2,39.6,41.6,28.1,13.600000000000001,-7.899999999999999,mantido
3129103,MG,Gurinhatã,Sudeste,47.6,45.9,38.5,54.7,56.0,1.7000000000000028,-16.200000000000003,-9.100000000000001,vira
3129202,MG,Heliodora,Sudeste,52.2,37.2,43.0,45.0,46.7,15.0,-2.0,-9.200000000000003,vira
3129301,MG,Iapu,Sudeste,47.3,48.4,42.6,52.3,54.3,-1.1000000000000014,-9.699999999999996,-4.699999999999996,outro
3129400,MG,Ibertioga,Sudeste,70.2,23.5,59.8,32.9,34.9,46.7,26.9,-10.400000000000006,mantido
3129608,MG,Ibiaí,Sudeste,75.2,20.1,68.8,26.3,27.3,55.1,42.5,-6.400000000000006,mantido
3129657,MG,Ibiracatu,Sudeste,76.5,18.6,75.1,21.7,22.6,57.9,53.39999999999999,-1.4000000000000057,mantido
3129707,MG,Ibiraci,Sudeste,41.5,53.2,37.1,56.7,59.1,-11.700000000000003,-19.6,-4.399999999999999,outro
3129806,MG,Ibirité,Sudeste,48.1,43.2,42.5,46.7,50.4,4.899999999999999,-4.200000000000003,-5.600000000000001,vira
3129905,MG,Ibitiúra de Minas,Sudeste,28.2,65.5,22.8,71.3,73.4,-37.3,-48.5,-5.399999999999999,outro
3130002,MG,Ibituruna,Sudeste,49.8,41.2,43.0,51.1,52.3,8.599999999999994,-8.100000000000001,-6.799999999999997,vira
3129509,MG,Ibiá,Sudeste,49.8,44.0,38.6,54.6,56.7,5.799999999999997,-16.0,-11.199999999999996,vira
3130051,MG,Icaraí de Minas,Sudeste,71.4,24.9,66.2,30.5,31.6,46.50000000000001,35.7,-5.200000000000003,mantido
3130101,MG,Igarapé,Sudeste,45.9,45.5,39.1,49.8,53.4,0.3999999999999986,-10.699999999999996,-6.799999999999997,vira
3130200,MG,Igaratinga,Sudeste,43.0,51.2,33.4,59.0,60.9,-8.200000000000003,-25.6,-9.600000000000001,outro
3130309,MG,Iguatama,Sudeste,53.7,40.3,46.4,47.3,49.4,13.400000000000006,-0.8999999999999986,-7.300000000000004,vira
3130408,MG,Ijaci,Sudeste,47.7,40.2,43.0,48.7,51.4,7.5,-5.700000000000003,-4.700000000000003,vira
3130507,MG,Ilicínea,Sudeste,50.9,43.5,44.3,49.8,51.2,7.399999999999999,-5.5,-6.600000000000001,vira
3130556,MG,Imbé de Minas,Sudeste,58.5,37.0,52.1,43.1,44.6,21.5,9.0,-6.399999999999999,mantido
3130606,MG,Inconfidentes,Sudeste,42.4,50.0,37.1,55.9,58.2,-7.600000000000001,-18.799999999999997,-5.299999999999997,outro
3130655,MG,Indaiabira,Sudeste,55.4,39.5,52.3,43.8,45.0,15.899999999999999,8.5,-3.1000000000000014,mantido
3130705,MG,Indianópolis,Sudeste,54.4,41.0,45.4,47.2,49.4,13.399999999999999,-1.8000000000000043,-9.0,vira
3130804,MG,Ingaí,Sudeste,56.4,35.3,47.8,45.4,47.6,21.1,2.3999999999999986,-8.600000000000001,mantido
3130903,MG,Inhapim,Sudeste,45.3,49.7,41.6,53.7,55.4,-4.400000000000006,-12.100000000000001,-3.6999999999999957,outro
3131000,MG,Inhaúma,Sudeste,50.6,42.1,41.6,50.4,52.6,8.5,-8.799999999999997,-9.0,vira
3131109,MG,Inimutaba,Sudeste,60.6,33.2,48.2,43.2,45.3,27.4,5.0,-12.399999999999999,mantido
3131158,MG,Ipaba,Sudeste,48.8,46.2,42.1,51.0,53.0,2.5999999999999943,-8.899999999999999,-6.699999999999996,vira
3131208,MG,Ipanema,Sudeste,49.1,45.8,44.3,50.5,52.0,3.3000000000000043,-6.200000000000003,-4.800000000000004,vira
3131307,MG,Ipatinga,Sudeste,33.9,59.4,31.5,61.1,64.2,-25.5,-29.6,-2.3999999999999986,outro
3131406,MG,Ipiaçu,Sudeste,61.2,34.0,49.6,44.9,46.1,27.200000000000003,4.700000000000003,-11.600000000000001,mantido
3131505,MG,Ipuiúna,Sudeste,43.4,49.4,33.9,58.7,61.3,-6.0,-24.800000000000004,-9.5,outro
3131604,MG,Iraí de Minas,Sudeste,46.3,49.9,34.4,59.8,61.0,-3.6000000000000014,-25.4,-11.899999999999999,outro
3131703,MG,Itabira,Sudeste,50.2,39.0,45.8,43.9,47.4,11.200000000000003,1.8999999999999986,-4.400000000000006,mantido
3131802,MG,Itabirinha,Sudeste,50.4,44.6,45.8,49.6,51.4,5.799999999999997,-3.8000000000000043,-4.600000000000001,vira
3131901,MG,Itabirito,Sudeste,50.3,37.3,41.0,45.6,49.9,13.0,-4.600000000000001,-9.299999999999997,vira
3132008,MG,Itacambira,Sudeste,77.4,17.1,72.2,22.8,24.0,60.300000000000004,49.400000000000006,-5.200000000000003,mantido
3132107,MG,Itacarambi,Sudeste,69.9,26.0,64.2,31.0,32.3,43.900000000000006,33.2,-5.700000000000003,mantido
3132206,MG,Itaguara,Sudeste,43.4,44.6,37.1,50.8,54.1,-1.2000000000000028,-13.699999999999996,-6.299999999999997,outro
3132305,MG,Itaipé,Sudeste,66.4,27.2,57.0,36.4,38.6,39.2,20.6,-9.400000000000006,mantido
3132404,MG,Itajubá,Sudeste,32.7,57.8,30.7,60.6,64.3,-25.099999999999994,-29.900000000000002,-2.0000000000000036,outro
3132503,MG,Itamarandiba,Sudeste,60.4,33.0,47.0,41.3,43.5,27.4,5.700000000000003,-13.399999999999999,mantido
3132602,MG,Itamarati de Minas,Sudeste,60.8,33.4,53.7,39.1,40.6,27.4,14.600000000000001,-7.099999999999994,mantido
3132701,MG,Itambacuri,Sudeste,66.8,29.0,60.8,34.1,35.9,37.8,26.699999999999996,-6.0,mantido
3132800,MG,Itambé do Mato Dentro,Sudeste,64.3,26.4,59.6,33.2,34.5,37.9,26.4,-4.699999999999996,mantido
3132909,MG,Itamogi,Sudeste,44.7,48.3,39.2,53.7,56.2,-3.5999999999999943,-14.5,-5.5,outro
3133006,MG,Itamonte,Sudeste,37.5,54.0,32.3,59.9,62.1,-16.5,-27.6,-5.200000000000003,outro
3133105,MG,Itanhandu,Sudeste,43.1,46.9,37.3,52.3,55.5,-3.799999999999997,-15.0,-5.800000000000004,outro
3133204,MG,Itanhomi,Sudeste,55.1,40.3,48.9,45.6,46.9,14.800000000000004,3.299999999999997,-6.200000000000003,mantido
3133303,MG,Itaobim,Sudeste,58.7,36.8,53.8,41.6,43.2,21.900000000000006,12.199999999999996,-4.900000000000006,mantido
3133402,MG,Itapagipe,Sudeste,44.7,47.9,36.1,55.9,57.5,-3.1999999999999957,-19.799999999999997,-8.600000000000001,outro
3133501,MG,Itapecerica,Sudeste,53.0,39.4,42.7,49.2,51.7,13.600000000000001,-6.5,-10.299999999999997,vira
3133600,MG,Itapeva,Sudeste,36.6,56.2,29.9,63.5,66.3,-19.6,-33.6,-6.700000000000003,outro
3133709,MG,Itatiaiuçu,Sudeste,38.7,54.1,30.6,61.0,63.8,-15.399999999999999,-30.4,-8.100000000000001,outro
3133907,MG,Itaverava,Sudeste,60.0,32.4,51.5,40.9,43.2,27.6,10.600000000000001,-8.5,mantido
3133758,MG,Itaú de Minas,Sudeste,38.5,51.9,33.5,55.8,58.8,-13.399999999999999,-22.299999999999997,-5.0,outro
3133808,MG,Itaúna,Sudeste,32.5,58.5,27.5,63.0,66.6,-26.0,-35.5,-5.0,outro
3134004,MG,Itinga,Sudeste,77.3,19.7,71.6,25.4,26.5,57.599999999999994,46.199999999999996,-5.700000000000003,mantido
3134103,MG,Itueta,Sudeste,35.6,59.7,34.0,62.3,63.9,-24.1,-28.299999999999997,-1.6000000000000014,outro
3134202,MG,Ituiutaba,Sudeste,55.2,38.6,45.8,45.3,47.8,16.6,0.5,-9.400000000000006,mantido
3134301,MG,Itumirim,Sudeste,52.1,37.5,45.0,45.5,48.6,14.600000000000001,-0.5,-7.100000000000001,vira
3134400,MG,Iturama,Sudeste,53.1,42.2,44.2,49.8,51.8,10.899999999999999,-5.599999999999994,-8.899999999999999,vira
3134509,MG,Itutinga,Sudeste,60.7,32.1,47.4,45.3,47.7,28.6,2.1000000000000014,-13.300000000000004,mantido
3134608,MG,Jaboticatubas,Sudeste,50.4,40.2,44.4,45.4,47.9,10.199999999999996,-1.0,-6.0,vira
3134707,MG,Jacinto,Sudeste,65.2,30.2,62.4,33.9,35.4,35.0,28.5,-2.8000000000000043,mantido
3134905,MG,Jacutinga,Sudeste,26.3,66.3,22.4,70.8,73.6,-40.0,-48.4,-3.900000000000002,outro
3134806,MG,Jacuí,Sudeste,27.6,63.7,23.7,66.7,69.9,-36.1,-43.0,-3.900000000000002,outro
3135001,MG,Jaguaraçu,Sudeste,46.3,48.4,42.6,53.0,54.4,-2.1000000000000014,-10.399999999999999,-3.6999999999999957,outro
3135076,MG,Jampruca,Sudeste,68.8,26.9,62.3,34.2,35.6,41.9,28.099999999999994,-6.5,mantido
3135100,MG,Janaúba,Sudeste,54.5,40.0,49.3,44.4,46.3,14.5,4.899999999999999,-5.200000000000003,mantido
3135209,MG,Januária,Sudeste,73.4,21.3,70.6,24.1,25.9,52.10000000000001,46.49999999999999,-2.8000000000000114,mantido
3135308,MG,Japaraíba,Sudeste,44.7,44.1,34.7,54.1,57.1,0.6000000000000014,-19.4,-10.0,vira
3135357,MG,Japonvar,Sudeste,77.9,17.0,70.6,25.1,26.0,60.900000000000006,45.49999999999999,-7.300000000000011,mantido
3135050,MG,Jaíba,Sudeste,60.6,35.5,51.4,43.9,45.3,25.1,7.5,-9.200000000000003,mantido
3135407,MG,Jeceaba,Sudeste,59.3,32.1,45.9,41.9,45.5,27.199999999999996,4.0,-13.399999999999999,mantido
3135456,MG,Jenipapo de Minas,Sudeste,73.2,22.0,64.1,29.0,30.7,51.2,35.099999999999994,-9.100000000000009,mantido
3135506,MG,Jequeri,Sudeste,67.2,27.1,61.6,32.7,34.1,40.1,28.9,-5.600000000000001,mantido
3135605,MG,Jequitaí,Sudeste,70.6,24.0,63.7,31.1,32.3,46.599999999999994,32.6,-6.8999999999999915,mantido
3135704,MG,Jequitibá,Sudeste,47.8,44.1,42.6,47.7,50.6,3.6999999999999957,-5.100000000000001,-5.199999999999996,vira
3135803,MG,Jequitinhonha,Sudeste,75.0,20.9,71.4,24.5,25.8,54.1,46.900000000000006,-3.5999999999999943,mantido
3135902,MG,Jesuânia,Sudeste,44.6,47.0,38.1,52.3,54.5,-2.3999999999999986,-14.199999999999996,-6.5,outro
3136108,MG,Joanésia,Sudeste,55.2,38.3,49.4,45.0,46.4,16.900000000000006,4.399999999999999,-5.800000000000004,mantido
3136405,MG,Joaquim Felício,Sudeste,55.7,36.3,50.2,43.8,45.6,19.400000000000006,6.400000000000006,-5.5,mantido
3136009,MG,Joaíma,Sudeste,75.0,21.1,70.3,25.7,26.7,53.9,44.599999999999994,-4.700000000000003,mantido
3136504,MG,Jordânia,Sudeste,62.1,33.6,56.8,38.3,39.7,28.5,18.5,-5.300000000000004,mantido
3136579,MG,Josenópolis,Sudeste,73.5,22.5,64.4,31.5,32.5,51.0,32.900000000000006,-9.099999999999994,mantido
3136520,MG,José Gonçalves de Minas,Sudeste,70.4,22.8,62.2,30.4,32.3,47.60000000000001,31.800000000000004,-8.200000000000003,mantido
3136553,MG,José Raydan,Sudeste,62.8,31.4,57.2,37.6,39.1,31.4,19.6,-5.599999999999994,mantido
3136207,MG,João Monlevade,Sudeste,47.7,43.1,43.0,48.1,51.4,4.600000000000001,-5.100000000000001,-4.700000000000003,vira
3136306,MG,João Pinheiro,Sudeste,47.0,47.9,36.4,57.0,58.8,-0.8999999999999986,-20.6,-10.600000000000001,outro
3136652,MG,Juatuba,Sudeste,47.5,43.9,43.1,46.7,50.5,3.6000000000000014,-3.6000000000000014,-4.399999999999999,vira
3136702,MG,Juiz de Fora,Sudeste,52.6,38.4,49.6,41.5,45.0,14.200000000000003,8.100000000000001,-3.0,mantido
3136801,MG,Juramento,Sudeste,68.0,26.7,61.6,34.0,35.3,41.3,27.6,-6.399999999999999,mantido
3136900,MG,Juruaia,Sudeste,37.1,55.1,28.7,62.1,64.6,-18.0,-33.400000000000006,-8.400000000000002,outro
3136959,MG,Juvenília,Sudeste,66.8,28.7,59.6,35.3,36.4,38.099999999999994,24.300000000000004,-7.199999999999996,mantido
3137007,MG,Ladainha,Sudeste,71.9,22.7,65.6,29.8,31.4,49.2,35.8,-6.300000000000011,mantido
3137106,MG,Lagamar,Sudeste,44.2,49.2,36.7,57.3,58.6,-5.0,-20.599999999999994,-7.5,outro
3137403,MG,Lagoa Dourada,Sudeste,47.3,43.7,40.0,50.1,55.1,3.5999999999999943,-10.100000000000001,-7.299999999999997,vira
3137502,MG,Lagoa Formosa,Sudeste,43.2,48.8,34.7,57.7,59.9,-5.599999999999994,-23.0,-8.5,outro
3137536,MG,Lagoa Grande,Sudeste,56.3,38.7,43.6,49.4,50.6,17.599999999999994,-5.799999999999997,-12.699999999999996,vira
3137601,MG,Lagoa Santa,Sudeste,36.1,54.4,32.9,57.3,61.0,-18.299999999999997,-24.4,-3.200000000000003,outro
3137205,MG,Lagoa da Prata,Sudeste,37.2,54.8,31.5,60.2,64.0,-17.599999999999994,-28.700000000000003,-5.700000000000003,outro
3137304,MG,Lagoa dos Patos,Sudeste,61.3,33.6,54.3,39.5,40.8,27.699999999999996,14.799999999999997,-7.0,mantido
3137700,MG,Lajinha,Sudeste,48.1,47.8,41.5,54.0,55.6,0.30000000000000426,-12.5,-6.600000000000001,vira
3137809,MG,Lambari,Sudeste,35.8,57.0,33.6,58.5,60.9,-21.200000000000003,-24.9,-2.1999999999999957,outro
3137908,MG,Lamim,Sudeste,72.2,21.9,60.9,29.9,33.5,50.300000000000004,31.0,-11.300000000000004,mantido
3138005,MG,Laranjal,Sudeste,50.0,45.8,44.4,50.9,52.4,4.200000000000003,-6.5,-5.600000000000001,vira
3138104,MG,Lassance,Sudeste,64.3,30.5,54.8,37.0,38.5,33.8,17.799999999999997,-9.5,mantido
3138203,MG,Lavras,Sudeste,45.6,44.2,40.3,50.2,53.7,1.3999999999999986,-9.900000000000006,-5.300000000000004,vira
3138302,MG,Leandro Ferreira,Sudeste,42.0,50.8,34.2,59.1,61.2,-8.799999999999997,-24.9,-7.799999999999997,outro
3138351,MG,Leme do Prado,Sudeste,71.4,22.4,64.9,28.0,30.1,49.00000000000001,36.900000000000006,-6.5,mantido
3138401,MG,Leopoldina,Sudeste,57.8,35.5,52.6,39.7,42.4,22.299999999999997,12.899999999999999,-5.199999999999996,mantido
3138500,MG,Liberdade,Sudeste,60.2,29.5,52.9,40.2,41.8,30.700000000000003,12.699999999999996,-7.300000000000004,mantido
3138609,MG,Lima Duarte,Sudeste,67.6,25.4,60.2,31.8,34.5,42.199999999999996,28.400000000000002,-7.3999999999999915,mantido
3138625,MG,Limeira do Oeste,Sudeste,55.3,40.7,46.7,48.4,49.5,14.599999999999994,-1.6999999999999957,-8.599999999999994,vira
3138658,MG,Lontra,Sudeste,72.8,22.1,63.6,31.4,32.7,50.699999999999996,32.2,-9.199999999999996,mantido
3138674,MG,Luisburgo,Sudeste,39.1,52.9,36.7,56.0,58.2,-13.799999999999997,-19.299999999999997,-2.3999999999999986,outro
3138682,MG,Luislândia,Sudeste,81.3,15.1,76.1,19.4,20.7,66.2,56.699999999999996,-5.200000000000003,mantido
3138708,MG,Luminárias,Sudeste,54.6,36.6,48.2,43.7,46.7,18.0,4.5,-6.399999999999999,mantido
3138807,MG,Luz,Sudeste,42.1,51.8,36.0,56.5,58.9,-9.699999999999996,-20.5,-6.100000000000001,outro
3138906,MG,Machacalis,Sudeste,62.9,32.8,56.4,38.0,40.0,30.1,18.4,-6.5,mantido
3139003,MG,Machado,Sudeste,37.1,55.9,33.2,59.8,62.3,-18.799999999999997,-26.599999999999994,-3.8999999999999986,outro
3139102,MG,Madre de Deus de Minas,Sudeste,58.4,33.6,49.3,42.9,44.7,24.799999999999997,6.399999999999999,-9.100000000000001,mantido
3139201,MG,Malacacheta,Sudeste,64.5,30.2,57.4,37.6,38.9,34.3,19.799999999999997,-7.100000000000001,mantido
3139250,MG,Mamonas,Sudeste,67.5,26.4,61.1,32.3,33.5,41.1,28.800000000000004,-6.399999999999999,mantido
3139300,MG,Manga,Sudeste,64.8,31.1,61.0,35.3,36.6,33.699999999999996,25.700000000000003,-3.799999999999997,mantido
3139409,MG,Manhuaçu,Sudeste,43.2,50.3,38.7,54.9,57.4,-7.099999999999994,-16.199999999999996,-4.5,outro
3139508,MG,Manhumirim,Sudeste,48.5,44.8,46.2,47.8,49.8,3.700000000000003,-1.5999999999999943,-2.299999999999997,vira
3139607,MG,Mantena,Sudeste,39.6,54.7,36.1,58.7,60.7,-15.100000000000001,-22.6,-3.5,outro
3139805,MG,Mar de Espanha,Sudeste,50.2,42.7,42.8,49.8,52.0,7.5,-7.0,-7.400000000000006,vira
3139706,MG,Maravilhas,Sudeste,42.6,49.6,32.4,57.7,60.1,-7.0,-25.300000000000004,-10.200000000000003,outro
3139904,MG,Maria da Fé,Sudeste,34.9,55.1,34.9,57.0,60.0,-20.200000000000003,-22.1,0.0,outro
3140001,MG,Mariana,Sudeste,65.8,26.1,58.2,31.8,34.9,39.699999999999996,26.400000000000002,-7.599999999999994,mantido
3140100,MG,Marilac,Sudeste,65.2,30.0,54.4,39.4,42.0,35.2,15.0,-10.800000000000004,mantido
3140209,MG,Maripá de Minas,Sudeste,48.3,45.5,43.4,49.2,51.2,2.799999999999997,-5.800000000000004,-4.899999999999999,vira
3140308,MG,Marliéria,Sudeste,50.5,42.4,46.4,47.5,49.2,8.100000000000001,-1.1000000000000014,-4.100000000000001,vira
3140407,MG,Marmelópolis,Sudeste,45.4,44.8,43.5,47.9,50.1,0.6000000000000014,-4.399999999999999,-1.8999999999999986,vira
3140506,MG,Martinho Campos,Sudeste,38.8,53.7,29.4,62.7,65.0,-14.900000000000006,-33.300000000000004,-9.399999999999999,outro
3140530,MG,Martins Soares,Sudeste,54.8,41.1,48.3,46.6,48.3,13.699999999999996,1.6999999999999957,-6.5,mantido
3140555,MG,Mata Verde,Sudeste,57.2,37.1,52.6,42.4,43.9,20.1,10.200000000000003,-4.600000000000001,mantido
3140605,MG,Materlândia,Sudeste,75.8,19.5,70.2,23.9,26.2,56.3,46.300000000000004,-5.599999999999994,mantido
3140704,MG,Mateus Leme,Sudeste,45.8,45.4,38.3,50.3,53.8,0.3999999999999986,-12.0,-7.5,vira
3171501,MG,Mathias Lobato,Sudeste,61.5,35.4,55.3,42.2,43.2,26.1,13.099999999999994,-6.200000000000003,mantido
3140803,MG,Matias Barbosa,Sudeste,54.3,39.3,49.9,42.5,45.5,15.0,7.399999999999999,-4.399999999999999,mantido
3140852,MG,Matias Cardoso,Sudeste,70.4,24.8,67.9,28.5,29.6,45.60000000000001,39.400000000000006,-2.5,mantido
3140902,MG,Matipó,Sudeste,54.8,41.0,49.4,46.6,47.9,13.799999999999997,2.799999999999997,-5.399999999999999,mantido
3141009,MG,Mato Verde,Sudeste,61.6,33.6,59.1,36.5,38.0,28.0,22.6,-2.5,mantido
3141108,MG,Matozinhos,Sudeste,47.9,42.7,41.5,47.3,50.8,5.199999999999996,-5.799999999999997,-6.399999999999999,vira
3141207,MG,Matutina,Sudeste,47.0,45.9,34.4,58.4,59.9,1.1000000000000014,-24.0,-12.600000000000001,vira
3141306,MG,Medeiros,Sudeste,38.4,54.6,34.6,59.1,61.4,-16.200000000000003,-24.5,-3.799999999999997,outro
3141405,MG,Medina,Sudeste,67.8,28.5,62.7,33.4,34.6,39.3,29.300000000000004,-5.099999999999994,mantido
3141504,MG,Mendes Pimentel,Sudeste,53.5,39.2,49.1,45.4,47.1,14.299999999999997,3.700000000000003,-4.399999999999999,mantido
3141603,MG,Mercês,Sudeste,64.9,28.4,56.1,35.5,38.0,36.50000000000001,20.6,-8.800000000000004,mantido
3141702,MG,Mesquita,Sudeste,52.2,41.9,47.7,46.7,48.2,10.300000000000004,1.0,-4.5,mantido
3141801,MG,Minas Novas,Sudeste,76.9,18.8,69.6,26.1,27.4,58.10000000000001,43.49999999999999,-7.300000000000011,mantido
3141900,MG,Minduri,Sudeste,50.8,42.4,47.3,46.9,48.4,8.399999999999999,0.3999999999999986,-3.5,mantido
3142007,MG,Mirabela,Sudeste,70.1,25.0,63.6,30.1,31.4,45.099999999999994,33.5,-6.499999999999993,mantido
3142106,MG,Miradouro,Sudeste,57.8,37.2,51.3,43.6,45.1,20.599999999999994,7.699999999999996,-6.5,mantido
3142254,MG,Miravânia,Sudeste,74.5,20.6,67.5,26.0,27.4,53.9,41.5,-7.0,mantido
3142205,MG,Miraí,Sudeste,47.3,46.8,41.7,51.8,53.6,0.5,-10.099999999999994,-5.599999999999994,vira
3142304,MG,Moeda,Sudeste,46.5,43.9,42.5,47.6,50.6,2.6000000000000014,-5.100000000000001,-4.0,vira
3142403,MG,Moema,Sudeste,44.5,47.8,35.5,55.8,58.0,-3.299999999999997,-20.299999999999997,-9.0,outro
3142502,MG,Monjolos,Sudeste,63.8,30.4,56.5,37.4,38.6,33.4,19.1,-7.299999999999997,mantido
3142601,MG,Monsenhor Paulo,Sudeste,48.5,44.2,42.6,51.8,53.6,4.299999999999997,-9.199999999999996,-5.899999999999999,vira
3142700,MG,Montalvânia,Sudeste,68.6,26.8,63.3,31.9,33.0,41.8,31.4,-5.299999999999997,mantido
3142809,MG,Monte Alegre de Minas,Sudeste,52.9,40.7,43.8,49.5,51.1,12.199999999999996,-5.700000000000003,-9.100000000000001,vira
3142908,MG,Monte Azul,Sudeste,59.7,35.5,57.8,37.6,39.2,24.200000000000003,20.199999999999996,-1.9000000000000057,mantido
3143005,MG,Monte Belo,Sudeste,48.2,43.9,40.7,52.0,54.4,4.300000000000004,-11.299999999999997,-7.5,vira
3143104,MG,Monte Carmelo,Sudeste,51.1,42.3,42.0,50.1,52.3,8.800000000000004,-8.100000000000001,-9.100000000000001,vira
3143153,MG,Monte Formoso,Sudeste,73.9,19.9,68.9,24.8,26.2,54.00000000000001,44.10000000000001,-5.0,mantido
3143203,MG,Monte Santo de Minas,Sudeste,44.0,47.1,36.9,54.9,57.4,-3.1000000000000014,-18.0,-7.100000000000001,outro
3143401,MG,Monte Sião,Sudeste,23.2,70.3,19.8,74.7,76.7,-47.099999999999994,-54.900000000000006,-3.3999999999999986,outro
3143302,MG,Montes Claros,Sudeste,46.6,44.9,42.6,49.2,52.0,1.7000000000000028,-6.600000000000001,-4.0,vira
3143450,MG,Montezuma,Sudeste,65.4,26.8,61.4,33.9,35.2,38.60000000000001,27.5,-4.000000000000007,mantido
3143500,MG,Morada Nova de Minas,Sudeste,45.4,49.4,37.2,57.7,59.3,-4.0,-20.5,-8.199999999999996,outro
3143609,MG,Morro da Garça,Sudeste,69.1,25.2,61.5,31.6,33.0,43.89999999999999,29.9,-7.599999999999994,mantido
3143708,MG,Morro do Pilar,Sudeste,68.3,25.8,55.6,35.1,35.9,42.5,20.5,-12.699999999999996,mantido
3143807,MG,Munhoz,Sudeste,45.2,48.8,35.3,59.1,60.7,-3.5999999999999943,-23.800000000000004,-9.900000000000006,outro
3143906,MG,Muriaé,Sudeste,45.7,48.1,42.1,51.3,53.8,-2.3999999999999986,-9.199999999999996,-3.6000000000000014,outro
3144003,MG,Mutum,Sudeste,47.3,48.2,40.6,54.5,56.0,-0.9000000000000057,-13.899999999999999,-6.699999999999996,outro
3144102,MG,Muzambinho,Sudeste,43.3,49.2,38.6,54.3,56.8,-5.900000000000006,-15.699999999999996,-4.699999999999996,outro
3140159,MG,Mário Campos,Sudeste,45.6,45.9,39.1,50.9,53.6,-0.29999999999999716,-11.799999999999997,-6.5,outro
3144201,MG,Nacip Raydan,Sudeste,65.6,30.0,58.7,35.2,37.0,35.599999999999994,23.5,-6.8999999999999915,mantido
3144300,MG,Nanuque,Sudeste,49.1,46.3,46.9,48.5,50.4,2.8000000000000043,-1.6000000000000014,-2.200000000000003,vira
3144359,MG,Naque,Sudeste,56.9,38.8,52.6,43.1,44.2,18.1,9.5,-4.299999999999997,mantido
3144375,MG,Natalândia,Sudeste,61.3,33.8,49.6,43.4,45.2,27.5,6.200000000000003,-11.699999999999996,mantido
3144409,MG,Natércia,Sudeste,35.1,52.7,32.7,56.2,59.5,-17.6,-23.5,-2.3999999999999986,outro
3144508,MG,Nazareno,Sudeste,63.5,29.1,52.0,39.9,41.7,34.4,12.100000000000001,-11.5,mantido
3144607,MG,Nepomuceno,Sudeste,46.1,45.7,40.7,50.1,52.6,0.3999999999999986,-9.399999999999999,-5.399999999999999,vira
3144656,MG,Ninheira,Sudeste,64.2,26.8,59.2,32.8,34.7,37.400000000000006,26.400000000000006,-5.0,mantido
3144672,MG,Nova Belém,Sudeste,54.4,40.7,49.2,46.1,47.2,13.699999999999996,3.1000000000000014,-5.199999999999996,mantido
3144706,MG,Nova Era,Sudeste,56.1,35.3,54.2,37.5,40.3,20.800000000000004,16.700000000000003,-1.8999999999999986,mantido
3144805,MG,Nova Lima,Sudeste,47.6,41.1,42.6,46.1,50.2,6.5,-3.5,-5.0,vira
3144904,MG,Nova Módica,Sudeste,60.2,33.6,54.4,40.2,42.0,26.6,14.199999999999996,-5.800000000000004,mantido
3145000,MG,Nova Ponte,Sudeste,48.1,46.6,38.2,55.7,58.0,1.5,-17.5,-9.899999999999999,vira
3145059,MG,Nova Porteirinha,Sudeste,63.6,31.7,56.8,37.9,39.4,31.900000000000002,18.9,-6.800000000000004,mantido
3145109,MG,Nova Resende,Sudeste,39.8,52.6,32.3,60.2,62.4,-12.800000000000004,-27.900000000000006,-7.5,outro
3145208,MG,Nova Serrana,Sudeste,27.3,66.8,21.3,71.8,74.6,-39.5,-50.5,-6.0,outro
3136603,MG,Nova União,Sudeste,57.7,33.9,46.8,42.1,44.3,23.800000000000004,4.699999999999996,-10.900000000000006,mantido
3145307,MG,Novo Cruzeiro,Sudeste,75.0,20.7,66.9,29.3,30.4,54.3,37.60000000000001,-8.099999999999994,mantido
3145356,MG,Novo Oriente de Minas,Sudeste,70.4,24.5,63.5,31.4,33.2,45.900000000000006,32.1,-6.900000000000006,mantido
3145372,MG,Novorizonte,Sudeste,59.9,33.8,54.0,41.3,42.4,26.1,12.700000000000003,-5.899999999999999,mantido
3145406,MG,Olaria,Sudeste,65.5,27.6,54.2,36.4,38.9,37.9,17.800000000000004,-11.299999999999997,mantido
3145455,MG,Olhos-d'Água,Sudeste,74.7,20.7,65.9,27.5,29.1,54.0,38.400000000000006,-8.799999999999997,mantido
3145604,MG,Oliveira,Sudeste,47.7,42.3,41.8,49.1,52.3,5.400000000000006,-7.300000000000004,-5.900000000000006,vira
3145703,MG,Oliveira Fortes,Sudeste,70.3,23.1,60.9,32.1,34.4,47.199999999999996,28.799999999999997,-9.399999999999999,mantido
3145505,MG,Olímpio Noronha,Sudeste,59.6,33.0,47.5,43.4,47.3,26.6,4.100000000000001,-12.100000000000001,mantido
3145802,MG,Onça de Pitangui,Sudeste,39.3,53.5,31.8,59.6,61.0,-14.200000000000003,-27.8,-7.4999999999999964,outro
3145851,MG,Oratórios,Sudeste,74.3,20.4,68.9,25.3,27.3,53.9,43.60000000000001,-5.3999999999999915,mantido
3145877,MG,Orizânia,Sudeste,55.3,39.3,49.8,44.9,46.3,16.0,4.899999999999999,-5.5,mantido
3145901,MG,Ouro Branco,Sudeste,49.4,41.4,43.4,46.4,50.1,8.0,-3.0,-6.0,vira
3146008,MG,Ouro Fino,Sudeste,31.0,59.3,27.0,64.2,67.4,-28.299999999999997,-37.2,-4.0,outro
3146107,MG,Ouro Preto,Sudeste,66.5,25.2,60.9,30.2,33.1,41.3,30.7,-5.600000000000001,mantido
3146206,MG,Ouro Verde de Minas,Sudeste,60.1,35.7,53.9,42.2,43.4,24.4,11.699999999999996,-6.200000000000003,mantido
3146255,MG,Padre Carvalho,Sudeste,70.1,25.9,62.3,31.6,32.4,44.199999999999996,30.699999999999996,-7.799999999999997,mantido
3146305,MG,Padre Paraíso,Sudeste,59.8,34.5,53.4,41.6,43.3,25.299999999999997,11.799999999999997,-6.399999999999999,mantido
3146552,MG,Pai Pedro,Sudeste,75.1,20.4,68.9,27.1,28.3,54.699999999999996,41.800000000000004,-6.199999999999989,mantido
3146404,MG,Paineiras,Sudeste,58.5,33.8,49.2,43.1,45.6,24.700000000000003,6.100000000000001,-9.299999999999997,mantido
3146503,MG,Pains,Sudeste,46.2,47.2,34.0,58.0,60.1,-1.0,-24.0,-12.200000000000003,outro
3146602,MG,Paiva,Sudeste,63.8,27.9,54.8,35.7,37.8,35.9,19.099999999999994,-9.0,mantido
3146701,MG,Palma,Sudeste,63.1,32.1,56.4,38.5,40.1,31.0,17.9,-6.700000000000003,mantido
3146750,MG,Palmópolis,Sudeste,71.6,22.2,65.4,29.0,30.5,49.39999999999999,36.400000000000006,-6.199999999999989,mantido
3146909,MG,Papagaios,Sudeste,49.7,44.7,39.2,53.2,55.3,5.0,-14.0,-10.5,vira
3147006,MG,Paracatu,Sudeste,41.8,51.6,32.2,60.2,62.4,-9.800000000000004,-28.0,-9.599999999999994,outro
3147204,MG,Paraguaçu,Sudeste,44.1,48.7,38.1,54.3,57.0,-4.600000000000001,-16.199999999999996,-6.0,outro
3147303,MG,Paraisópolis,Sudeste,37.5,51.4,35.0,54.9,58.5,-13.899999999999999,-19.9,-2.5,outro
3147402,MG,Paraopeba,Sudeste,45.5,47.1,39.0,52.7,54.9,-1.6000000000000014,-13.700000000000003,-6.5,outro
3147105,MG,Pará de Minas,Sudeste,33.8,56.0,27.3,62.2,65.6,-22.200000000000003,-34.900000000000006,-6.4999999999999964,outro
3147600,MG,Passa Quatro,Sudeste,49.9,41.1,43.4,47.6,50.3,8.799999999999997,-4.200000000000003,-6.5,vira
3147709,MG,Passa Tempo,Sudeste,56.5,35.8,45.9,44.4,47.2,20.700000000000003,1.5,-10.600000000000001,mantido
3147808,MG,Passa-Vinte,Sudeste,50.7,39.8,43.7,47.6,51.7,10.900000000000006,-3.8999999999999986,-7.0,vira
3147501,MG,Passabém,Sudeste,60.0,30.7,53.0,39.2,41.3,29.3,13.799999999999997,-7.0,mantido
3147907,MG,Passos,Sudeste,45.0,47.1,38.9,51.4,54.5,-2.1000000000000014,-12.5,-6.100000000000001,outro
3147956,MG,Patis,Sudeste,79.9,16.4,72.4,22.4,23.5,63.50000000000001,50.00000000000001,-7.5,mantido
3148004,MG,Patos de Minas,Sudeste,34.4,56.8,28.5,63.0,65.8,-22.4,-34.5,-5.899999999999999,outro
3148103,MG,Patrocínio,Sudeste,37.9,53.8,30.4,61.2,63.6,-15.899999999999999,-30.800000000000004,-7.5,outro
3148202,MG,Patrocínio do Muriaé,Sudeste,55.2,39.3,49.3,45.0,46.7,15.900000000000006,4.299999999999997,-5.900000000000006,mantido
3148301,MG,Paula Cândido,Sudeste,69.5,23.9,64.1,28.5,31.4,45.6,35.599999999999994,-5.400000000000006,mantido
3148400,MG,Paulistas,Sudeste,78.2,15.7,70.9,23.8,25.3,62.5,47.10000000000001,-7.299999999999997,mantido
3148509,MG,Pavão,Sudeste,67.6,28.3,62.0,35.4,36.6,39.3,26.6,-5.599999999999994,mantido
3148707,MG,Pedra Azul,Sudeste,59.1,35.7,55.3,39.6,41.3,23.4,15.699999999999996,-3.8000000000000043,mantido
3148756,MG,Pedra Bonita,Sudeste,47.4,47.7,44.8,50.2,51.9,-0.30000000000000426,-5.400000000000006,-2.6000000000000014,outro
3149002,MG,Pedra Dourada,Sudeste,58.3,34.2,52.2,41.8,43.0,24.099999999999994,10.400000000000006,-6.099999999999994,mantido
3148806,MG,Pedra do Anta,Sudeste,69.4,23.8,63.5,31.0,32.0,45.60000000000001,32.5,-5.900000000000006,mantido
3148905,MG,Pedra do Indaiá,Sudeste,40.5,51.1,32.7,58.9,60.7,-10.600000000000001,-26.199999999999996,-7.799999999999997,outro
3149101,MG,Pedralva,Sudeste,40.2,50.0,36.9,55.8,58.1,-9.799999999999997,-18.9,-3.3000000000000043,outro
3149150,MG,Pedras de Maria da Cruz,Sudeste,76.7,20.1,73.2,23.9,24.5,56.6,49.300000000000004,-3.5,mantido
3149200,MG,Pedrinópolis,Sudeste,47.7,45.6,37.4,55.0,57.3,2.1000000000000014,-17.6,-10.300000000000004,vira
3149309,MG,Pedro Leopoldo,Sudeste,42.5,47.5,38.1,51.0,54.3,-5.0,-12.899999999999999,-4.399999999999999,outro
3149408,MG,Pedro Teixeira,Sudeste,72.9,18.8,62.7,29.0,31.6,54.10000000000001,33.7,-10.200000000000003,mantido
3149507,MG,Pequeri,Sudeste,56.2,38.1,50.6,42.3,44.0,18.1,8.300000000000004,-5.600000000000001,mantido
3149606,MG,Pequi,Sudeste,47.8,45.2,39.0,49.9,51.8,2.5999999999999943,-10.899999999999999,-8.799999999999997,vira
3149705,MG,Perdigão,Sudeste,24.5,69.0,21.0,70.9,73.7,-44.5,-49.900000000000006,-3.5,outro
3149804,MG,Perdizes,Sudeste,41.5,51.2,31.7,60.9,63.8,-9.700000000000003,-29.2,-9.8,outro
3149903,MG,Perdões,Sudeste,43.3,49.2,36.6,54.3,57.0,-5.900000000000006,-17.699999999999996,-6.699999999999996,outro
3149952,MG,Periquito,Sudeste,52.3,44.0,46.8,48.2,49.9,8.299999999999997,-1.4000000000000057,-5.5,vira
3150000,MG,Pescador,Sudeste,63.6,31.3,60.5,34.9,36.1,32.3,25.6,-3.1000000000000014,mantido
3148608,MG,Peçanha,Sudeste,64.4,29.8,54.8,37.6,39.6,34.60000000000001,17.199999999999996,-9.600000000000009,mantido
3150109,MG,Piau,Sudeste,62.1,31.8,55.3,37.5,39.9,30.3,17.799999999999997,-6.800000000000004,mantido
3150158,MG,Piedade de Caratinga,Sudeste,45.8,49.7,39.2,56.1,57.7,-3.9000000000000057,-16.9,-6.599999999999994,outro
3150208,MG,Piedade de Ponte Nova,Sudeste,68.9,26.7,63.4,30.9,32.6,42.2,32.5,-5.500000000000007,mantido
3150307,MG,Piedade do Rio Grande,Sudeste,56.4,34.7,48.5,41.6,43.7,21.699999999999996,6.899999999999999,-7.899999999999999,mantido
3150406,MG,Piedade dos Gerais,Sudeste,49.4,43.3,39.7,50.8,53.0,6.100000000000001,-11.099999999999994,-9.699999999999996,vira
3150505,MG,Pimenta,Sudeste,43.1,49.2,33.0,60.3,61.9,-6.100000000000001,-27.299999999999997,-10.100000000000001,outro
3150539,MG,Pingo-d'Água,Sudeste,62.0,33.2,56.5,38.2,40.2,28.799999999999997,18.299999999999997,-5.5,mantido
3150570,MG,Pintópolis,Sudeste,71.6,22.4,64.3,28.7,30.3,49.199999999999996,35.599999999999994,-7.299999999999997,mantido
3150604,MG,Piracema,Sudeste,57.2,33.5,45.5,43.6,46.0,23.700000000000003,1.8999999999999986,-11.700000000000003,mantido
3150703,MG,Pirajuba,Sudeste,53.5,43.0,42.7,52.1,53.4,10.5,-9.399999999999999,-10.799999999999997,vira
3150802,MG,Piranga,Sudeste,62.2,28.6,56.4,34.6,37.4,33.6,21.799999999999997,-5.800000000000004,mantido
3151008,MG,Piranguinho,Sudeste,44.0,46.7,38.0,53.2,56.7,-2.700000000000003,-15.200000000000003,-6.0,outro
3150901,MG,Piranguçu,Sudeste,36.7,53.7,34.5,57.1,59.6,-17.0,-22.6,-2.200000000000003,outro
3151107,MG,Pirapetinga,Sudeste,54.6,40.9,48.9,45.6,47.6,13.700000000000003,3.299999999999997,-5.700000000000003,mantido
3151206,MG,Pirapora,Sudeste,42.9,49.8,39.6,52.7,54.9,-6.899999999999999,-13.100000000000001,-3.299999999999997,outro
3151305,MG,Piraúba,Sudeste,57.4,37.6,50.9,42.4,44.5,19.799999999999997,8.5,-6.5,mantido
3151404,MG,Pitangui,Sudeste,34.3,56.8,28.4,63.4,66.3,-22.5,-35.0,-5.899999999999999,outro
3151503,MG,Piumhi,Sudeste,35.5,58.6,29.8,63.2,65.8,-23.1,-33.400000000000006,-5.699999999999999,outro
3151602,MG,Planura,Sudeste,49.2,45.8,43.3,51.4,53.3,3.4000000000000057,-8.100000000000001,-5.900000000000006,vira
3151909,MG,Pocrane,Sudeste,51.4,43.5,48.5,48.2,49.4,7.899999999999999,0.29999999999999716,-2.8999999999999986,mantido
3152006,MG,Pompéu,Sudeste,56.0,38.1,45.3,46.9,49.2,17.9,-1.6000000000000014,-10.700000000000003,vira
3152105,MG,Ponte Nova,Sudeste,64.1,28.8,59.8,32.2,35.0,35.3,27.599999999999994,-4.299999999999997,mantido
3152131,MG,Ponto Chique,Sudeste,78.1,17.4,72.4,24.2,25.3,60.699999999999996,48.2,-5.699999999999989,mantido
3152170,MG,Ponto dos Volantes,Sudeste,67.6,26.5,60.9,33.7,35.0,41.099999999999994,27.199999999999996,-6.699999999999996,mantido
3152204,MG,Porteirinha,Sudeste,62.9,32.2,58.5,36.7,38.0,30.699999999999996,21.799999999999997,-4.399999999999999,mantido
3152303,MG,Porto Firme,Sudeste,64.8,29.3,57.5,36.1,37.9,35.5,21.4,-7.299999999999997,mantido
3152402,MG,Poté,Sudeste,58.1,37.2,53.1,42.4,43.9,20.9,10.700000000000003,-5.0,mantido
3152501,MG,Pouso Alegre,Sudeste,38.0,51.9,34.2,56.4,60.3,-13.899999999999999,-22.199999999999996,-3.799999999999997,outro
3152600,MG,Pouso Alto,Sudeste,40.9,49.2,38.0,54.9,56.6,-8.300000000000004,-16.9,-2.8999999999999986,outro
3151701,MG,Poço Fundo,Sudeste,48.9,43.8,40.1,52.4,54.8,5.100000000000001,-12.299999999999997,-8.799999999999997,vira
3151800,MG,Poços de Caldas,Sudeste,38.7,51.4,36.2,53.6,58.1,-12.699999999999996,-17.4,-2.5,outro
3152709,MG,Prados,Sudeste,59.7,31.4,51.6,39.4,42.4,28.300000000000004,12.200000000000003,-8.100000000000001,mantido
3152808,MG,Prata,Sudeste,52.9,41.6,39.2,50.5,52.1,11.299999999999997,-11.299999999999997,-13.699999999999996,vira
3153004,MG,Pratinha,Sudeste,35.1,56.6,27.9,63.4,66.2,-21.5,-35.5,-7.200000000000003,outro
3152907,MG,Pratápolis,Sudeste,47.2,45.9,39.7,52.2,54.2,1.3000000000000043,-12.5,-7.5,vira
3153103,MG,Presidente Bernardes,Sudeste,67.3,26.3,60.7,32.6,34.3,41.0,28.1,-6.599999999999994,mantido
3153202,MG,Presidente Juscelino,Sudeste,66.2,27.6,56.9,36.7,37.7,38.6,20.199999999999996,-9.300000000000004,mantido
3153301,MG,Presidente Kubitschek,Sudeste,82.8,12.6,73.9,17.7,19.7,70.2,56.2,-8.899999999999991,mantido
3153400,MG,Presidente Olegário,Sudeste,47.6,44.7,37.6,53.9,56.4,2.8999999999999986,-16.299999999999997,-10.0,vira
3153608,MG,Prudente de Morais,Sudeste,47.1,44.3,40.8,50.6,53.4,2.8000000000000043,-9.800000000000004,-6.300000000000004,vira
3153707,MG,Quartel Geral,Sudeste,57.5,34.6,46.7,46.6,48.3,22.9,0.10000000000000142,-10.799999999999997,mantido
3153806,MG,Queluzito,Sudeste,52.5,37.5,45.8,43.4,46.2,15.0,2.3999999999999986,-6.700000000000003,mantido
3153905,MG,Raposos,Sudeste,58.1,30.5,51.1,35.7,39.6,27.6,15.399999999999999,-7.0,mantido
3154002,MG,Raul Soares,Sudeste,58.3,35.5,53.7,40.0,42.2,22.799999999999997,13.700000000000003,-4.599999999999994,mantido
3154101,MG,Recreio,Sudeste,60.8,34.3,57.1,38.0,39.5,26.5,19.1,-3.6999999999999957,mantido
3154150,MG,Reduto,Sudeste,52.3,42.7,44.4,49.0,51.0,9.599999999999994,-4.600000000000001,-7.899999999999999,vira
3154200,MG,Resende Costa,Sudeste,51.5,36.9,42.9,46.1,49.0,14.600000000000001,-3.200000000000003,-8.600000000000001,vira
3154309,MG,Resplendor,Sudeste,35.3,60.1,33.8,62.0,63.6,-24.800000000000004,-28.200000000000003,-1.5,outro
3154408,MG,Ressaquinha,Sudeste,59.7,30.2,53.4,35.5,39.2,29.500000000000004,17.9,-6.300000000000004,mantido
3154457,MG,Riachinho,Sudeste,63.3,30.4,51.3,39.0,40.5,32.9,12.299999999999997,-12.0,mantido
3154507,MG,Riacho dos Machados,Sudeste,69.6,25.3,60.6,33.1,34.8,44.3,27.5,-8.999999999999993,mantido
3154705,MG,Ribeirão Vermelho,Sudeste,55.6,35.3,50.8,41.2,44.3,20.300000000000004,9.599999999999994,-4.800000000000004,mantido
3154606,MG,Ribeirão das Neves,Sudeste,49.3,42.7,43.9,46.5,49.8,6.599999999999994,-2.6000000000000014,-5.399999999999999,vira
3154804,MG,Rio Acima,Sudeste,52.9,37.3,45.6,43.5,46.1,15.600000000000001,2.1000000000000014,-7.299999999999997,mantido
3154903,MG,Rio Casca,Sudeste,63.9,30.1,59.0,33.7,36.1,33.8,25.299999999999997,-4.899999999999999,mantido
3155009,MG,Rio Doce,Sudeste,64.9,29.0,62.6,32.1,33.9,35.900000000000006,30.5,-2.3000000000000043,mantido
3155207,MG,Rio Espera,Sudeste,60.0,32.7,52.1,39.1,42.2,27.299999999999997,13.0,-7.899999999999999,mantido
3155306,MG,Rio Manso,Sudeste,54.7,36.6,44.4,43.9,46.4,18.1,0.5,-10.300000000000004,mantido
3155405,MG,Rio Novo,Sudeste,56.6,37.0,50.7,42.2,44.6,19.6,8.5,-5.899999999999999,mantido
3155504,MG,Rio Paranaíba,Sudeste,51.1,43.0,38.6,55.1,56.9,8.100000000000001,-16.5,-12.5,vira
3155603,MG,Rio Pardo de Minas,Sudeste,58.2,34.9,56.1,38.3,39.8,23.300000000000004,17.800000000000004,-2.1000000000000014,mantido
3155702,MG,Rio Piracicaba,Sudeste,58.3,32.6,52.2,39.1,41.7,25.699999999999996,13.100000000000001,-6.099999999999994,mantido
3155801,MG,Rio Pomba,Sudeste,55.9,37.4,51.2,41.8,44.2,18.5,9.400000000000006,-4.699999999999996,mantido
3155900,MG,Rio Preto,Sudeste,63.0,30.5,55.3,38.1,40.1,32.5,17.199999999999996,-7.700000000000003,mantido
3156007,MG,Rio Vermelho,Sudeste,67.9,25.3,60.1,32.9,34.6,42.60000000000001,27.200000000000003,-7.800000000000004,mantido
3155108,MG,Rio do Prado,Sudeste,77.5,18.3,70.3,26.2,27.4,59.2,44.099999999999994,-7.200000000000003,mantido
3156106,MG,Ritápolis,Sudeste,60.8,29.8,52.8,37.9,40.6,30.999999999999996,14.899999999999999,-8.0,mantido
3156205,MG,Rochedo de Minas,Sudeste,48.5,44.9,44.1,48.9,50.9,3.6000000000000014,-4.799999999999997,-4.399999999999999,vira
3156304,MG,Rodeiro,Sudeste,52.0,43.1,43.5,50.3,52.3,8.899999999999999,-6.799999999999997,-8.5,vira
3156403,MG,Romaria,Sudeste,63.3,32.1,52.2,41.3,42.7,31.199999999999996,10.900000000000006,-11.099999999999994,mantido
3156452,MG,Rosário da Limeira,Sudeste,59.4,32.6,52.6,40.0,42.1,26.799999999999997,12.600000000000001,-6.799999999999997,mantido
3156502,MG,Rubelita,Sudeste,80.7,14.9,72.8,22.3,23.4,65.8,50.5,-7.900000000000006,mantido
3156601,MG,Rubim,Sudeste,70.4,24.0,66.0,28.3,29.9,46.400000000000006,37.7,-4.400000000000006,mantido
3156700,MG,Sabará,Sudeste,48.0,42.2,44.2,45.8,49.2,5.799999999999997,-1.5999999999999943,-3.799999999999997,vira
3156809,MG,Sabinópolis,Sudeste,71.1,23.9,63.9,29.8,31.7,47.199999999999996,34.099999999999994,-7.199999999999996,mantido
3156908,MG,Sacramento,Sudeste,41.4,51.4,34.5,56.6,59.8,-10.0,-22.1,-6.899999999999999,outro
3157005,MG,Salinas,Sudeste,60.3,33.8,54.7,39.2,41.1,26.5,15.5,-5.599999999999994,mantido
3157104,MG,Salto da Divisa,Sudeste,65.5,29.1,60.0,36.2,37.5,36.4,23.799999999999997,-5.5,mantido
3157203,MG,Santa Bárbara,Sudeste,59.4,31.4,53.0,36.1,39.3,28.0,16.9,-6.399999999999999,mantido
3157252,MG,Santa Bárbara do Leste,Sudeste,49.0,45.3,43.7,50.4,52.2,3.700000000000003,-6.699999999999996,-5.299999999999997,vira
3157278,MG,Santa Bárbara do Monte Verde,Sudeste,60.8,32.7,53.3,40.6,41.8,28.099999999999994,12.699999999999996,-7.5,mantido
3157302,MG,Santa Bárbara do Tugúrio,Sudeste,73.2,20.6,63.0,30.5,32.4,52.6,32.5,-10.200000000000003,mantido
3157336,MG,Santa Cruz de Minas,Sudeste,42.9,47.8,37.9,52.5,55.4,-4.899999999999999,-14.600000000000001,-5.0,outro
3157377,MG,Santa Cruz de Salinas,Sudeste,79.7,14.0,73.6,19.4,20.6,65.7,54.199999999999996,-6.1000000000000085,mantido
3157401,MG,Santa Cruz do Escalvado,Sudeste,69.7,26.0,65.3,29.7,31.6,43.7,35.599999999999994,-4.400000000000006,mantido
3157500,MG,Santa Efigênia de Minas,Sudeste,64.6,29.4,54.6,38.3,40.0,35.199999999999996,16.300000000000004,-9.999999999999993,mantido
3157609,MG,Santa Fé de Minas,Sudeste,73.7,21.4,68.4,26.4,27.3,52.300000000000004,42.00000000000001,-5.299999999999997,mantido
3157658,MG,Santa Helena de Minas,Sudeste,71.8,22.9,66.5,29.5,30.5,48.9,37.0,-5.299999999999997,mantido
3157708,MG,Santa Juliana,Sudeste,48.3,47.4,36.9,58.2,59.7,0.8999999999999986,-21.300000000000004,-11.399999999999999,vira
3157807,MG,Santa Luzia,Sudeste,46.1,44.7,41.5,47.9,51.4,1.3999999999999986,-6.399999999999999,-4.600000000000001,vira
3157906,MG,Santa Margarida,Sudeste,48.5,46.8,47.3,47.5,49.5,1.7000000000000028,-0.20000000000000284,-1.2000000000000028,vira
3158003,MG,Santa Maria de Itabira,Sudeste,65.4,27.4,58.6,34.0,35.8,38.00000000000001,24.6,-6.800000000000004,mantido
3158102,MG,Santa Maria do Salto,Sudeste,60.1,34.8,56.3,38.6,40.2,25.300000000000004,17.699999999999996,-3.8000000000000043,mantido
3158201,MG,Santa Maria do Suaçuí,Sudeste,64.8,31.2,57.7,36.8,38.7,33.599999999999994,20.900000000000006,-7.099999999999994,mantido
3159209,MG,Santa Rita de Caldas,Sudeste,35.3,57.0,28.7,62.6,65.1,-21.700000000000003,-33.900000000000006,-6.599999999999998,outro
3159407,MG,Santa Rita de Ibitipoca,Sudeste,69.5,21.4,58.9,30.4,31.9,48.1,28.5,-10.600000000000001,mantido
3159308,MG,Santa Rita de Jacutinga,Sudeste,60.4,33.4,51.2,42.1,44.2,27.0,9.100000000000001,-9.199999999999996,mantido
3159357,MG,Santa Rita de Minas,Sudeste,47.1,47.0,43.8,50.8,53.0,0.10000000000000142,-7.0,-3.3000000000000043,vira
3159506,MG,Santa Rita do Itueto,Sudeste,40.9,53.9,35.5,60.4,61.8,-13.0,-24.9,-5.399999999999999,outro
3159605,MG,Santa Rita do Sapucaí,Sudeste,30.7,57.1,26.8,61.7,66.5,-26.400000000000002,-34.900000000000006,-3.8999999999999986,outro
3159704,MG,Santa Rosa da Serra,Sudeste,53.1,42.0,41.6,52.7,55.0,11.100000000000001,-11.100000000000001,-11.5,vira
3159803,MG,Santa Vitória,Sudeste,57.7,37.2,49.0,44.2,46.2,20.5,4.799999999999997,-8.700000000000003,mantido
3158300,MG,Santana da Vargem,Sudeste,51.0,41.1,42.0,49.2,51.7,9.899999999999999,-7.200000000000003,-9.0,vira
3158409,MG,Santana de Cataguases,Sudeste,49.5,43.6,44.1,49.9,51.8,5.899999999999999,-5.799999999999997,-5.399999999999999,vira
3158508,MG,Santana de Pirapama,Sudeste,56.5,34.8,45.6,45.4,46.9,21.700000000000003,0.20000000000000284,-10.899999999999999,mantido
3158607,MG,Santana do Deserto,Sudeste,63.8,29.5,56.0,38.0,39.7,34.3,18.0,-7.799999999999997,mantido
3158706,MG,Santana do Garambéu,Sudeste,69.5,24.7,60.3,32.8,34.4,44.8,27.5,-9.200000000000003,mantido
3158805,MG,Santana do Jacaré,Sudeste,52.0,40.5,46.5,46.3,48.5,11.5,0.20000000000000284,-5.5,mantido
3158904,MG,Santana do Manhuaçu,Sudeste,58.9,36.5,50.9,43.9,45.9,22.4,7.0,-8.0,mantido
3158953,MG,Santana do Paraíso,Sudeste,39.3,55.3,34.8,58.0,60.6,-16.0,-23.200000000000003,-4.5,outro
3159001,MG,Santana do Riacho,Sudeste,61.1,32.1,53.5,38.4,40.9,29.0,15.100000000000001,-7.600000000000001,mantido
3159100,MG,Santana dos Montes,Sudeste,58.8,33.2,51.2,41.5,43.0,25.599999999999994,9.700000000000003,-7.599999999999994,mantido
3159902,MG,Santo Antônio do Amparo,Sudeste,65.1,28.8,57.2,36.0,38.0,36.3,21.200000000000003,-7.8999999999999915,mantido
3160009,MG,Santo Antônio do Aventureiro,Sudeste,54.4,37.9,47.5,44.2,46.6,16.5,3.299999999999997,-6.899999999999999,mantido
3160108,MG,Santo Antônio do Grama,Sudeste,70.2,23.7,62.4,31.1,33.3,46.5,31.299999999999997,-7.800000000000004,mantido
3160207,MG,Santo Antônio do Itambé,Sudeste,74.8,17.6,67.8,25.1,27.1,57.199999999999996,42.699999999999996,-7.0,mantido
3160306,MG,Santo Antônio do Jacinto,Sudeste,60.3,35.0,53.2,43.0,44.1,25.299999999999997,10.200000000000003,-7.099999999999994,mantido
3160405,MG,Santo Antônio do Monte,Sudeste,26.4,67.2,23.0,70.9,73.1,-40.800000000000004,-47.900000000000006,-3.3999999999999986,outro
3160454,MG,Santo Antônio do Retiro,Sudeste,68.6,25.2,64.9,29.7,31.3,43.39999999999999,35.2,-3.6999999999999886,mantido
3160504,MG,Santo Antônio do Rio Abaixo,Sudeste,62.4,30.7,54.8,37.9,38.9,31.7,16.9,-7.600000000000001,mantido
3160603,MG,Santo Hipólito,Sudeste,69.3,24.6,61.3,29.7,32.0,44.699999999999996,31.599999999999998,-8.0,mantido
3160702,MG,Santos Dumont,Sudeste,59.1,32.7,55.4,36.5,39.3,26.4,18.9,-3.700000000000003,mantido
3165404,MG,Sapucaí-Mirim,Sudeste,42.9,47.3,36.7,55.5,58.3,-4.399999999999999,-18.799999999999997,-6.199999999999996,outro
3165503,MG,Sardoá,Sudeste,57.4,36.5,48.7,44.2,46.1,20.9,4.5,-8.699999999999996,mantido
3165537,MG,Sarzedo,Sudeste,42.7,48.9,35.2,53.8,57.7,-6.199999999999996,-18.599999999999994,-7.5,outro
3165560,MG,Sem-Peixe,Sudeste,68.7,25.4,60.7,31.8,33.3,43.300000000000004,28.900000000000002,-8.0,mantido
3165578,MG,Senador Amaral,Sudeste,41.6,52.5,29.9,63.2,66.5,-10.899999999999999,-33.300000000000004,-11.700000000000003,outro
3165602,MG,Senador Cortes,Sudeste,59.9,32.7,53.2,39.9,41.5,27.199999999999996,13.300000000000004,-6.699999999999996,mantido
3165701,MG,Senador Firmino,Sudeste,66.7,26.1,58.4,33.4,36.7,40.6,25.0,-8.300000000000004,mantido
3165800,MG,Senador José Bento,Sudeste,40.2,52.5,34.4,59.4,61.4,-12.299999999999997,-25.0,-5.800000000000004,outro
3165909,MG,Senador Modestino Gonçalves,Sudeste,70.4,23.3,60.0,33.1,35.3,47.10000000000001,26.9,-10.400000000000006,mantido
3166006,MG,Senhora de Oliveira,Sudeste,70.7,23.2,60.0,31.8,33.8,47.5,28.2,-10.700000000000003,mantido
3166105,MG,Senhora do Porto,Sudeste,62.4,30.9,55.0,36.5,37.9,31.5,18.5,-7.399999999999999,mantido
3166204,MG,Senhora dos Remédios,Sudeste,64.4,28.6,53.2,38.3,40.6,35.800000000000004,14.900000000000006,-11.200000000000003,mantido
3166303,MG,Sericita,Sudeste,46.8,49.6,44.7,50.8,51.8,-2.8000000000000043,-6.099999999999994,-2.0999999999999943,outro
3166402,MG,Seritinga,Sudeste,58.2,36.0,47.8,45.7,47.4,22.200000000000003,2.0999999999999943,-10.400000000000006,mantido
3166501,MG,Serra Azul de Minas,Sudeste,72.2,20.8,60.6,31.2,32.1,51.400000000000006,29.400000000000002,-11.600000000000001,mantido
3166600,MG,Serra da Saudade,Sudeste,44.4,47.1,37.4,55.1,57.7,-2.700000000000003,-17.700000000000003,-7.0,outro
3166808,MG,Serra do Salitre,Sudeste,43.8,51.3,34.6,59.9,61.5,-7.5,-25.299999999999997,-9.199999999999996,outro
3166709,MG,Serra dos Aimorés,Sudeste,62.1,32.7,58.1,37.4,39.0,29.4,20.700000000000003,-4.0,mantido
3166907,MG,Serrania,Sudeste,50.2,43.1,44.7,48.1,50.3,7.100000000000001,-3.3999999999999986,-5.5,vira
3167004,MG,Serranos,Sudeste,57.6,34.6,51.3,41.9,43.8,23.0,9.399999999999999,-6.300000000000004,mantido
3166956,MG,Serranópolis de Minas,Sudeste,69.8,25.4,63.9,31.5,32.6,44.4,32.4,-5.899999999999999,mantido
3167103,MG,Serro,Sudeste,71.9,22.8,65.4,28.0,30.0,49.10000000000001,37.400000000000006,-6.5,mantido
3167202,MG,Sete Lagoas,Sudeste,39.3,50.1,34.5,54.9,58.8,-10.800000000000004,-20.4,-4.799999999999997,outro
3165552,MG,Setubinha,Sudeste,77.6,17.8,68.5,27.0,28.2,59.8,41.5,-9.099999999999994,mantido
3167301,MG,Silveirânia,Sudeste,65.6,26.7,55.7,35.7,38.5,38.89999999999999,20.0,-9.899999999999991,mantido
3167400,MG,Silvianópolis,Sudeste,40.6,50.3,34.8,56.4,59.3,-9.699999999999996,-21.6,-5.800000000000004,outro
3167608,MG,Simonésia,Sudeste,50.4,43.5,44.8,48.9,50.6,6.899999999999999,-4.100000000000001,-5.600000000000001,vira
3167509,MG,Simão Pereira,Sudeste,55.1,38.3,48.8,44.0,46.5,16.800000000000004,4.799999999999997,-6.300000000000004,mantido
3167707,MG,Sobrália,Sudeste,50.8,43.0,48.5,46.4,47.8,7.799999999999997,2.1000000000000014,-2.299999999999997,mantido
3167806,MG,Soledade de Minas,Sudeste,45.6,46.4,41.3,51.0,53.9,-0.7999999999999972,-9.700000000000003,-4.300000000000004,outro
3160801,MG,São Bento Abade,Sudeste,49.3,42.0,42.5,46.3,50.1,7.299999999999997,-3.799999999999997,-6.799999999999997,vira
3160900,MG,São Brás do Suaçuí,Sudeste,60.2,30.3,51.5,39.4,41.1,29.900000000000002,12.100000000000001,-8.700000000000003,mantido
3160959,MG,São Domingos das Dores,Sudeste,46.2,47.6,42.3,52.2,54.4,-1.3999999999999986,-9.900000000000006,-3.9000000000000057,outro
3161007,MG,São Domingos do Prata,Sudeste,60.3,32.4,53.6,38.7,40.6,27.9,14.899999999999999,-6.699999999999996,mantido
3161106,MG,São Francisco,Sudeste,66.8,27.9,62.4,32.0,33.7,38.9,30.4,-4.399999999999999,mantido
3161205,MG,São Francisco de Paula,Sudeste,60.1,31.5,53.8,38.3,40.8,28.6,15.5,-6.300000000000004,mantido
3161304,MG,São Francisco de Sales,Sudeste,60.1,36.3,52.2,41.4,42.8,23.800000000000004,10.800000000000004,-7.899999999999999,mantido
3161403,MG,São Francisco do Glória,Sudeste,64.0,31.0,56.0,38.9,40.8,33.0,17.1,-8.0,mantido
3161056,MG,São Félix de Minas,Sudeste,52.9,42.4,44.2,51.3,52.5,10.5,-7.099999999999994,-8.699999999999996,vira
3161502,MG,São Geraldo,Sudeste,65.3,29.1,59.2,34.4,36.1,36.199999999999996,24.800000000000004,-6.099999999999994,mantido
3161601,MG,São Geraldo da Piedade,Sudeste,63.5,28.8,57.4,37.0,37.9,34.7,20.4,-6.100000000000001,mantido
3161650,MG,São Geraldo do Baixio,Sudeste,53.3,41.3,44.6,50.3,51.5,12.0,-5.699999999999996,-8.699999999999996,vira
3161700,MG,São Gonçalo do Abaeté,Sudeste,51.0,43.3,42.2,51.7,53.2,7.700000000000003,-9.5,-8.799999999999997,vira
3161809,MG,São Gonçalo do Pará,Sudeste,43.8,46.9,34.4,56.3,58.9,-3.1000000000000014,-21.9,-9.399999999999999,outro
3161908,MG,São Gonçalo do Rio Abaixo,Sudeste,56.9,34.6,45.6,45.6,48.2,22.299999999999997,0.0,-11.299999999999997,outro
3125507,MG,São Gonçalo do Rio Preto,Sudeste,75.4,17.3,69.5,23.7,25.9,58.10000000000001,45.8,-5.900000000000006,mantido
3162005,MG,São Gonçalo do Sapucaí,Sudeste,45.2,46.0,41.0,50.7,53.7,-0.7999999999999972,-9.700000000000003,-4.200000000000003,outro
3162104,MG,São Gotardo,Sudeste,38.0,56.6,27.3,66.3,68.6,-18.6,-39.0,-10.7,outro
3162922,MG,São Joaquim de Bicas,Sudeste,52.1,40.5,45.3,45.3,48.6,11.600000000000001,0.0,-6.800000000000004,outro
3162948,MG,São José da Barra,Sudeste,46.9,45.0,38.8,53.1,54.5,1.8999999999999986,-14.300000000000004,-8.100000000000001,vira
3162955,MG,São José da Lapa,Sudeste,43.9,47.4,38.3,52.1,55.3,-3.5,-13.800000000000004,-5.600000000000001,outro
3163003,MG,São José da Safira,Sudeste,60.5,34.3,57.3,38.4,39.2,26.200000000000003,18.9,-3.200000000000003,mantido
3163102,MG,São José da Varginha,Sudeste,48.6,43.2,39.1,52.8,54.3,5.399999999999999,-13.699999999999996,-9.5,vira
3163201,MG,São José do Alegre,Sudeste,37.5,52.5,30.9,61.8,64.6,-15.0,-30.9,-6.600000000000001,outro
3163300,MG,São José do Divino,Sudeste,47.5,47.1,42.4,54.1,55.4,0.3999999999999986,-11.700000000000003,-5.100000000000001,vira
3163409,MG,São José do Goiabal,Sudeste,67.1,27.3,60.2,33.2,35.3,39.8,27.0,-6.8999999999999915,mantido
3163508,MG,São José do Jacuri,Sudeste,68.6,25.5,60.3,33.8,35.4,43.099999999999994,26.5,-8.299999999999997,mantido
3163607,MG,São José do Mantimento,Sudeste,59.4,36.1,53.7,42.4,43.4,23.299999999999997,11.300000000000004,-5.699999999999996,mantido
3162203,MG,São João Batista do Glória,Sudeste,40.5,53.0,33.3,59.3,61.6,-12.5,-26.0,-7.200000000000003,outro
3162807,MG,São João Evangelista,Sudeste,70.4,24.6,62.0,31.5,33.3,45.800000000000004,30.5,-8.400000000000006,mantido
3162906,MG,São João Nepomuceno,Sudeste,49.2,42.2,44.2,46.4,49.1,7.0,-2.1999999999999957,-5.0,vira
3162252,MG,São João da Lagoa,Sudeste,72.8,21.6,63.8,28.1,30.0,51.199999999999996,35.699999999999996,-9.0,mantido
3162302,MG,São João da Mata,Sudeste,37.0,55.3,30.9,62.4,64.8,-18.299999999999997,-31.5,-6.100000000000001,outro
3162401,MG,São João da Ponte,Sudeste,79.7,16.1,74.7,21.0,22.0,63.6,53.7,-5.0,mantido
3162450,MG,São João das Missões,Sudeste,75.3,21.7,68.8,28.7,29.3,53.599999999999994,40.099999999999994,-6.5,mantido
3162500,MG,São João del Rei,Sudeste,44.8,45.0,41.9,49.0,52.1,-0.20000000000000284,-7.100000000000001,-2.8999999999999986,outro
3162559,MG,São João do Manhuaçu,Sudeste,47.5,49.0,41.8,54.5,55.8,-1.5,-12.700000000000003,-5.700000000000003,outro
3162575,MG,São João do Manteninha,Sudeste,50.3,45.1,45.8,49.3,50.6,5.199999999999996,-3.5,-4.5,vira
3162609,MG,São João do Oriente,Sudeste,54.5,41.9,48.3,47.1,48.9,12.600000000000001,1.1999999999999957,-6.200000000000003,mantido
3162658,MG,São João do Pacuí,Sudeste,74.7,19.1,70.2,23.8,24.7,55.6,46.400000000000006,-4.5,mantido
3162708,MG,São João do Paraíso,Sudeste,50.8,40.8,46.4,46.8,49.2,10.0,-0.3999999999999986,-4.399999999999999,vira
3163706,MG,São Lourenço,Sudeste,34.1,57.1,32.3,59.6,62.4,-23.0,-27.300000000000004,-1.8000000000000043,outro
3163805,MG,São Miguel do Anta,Sudeste,66.2,25.9,60.9,32.4,34.5,40.300000000000004,28.5,-5.300000000000004,mantido
3163904,MG,São Pedro da União,Sudeste,42.1,50.9,35.6,57.4,59.2,-8.799999999999997,-21.799999999999997,-6.5,outro
3164100,MG,São Pedro do Suaçuí,Sudeste,62.7,32.2,56.6,37.4,39.1,30.5,19.200000000000003,-6.100000000000001,mantido
3164001,MG,São Pedro dos Ferros,Sudeste,71.4,23.5,65.3,27.7,30.2,47.900000000000006,37.599999999999994,-6.1000000000000085,mantido
3164209,MG,São Romão,Sudeste,68.5,27.3,60.0,35.8,36.9,41.2,24.200000000000003,-8.5,mantido
3164308,MG,São Roque de Minas,Sudeste,24.8,69.4,22.5,71.0,72.8,-44.60000000000001,-48.5,-2.3000000000000007,outro
3164407,MG,São Sebastião da Bela Vista,Sudeste,46.1,46.5,37.1,55.5,58.3,-0.3999999999999986,-18.4,-9.0,outro
3164431,MG,São Sebastião da Vargem Alegre,Sudeste,55.1,38.0,47.7,44.0,46.4,17.1,3.700000000000003,-7.399999999999999,mantido
3164472,MG,São Sebastião do Anta,Sudeste,48.7,46.9,40.8,54.6,56.4,1.8000000000000043,-13.800000000000004,-7.900000000000006,vira
3164506,MG,São Sebastião do Maranhão,Sudeste,62.0,32.4,56.7,37.9,39.4,29.6,18.800000000000004,-5.299999999999997,mantido
3164605,MG,São Sebastião do Oeste,Sudeste,50.1,43.2,42.3,51.6,53.6,6.899999999999999,-9.300000000000004,-7.800000000000004,vira
3164704,MG,São Sebastião do Paraíso,Sudeste,41.0,47.6,35.4,53.2,56.9,-6.600000000000001,-17.800000000000004,-5.600000000000001,outro
3164803,MG,São Sebastião do Rio Preto,Sudeste,53.8,38.7,45.7,46.6,47.9,15.099999999999994,-0.8999999999999986,-8.099999999999994,vira
3164902,MG,São Sebastião do Rio Verde,Sudeste,36.0,53.7,33.9,57.5,60.0,-17.700000000000003,-23.6,-2.1000000000000014,outro
3165206,MG,São Thomé das Letras,Sudeste,67.6,25.8,60.1,32.7,34.6,41.8,27.4,-7.499999999999993,mantido
3165008,MG,São Tiago,Sudeste,48.9,36.4,41.3,46.4,50.5,12.5,-5.100000000000001,-7.600000000000001,vira
3165107,MG,São Tomás de Aquino,Sudeste,44.9,44.6,38.6,50.9,53.8,0.29999999999999716,-12.299999999999997,-6.299999999999997,vira
3165305,MG,São Vicente de Minas,Sudeste,51.9,40.6,48.5,45.1,46.9,11.299999999999997,3.3999999999999986,-3.3999999999999986,mantido
3167905,MG,Tabuleiro,Sudeste,59.4,33.2,52.9,40.6,42.3,26.199999999999996,12.299999999999997,-6.5,mantido
3168002,MG,Taiobeiras,Sudeste,41.5,52.8,36.5,58.0,60.0,-11.299999999999997,-21.5,-5.0,outro
3168051,MG,Taparuba,Sudeste,58.7,36.6,53.1,42.8,43.9,22.1,10.300000000000004,-5.600000000000001,mantido
3168101,MG,Tapira,Sudeste,28.2,65.5,22.3,70.6,74.3,-37.3,-48.3,-5.899999999999999,outro
3168200,MG,Tapiraí,Sudeste,52.8,39.9,44.6,47.4,49.4,12.899999999999999,-2.799999999999997,-8.199999999999996,vira
3168309,MG,Taquaraçu de Minas,Sudeste,43.5,46.7,38.7,52.4,55.0,-3.200000000000003,-13.699999999999996,-4.799999999999997,outro
3168408,MG,Tarumirim,Sudeste,52.7,43.1,45.9,49.7,51.4,9.600000000000001,-3.8000000000000043,-6.800000000000004,vira
3168507,MG,Teixeiras,Sudeste,64.0,29.8,56.7,35.6,37.8,34.2,21.1,-7.299999999999997,mantido
3168606,MG,Teófilo Otoni,Sudeste,48.7,45.3,47.5,46.9,49.5,3.4000000000000057,0.6000000000000014,-1.2000000000000028,mantido
3168705,MG,Timóteo,Sudeste,38.8,54.6,36.2,56.7,59.6,-15.800000000000004,-20.5,-2.5999999999999943,outro
3168804,MG,Tiradentes,Sudeste,50.4,41.3,45.0,47.9,50.0,9.100000000000001,-2.8999999999999986,-5.399999999999999,vira
3168903,MG,Tiros,Sudeste,33.3,61.1,23.9,70.6,72.0,-27.800000000000004,-46.699999999999996,-9.399999999999999,outro
3169000,MG,Tocantins,Sudeste,51.8,41.2,45.8,47.2,49.4,10.599999999999994,-1.4000000000000057,-6.0,vira
3169059,MG,Tocos do Moji,Sudeste,51.8,36.9,43.4,46.0,49.1,14.899999999999999,-2.6000000000000014,-8.399999999999999,vira
3169109,MG,Toledo,Sudeste,38.5,55.2,30.6,62.5,65.2,-16.700000000000003,-31.9,-7.899999999999999,outro
3169208,MG,Tombos,Sudeste,55.4,40.4,48.1,47.5,48.8,15.0,0.6000000000000014,-7.299999999999997,mantido
3169307,MG,Três Corações,Sudeste,37.2,51.8,35.0,55.5,58.4,-14.599999999999994,-20.5,-2.200000000000003,outro
3169356,MG,Três Marias,Sudeste,48.6,44.8,41.5,50.4,52.8,3.8000000000000043,-8.899999999999999,-7.100000000000001,vira
3169406,MG,Três Pontas,Sudeste,50.0,40.4,43.6,46.2,49.3,9.600000000000001,-2.6000000000000014,-6.399999999999999,vira
3169505,MG,Tumiritinga,Sudeste,56.9,38.6,50.1,46.0,47.4,18.299999999999997,4.100000000000001,-6.799999999999997,mantido
3169604,MG,Tupaciguara,Sudeste,54.5,40.6,46.6,47.6,49.2,13.899999999999999,-1.0,-7.899999999999999,vira
3169703,MG,Turmalina,Sudeste,69.4,25.5,59.8,33.9,36.4,43.900000000000006,25.9,-9.600000000000009,mantido
3169802,MG,Turvolândia,Sudeste,45.1,46.3,39.4,53.3,55.8,-1.1999999999999957,-13.899999999999999,-5.700000000000003,outro
3170057,MG,Ubaporanga,Sudeste,43.1,51.7,40.3,54.8,56.7,-8.600000000000001,-14.5,-2.8000000000000043,outro
3170008,MG,Ubaí,Sudeste,74.8,20.3,71.7,24.6,25.6,54.5,47.1,-3.0999999999999943,mantido
3170107,MG,Uberaba,Sudeste,44.1,47.0,38.6,51.1,55.0,-2.8999999999999986,-12.5,-5.5,outro
3170206,MG,Uberlândia,Sudeste,44.7,46.4,40.0,50.4,54.0,-1.6999999999999957,-10.399999999999999,-4.700000000000003,outro
3169901,MG,Ubá,Sudeste,49.9,42.7,44.6,47.5,50.6,7.199999999999996,-2.8999999999999986,-5.299999999999997,vira
3170305,MG,Umburatiba,Sudeste,70.5,25.5,60.1,35.3,36.1,45.0,24.800000000000004,-10.399999999999999,mantido
3170404,MG,Unaí,Sudeste,38.8,53.9,28.7,63.3,65.6,-15.100000000000001,-34.599999999999994,-10.099999999999998,outro
3170438,MG,União de Minas,Sudeste,59.7,36.8,49.9,45.8,46.9,22.900000000000006,4.100000000000001,-9.800000000000004,mantido
3170479,MG,Uruana de Minas,Sudeste,51.4,43.3,42.0,51.1,52.0,8.100000000000001,-9.100000000000001,-9.399999999999999,vira
3170529,MG,Urucuia,Sudeste,62.1,31.9,54.6,38.7,40.3,30.200000000000003,15.899999999999999,-7.5,mantido
3170503,MG,Urucânia,Sudeste,63.5,31.8,58.2,36.2,38.3,31.7,22.0,-5.299999999999997,mantido
3170578,MG,Vargem Alegre,Sudeste,54.9,42.3,49.0,47.1,48.6,12.600000000000001,1.8999999999999986,-5.899999999999999,mantido
3170602,MG,Vargem Bonita,Sudeste,39.8,54.8,34.0,60.0,61.7,-15.0,-26.0,-5.799999999999997,outro
3170651,MG,Vargem Grande do Rio Pardo,Sudeste,46.7,45.4,44.6,47.8,50.7,1.3000000000000043,-3.1999999999999957,-2.1000000000000014,vira
3170701,MG,Varginha,Sudeste,36.4,52.7,33.5,56.4,59.9,-16.300000000000004,-22.9,-2.8999999999999986,outro
3170750,MG,Varjão de Minas,Sudeste,51.8,42.3,40.0,52.3,54.2,9.5,-12.299999999999997,-11.799999999999997,vira
3170909,MG,Varzelândia,Sudeste,74.2,21.8,72.0,24.9,26.0,52.400000000000006,47.1,-2.200000000000003,mantido
3171006,MG,Vazante,Sudeste,51.6,40.9,40.6,50.3,52.8,10.700000000000003,-9.699999999999996,-11.0,vira
3171030,MG,Verdelândia,Sudeste,73.2,23.3,67.2,29.0,29.8,49.900000000000006,38.2,-6.0,mantido
3171071,MG,Veredinha,Sudeste,71.3,23.2,58.7,32.6,34.9,48.099999999999994,26.1,-12.599999999999994,mantido
3171154,MG,Vermelho Novo,Sudeste,55.5,38.1,50.6,42.9,44.8,17.4,7.700000000000003,-4.899999999999999,mantido
3171105,MG,Veríssimo,Sudeste,56.2,37.4,47.9,45.1,47.4,18.800000000000004,2.799999999999997,-8.300000000000004,mantido
3171204,MG,Vespasiano,Sudeste,46.7,45.3,41.5,48.9,52.1,1.4000000000000057,-7.399999999999999,-5.200000000000003,vira
3171402,MG,Vieiras,Sudeste,57.0,37.8,51.3,43.9,45.2,19.200000000000003,7.399999999999999,-5.700000000000003,mantido
3171600,MG,Virgem da Lapa,Sudeste,70.0,24.9,64.7,31.1,32.4,45.1,33.6,-5.299999999999997,mantido
3171808,MG,Virginópolis,Sudeste,63.9,27.0,52.6,35.9,38.1,36.9,16.700000000000003,-11.299999999999997,mantido
3171907,MG,Virgolândia,Sudeste,70.3,23.1,64.8,29.4,31.0,47.199999999999996,35.4,-5.5,mantido
3171709,MG,Virgínia,Sudeste,49.2,41.6,46.6,45.9,48.0,7.600000000000001,0.7000000000000028,-2.6000000000000014,mantido
3172004,MG,Visconde do Rio Branco,Sudeste,56.4,37.7,49.9,43.1,45.5,18.699999999999996,6.799999999999997,-6.5,mantido
3171303,MG,Viçosa,Sudeste,64.4,27.5,59.7,31.0,34.1,36.900000000000006,28.700000000000003,-4.700000000000003,mantido
3172103,MG,Volta Grande,Sudeste,62.2,32.8,56.5,37.5,39.9,29.400000000000006,19.0,-5.700000000000003,mantido
3170800,MG,Várzea da Palma,Sudeste,52.3,40.4,44.7,48.4,50.3,11.899999999999999,-3.6999999999999957,-7.599999999999994,vira
3172202,MG,Wenceslau Braz,Sudeste,43.7,46.8,38.2,53.2,56.8,-3.0999999999999943,-15.0,-5.5,outro
3100609,MG,Água Boa,Sudeste,62.6,32.8,55.2,40.1,41.5,29.800000000000004,15.100000000000001,-7.399999999999999,mantido
3100708,MG,Água Comprida,Sudeste,42.5,52.7,37.2,58.1,60.2,-10.200000000000003,-20.9,-5.299999999999997,outro
3100906,MG,Águas Formosas,Sudeste,56.4,38.4,50.7,43.7,45.6,18.0,7.0,-5.699999999999996,mantido
3101003,MG,Águas Vermelhas,Sudeste,67.6,25.5,62.8,31.7,33.0,42.099999999999994,31.099999999999998,-4.799999999999997,mantido
5000252,MS,Alcinópolis,Centro-Oeste,49.7,42.7,38.5,53.2,55.2,7.0,-14.700000000000003,-11.200000000000003,vira
5000609,MS,Amambai,Centro-Oeste,42.8,51.8,37.7,58.1,59.6,-9.0,-20.4,-5.099999999999994,outro
5000708,MS,Anastácio,Centro-Oeste,45.5,48.0,39.0,55.8,57.3,-2.5,-16.799999999999997,-6.5,outro
5000807,MS,Anaurilândia,Centro-Oeste,50.7,41.5,41.8,51.8,53.2,9.200000000000003,-10.0,-8.900000000000006,vira
5000856,MS,Angélica,Centro-Oeste,48.2,44.4,40.1,53.1,55.7,3.8000000000000043,-13.0,-8.100000000000001,vira
5000906,MS,Antônio João,Centro-Oeste,46.5,47.9,34.9,60.8,62.2,-1.3999999999999986,-25.9,-11.600000000000001,outro
5001003,MS,Aparecida do Taboado,Centro-Oeste,37.8,54.3,33.9,59.6,61.9,-16.5,-25.700000000000003,-3.8999999999999986,outro
5001102,MS,Aquidauana,Centro-Oeste,47.4,46.2,44.0,50.6,52.4,1.1999999999999957,-6.600000000000001,-3.3999999999999986,vira
5001243,MS,Aral Moreira,Centro-Oeste,46.8,49.3,40.2,57.1,58.1,-2.5,-16.9,-6.599999999999994,outro
5001508,MS,Bandeirantes,Centro-Oeste,44.3,47.6,35.5,58.1,60.3,-3.3000000000000043,-22.6,-8.799999999999997,outro
5001904,MS,Bataguassu,Centro-Oeste,42.3,49.8,37.0,56.6,58.9,-7.5,-19.6,-5.299999999999997,outro
5002001,MS,Batayporã,Centro-Oeste,45.7,46.8,39.7,55.7,56.9,-1.0999999999999943,-16.0,-6.0,outro
5002100,MS,Bela Vista,Centro-Oeste,42.0,52.5,36.2,59.8,61.2,-10.5,-23.599999999999994,-5.799999999999997,outro
5002159,MS,Bodoquena,Centro-Oeste,46.9,45.8,40.5,53.7,55.4,1.1000000000000014,-13.200000000000003,-6.399999999999999,vira
5002209,MS,Bonito,Centro-Oeste,38.6,55.5,31.7,62.5,64.4,-16.9,-30.8,-6.900000000000002,outro
5002308,MS,Brasilândia,Centro-Oeste,39.3,52.8,32.0,62.5,63.9,-13.5,-30.5,-7.299999999999997,outro
5002407,MS,Caarapó,Centro-Oeste,38.7,56.7,32.6,63.4,64.8,-18.0,-30.799999999999997,-6.100000000000001,outro
5002605,MS,Camapuã,Centro-Oeste,42.5,50.8,34.0,61.1,62.2,-8.299999999999997,-27.1,-8.5,outro
5002704,MS,Campo Grande,Centro-Oeste,34.6,54.6,32.4,58.7,61.9,-20.0,-26.300000000000004,-2.200000000000003,outro
5002803,MS,Caracol,Centro-Oeste,44.8,51.2,34.7,61.9,62.7,-6.400000000000006,-27.199999999999996,-10.099999999999994,outro
5002902,MS,Cassilândia,Centro-Oeste,33.0,57.3,27.7,65.0,66.3,-24.299999999999997,-37.3,-5.300000000000001,outro
5002951,MS,Chapadão do Sul,Centro-Oeste,28.7,66.7,22.7,71.8,73.8,-38.0,-49.099999999999994,-6.0,outro
5003108,MS,Corguinho,Centro-Oeste,45.3,46.4,39.6,53.9,55.6,-1.1000000000000014,-14.299999999999997,-5.699999999999996,outro
5003157,MS,Coronel Sapucaia,Centro-Oeste,48.0,48.0,44.8,52.1,53.4,0.0,-7.300000000000004,-3.200000000000003,outro
5003207,MS,Corumbá,Centro-Oeste,46.9,44.7,45.0,49.4,51.5,2.1999999999999957,-4.399999999999999,-1.8999999999999986,vira
5003256,MS,Costa Rica,Centro-Oeste,38.7,55.2,29.6,64.5,66.2,-16.5,-34.9,-9.100000000000001,outro
5003306,MS,Coxim,Centro-Oeste,44.4,49.0,37.9,56.8,58.3,-4.600000000000001,-18.9,-6.5,outro
5003454,MS,Deodápolis,Centro-Oeste,44.0,49.1,38.7,56.0,57.5,-5.100000000000001,-17.299999999999997,-5.299999999999997,outro
5003488,MS,Dois Irmãos do Buriti,Centro-Oeste,62.1,31.6,56.4,39.5,40.7,30.5,16.9,-5.700000000000003,mantido
5003504,MS,Douradina,Centro-Oeste,39.0,55.8,33.8,62.3,63.3,-16.799999999999997,-28.5,-5.200000000000003,outro
5003702,MS,Dourados,Centro-Oeste,35.7,55.8,31.4,61.7,64.3,-20.099999999999994,-30.300000000000004,-4.300000000000004,outro
5003751,MS,Eldorado,Centro-Oeste,38.4,55.4,33.2,61.8,63.5,-17.0,-28.599999999999994,-5.199999999999996,outro
5003900,MS,Figueirão,Centro-Oeste,45.5,45.9,37.9,55.1,56.4,-0.3999999999999986,-17.200000000000003,-7.600000000000001,outro
5003801,MS,Fátima do Sul,Centro-Oeste,44.3,47.6,38.7,55.4,57.3,-3.3000000000000043,-16.699999999999996,-5.599999999999994,outro
5004007,MS,Glória de Dourados,Centro-Oeste,44.7,48.3,37.9,57.0,59.0,-3.5999999999999943,-19.1,-6.800000000000004,outro
5004106,MS,Guia Lopes da Laguna,Centro-Oeste,43.9,49.7,37.3,58.1,59.6,-5.800000000000004,-20.800000000000004,-6.600000000000001,outro
5004304,MS,Iguatemi,Centro-Oeste,39.4,55.8,33.3,61.9,63.3,-16.4,-28.6,-6.100000000000001,outro
5004403,MS,Inocência,Centro-Oeste,40.3,51.5,33.7,60.6,62.1,-11.200000000000003,-26.9,-6.599999999999994,outro
5004502,MS,Itaporã,Centro-Oeste,35.3,59.0,29.7,65.7,67.6,-23.700000000000003,-36.0,-5.599999999999998,outro
5004601,MS,Itaquiraí,Centro-Oeste,52.6,41.4,45.4,49.5,50.9,11.200000000000003,-4.100000000000001,-7.200000000000003,vira
5004700,MS,Ivinhema,Centro-Oeste,38.3,55.2,31.0,62.8,65.1,-16.900000000000006,-31.799999999999997,-7.299999999999997,outro
5004809,MS,Japorã,Centro-Oeste,70.0,26.8,67.3,29.8,30.6,43.2,37.5,-2.700000000000003,mantido
5004908,MS,Jaraguari,Centro-Oeste,47.4,44.5,42.6,50.4,52.1,2.8999999999999986,-7.799999999999997,-4.799999999999997,vira
5005004,MS,Jardim,Centro-Oeste,36.7,57.2,31.9,63.1,65.2,-20.5,-31.200000000000003,-4.800000000000004,outro
5005103,MS,Jateí,Centro-Oeste,46.3,46.0,41.4,55.2,56.3,0.29999999999999716,-13.800000000000004,-4.899999999999999,vira
5005152,MS,Juti,Centro-Oeste,51.5,44.3,44.4,52.1,53.3,7.200000000000003,-7.700000000000003,-7.100000000000001,vira
5005202,MS,Ladário,Centro-Oeste,46.8,45.1,44.9,50.1,51.6,1.6999999999999957,-5.200000000000003,-1.8999999999999986,vira
5005251,MS,Laguna Carapã,Centro-Oeste,38.8,55.7,32.5,63.8,65.2,-16.900000000000006,-31.299999999999997,-6.299999999999997,outro
5005400,MS,Maracaju,Centro-Oeste,32.6,62.2,23.8,71.9,73.4,-29.6,-48.10000000000001,-8.8,outro
5005608,MS,Miranda,Centro-Oeste,58.7,36.4,54.0,42.0,43.2,22.300000000000004,12.0,-4.700000000000003,mantido
5005681,MS,Mundo Novo,Centro-Oeste,37.1,57.9,32.7,62.4,64.2,-20.799999999999997,-29.699999999999996,-4.399999999999999,outro
5005707,MS,Naviraí,Centro-Oeste,33.8,60.0,29.9,64.3,66.7,-26.200000000000003,-34.4,-3.8999999999999986,outro
5005806,MS,Nioaque,Centro-Oeste,46.7,48.2,42.2,54.2,55.5,-1.5,-12.0,-4.5,outro
5006002,MS,Nova Alvorada do Sul,Centro-Oeste,44.7,49.8,38.6,56.1,57.8,-5.099999999999994,-17.5,-6.100000000000001,outro
5006200,MS,Nova Andradina,Centro-Oeste,40.5,52.2,34.5,59.3,61.4,-11.700000000000003,-24.799999999999997,-6.0,outro
5006259,MS,Novo Horizonte do Sul,Centro-Oeste,49.3,43.9,42.6,52.2,54.0,5.399999999999999,-9.600000000000001,-6.699999999999996,vira
5006309,MS,Paranaíba,Centro-Oeste,40.8,49.8,35.9,57.2,58.9,-9.0,-21.300000000000004,-4.899999999999999,outro
5006358,MS,Paranhos,Centro-Oeste,56.5,38.8,53.6,43.7,44.7,17.700000000000003,9.899999999999999,-2.8999999999999986,mantido
5006275,MS,Paraíso das Águas,Centro-Oeste,29.7,63.8,22.7,73.0,73.9,-34.099999999999994,-50.3,-7.0,outro
5006408,MS,Pedro Gomes,Centro-Oeste,46.7,48.1,40.0,56.2,57.4,-1.3999999999999986,-16.200000000000003,-6.700000000000003,outro
5006606,MS,Ponta Porã,Centro-Oeste,36.7,56.0,31.6,62.7,65.0,-19.299999999999997,-31.1,-5.100000000000001,outro
5006903,MS,Porto Murtinho,Centro-Oeste,47.2,49.1,43.4,52.5,54.2,-1.8999999999999986,-9.100000000000001,-3.8000000000000043,outro
5007109,MS,Ribas do Rio Pardo,Centro-Oeste,44.1,48.9,36.3,57.8,60.0,-4.799999999999997,-21.5,-7.800000000000004,outro
5007208,MS,Rio Brilhante,Centro-Oeste,41.4,53.3,33.3,61.9,63.8,-11.899999999999999,-28.6,-8.100000000000001,outro
5007307,MS,Rio Negro,Centro-Oeste,45.1,47.1,38.6,56.5,57.5,-2.0,-17.9,-6.5,outro
5007406,MS,Rio Verde de Mato Grosso,Centro-Oeste,42.5,52.3,35.3,59.9,61.3,-9.799999999999997,-24.6,-7.200000000000003,outro
5007505,MS,Rochedo,Centro-Oeste,42.3,48.4,34.3,59.4,61.2,-6.100000000000001,-25.1,-8.0,outro
5007554,MS,Santa Rita do Pardo,Centro-Oeste,44.3,47.3,34.5,58.3,60.4,-3.0,-23.799999999999997,-9.799999999999997,outro
5007802,MS,Selvíria,Centro-Oeste,57.1,37.1,46.4,47.6,49.6,20.0,-1.2000000000000028,-10.700000000000003,vira
5007703,MS,Sete Quedas,Centro-Oeste,36.5,58.3,30.6,66.0,67.3,-21.799999999999997,-35.4,-5.899999999999999,outro
5007901,MS,Sidrolândia,Centro-Oeste,43.4,50.4,38.5,55.9,57.8,-7.0,-17.4,-4.899999999999999,outro
5007935,MS,Sonora,Centro-Oeste,43.4,51.9,36.5,58.9,60.5,-8.5,-22.4,-6.899999999999999,outro
5007695,MS,São Gabriel do Oeste,Centro-Oeste,31.0,63.3,24.4,69.9,71.9,-32.3,-45.50000000000001,-6.600000000000001,outro
5007950,MS,Tacuru,Centro-Oeste,63.9,31.0,57.8,37.8,38.8,32.9,20.0,-6.100000000000001,mantido
5007976,MS,Taquarussu,Centro-Oeste,55.0,41.0,47.7,48.8,49.8,14.0,-1.0999999999999943,-7.299999999999997,vira
5008008,MS,Terenos,Centro-Oeste,46.0,44.7,42.3,51.5,53.3,1.2999999999999972,-9.200000000000003,-3.700000000000003,vira
5008305,MS,Três Lagoas,Centro-Oeste,38.9,52.7,34.1,58.6,61.3,-13.800000000000004,-24.5,-4.799999999999997,outro
5008404,MS,Vicentina,Centro-Oeste,55.3,35.7,47.9,46.3,48.4,19.599999999999994,1.6000000000000014,-7.399999999999999,mantido
5000203,MS,Água Clara,Centro-Oeste,42.4,51.7,32.9,61.8,63.8,-9.300000000000004,-28.9,-9.5,outro
5100102,MT,Acorizal,Centro-Oeste,54.6,40.6,46.9,48.4,49.5,14.0,-1.5,-7.700000000000003,vira
5100250,MT,Alta Floresta,Centro-Oeste,28.6,66.0,23.7,71.8,73.4,-37.4,-48.099999999999994,-4.900000000000002,outro
5100300,MT,Alto Araguaia,Centro-Oeste,36.8,57.8,29.1,63.5,64.8,-21.0,-34.4,-7.699999999999996,outro
5100359,MT,Alto Boa Vista,Centro-Oeste,24.8,71.0,21.5,74.2,75.2,-46.2,-52.7,-3.3000000000000007,outro
5100409,MT,Alto Garças,Centro-Oeste,38.5,57.0,30.5,64.8,66.1,-18.5,-34.3,-8.0,outro
5100508,MT,Alto Paraguai,Centro-Oeste,58.6,35.4,53.1,42.8,43.8,23.200000000000003,10.300000000000004,-5.5,mantido
5100607,MT,Alto Taquari,Centro-Oeste,33.1,62.0,26.6,67.8,69.6,-28.9,-41.199999999999996,-6.5,outro
5100805,MT,Apiacás,Centro-Oeste,37.4,58.0,27.1,69.4,70.6,-20.6,-42.300000000000004,-10.299999999999997,outro
5101001,MT,Araguaiana,Centro-Oeste,48.6,45.0,35.9,54.8,56.2,3.6000000000000014,-18.9,-12.700000000000003,vira
5101209,MT,Araguainha,Centro-Oeste,57.1,38.6,42.7,53.2,53.8,18.5,-10.5,-14.399999999999999,vira
5101258,MT,Araputanga,Centro-Oeste,27.7,66.2,23.0,72.5,73.8,-38.5,-49.5,-4.699999999999999,outro
5101308,MT,Arenápolis,Centro-Oeste,39.8,54.0,34.7,59.8,61.5,-14.200000000000003,-25.099999999999994,-5.099999999999994,outro
5101407,MT,Aripuanã,Centro-Oeste,24.8,71.2,19.1,76.6,78.4,-46.400000000000006,-57.49999999999999,-5.699999999999999,outro
5101704,MT,Barra do Bugres,Centro-Oeste,48.8,45.5,41.9,52.6,54.4,3.299999999999997,-10.700000000000003,-6.899999999999999,vira
5101803,MT,Barra do Garças,Centro-Oeste,38.2,55.7,33.4,59.9,61.7,-17.5,-26.5,-4.800000000000004,outro
5101605,MT,Barão de Melgaço,Centro-Oeste,61.5,33.4,57.6,37.6,39.2,28.1,20.0,-3.8999999999999986,mantido
5101852,MT,Bom Jesus do Araguaia,Centro-Oeste,38.7,57.1,28.6,65.1,66.3,-18.4,-36.49999999999999,-10.100000000000001,outro
5101902,MT,Brasnorte,Centro-Oeste,27.3,68.9,23.5,73.3,74.3,-41.60000000000001,-49.8,-3.8000000000000007,outro
5102603,MT,Campinápolis,Centro-Oeste,56.5,40.1,54.5,42.4,42.9,16.4,12.100000000000001,-2.0,mantido
5102637,MT,Campo Novo do Parecis,Centro-Oeste,31.7,64.2,23.9,71.5,73.2,-32.5,-47.6,-7.800000000000001,outro
5102678,MT,Campo Verde,Centro-Oeste,30.4,64.5,24.1,70.1,72.4,-34.1,-45.99999999999999,-6.299999999999997,outro
5102686,MT,Campos de Júlio,Centro-Oeste,28.8,67.9,23.0,73.2,75.0,-39.10000000000001,-50.2,-5.800000000000001,outro
5102694,MT,Canabrava do Norte,Centro-Oeste,30.6,64.0,25.3,70.7,71.5,-33.4,-45.400000000000006,-5.300000000000001,outro
5102702,MT,Canarana,Centro-Oeste,21.8,74.8,17.5,78.7,80.0,-53.0,-61.2,-4.300000000000001,outro
5102793,MT,Carlinda,Centro-Oeste,41.2,52.6,34.0,61.2,62.4,-11.399999999999999,-27.200000000000003,-7.200000000000003,outro
5102850,MT,Castanheira,Centro-Oeste,33.2,61.6,26.6,69.2,70.2,-28.4,-42.6,-6.600000000000001,outro
5103007,MT,Chapada dos Guimarães,Centro-Oeste,48.8,45.6,44.3,50.3,51.7,3.1999999999999957,-6.0,-4.5,vira
5103056,MT,Cláudia,Centro-Oeste,24.9,71.2,20.2,76.3,77.9,-46.300000000000004,-56.099999999999994,-4.699999999999999,outro
5103106,MT,Cocalinho,Centro-Oeste,43.8,53.3,31.7,60.5,61.6,-9.5,-28.8,-12.099999999999998,outro
5103254,MT,Colniza,Centro-Oeste,24.7,71.1,19.4,76.7,78.0,-46.39999999999999,-57.300000000000004,-5.300000000000001,outro
5103205,MT,Colíder,Centro-Oeste,19.0,76.0,15.6,79.9,81.5,-57.0,-64.30000000000001,-3.4000000000000004,outro
5103304,MT,Comodoro,Centro-Oeste,31.5,64.3,26.9,69.0,70.3,-32.8,-42.1,-4.600000000000001,outro
5103353,MT,Confresa,Centro-Oeste,30.4,65.7,21.9,73.6,75.0,-35.300000000000004,-51.699999999999996,-8.5,outro
5103361,MT,Conquista D'Oeste,Centro-Oeste,27.9,68.1,22.7,73.6,74.7,-40.199999999999996,-50.89999999999999,-5.199999999999999,outro
5103379,MT,Cotriguaçu,Centro-Oeste,29.0,66.1,24.5,71.5,72.8,-37.099999999999994,-47.0,-4.5,outro
5103403,MT,Cuiabá,Centro-Oeste,36.5,55.2,34.1,57.7,60.4,-18.700000000000003,-23.6,-2.3999999999999986,outro
5103437,MT,Curvelândia,Centro-Oeste,36.4,58.5,32.0,63.7,64.9,-22.1,-31.700000000000003,-4.399999999999999,outro
5102504,MT,Cáceres,Centro-Oeste,46.8,46.8,41.7,52.4,54.2,0.0,-10.699999999999996,-5.099999999999994,outro
5103452,MT,Denise,Centro-Oeste,44.2,50.9,39.3,56.5,57.6,-6.699999999999996,-17.200000000000003,-4.900000000000006,outro
5103502,MT,Diamantino,Centro-Oeste,37.2,58.6,29.8,65.9,67.6,-21.4,-36.10000000000001,-7.400000000000002,outro
5103601,MT,Dom Aquino,Centro-Oeste,42.1,51.5,32.7,62.0,63.2,-9.399999999999999,-29.299999999999997,-9.399999999999999,outro
5103700,MT,Feliz Natal,Centro-Oeste,34.6,62.4,27.3,69.3,70.5,-27.799999999999997,-42.0,-7.300000000000001,outro
5103809,MT,Figueirópolis D'Oeste,Centro-Oeste,23.3,71.5,18.5,78.2,79.4,-48.2,-59.7,-4.800000000000001,outro
5103858,MT,Gaúcha do Norte,Centro-Oeste,31.4,65.5,30.5,66.2,67.2,-34.1,-35.7,-0.8999999999999986,outro
5103908,MT,General Carneiro,Centro-Oeste,49.1,46.8,43.1,52.1,53.1,2.3000000000000043,-9.0,-6.0,vira
5103957,MT,Glória D'Oeste,Centro-Oeste,32.8,63.1,26.8,69.6,70.6,-30.300000000000004,-42.8,-5.9999999999999964,outro
5104104,MT,Guarantã do Norte,Centro-Oeste,18.9,77.6,15.6,81.1,82.7,-58.699999999999996,-65.5,-3.299999999999999,outro
5104203,MT,Guiratinga,Centro-Oeste,44.9,48.3,37.6,55.9,57.2,-3.3999999999999986,-18.299999999999997,-7.299999999999997,outro
5104500,MT,Indiavaí,Centro-Oeste,41.9,53.4,31.5,64.0,64.9,-11.5,-32.5,-10.399999999999999,outro
5104526,MT,Ipiranga do Norte,Centro-Oeste,26.5,70.2,22.2,73.4,75.2,-43.7,-51.2,-4.300000000000001,outro
5104542,MT,Itanhangá,Centro-Oeste,21.1,77.0,15.1,82.6,83.7,-55.9,-67.5,-6.000000000000002,outro
5104559,MT,Itaúba,Centro-Oeste,31.5,63.3,21.8,74.7,76.1,-31.799999999999997,-52.900000000000006,-9.7,outro
5104609,MT,Itiquira,Centro-Oeste,38.2,55.2,31.3,62.9,64.6,-17.0,-31.599999999999998,-6.900000000000002,outro
5104807,MT,Jaciara,Centro-Oeste,30.8,63.1,26.2,68.5,69.7,-32.3,-42.3,-4.600000000000001,outro
5104906,MT,Jangada,Centro-Oeste,59.1,35.9,50.2,45.4,46.6,23.200000000000003,4.800000000000004,-8.899999999999999,mantido
5105002,MT,Jauru,Centro-Oeste,28.4,66.8,22.5,73.7,74.6,-38.4,-51.2,-5.899999999999999,outro
5105101,MT,Juara,Centro-Oeste,23.5,71.6,19.9,76.0,77.3,-48.099999999999994,-56.1,-3.6000000000000014,outro
5105176,MT,Juruena,Centro-Oeste,27.8,67.8,23.7,72.7,73.9,-40.0,-49.0,-4.100000000000001,outro
5105200,MT,Juscimeira,Centro-Oeste,40.2,54.6,34.9,61.1,61.9,-14.399999999999999,-26.200000000000003,-5.300000000000004,outro
5105150,MT,Juína,Centro-Oeste,29.7,65.6,24.2,71.4,72.9,-35.89999999999999,-47.2,-5.5,outro
5105234,MT,Lambari D'Oeste,Centro-Oeste,45.4,48.2,40.4,54.5,56.1,-2.8000000000000043,-14.100000000000001,-5.0,outro
5105259,MT,Lucas do Rio Verde,Centro-Oeste,25.5,70.4,20.9,74.2,76.5,-44.900000000000006,-53.300000000000004,-4.600000000000001,outro
5105309,MT,Luciara,Centro-Oeste,44.7,50.6,40.5,55.1,55.8,-5.899999999999999,-14.600000000000001,-4.200000000000003,outro
5105580,MT,Marcelândia,Centro-Oeste,23.0,73.9,18.8,78.9,80.1,-50.900000000000006,-60.10000000000001,-4.199999999999999,outro
5105606,MT,Matupá,Centro-Oeste,26.4,69.6,18.6,77.6,79.1,-43.199999999999996,-58.99999999999999,-7.799999999999997,outro
5105622,MT,Mirassol d'Oeste,Centro-Oeste,30.5,64.0,25.6,69.5,71.5,-33.5,-43.9,-4.899999999999999,outro
5105903,MT,Nobres,Centro-Oeste,31.6,63.1,27.4,68.5,70.0,-31.5,-41.1,-4.200000000000003,outro
5106000,MT,Nortelândia,Centro-Oeste,49.1,44.2,44.9,48.5,50.0,4.899999999999999,-3.6000000000000014,-4.200000000000003,vira
5106109,MT,Nossa Senhora do Livramento,Centro-Oeste,65.8,28.9,60.6,34.7,35.6,36.9,25.9,-5.199999999999996,mantido
5106158,MT,Nova Bandeirantes,Centro-Oeste,19.4,76.6,15.2,82.1,82.9,-57.199999999999996,-66.89999999999999,-4.199999999999999,outro
5106208,MT,Nova Brasilândia,Centro-Oeste,49.6,42.6,41.9,51.9,53.1,7.0,-10.0,-7.700000000000003,vira
5106216,MT,Nova Canaã do Norte,Centro-Oeste,26.3,67.7,19.9,76.4,77.4,-41.400000000000006,-56.50000000000001,-6.400000000000002,outro
5108808,MT,Nova Guarita,Centro-Oeste,36.1,60.6,29.1,67.1,68.6,-24.5,-37.99999999999999,-7.0,outro
5106182,MT,Nova Lacerda,Centro-Oeste,37.5,57.6,29.2,65.6,66.9,-20.1,-36.39999999999999,-8.3,outro
5108857,MT,Nova Marilândia,Centro-Oeste,38.8,55.6,33.8,62.1,63.0,-16.800000000000004,-28.300000000000004,-5.0,outro
5108907,MT,Nova Maringá,Centro-Oeste,29.4,67.6,22.8,74.7,75.8,-38.199999999999996,-51.900000000000006,-6.599999999999998,outro
5108956,MT,Nova Monte Verde,Centro-Oeste,28.2,67.5,22.7,72.8,74.3,-39.3,-50.099999999999994,-5.5,outro
5106224,MT,Nova Mutum,Centro-Oeste,25.5,70.5,19.4,75.4,77.5,-45.0,-56.00000000000001,-6.100000000000001,outro
5106174,MT,Nova Nazaré,Centro-Oeste,42.9,52.0,43.7,51.4,52.1,-9.100000000000001,-7.699999999999996,0.8000000000000043,outro
5106232,MT,Nova Olímpia,Centro-Oeste,51.8,43.3,44.1,50.6,52.3,8.5,-6.5,-7.699999999999996,vira
5106190,MT,Nova Santa Helena,Centro-Oeste,28.4,68.0,23.3,72.8,74.5,-39.6,-49.5,-5.099999999999998,outro
5106240,MT,Nova Ubiratã,Centro-Oeste,31.6,64.4,21.4,74.4,76.0,-32.800000000000004,-53.00000000000001,-10.200000000000003,outro
5106257,MT,Nova Xavantina,Centro-Oeste,30.9,64.3,24.5,70.5,72.0,-33.4,-46.0,-6.399999999999999,outro
5106273,MT,Novo Horizonte do Norte,Centro-Oeste,31.5,61.2,25.5,69.9,70.8,-29.700000000000003,-44.400000000000006,-6.0,outro
5106265,MT,Novo Mundo,Centro-Oeste,29.2,67.4,23.4,73.8,74.5,-38.2,-50.4,-5.800000000000001,outro
5106315,MT,Novo Santo Antônio,Centro-Oeste,37.1,56.8,26.8,67.8,68.4,-19.699999999999996,-41.0,-10.3,outro
5106281,MT,Novo São Joaquim,Centro-Oeste,31.6,64.2,25.7,69.4,70.3,-32.6,-43.7,-5.900000000000002,outro
5106307,MT,Paranatinga,Centro-Oeste,30.0,65.3,25.0,70.9,72.3,-35.3,-45.900000000000006,-5.0,outro
5106299,MT,Paranaíta,Centro-Oeste,30.4,64.3,23.1,73.1,74.2,-33.9,-49.99999999999999,-7.299999999999997,outro
5106372,MT,Pedra Preta,Centro-Oeste,43.0,51.3,35.3,59.1,61.0,-8.299999999999997,-23.800000000000004,-7.700000000000003,outro
5106422,MT,Peixoto de Azevedo,Centro-Oeste,42.1,53.3,32.0,63.3,65.0,-11.199999999999996,-31.299999999999997,-10.100000000000001,outro
5106455,MT,Planalto da Serra,Centro-Oeste,50.0,44.6,41.8,52.3,53.9,5.399999999999999,-10.5,-8.200000000000003,vira
5106505,MT,Poconé,Centro-Oeste,63.1,32.7,55.8,39.8,40.6,30.4,16.0,-7.300000000000004,mantido
5106653,MT,Pontal do Araguaia,Centro-Oeste,41.5,52.7,33.3,59.0,61.2,-11.200000000000003,-25.700000000000003,-8.200000000000003,outro
5106703,MT,Ponte Branca,Centro-Oeste,58.9,35.2,47.4,45.8,46.3,23.699999999999996,1.6000000000000014,-11.5,mantido
5106752,MT,Pontes e Lacerda,Centro-Oeste,23.6,70.8,18.3,77.1,78.7,-47.199999999999996,-58.8,-5.300000000000001,outro
5106778,MT,Porto Alegre do Norte,Centro-Oeste,39.4,56.8,30.3,65.7,66.5,-17.4,-35.400000000000006,-9.099999999999998,outro
5106828,MT,Porto Esperidião,Centro-Oeste,45.4,51.0,35.8,60.8,62.0,-5.600000000000001,-25.0,-9.600000000000001,outro
5106851,MT,Porto Estrela,Centro-Oeste,62.4,32.8,56.0,40.7,41.2,29.6,15.299999999999997,-6.399999999999999,mantido
5106802,MT,Porto dos Gaúchos,Centro-Oeste,26.2,69.6,19.1,77.2,78.7,-43.39999999999999,-58.1,-7.099999999999998,outro
5107008,MT,Poxoréo,Centro-Oeste,47.2,46.1,38.9,55.4,56.6,1.1000000000000014,-16.5,-8.300000000000004,vira
5107040,MT,Primavera do Leste,Centro-Oeste,24.2,71.3,19.0,75.8,77.8,-47.099999999999994,-56.8,-5.199999999999999,outro
5107065,MT,Querência,Centro-Oeste,26.3,70.6,21.4,74.5,75.5,-44.3,-53.1,-4.900000000000002,outro
5107156,MT,Reserva do Cabaçal,Centro-Oeste,41.1,51.2,37.0,57.4,58.3,-10.100000000000001,-20.4,-4.100000000000001,outro
5107180,MT,Ribeirão Cascalheira,Centro-Oeste,32.9,62.6,26.2,70.1,70.7,-29.700000000000003,-43.89999999999999,-6.699999999999999,outro
5107198,MT,Ribeirãozinho,Centro-Oeste,46.7,46.7,36.7,55.2,57.4,0.0,-18.5,-10.0,outro
5107206,MT,Rio Branco,Centro-Oeste,41.4,52.1,35.3,59.0,60.7,-10.700000000000003,-23.700000000000003,-6.100000000000001,outro
5107578,MT,Rondolândia,Centro-Oeste,42.7,51.4,38.6,58.0,59.2,-8.699999999999996,-19.4,-4.100000000000001,outro
5107602,MT,Rondonópolis,Centro-Oeste,34.5,59.6,28.7,64.8,67.0,-25.1,-36.099999999999994,-5.800000000000001,outro
5107701,MT,Rosário Oeste,Centro-Oeste,51.8,42.7,43.1,53.0,54.0,9.099999999999994,-9.899999999999999,-8.699999999999996,vira
5107750,MT,Salto do Céu,Centro-Oeste,33.2,61.6,29.2,67.3,68.1,-28.4,-38.099999999999994,-4.0000000000000036,outro
5107248,MT,Santa Carmem,Centro-Oeste,22.5,73.3,18.1,77.7,79.3,-50.8,-59.6,-4.399999999999999,outro
5107743,MT,Santa Cruz do Xingu,Centro-Oeste,32.5,63.6,23.0,73.0,74.3,-31.1,-50.0,-9.5,outro
5107768,MT,Santa Rita do Trivelato,Centro-Oeste,31.8,62.9,24.1,69.3,71.0,-31.099999999999998,-45.199999999999996,-7.699999999999999,outro
5107776,MT,Santa Terezinha,Centro-Oeste,54.4,39.9,44.7,50.4,51.1,14.5,-5.699999999999996,-9.699999999999996,vira
5107263,MT,Santo Afonso,Centro-Oeste,41.7,52.4,32.4,62.2,63.5,-10.699999999999996,-29.800000000000004,-9.300000000000004,outro
5107792,MT,Santo Antônio do Leste,Centro-Oeste,36.2,58.7,33.6,62.0,63.1,-22.5,-28.4,-2.6000000000000014,outro
5107800,MT,Santo Antônio do Leverger,Centro-Oeste,52.5,41.5,47.6,47.2,48.4,11.0,0.3999999999999986,-4.899999999999999,mantido
5107875,MT,Sapezal,Centro-Oeste,30.5,65.9,24.0,71.5,73.4,-35.400000000000006,-47.5,-6.5,outro
5107883,MT,Serra Nova Dourada,Centro-Oeste,32.8,63.5,23.4,72.3,72.9,-30.700000000000003,-48.9,-9.399999999999999,outro
5107909,MT,Sinop,Centro-Oeste,22.9,72.2,18.3,76.7,78.9,-49.300000000000004,-58.400000000000006,-4.599999999999998,outro
5107925,MT,Sorriso,Centro-Oeste,26.3,70.2,20.2,75.3,77.2,-43.900000000000006,-55.099999999999994,-6.100000000000001,outro
5107859,MT,São Félix do Araguaia,Centro-Oeste,37.7,57.3,33.3,62.4,63.3,-19.599999999999994,-29.1,-4.400000000000006,outro
5107297,MT,São José do Povo,Centro-Oeste,43.2,49.9,37.2,57.0,57.9,-6.699999999999996,-19.799999999999997,-6.0,outro
5107305,MT,São José do Rio Claro,Centro-Oeste,23.3,72.4,20.3,76.4,77.6,-49.10000000000001,-56.10000000000001,-3.0,outro
5107354,MT,São José do Xingu,Centro-Oeste,42.8,53.7,32.2,63.9,65.0,-10.900000000000006,-31.699999999999996,-10.599999999999994,outro
5107107,MT,São José dos Quatro Marcos,Centro-Oeste,30.7,64.3,26.7,69.6,70.9,-33.599999999999994,-42.89999999999999,-4.0,outro
5107404,MT,São Pedro da Cipa,Centro-Oeste,45.9,49.2,39.8,56.9,57.8,-3.3000000000000043,-17.1,-6.100000000000001,outro
5107941,MT,Tabaporã,Centro-Oeste,23.3,72.0,18.9,77.6,78.9,-48.7,-58.699999999999996,-4.400000000000002,outro
5107958,MT,Tangará da Serra,Centro-Oeste,25.9,67.7,22.4,72.1,74.1,-41.800000000000004,-49.699999999999996,-3.5,outro
5108006,MT,Tapurah,Centro-Oeste,23.6,73.0,18.0,78.7,80.1,-49.4,-60.7,-5.600000000000001,outro
5108055,MT,Terra Nova do Norte,Centro-Oeste,34.0,60.9,27.7,67.8,69.2,-26.9,-40.099999999999994,-6.300000000000001,outro
5108105,MT,Tesouro,Centro-Oeste,50.9,40.2,43.2,50.3,51.5,10.699999999999996,-7.099999999999994,-7.699999999999996,vira
5108204,MT,Torixoréu,Centro-Oeste,45.5,48.4,36.3,57.2,58.5,-2.8999999999999986,-20.900000000000006,-9.200000000000003,outro
5108303,MT,União do Sul,Centro-Oeste,33.1,63.3,25.1,72.7,73.6,-30.199999999999996,-47.6,-8.0,outro
5108352,MT,Vale de São Domingos,Centro-Oeste,24.7,72.0,19.9,77.1,78.2,-47.3,-57.199999999999996,-4.800000000000001,outro
5108501,MT,Vera,Centro-Oeste,28.2,67.2,22.3,73.3,75.2,-39.0,-51.0,-5.899999999999999,outro
5105507,MT,Vila Bela da Santíssima Trindade,Centro-Oeste,43.1,51.2,34.5,61.6,62.5,-8.100000000000001,-27.1,-8.600000000000001,outro
5108600,MT,Vila Rica,Centro-Oeste,30.9,64.9,22.1,74.0,75.0,-34.00000000000001,-51.9,-8.799999999999997,outro
5108402,MT,Várzea Grande,Centro-Oeste,40.2,53.0,36.5,56.4,58.8,-12.799999999999997,-19.9,-3.700000000000003,outro
5100201,MT,Água Boa,Centro-Oeste,22.0,74.6,16.2,79.0,80.7,-52.599999999999994,-62.8,-5.800000000000001,outro
1500107,PA,Abaetetuba,Norte,72.0,22.7,72.0,24.1,25.6,49.3,47.9,0.0,mantido
1500131,PA,Abel Figueiredo,Norte,57.4,37.7,49.5,47.3,48.1,19.699999999999996,2.200000000000003,-7.899999999999999,mantido
1500206,PA,Acará,Norte,65.4,27.1,65.4,30.5,31.6,38.300000000000004,34.900000000000006,0.0,mantido
1500305,PA,Afuá,Norte,61.6,27.9,63.5,31.6,32.6,33.7,31.9,1.8999999999999986,mantido
1500404,PA,Alenquer,Norte,48.4,44.3,44.9,51.1,52.2,4.100000000000001,-6.200000000000003,-3.5,vira
1500503,PA,Almeirim,Norte,67.8,27.6,64.4,32.2,33.4,40.199999999999996,32.2,-3.3999999999999915,mantido
1500602,PA,Altamira,Norte,36.9,57.8,31.5,63.2,65.3,-20.9,-31.700000000000003,-5.399999999999999,outro
1500701,PA,Anajás,Norte,46.6,44.4,49.3,43.5,45.3,2.200000000000003,5.799999999999997,2.6999999999999957,mantido
1500800,PA,Ananindeua,Norte,45.3,43.6,45.0,46.2,49.2,1.6999999999999957,-1.2000000000000028,-0.29999999999999716,vira
1500859,PA,Anapu,Norte,38.8,57.2,25.9,71.1,71.9,-18.400000000000006,-45.199999999999996,-12.899999999999999,outro
1500909,PA,Augusto Corrêa,Norte,67.7,23.5,67.7,27.2,28.4,44.2,40.5,0.0,mantido
1500958,PA,Aurora do Pará,Norte,68.7,25.1,64.4,32.0,33.1,43.6,32.400000000000006,-4.299999999999997,mantido
1501006,PA,Aveiro,Norte,58.3,36.3,51.0,45.9,46.6,22.0,5.100000000000001,-7.299999999999997,mantido
1501105,PA,Bagre,Norte,75.4,19.8,74.7,22.6,23.5,55.60000000000001,52.1,-0.7000000000000028,mantido
1501204,PA,Baião,Norte,72.5,22.4,69.9,27.2,28.0,50.1,42.7,-2.5999999999999943,mantido
1501253,PA,Bannach,Norte,38.9,56.8,29.7,65.7,66.7,-17.9,-36.0,-9.2,outro
1501303,PA,Barcarena,Norte,61.1,30.8,58.9,33.9,36.4,30.3,25.0,-2.200000000000003,mantido
1501451,PA,Belterra,Norte,50.5,43.1,43.5,51.9,53.7,7.399999999999999,-8.399999999999999,-7.0,vira
1501402,PA,Belém,Norte,45.7,43.2,48.0,43.7,46.5,2.5,4.299999999999997,2.299999999999997,mantido
1501501,PA,Benevides,Norte,51.8,40.2,50.5,43.5,45.5,11.599999999999994,7.0,-1.2999999999999972,mantido
1501576,PA,Bom Jesus do Tocantins,Norte,53.5,41.0,47.1,48.8,49.9,12.5,-1.6999999999999957,-6.399999999999999,vira
1501600,PA,Bonito,Norte,67.8,24.5,64.0,31.3,32.5,43.3,32.7,-3.799999999999997,mantido
1501709,PA,Bragança,Norte,58.4,32.9,57.0,36.3,38.1,25.5,20.700000000000003,-1.3999999999999986,mantido
1501725,PA,Brasil Novo,Norte,32.5,62.6,26.3,70.3,71.4,-30.1,-44.0,-6.199999999999999,outro
1501758,PA,Brejo Grande do Araguaia,Norte,56.1,39.4,50.6,46.5,47.6,16.700000000000003,4.100000000000001,-5.5,mantido
1501782,PA,Breu Branco,Norte,55.9,38.6,50.9,44.9,46.2,17.299999999999997,6.0,-5.0,mantido
1501808,PA,Breves,Norte,60.3,33.1,60.5,35.2,36.7,27.199999999999996,25.299999999999997,0.20000000000000284,mantido
1501907,PA,Bujaru,Norte,67.2,26.3,67.6,28.8,29.5,40.900000000000006,38.8,0.3999999999999915,mantido
1502004,PA,Cachoeira do Arari,Norte,75.8,17.9,77.0,20.4,20.9,57.9,56.6,1.2000000000000028,mantido
1501956,PA,Cachoeira do Piriá,Norte,70.7,23.6,64.3,32.1,33.0,47.1,32.199999999999996,-6.400000000000006,mantido
1502103,PA,Cametá,Norte,73.8,20.9,75.5,21.7,22.8,52.9,53.8,1.7000000000000028,mantido
1502152,PA,Canaã dos Carajás,Norte,36.5,59.0,31.2,62.8,64.8,-22.5,-31.599999999999998,-5.300000000000001,outro
1502202,PA,Capanema,Norte,57.8,35.2,54.8,39.4,41.6,22.599999999999994,15.399999999999999,-3.0,mantido
1502301,PA,Capitão Poço,Norte,61.3,32.3,58.3,37.2,38.7,29.0,21.099999999999994,-3.0,mantido
1502400,PA,Castanhal,Norte,44.3,46.5,42.4,50.0,52.2,-2.200000000000003,-7.600000000000001,-1.8999999999999986,outro
1502509,PA,Chaves,Norte,63.5,27.8,65.6,30.5,31.1,35.7,35.099999999999994,2.0999999999999943,mantido
1502608,PA,Colares,Norte,71.2,20.7,71.0,24.5,25.7,50.5,46.5,-0.20000000000000284,mantido
1502707,PA,Conceição do Araguaia,Norte,42.9,50.4,37.2,57.4,58.9,-7.5,-20.199999999999996,-5.699999999999996,outro
1502756,PA,Concórdia do Pará,Norte,61.1,33.9,57.4,39.8,40.9,27.200000000000003,17.6,-3.700000000000003,mantido
1502764,PA,Cumaru do Norte,Norte,36.7,59.9,32.5,65.2,65.7,-23.199999999999996,-32.7,-4.200000000000003,outro
1502772,PA,Curionópolis,Norte,46.3,48.9,38.0,57.5,59.1,-2.6000000000000014,-19.5,-8.299999999999997,outro
1502806,PA,Curralinho,Norte,76.0,19.5,77.0,20.4,21.8,56.5,56.6,1.0,mantido
1502855,PA,Curuá,Norte,73.6,20.5,71.6,24.6,25.3,53.099999999999994,46.99999999999999,-2.0,mantido
1502905,PA,Curuçá,Norte,69.6,24.2,69.5,26.6,27.6,45.39999999999999,42.9,-0.09999999999999432,mantido
1502939,PA,Dom Eliseu,Norte,52.4,42.9,43.0,52.9,54.7,9.5,-9.899999999999999,-9.399999999999999,vira
1502954,PA,Eldorado do Carajás,Norte,49.2,45.6,44.1,51.8,53.2,3.6000000000000014,-7.699999999999996,-5.100000000000001,vira
1503002,PA,Faro,Norte,79.2,17.5,73.8,23.5,24.5,61.7,50.3,-5.400000000000006,mantido
1503044,PA,Floresta do Araguaia,Norte,45.3,50.2,39.2,56.9,58.0,-4.900000000000006,-17.699999999999996,-6.099999999999994,outro
1503077,PA,Garrafão do Norte,Norte,69.0,23.5,62.5,33.0,34.2,45.5,29.5,-6.5,mantido
1503093,PA,Goianésia do Pará,Norte,56.4,38.1,48.4,47.4,48.5,18.299999999999997,1.0,-8.0,mantido
1503101,PA,Gurupá,Norte,69.4,25.5,68.2,29.1,30.0,43.900000000000006,39.1,-1.2000000000000028,mantido
1503200,PA,Igarapé-Açu,Norte,69.0,24.1,66.7,29.1,30.5,44.9,37.6,-2.299999999999997,mantido
1503309,PA,Igarapé-Miri,Norte,61.3,32.1,62.3,33.4,34.6,29.199999999999996,28.9,1.0,mantido
1503408,PA,Inhangapi,Norte,58.5,33.3,57.7,37.3,38.4,25.200000000000003,20.400000000000006,-0.7999999999999972,mantido
1503457,PA,Ipixuna do Pará,Norte,63.8,30.4,59.0,37.2,38.6,33.4,21.799999999999997,-4.799999999999997,mantido
1503507,PA,Irituia,Norte,70.5,22.2,68.4,26.8,28.1,48.3,41.60000000000001,-2.0999999999999943,mantido
1503606,PA,Itaituba,Norte,36.9,57.8,26.5,69.1,70.5,-20.9,-42.599999999999994,-10.399999999999999,outro
1503705,PA,Itupiranga,Norte,59.9,35.4,50.8,45.2,46.5,24.5,5.599999999999994,-9.100000000000001,mantido
1503754,PA,Jacareacanga,Norte,49.7,45.2,48.4,49.9,50.4,4.5,-1.5,-1.3000000000000043,vira
1503804,PA,Jacundá,Norte,54.6,39.5,46.3,49.0,50.3,15.100000000000001,-2.700000000000003,-8.300000000000004,vira
1503903,PA,Juruti,Norte,56.9,37.5,57.7,38.6,39.7,19.4,19.1,0.8000000000000043,mantido
1504000,PA,Limoeiro do Ajuru,Norte,69.6,23.8,73.8,23.4,24.1,45.8,50.4,4.200000000000003,mantido
1504109,PA,Magalhães Barata,Norte,65.9,27.5,65.8,30.2,31.3,38.400000000000006,35.599999999999994,-0.10000000000000853,mantido
1504208,PA,Marabá,Norte,44.8,49.0,40.2,54.4,56.3,-4.200000000000003,-14.199999999999996,-4.599999999999994,outro
1504307,PA,Maracanã,Norte,65.5,28.1,65.4,30.5,31.3,37.4,34.900000000000006,-0.09999999999999432,mantido
1504406,PA,Marapanim,Norte,64.0,28.5,64.6,31.5,32.6,35.5,33.099999999999994,0.5999999999999943,mantido
1504422,PA,Marituba,Norte,50.2,40.6,49.6,42.5,45.2,9.600000000000001,7.100000000000001,-0.6000000000000014,mantido
1504455,PA,Medicilândia,Norte,31.7,62.5,24.1,71.7,72.9,-30.8,-47.6,-7.599999999999998,outro
1504505,PA,Melgaço,Norte,64.0,30.7,63.1,33.8,34.9,33.3,29.300000000000004,-0.8999999999999986,mantido
1504604,PA,Mocajuba,Norte,71.8,22.8,71.0,25.3,26.5,49.0,45.7,-0.7999999999999972,mantido
1504703,PA,Moju,Norte,69.4,24.9,65.8,29.7,31.2,44.50000000000001,36.099999999999994,-3.6000000000000085,mantido
1504752,PA,Mojuí dos Campos,Norte,39.3,54.6,31.1,64.6,66.1,-15.300000000000004,-33.49999999999999,-8.199999999999996,outro
1504802,PA,Monte Alegre,Norte,46.8,46.2,44.6,51.5,52.5,0.5999999999999943,-6.899999999999999,-2.1999999999999957,vira
1504901,PA,Muaná,Norte,72.4,21.9,74.1,22.7,23.7,50.50000000000001,51.39999999999999,1.6999999999999886,mantido
1504059,PA,Mãe do Rio,Norte,52.4,40.5,48.6,47.1,48.4,11.899999999999999,1.5,-3.799999999999997,mantido
1504950,PA,Nova Esperança do Piriá,Norte,55.2,39.0,48.1,48.5,49.5,16.200000000000003,-0.3999999999999986,-7.100000000000001,vira
1504976,PA,Nova Ipixuna,Norte,51.6,41.3,45.2,49.8,51.2,10.300000000000004,-4.599999999999994,-6.399999999999999,vira
1505007,PA,Nova Timboteua,Norte,69.6,24.3,66.0,29.6,31.0,45.3,36.4,-3.5999999999999943,mantido
1505031,PA,Novo Progresso,Norte,17.6,79.6,13.4,84.1,85.0,-61.99999999999999,-70.69999999999999,-4.200000000000001,outro
1505064,PA,Novo Repartimento,Norte,43.2,52.2,36.2,59.8,60.9,-9.0,-23.599999999999994,-7.0,outro
1505205,PA,Oeiras do Pará,Norte,77.3,17.4,77.7,19.6,20.6,59.9,58.1,0.4000000000000057,mantido
1505304,PA,Oriximiná,Norte,55.2,37.7,49.1,46.7,48.0,17.5,2.3999999999999986,-6.100000000000001,mantido
1505437,PA,Ourilândia do Norte,Norte,38.7,57.2,32.1,63.4,64.8,-18.5,-31.299999999999997,-6.600000000000001,outro
1505403,PA,Ourém,Norte,70.9,22.3,69.1,26.7,28.0,48.60000000000001,42.39999999999999,-1.8000000000000114,mantido
1505486,PA,Pacajá,Norte,39.2,55.3,27.9,68.5,69.6,-16.099999999999994,-40.6,-11.300000000000004,outro
1505494,PA,Palestina do Pará,Norte,58.6,37.3,49.8,47.1,48.1,21.300000000000004,2.6999999999999957,-8.800000000000004,mantido
1505502,PA,Paragominas,Norte,40.5,53.8,35.9,59.4,61.4,-13.299999999999997,-23.5,-4.600000000000001,outro
1505536,PA,Parauapebas,Norte,39.0,55.3,34.1,58.9,61.2,-16.299999999999997,-24.799999999999997,-4.899999999999999,outro
1505551,PA,Pau D'Arco,Norte,45.0,49.0,37.3,58.9,59.9,-4.0,-21.6,-7.700000000000003,outro
1505601,PA,Peixe-Boi,Norte,66.3,27.6,63.7,32.3,33.5,38.699999999999996,31.400000000000006,-2.5999999999999943,mantido
1505635,PA,Piçarra,Norte,46.0,49.2,42.0,54.6,55.5,-3.200000000000003,-12.600000000000001,-4.0,outro
1505650,PA,Placas,Norte,35.0,59.8,24.1,72.7,73.7,-24.799999999999997,-48.6,-10.899999999999999,outro
1505700,PA,Ponta de Pedras,Norte,72.0,21.5,73.6,22.6,23.8,50.5,50.99999999999999,1.5999999999999943,mantido
1505809,PA,Portel,Norte,63.8,29.8,61.8,35.1,36.2,34.0,26.699999999999996,-2.0,mantido
1505908,PA,Porto de Moz,Norte,64.1,31.4,54.4,42.2,43.1,32.699999999999996,12.199999999999996,-9.699999999999996,mantido
1506005,PA,Prainha,Norte,56.4,39.7,50.6,47.1,47.7,16.699999999999996,3.5,-5.799999999999997,mantido
1506104,PA,Primavera,Norte,70.7,22.2,69.7,25.7,27.3,48.5,44.0,-1.0,mantido
1506112,PA,Quatipuru,Norte,71.0,22.6,70.5,24.8,25.9,48.4,45.7,-0.5,mantido
1506138,PA,Redenção,Norte,31.1,63.9,24.1,71.5,73.0,-32.8,-47.4,-7.0,outro
1506161,PA,Rio Maria,Norte,41.5,53.6,32.7,62.5,63.7,-12.100000000000001,-29.799999999999997,-8.799999999999997,outro
1506187,PA,Rondon do Pará,Norte,46.1,49.3,38.6,57.9,59.1,-3.1999999999999957,-19.299999999999997,-7.5,outro
1506195,PA,Rurópolis,Norte,38.5,55.8,25.7,70.4,71.7,-17.299999999999997,-44.7,-12.8,outro
1506203,PA,Salinópolis,Norte,61.9,31.2,58.0,36.4,38.3,30.7,21.6,-3.8999999999999986,mantido
1506302,PA,Salvaterra,Norte,67.2,25.6,70.4,25.6,26.8,41.6,44.800000000000004,3.200000000000003,mantido
1506351,PA,Santa Bárbara do Pará,Norte,52.9,38.4,54.6,40.0,41.9,14.5,14.600000000000001,1.7000000000000028,mantido
1506401,PA,Santa Cruz do Arari,Norte,69.8,25.3,69.1,29.3,29.6,44.5,39.8,-0.7000000000000028,mantido
1506500,PA,Santa Isabel do Pará,Norte,50.9,40.2,49.8,44.6,46.3,10.699999999999996,5.199999999999996,-1.1000000000000014,mantido
1506559,PA,Santa Luzia do Pará,Norte,71.0,22.8,66.3,30.2,31.4,48.2,36.099999999999994,-4.700000000000003,mantido
1506583,PA,Santa Maria das Barreiras,Norte,37.7,58.0,28.3,67.8,68.5,-20.299999999999997,-39.5,-9.400000000000002,outro
1506609,PA,Santa Maria do Pará,Norte,53.2,39.7,48.9,46.0,47.4,13.5,2.8999999999999986,-4.300000000000004,mantido
1506708,PA,Santana do Araguaia,Norte,36.9,59.0,28.6,67.9,69.0,-22.1,-39.300000000000004,-8.299999999999997,outro
1506807,PA,Santarém,Norte,41.7,49.4,39.5,54.4,56.4,-7.699999999999996,-14.899999999999999,-2.200000000000003,outro
1506906,PA,Santarém Novo,Norte,72.6,22.3,71.6,25.2,26.2,50.3,46.39999999999999,-1.0,mantido
1507003,PA,Santo Antônio do Tauá,Norte,60.7,32.1,59.2,35.5,36.9,28.6,23.700000000000003,-1.5,mantido
1507755,PA,Sapucaia,Norte,52.3,43.1,41.8,54.3,55.2,9.199999999999996,-12.5,-10.5,vira
1507805,PA,Senador José Porfírio,Norte,51.8,43.2,35.3,61.3,62.3,8.599999999999994,-26.0,-16.5,vira
1507904,PA,Soure,Norte,72.3,20.9,74.2,22.2,23.2,51.4,52.0,1.9000000000000057,mantido
1507102,PA,São Caetano de Odivelas,Norte,69.9,22.4,69.1,25.4,26.9,47.50000000000001,43.699999999999996,-0.8000000000000114,mantido
1507151,PA,São Domingos do Araguaia,Norte,56.2,38.5,49.6,47.0,47.8,17.700000000000003,2.6000000000000014,-6.600000000000001,mantido
1507201,PA,São Domingos do Capim,Norte,71.4,21.0,70.6,25.3,26.4,50.400000000000006,45.3,-0.8000000000000114,mantido
1507409,PA,São Francisco do Pará,Norte,60.2,33.5,57.4,38.5,39.7,26.700000000000003,18.9,-2.8000000000000043,mantido
1507300,PA,São Félix do Xingu,Norte,33.0,63.1,23.5,72.3,73.4,-30.1,-48.8,-9.5,outro
1507458,PA,São Geraldo do Araguaia,Norte,43.0,52.6,37.4,58.5,59.7,-9.600000000000001,-21.1,-5.600000000000001,outro
1507466,PA,São João da Ponta,Norte,66.0,26.7,64.9,30.1,31.5,39.3,34.800000000000004,-1.0999999999999943,mantido
1507474,PA,São João de Pirabas,Norte,67.3,26.3,68.1,28.0,29.0,41.0,40.099999999999994,0.7999999999999972,mantido
1507508,PA,São João do Araguaia,Norte,58.8,36.1,54.2,42.7,43.5,22.699999999999996,11.5,-4.599999999999994,mantido
1507607,PA,São Miguel do Guamá,Norte,63.0,28.2,60.6,33.7,35.2,34.8,26.9,-2.3999999999999986,mantido
1507706,PA,São Sebastião da Boa Vista,Norte,72.8,22.5,73.3,23.4,24.5,50.3,49.9,0.5,mantido
1507953,PA,Tailândia,Norte,52.3,42.2,39.9,54.9,56.7,10.099999999999994,-15.0,-12.399999999999999,vira
1507961,PA,Terra Alta,Norte,63.7,29.8,62.1,33.9,35.0,33.900000000000006,28.200000000000003,-1.6000000000000014,mantido
1507979,PA,Terra Santa,Norte,56.9,37.9,47.6,46.9,48.5,19.0,0.7000000000000028,-9.299999999999997,mantido
1508001,PA,Tomé-Açu,Norte,58.3,35.8,52.1,43.0,44.8,22.5,9.100000000000001,-6.199999999999996,mantido
1508035,PA,Tracuateua,Norte,75.0,19.2,74.8,22.0,22.9,55.8,52.8,-0.20000000000000284,mantido
1508050,PA,Trairão,Norte,32.4,63.7,20.8,75.4,76.2,-31.300000000000004,-54.60000000000001,-11.599999999999998,outro
1508084,PA,Tucumã,Norte,34.2,61.6,24.8,70.1,71.6,-27.4,-45.3,-9.400000000000002,outro
1508100,PA,Tucuruí,Norte,55.1,38.6,49.6,44.6,47.0,16.5,5.0,-5.5,mantido
1508126,PA,Ulianópolis,Norte,50.5,45.7,41.8,54.4,55.8,4.799999999999997,-12.600000000000001,-8.700000000000003,vira
1508159,PA,Uruará,Norte,26.2,69.0,19.5,77.0,78.1,-42.8,-57.5,-6.699999999999999,outro
1508209,PA,Vigia,Norte,66.6,26.5,63.6,30.5,32.4,40.099999999999994,33.1,-2.999999999999993,mantido
1508308,PA,Viseu,Norte,78.1,17.6,76.4,20.7,21.6,60.49999999999999,55.7,-1.6999999999999886,mantido
1508357,PA,Vitória do Xingu,Norte,47.8,46.6,40.4,55.3,56.9,1.1999999999999957,-14.899999999999999,-7.399999999999999,vira
1508407,PA,Xinguara,Norte,36.5,58.5,29.4,65.7,67.2,-22.0,-36.300000000000004,-7.100000000000001,outro
1500347,PA,Água Azul do Norte,Norte,41.0,54.7,29.9,65.4,66.2,-13.700000000000003,-35.50000000000001,-11.100000000000001,outro
1505106,PA,Óbidos,Norte,67.4,26.6,64.4,31.3,32.5,40.800000000000004,33.10000000000001,-3.0,mantido
2500205,PB,Aguiar,Nordeste,80.5,15.5,77.0,19.3,20.2,65.0,57.7,-3.5,mantido
2500304,PB,Alagoa Grande,Nordeste,73.2,22.0,70.4,25.5,26.7,51.2,44.900000000000006,-2.799999999999997,mantido
2500403,PB,Alagoa Nova,Nordeste,73.5,18.9,71.3,22.9,24.9,54.6,48.4,-2.200000000000003,mantido
2500502,PB,Alagoinha,Nordeste,79.6,15.7,76.6,19.3,20.8,63.89999999999999,57.3,-3.0,mantido
2500536,PB,Alcantil,Nordeste,58.6,33.9,56.9,36.8,38.5,24.700000000000003,20.1,-1.7000000000000028,mantido
2500577,PB,Algodão de Jandaíra,Nordeste,84.2,12.6,83.2,13.8,14.7,71.60000000000001,69.4,-1.0,mantido
2500601,PB,Alhandra,Nordeste,59.4,35.9,54.8,40.4,41.6,23.5,14.399999999999999,-4.600000000000001,mantido
2500734,PB,Amparo,Nordeste,86.2,11.0,83.0,14.3,15.1,75.2,68.7,-3.200000000000003,mantido
2500775,PB,Aparecida,Nordeste,74.4,21.1,71.5,24.4,25.8,53.300000000000004,47.1,-2.9000000000000057,mantido
2500908,PB,Arara,Nordeste,74.0,19.7,71.5,23.1,24.6,54.3,48.4,-2.5,mantido
2501005,PB,Araruna,Nordeste,71.8,22.2,66.4,29.7,30.9,49.599999999999994,36.7,-5.3999999999999915,mantido
2500809,PB,Araçagi,Nordeste,80.4,15.0,76.6,19.4,20.6,65.4,57.199999999999996,-3.8000000000000114,mantido
2501104,PB,Areia,Nordeste,74.9,19.5,75.1,20.2,21.7,55.400000000000006,54.89999999999999,0.19999999999998863,mantido
2501153,PB,Areia de Baraúnas,Nordeste,80.9,14.0,71.4,24.4,25.5,66.9,47.00000000000001,-9.5,mantido
2501203,PB,Areial,Nordeste,71.2,22.2,66.9,27.1,28.9,49.0,39.800000000000004,-4.299999999999997,mantido
2501302,PB,Aroeiras,Nordeste,77.9,17.7,74.0,21.2,22.7,60.2,52.8,-3.9000000000000057,mantido
2501351,PB,Assunção,Nordeste,75.7,20.3,68.0,28.3,29.1,55.400000000000006,39.7,-7.700000000000003,mantido
2501500,PB,Bananeiras,Nordeste,76.8,17.1,70.1,25.0,26.2,59.699999999999996,45.099999999999994,-6.700000000000003,mantido
2501534,PB,Baraúna,Nordeste,79.9,15.1,73.6,20.9,22.1,64.80000000000001,52.699999999999996,-6.300000000000011,mantido
2501609,PB,Barra de Santa Rosa,Nordeste,79.5,16.5,76.4,19.8,20.9,63.0,56.60000000000001,-3.0999999999999943,mantido
2501575,PB,Barra de Santana,Nordeste,72.1,22.1,69.3,26.0,27.4,49.99999999999999,43.3,-2.799999999999997,mantido
2501708,PB,Barra de São Miguel,Nordeste,70.7,24.6,67.8,28.2,29.4,46.1,39.599999999999994,-2.9000000000000057,mantido
2501807,PB,Bayeux,Nordeste,51.0,42.4,47.2,46.3,48.1,8.600000000000001,0.9000000000000057,-3.799999999999997,mantido
2501401,PB,Baía da Traição,Nordeste,81.2,15.2,77.0,20.0,20.9,66.0,57.0,-4.200000000000003,mantido
2501906,PB,Belém,Nordeste,68.6,26.1,65.4,30.5,31.7,42.49999999999999,34.900000000000006,-3.1999999999999886,mantido
2502003,PB,Belém do Brejo do Cruz,Nordeste,72.7,22.4,69.1,27.1,28.8,50.300000000000004,41.99999999999999,-3.6000000000000085,mantido
2502052,PB,Bernardino Batista,Nordeste,82.1,13.8,79.8,17.3,18.3,68.3,62.5,-2.299999999999997,mantido
2502102,PB,Boa Ventura,Nordeste,79.7,15.3,78.2,17.8,18.7,64.4,60.400000000000006,-1.5,mantido
2502151,PB,Boa Vista,Nordeste,66.9,27.1,64.1,31.0,32.5,39.800000000000004,33.099999999999994,-2.8000000000000114,mantido
2502201,PB,Bom Jesus,Nordeste,86.5,9.7,81.7,14.0,16.3,76.8,67.7,-4.799999999999997,mantido
2502300,PB,Bom Sucesso,Nordeste,85.1,9.4,82.4,15.1,16.1,75.69999999999999,67.30000000000001,-2.6999999999999886,mantido
2502409,PB,Bonito de Santa Fé,Nordeste,73.7,22.2,72.0,24.4,25.6,51.5,47.6,-1.7000000000000028,mantido
2502508,PB,Boqueirão,Nordeste,66.9,27.9,63.5,31.5,32.8,39.00000000000001,32.0,-3.4000000000000057,mantido
2502706,PB,Borborema,Nordeste,76.5,18.3,71.0,24.9,25.8,58.2,46.1,-5.5,mantido
2502805,PB,Brejo do Cruz,Nordeste,69.4,25.0,63.8,31.4,32.8,44.400000000000006,32.4,-5.6000000000000085,mantido
2502904,PB,Brejo dos Santos,Nordeste,71.7,24.1,70.8,25.9,27.0,47.6,44.9,-0.9000000000000057,mantido
2503001,PB,Caaporã,Nordeste,66.6,28.9,63.7,31.8,33.1,37.699999999999996,31.900000000000002,-2.8999999999999915,mantido
2503100,PB,Cabaceiras,Nordeste,64.3,28.5,63.0,31.4,33.8,35.8,31.6,-1.2999999999999972,mantido
2503209,PB,Cabedelo,Nordeste,49.8,42.6,47.1,45.7,47.9,7.199999999999996,1.3999999999999986,-2.6999999999999957,mantido
2503308,PB,Cachoeira dos Índios,Nordeste,83.4,12.7,81.4,13.9,15.5,70.7,67.5,-2.0,mantido
2503407,PB,Cacimba de Areia,Nordeste,80.6,16.2,76.3,20.4,21.6,64.39999999999999,55.9,-4.299999999999997,mantido
2503506,PB,Cacimba de Dentro,Nordeste,74.5,20.7,68.5,27.0,28.6,53.8,41.5,-6.0,mantido
2503555,PB,Cacimbas,Nordeste,84.6,11.8,79.6,16.4,17.6,72.8,63.199999999999996,-5.0,mantido
2503605,PB,Caiçara,Nordeste,69.5,25.5,64.3,31.0,32.6,44.0,33.3,-5.200000000000003,mantido
2503704,PB,Cajazeiras,Nordeste,78.5,16.7,75.0,19.9,22.0,61.8,55.1,-3.5,mantido
2503753,PB,Cajazeirinhas,Nordeste,80.3,15.8,74.9,22.3,23.1,64.5,52.60000000000001,-5.3999999999999915,mantido
2503803,PB,Caldas Brandão,Nordeste,74.8,20.7,70.2,26.3,27.5,54.099999999999994,43.900000000000006,-4.599999999999994,mantido
2503902,PB,Camalaú,Nordeste,87.3,9.5,85.7,12.0,12.8,77.8,73.7,-1.5999999999999943,mantido
2504009,PB,Campina Grande,Nordeste,49.2,42.5,48.4,44.4,46.8,6.700000000000003,4.0,-0.8000000000000043,mantido
2504033,PB,Capim,Nordeste,71.8,22.2,68.5,27.6,29.1,49.599999999999994,40.9,-3.299999999999997,mantido
2504074,PB,Caraúbas,Nordeste,77.8,17.3,72.9,23.1,24.3,60.5,49.800000000000004,-4.8999999999999915,mantido
2504108,PB,Carrapateira,Nordeste,82.2,13.4,81.7,14.6,15.2,68.8,67.10000000000001,-0.5,mantido
2504157,PB,Casserengue,Nordeste,80.5,13.7,75.8,19.9,21.0,66.8,55.9,-4.700000000000003,mantido
2504207,PB,Catingueira,Nordeste,73.2,21.1,70.2,26.5,27.5,52.1,43.7,-3.0,mantido
2504306,PB,Catolé do Rocha,Nordeste,73.8,21.4,70.5,25.3,26.8,52.4,45.2,-3.299999999999997,mantido
2504355,PB,Caturité,Nordeste,74.5,19.2,70.9,23.3,24.8,55.3,47.60000000000001,-3.5999999999999943,mantido
2504405,PB,Conceição,Nordeste,77.3,18.2,73.1,23.4,24.7,59.099999999999994,49.699999999999996,-4.200000000000003,mantido
2504504,PB,Condado,Nordeste,79.6,15.7,76.4,20.0,21.0,63.89999999999999,56.400000000000006,-3.1999999999999886,mantido
2504603,PB,Conde,Nordeste,60.4,34.6,56.6,38.1,39.7,25.799999999999997,18.5,-3.799999999999997,mantido
2504702,PB,Congo,Nordeste,79.8,15.4,76.7,19.7,21.1,64.39999999999999,57.0,-3.0999999999999943,mantido
2504801,PB,Coremas,Nordeste,75.8,20.1,67.7,28.4,29.9,55.699999999999996,39.300000000000004,-8.099999999999994,mantido
2504850,PB,Coxixola,Nordeste,78.2,16.9,74.8,20.7,22.1,61.300000000000004,54.099999999999994,-3.4000000000000057,mantido
2504900,PB,Cruz do Espírito Santo,Nordeste,70.8,24.5,66.4,29.9,30.9,46.3,36.50000000000001,-4.3999999999999915,mantido
2505006,PB,Cubati,Nordeste,73.2,21.6,68.9,26.2,27.4,51.6,42.7,-4.299999999999997,mantido
2505204,PB,Cuitegi,Nordeste,74.5,19.9,71.5,24.8,25.9,54.6,46.7,-3.0,mantido
2505105,PB,Cuité,Nordeste,79.7,15.3,76.1,19.8,20.9,64.4,56.3,-3.6000000000000085,mantido
2505238,PB,Cuité de Mamanguape,Nordeste,79.6,16.0,72.8,23.6,25.1,63.599999999999994,49.199999999999996,-6.799999999999997,mantido
2505303,PB,Curral Velho,Nordeste,73.9,18.2,71.5,21.5,22.1,55.7,50.0,-2.4000000000000057,mantido
2505279,PB,Curral de Cima,Nordeste,78.7,15.0,72.3,22.7,24.3,63.7,49.599999999999994,-6.400000000000006,mantido
2505352,PB,Damião,Nordeste,82.0,13.0,78.1,17.1,17.7,69.0,60.99999999999999,-3.9000000000000057,mantido
2505402,PB,Desterro,Nordeste,79.0,16.9,72.8,24.0,25.0,62.1,48.8,-6.200000000000003,mantido
2505600,PB,Diamante,Nordeste,78.9,16.3,78.2,18.0,19.3,62.60000000000001,60.2,-0.7000000000000028,mantido
2505709,PB,Dona Inês,Nordeste,84.4,12.2,78.3,18.1,19.3,72.2,60.199999999999996,-6.1000000000000085,mantido
2505808,PB,Duas Estradas,Nordeste,74.7,20.5,66.1,29.6,30.8,54.2,36.49999999999999,-8.600000000000009,mantido
2505907,PB,Emas,Nordeste,75.1,19.5,67.7,27.6,29.2,55.599999999999994,40.1,-7.3999999999999915,mantido
2506004,PB,Esperança,Nordeste,65.7,27.7,62.4,31.6,33.4,38.0,30.799999999999997,-3.3000000000000043,mantido
2506103,PB,Fagundes,Nordeste,77.9,17.1,75.1,20.3,21.9,60.800000000000004,54.8,-2.8000000000000114,mantido
2506202,PB,Frei Martinho,Nordeste,71.7,22.6,66.0,27.5,29.3,49.1,38.5,-5.700000000000003,mantido
2506251,PB,Gado Bravo,Nordeste,79.5,15.3,76.9,18.6,20.7,64.2,58.300000000000004,-2.5999999999999943,mantido
2506301,PB,Guarabira,Nordeste,60.1,33.2,57.6,36.0,38.0,26.9,21.6,-2.5,mantido
2506400,PB,Gurinhém,Nordeste,73.6,22.2,71.5,24.5,26.0,51.39999999999999,47.0,-2.0999999999999943,mantido
2506509,PB,Gurjão,Nordeste,82.1,13.5,79.3,17.3,18.1,68.6,62.0,-2.799999999999997,mantido
2506608,PB,Ibiara,Nordeste,81.5,14.3,77.9,17.6,18.9,67.2,60.300000000000004,-3.5999999999999943,mantido
2502607,PB,Igaracy,Nordeste,77.4,16.2,70.4,23.8,24.9,61.2,46.60000000000001,-7.0,mantido
2506707,PB,Imaculada,Nordeste,84.9,11.6,79.7,17.3,18.3,73.30000000000001,62.400000000000006,-5.200000000000003,mantido
2506806,PB,Ingá,Nordeste,68.5,26.7,65.5,30.8,32.1,41.8,34.7,-3.0,mantido
2506905,PB,Itabaiana,Nordeste,61.5,33.9,59.0,36.1,37.4,27.6,22.9,-2.5,mantido
2507002,PB,Itaporanga,Nordeste,74.5,19.7,70.3,24.5,26.2,54.8,45.8,-4.200000000000003,mantido
2507101,PB,Itapororoca,Nordeste,73.2,21.4,68.9,26.4,27.6,51.800000000000004,42.50000000000001,-4.299999999999997,mantido
2507200,PB,Itatuba,Nordeste,72.8,23.1,68.2,28.5,29.3,49.699999999999996,39.7,-4.599999999999994,mantido
2507309,PB,Jacaraú,Nordeste,69.0,25.2,60.8,33.5,35.3,43.8,27.299999999999997,-8.200000000000003,mantido
2507408,PB,Jericó,Nordeste,82.1,13.9,73.0,23.9,24.6,68.19999999999999,49.1,-9.099999999999994,mantido
2513653,PB,Joca Claudino,Nordeste,81.3,13.1,79.7,15.8,17.6,68.2,63.900000000000006,-1.5999999999999943,mantido
2507507,PB,João Pessoa,Nordeste,47.4,44.5,46.5,45.7,48.2,2.8999999999999986,0.7999999999999972,-0.8999999999999986,mantido
2507606,PB,Juarez Távora,Nordeste,74.6,21.3,71.8,24.7,25.5,53.3,47.099999999999994,-2.799999999999997,mantido
2507705,PB,Juazeirinho,Nordeste,74.6,21.0,70.4,26.4,27.5,53.599999999999994,44.00000000000001,-4.199999999999989,mantido
2507804,PB,Junco do Seridó,Nordeste,74.2,19.5,68.3,25.7,27.6,54.7,42.599999999999994,-5.900000000000006,mantido
2507903,PB,Juripiranga,Nordeste,71.8,24.4,65.8,30.2,31.6,47.4,35.599999999999994,-6.0,mantido
2508000,PB,Juru,Nordeste,84.8,11.1,79.5,17.3,18.0,73.7,62.2,-5.299999999999997,mantido
2508109,PB,Lagoa,Nordeste,82.7,13.0,78.4,16.8,18.4,69.7,61.60000000000001,-4.299999999999997,mantido
2508307,PB,Lagoa Seca,Nordeste,60.4,32.8,58.7,36.0,37.5,27.6,22.700000000000003,-1.6999999999999957,mantido
2508208,PB,Lagoa de Dentro,Nordeste,74.9,20.0,67.9,27.1,28.6,54.900000000000006,40.800000000000004,-7.0,mantido
2508406,PB,Lastro,Nordeste,81.8,14.6,75.6,20.7,21.9,67.2,54.89999999999999,-6.200000000000003,mantido
2508505,PB,Livramento,Nordeste,75.0,20.2,72.0,23.5,24.5,54.8,48.5,-3.0,mantido
2508554,PB,Logradouro,Nordeste,66.3,28.3,62.0,33.3,35.0,38.0,28.700000000000003,-4.299999999999997,mantido
2508604,PB,Lucena,Nordeste,64.1,30.2,62.1,32.9,34.4,33.89999999999999,29.200000000000003,-1.999999999999993,mantido
2508802,PB,Malta,Nordeste,83.4,12.6,79.2,17.2,18.6,70.80000000000001,62.0,-4.200000000000003,mantido
2508901,PB,Mamanguape,Nordeste,65.9,28.4,58.7,35.4,37.3,37.50000000000001,23.300000000000004,-7.200000000000003,mantido
2509008,PB,Manaíra,Nordeste,84.8,10.4,82.9,13.9,15.0,74.39999999999999,69.0,-1.8999999999999915,mantido
2509057,PB,Marcação,Nordeste,82.6,13.9,77.2,19.8,20.8,68.69999999999999,57.400000000000006,-5.3999999999999915,mantido
2509107,PB,Mari,Nordeste,70.3,24.8,67.1,28.3,29.8,45.5,38.8,-3.200000000000003,mantido
2509156,PB,Marizópolis,Nordeste,70.4,24.5,62.6,31.1,32.4,45.900000000000006,31.5,-7.800000000000004,mantido
2509206,PB,Massaranduba,Nordeste,69.6,24.7,67.2,28.2,29.7,44.89999999999999,39.0,-2.3999999999999915,mantido
2509305,PB,Mataraca,Nordeste,69.6,26.2,64.5,31.0,32.6,43.39999999999999,33.5,-5.099999999999994,mantido
2509339,PB,Matinhas,Nordeste,77.2,18.1,75.7,20.4,21.3,59.1,55.300000000000004,-1.5,mantido
2509370,PB,Mato Grosso,Nordeste,88.7,7.9,77.8,19.2,20.2,80.8,58.599999999999994,-10.900000000000006,mantido
2509396,PB,Maturéia,Nordeste,82.6,13.1,78.6,18.4,19.3,69.5,60.199999999999996,-4.0,mantido
2509404,PB,Mogeiro,Nordeste,68.7,27.5,65.1,31.2,32.1,41.2,33.89999999999999,-3.6000000000000085,mantido
2509503,PB,Montadas,Nordeste,70.1,24.4,66.6,27.8,28.9,45.699999999999996,38.8,-3.5,mantido
2509602,PB,Monte Horebe,Nordeste,81.8,11.6,76.1,19.2,20.6,70.2,56.89999999999999,-5.700000000000003,mantido
2509701,PB,Monteiro,Nordeste,76.8,18.6,73.3,22.2,24.2,58.199999999999996,51.099999999999994,-3.5,mantido
2509800,PB,Mulungu,Nordeste,73.4,20.9,70.7,24.4,25.8,52.50000000000001,46.300000000000004,-2.700000000000003,mantido
2508703,PB,Mãe d'Água,Nordeste,80.1,15.4,75.2,20.6,21.7,64.69999999999999,54.6,-4.8999999999999915,mantido
2509909,PB,Natuba,Nordeste,71.8,21.7,70.3,25.0,26.5,50.099999999999994,45.3,-1.5,mantido
2510006,PB,Nazarezinho,Nordeste,83.2,12.8,77.8,18.8,19.8,70.4,59.0,-5.400000000000006,mantido
2510105,PB,Nova Floresta,Nordeste,75.6,18.1,69.3,24.9,26.6,57.49999999999999,44.4,-6.299999999999997,mantido
2510204,PB,Nova Olinda,Nordeste,82.0,13.4,78.4,18.0,19.1,68.6,60.400000000000006,-3.5999999999999943,mantido
2510303,PB,Nova Palmeira,Nordeste,81.6,12.3,77.3,17.4,19.4,69.3,59.9,-4.299999999999997,mantido
2510402,PB,Olho d'Água,Nordeste,77.3,16.6,72.0,24.0,25.2,60.699999999999996,48.0,-5.299999999999997,mantido
2510501,PB,Olivedos,Nordeste,71.0,21.9,66.4,28.2,29.4,49.1,38.2,-4.599999999999994,mantido
2510600,PB,Ouro Velho,Nordeste,78.7,17.9,78.2,18.8,19.8,60.800000000000004,59.400000000000006,-0.5,mantido
2510659,PB,Parari,Nordeste,78.3,17.9,74.5,22.0,23.0,60.4,52.5,-3.799999999999997,mantido
2510709,PB,Passagem,Nordeste,75.8,19.0,68.2,27.7,29.0,56.8,40.5,-7.599999999999994,mantido
2510808,PB,Patos,Nordeste,64.0,29.5,60.1,33.8,36.1,34.5,26.300000000000004,-3.8999999999999986,mantido
2510907,PB,Paulista,Nordeste,71.8,23.7,65.2,29.7,31.3,48.099999999999994,35.5,-6.599999999999994,mantido
2511004,PB,Pedra Branca,Nordeste,71.9,21.5,67.4,27.5,28.5,50.400000000000006,39.900000000000006,-4.5,mantido
2511103,PB,Pedra Lavrada,Nordeste,76.2,17.2,73.9,20.9,22.5,59.0,53.00000000000001,-2.299999999999997,mantido
2511202,PB,Pedras de Fogo,Nordeste,65.4,29.2,62.9,32.9,34.4,36.2,30.0,-2.500000000000007,mantido
2512721,PB,Pedro Régis,Nordeste,71.3,22.3,62.2,32.4,33.6,49.0,29.800000000000004,-9.099999999999994,mantido
2511301,PB,Piancó,Nordeste,71.7,22.3,68.3,27.0,28.3,49.400000000000006,41.3,-3.4000000000000057,mantido
2511400,PB,Picuí,Nordeste,71.6,21.8,66.7,28.2,30.0,49.8,38.5,-4.8999999999999915,mantido
2511509,PB,Pilar,Nordeste,70.8,24.6,63.7,31.4,32.5,46.199999999999996,32.300000000000004,-7.099999999999994,mantido
2511608,PB,Pilões,Nordeste,76.1,18.9,72.9,22.7,24.0,57.199999999999996,50.2,-3.1999999999999886,mantido
2511707,PB,Pilõezinhos,Nordeste,78.5,16.1,73.4,22.2,23.6,62.4,51.2,-5.099999999999994,mantido
2511806,PB,Pirpirituba,Nordeste,72.3,21.1,68.5,25.4,27.1,51.199999999999996,43.1,-3.799999999999997,mantido
2511905,PB,Pitimbu,Nordeste,67.5,28.9,64.6,31.2,32.0,38.6,33.39999999999999,-2.9000000000000057,mantido
2512002,PB,Pocinhos,Nordeste,63.8,29.9,61.4,33.1,34.7,33.9,28.299999999999997,-2.3999999999999986,mantido
2512101,PB,Pombal,Nordeste,65.2,29.1,62.1,32.8,34.4,36.1,29.300000000000004,-3.1000000000000014,mantido
2512036,PB,Poço Dantas,Nordeste,85.5,10.6,83.7,12.1,13.2,74.9,71.60000000000001,-1.7999999999999972,mantido
2512077,PB,Poço de José de Moura,Nordeste,81.8,13.9,79.7,16.1,17.7,67.89999999999999,63.6,-2.0999999999999943,mantido
2512200,PB,Prata,Nordeste,72.3,23.3,69.3,27.6,28.6,49.0,41.699999999999996,-3.0,mantido
2512309,PB,Princesa Isabel,Nordeste,82.2,13.5,77.0,18.5,20.5,68.7,58.5,-5.200000000000003,mantido
2512408,PB,Puxinanã,Nordeste,65.9,27.6,61.7,31.8,33.6,38.300000000000004,29.900000000000002,-4.200000000000003,mantido
2512507,PB,Queimadas,Nordeste,70.0,24.7,67.3,27.8,29.5,45.3,39.5,-2.700000000000003,mantido
2512606,PB,Quixabá,Nordeste,70.4,25.4,65.7,30.1,31.4,45.00000000000001,35.6,-4.700000000000003,mantido
2512705,PB,Remígio,Nordeste,76.0,19.1,72.8,22.5,23.9,56.9,50.3,-3.200000000000003,mantido
2512788,PB,Riacho de Santo Antônio,Nordeste,68.6,27.1,61.2,35.2,36.2,41.49999999999999,26.0,-7.3999999999999915,mantido
2512804,PB,Riacho dos Cavalos,Nordeste,82.0,14.3,76.1,20.8,21.7,67.7,55.3,-5.900000000000006,mantido
2512747,PB,Riachão,Nordeste,77.4,18.4,74.9,22.3,22.9,59.00000000000001,52.60000000000001,-2.5,mantido
2512754,PB,Riachão do Bacamarte,Nordeste,74.1,20.8,67.6,28.1,29.3,53.3,39.49999999999999,-6.5,mantido
2512762,PB,Riachão do Poço,Nordeste,68.6,26.0,64.2,31.7,32.7,42.599999999999994,32.5,-4.3999999999999915,mantido
2512903,PB,Rio Tinto,Nordeste,68.4,26.7,64.1,31.4,32.7,41.7,32.699999999999996,-4.300000000000011,mantido
2513000,PB,Salgadinho,Nordeste,75.4,18.4,65.1,29.2,30.6,57.00000000000001,35.89999999999999,-10.300000000000011,mantido
2513109,PB,Salgado de São Félix,Nordeste,71.4,23.3,69.0,26.6,28.2,48.10000000000001,42.4,-2.4000000000000057,mantido
2513158,PB,Santa Cecília,Nordeste,72.5,22.0,68.8,26.6,27.7,50.5,42.199999999999996,-3.700000000000003,mantido
2513208,PB,Santa Cruz,Nordeste,81.9,14.5,79.3,17.3,18.4,67.4,62.0,-2.6000000000000085,mantido
2513307,PB,Santa Helena,Nordeste,86.0,10.4,82.6,13.5,15.8,75.6,69.1,-3.4000000000000057,mantido
2513356,PB,Santa Inês,Nordeste,89.1,7.6,84.8,12.5,13.3,81.5,72.3,-4.299999999999997,mantido
2513406,PB,Santa Luzia,Nordeste,69.5,24.6,63.3,31.0,32.6,44.9,32.3,-6.200000000000003,mantido
2513703,PB,Santa Rita,Nordeste,56.5,37.1,53.0,40.8,42.7,19.4,12.200000000000003,-3.5,mantido
2513802,PB,Santa Teresinha,Nordeste,73.2,21.5,68.1,27.3,28.9,51.7,40.8,-5.1000000000000085,mantido
2513505,PB,Santana de Mangueira,Nordeste,86.0,9.8,82.7,13.3,14.3,76.2,69.4,-3.299999999999997,mantido
2513604,PB,Santana dos Garrotes,Nordeste,74.0,19.4,72.5,22.6,24.1,54.6,49.9,-1.5,mantido
2513851,PB,Santo André,Nordeste,79.3,15.8,72.7,23.5,23.9,63.5,49.2,-6.599999999999994,mantido
2515302,PB,Sapé,Nordeste,66.2,28.0,63.1,32.3,33.7,38.2,30.800000000000004,-3.1000000000000014,mantido
2515500,PB,Serra Branca,Nordeste,69.8,24.1,68.6,27.2,29.0,45.699999999999996,41.39999999999999,-1.2000000000000028,mantido
2515708,PB,Serra Grande,Nordeste,81.4,13.0,81.9,13.9,15.5,68.4,68.0,0.5,mantido
2515807,PB,Serra Redonda,Nordeste,73.0,20.7,72.3,23.4,24.3,52.3,48.9,-0.7000000000000028,mantido
2515609,PB,Serra da Raiz,Nordeste,69.3,23.6,65.3,30.4,31.6,45.699999999999996,34.9,-4.0,mantido
2515906,PB,Serraria,Nordeste,73.3,20.6,70.5,23.8,25.5,52.699999999999996,46.7,-2.799999999999997,mantido
2515930,PB,Sertãozinho,Nordeste,75.6,19.8,69.4,24.9,26.7,55.8,44.50000000000001,-6.199999999999989,mantido
2515971,PB,Sobrado,Nordeste,68.5,25.0,65.3,30.9,31.7,43.5,34.4,-3.200000000000003,mantido
2516102,PB,Soledade,Nordeste,69.1,25.2,67.2,28.2,29.3,43.89999999999999,39.0,-1.8999999999999915,mantido
2516003,PB,Solânea,Nordeste,69.9,23.9,66.0,28.7,30.1,46.00000000000001,37.3,-3.9000000000000057,mantido
2516151,PB,Sossêgo,Nordeste,83.2,11.6,78.5,17.9,19.0,71.60000000000001,60.6,-4.700000000000003,mantido
2516201,PB,Sousa,Nordeste,68.7,25.5,64.1,30.1,32.1,43.2,33.99999999999999,-4.6000000000000085,mantido
2516300,PB,Sumé,Nordeste,78.3,17.7,74.1,22.2,23.7,60.599999999999994,51.89999999999999,-4.200000000000003,mantido
2513927,PB,São Bentinho,Nordeste,82.6,13.1,78.7,17.5,18.8,69.5,61.2,-3.8999999999999915,mantido
2513901,PB,São Bento,Nordeste,54.7,39.3,48.4,44.6,46.4,15.400000000000006,3.799999999999997,-6.300000000000004,mantido
2513968,PB,São Domingos,Nordeste,74.0,19.6,71.8,25.2,26.2,54.4,46.599999999999994,-2.200000000000003,mantido
2513943,PB,São Domingos do Cariri,Nordeste,70.1,23.2,67.6,27.3,29.1,46.89999999999999,40.3,-2.5,mantido
2513984,PB,São Francisco,Nordeste,75.8,19.1,70.1,24.6,25.5,56.699999999999996,45.49999999999999,-5.700000000000003,mantido
2514206,PB,São José da Lagoa Tapada,Nordeste,81.2,15.2,77.1,19.4,20.8,66.0,57.699999999999996,-4.1000000000000085,mantido
2514305,PB,São José de Caiana,Nordeste,79.4,16.3,75.9,20.0,21.8,63.10000000000001,55.900000000000006,-3.5,mantido
2514404,PB,São José de Espinharas,Nordeste,78.6,17.5,74.6,21.7,23.0,61.099999999999994,52.89999999999999,-4.0,mantido
2514503,PB,São José de Piranhas,Nordeste,82.7,13.5,78.0,17.4,19.1,69.2,60.6,-4.700000000000003,mantido
2514552,PB,São José de Princesa,Nordeste,86.5,9.3,83.8,13.3,14.1,77.2,70.5,-2.700000000000003,mantido
2514602,PB,São José do Bonfim,Nordeste,73.4,22.2,67.5,28.4,29.5,51.2,39.1,-5.900000000000006,mantido
2514651,PB,São José do Brejo do Cruz,Nordeste,70.3,23.7,64.2,30.8,32.2,46.599999999999994,33.400000000000006,-6.099999999999994,mantido
2514701,PB,São José do Sabugi,Nordeste,72.4,22.1,67.7,28.2,28.9,50.300000000000004,39.5,-4.700000000000003,mantido
2514800,PB,São José dos Cordeiros,Nordeste,80.9,15.2,78.2,19.0,19.8,65.7,59.2,-2.700000000000003,mantido
2514453,PB,São José dos Ramos,Nordeste,75.2,19.9,70.8,25.5,26.4,55.300000000000004,45.3,-4.400000000000006,mantido
2514008,PB,São João do Cariri,Nordeste,79.4,15.7,76.8,20.2,21.3,63.7,56.599999999999994,-2.6000000000000085,mantido
2500700,PB,São João do Rio do Peixe,Nordeste,80.0,15.4,76.9,18.9,20.7,64.6,58.00000000000001,-3.0999999999999943,mantido
2514107,PB,São João do Tigre,Nordeste,80.3,15.6,78.5,18.6,19.7,64.7,59.9,-1.7999999999999972,mantido
2514909,PB,São Mamede,Nordeste,70.1,23.9,64.6,30.4,31.7,46.199999999999996,34.199999999999996,-5.5,mantido
2515005,PB,São Miguel de Taipu,Nordeste,57.9,38.0,55.9,40.1,41.2,19.9,15.799999999999997,-2.0,mantido
2515104,PB,São Sebastião de Lagoa de Roça,Nordeste,67.4,25.2,65.4,28.7,30.6,42.2,36.7,-2.0,mantido
2515203,PB,São Sebastião do Umbuzeiro,Nordeste,84.4,11.2,82.8,14.2,15.1,73.2,68.6,-1.6000000000000085,mantido
2515401,PB,São Vicente do Seridó,Nordeste,76.0,18.5,75.8,19.4,20.5,57.5,56.4,-0.20000000000000284,mantido
2516409,PB,Tacima,Nordeste,74.1,21.6,68.7,27.1,28.4,52.49999999999999,41.6,-5.3999999999999915,mantido
2516508,PB,Taperoá,Nordeste,77.7,17.3,74.2,22.2,23.2,60.400000000000006,52.0,-3.5,mantido
2516607,PB,Tavares,Nordeste,86.6,10.0,83.5,13.8,15.2,76.6,69.7,-3.0999999999999943,mantido
2516706,PB,Teixeira,Nordeste,79.5,16.2,76.0,20.8,21.9,63.3,55.2,-3.5,mantido
2516755,PB,Tenório,Nordeste,79.2,16.4,72.8,24.0,25.0,62.800000000000004,48.8,-6.400000000000006,mantido
2516805,PB,Triunfo,Nordeste,85.2,10.5,82.0,13.9,15.3,74.7,68.1,-3.200000000000003,mantido
2516904,PB,Uiraúna,Nordeste,78.9,16.8,73.8,21.3,22.9,62.10000000000001,52.5,-5.1000000000000085,mantido
2517001,PB,Umbuzeiro,Nordeste,76.7,19.1,72.4,22.9,24.4,57.6,49.50000000000001,-4.299999999999997,mantido
2517209,PB,Vieirópolis,Nordeste,79.1,16.2,75.6,20.8,21.9,62.89999999999999,54.8,-3.5,mantido
2505501,PB,Vista Serrana,Nordeste,73.2,20.5,75.2,20.2,21.8,52.7,55.0,2.0,mantido
2517100,PB,Várzea,Nordeste,82.2,13.9,74.0,21.2,22.5,68.3,52.8,-8.200000000000003,mantido
2517407,PB,Zabelê,Nordeste,83.3,12.5,80.7,15.9,17.4,70.8,64.8,-2.5999999999999943,mantido
2500106,PB,Água Branca,Nordeste,84.4,11.5,77.6,17.7,19.6,72.9,59.89999999999999,-6.800000000000011,mantido
2600054,PE,Abreu e Lima,Nordeste,57.5,37.7,56.6,37.9,39.5,19.799999999999997,18.700000000000003,-0.8999999999999986,mantido
2600104,PE,Afogados da Ingazeira,Nordeste,76.7,20.2,73.0,23.0,24.4,56.5,50.0,-3.700000000000003,mantido
2600203,PE,Afrânio,Nordeste,74.5,20.1,65.1,29.2,30.5,54.4,35.89999999999999,-9.400000000000006,mantido
2600302,PE,Agrestina,Nordeste,75.4,21.3,70.9,24.6,26.1,54.10000000000001,46.300000000000004,-4.5,mantido
2600609,PE,Alagoinha,Nordeste,87.1,10.3,83.4,12.8,14.1,76.8,70.60000000000001,-3.6999999999999886,mantido
2600708,PE,Aliança,Nordeste,70.4,26.3,68.0,27.2,28.2,44.10000000000001,40.8,-2.4000000000000057,mantido
2600807,PE,Altinho,Nordeste,76.0,20.4,72.9,22.5,23.6,55.6,50.400000000000006,-3.0999999999999943,mantido
2600906,PE,Amaraji,Nordeste,66.9,29.1,66.5,29.7,30.4,37.800000000000004,36.8,-0.4000000000000057,mantido
2601003,PE,Angelim,Nordeste,76.6,19.6,74.2,21.9,23.3,56.99999999999999,52.300000000000004,-2.3999999999999915,mantido
2601102,PE,Araripina,Nordeste,76.7,18.4,71.0,23.9,25.3,58.300000000000004,47.1,-5.700000000000003,mantido
2601052,PE,Araçoiaba,Nordeste,69.0,27.1,67.2,27.2,28.4,41.9,40.0,-1.7999999999999972,mantido
2601201,PE,Arcoverde,Nordeste,73.2,22.7,69.8,25.2,26.9,50.5,44.599999999999994,-3.4000000000000057,mantido
2601300,PE,Barra de Guabiraba,Nordeste,63.5,33.1,61.6,35.0,35.9,30.4,26.6,-1.8999999999999986,mantido
2601409,PE,Barreiros,Nordeste,63.5,32.7,63.2,32.6,33.8,30.799999999999997,30.6,-0.29999999999999716,mantido
2601706,PE,Belo Jardim,Nordeste,68.3,26.3,64.8,29.1,30.9,42.0,35.699999999999996,-3.5,mantido
2601508,PE,Belém de Maria,Nordeste,73.6,23.1,69.8,25.4,26.6,50.49999999999999,44.4,-3.799999999999997,mantido
2601607,PE,Belém do São Francisco,Nordeste,82.8,13.5,79.0,16.3,17.8,69.3,62.7,-3.799999999999997,mantido
2601805,PE,Betânia,Nordeste,87.3,10.3,84.5,11.6,12.3,77.0,72.9,-2.799999999999997,mantido
2601904,PE,Bezerros,Nordeste,71.1,25.0,67.2,27.7,29.2,46.099999999999994,39.5,-3.8999999999999915,mantido
2602001,PE,Bodocó,Nordeste,86.8,9.3,82.5,13.4,14.7,77.5,69.1,-4.299999999999997,mantido
2602100,PE,Bom Conselho,Nordeste,78.5,18.0,75.6,20.1,21.3,60.5,55.49999999999999,-2.9000000000000057,mantido
2602209,PE,Bom Jardim,Nordeste,75.4,21.3,73.0,23.0,24.1,54.10000000000001,50.0,-2.4000000000000057,mantido
2602308,PE,Bonito,Nordeste,66.7,30.5,62.8,32.1,33.5,36.2,30.699999999999996,-3.9000000000000057,mantido
2602506,PE,Brejinho,Nordeste,83.4,13.2,77.3,17.9,19.1,70.2,59.4,-6.1000000000000085,mantido
2602605,PE,Brejo da Madre de Deus,Nordeste,67.5,28.5,61.8,32.6,34.2,39.0,29.199999999999996,-5.700000000000003,mantido
2602407,PE,Brejão,Nordeste,81.1,16.7,74.8,20.8,22.1,64.39999999999999,54.0,-6.299999999999997,mantido
2602704,PE,Buenos Aires,Nordeste,76.2,20.8,74.2,22.7,23.6,55.400000000000006,51.5,-2.0,mantido
2602803,PE,Buíque,Nordeste,85.5,11.6,81.9,14.2,15.2,73.9,67.7,-3.5999999999999943,mantido
2602902,PE,Cabo de Santo Agostinho,Nordeste,66.6,28.7,65.9,28.1,29.7,37.89999999999999,37.800000000000004,-0.6999999999999886,mantido
2603009,PE,Cabrobó,Nordeste,81.8,14.8,77.7,17.6,18.9,67.0,60.1,-4.099999999999994,mantido
2603108,PE,Cachoeirinha,Nordeste,74.0,22.1,71.1,24.2,25.8,51.9,46.89999999999999,-2.9000000000000057,mantido
2603207,PE,Caetés,Nordeste,89.7,7.9,87.0,10.1,11.5,81.8,76.9,-2.700000000000003,mantido
2603405,PE,Calumbi,Nordeste,87.6,11.0,83.5,12.7,13.7,76.6,70.8,-4.099999999999994,mantido
2603306,PE,Calçado,Nordeste,85.4,10.9,80.6,14.7,15.7,74.5,65.89999999999999,-4.800000000000011,mantido
2603454,PE,Camaragibe,Nordeste,54.6,39.7,53.9,39.5,41.4,14.899999999999999,14.399999999999999,-0.7000000000000028,mantido
2603504,PE,Camocim de São Félix,Nordeste,72.7,24.4,67.3,28.0,29.2,48.300000000000004,39.3,-5.400000000000006,mantido
2603603,PE,Camutanga,Nordeste,70.9,25.6,66.5,28.8,30.2,45.300000000000004,37.7,-4.400000000000006,mantido
2603702,PE,Canhotinho,Nordeste,71.4,25.3,70.1,27.0,27.9,46.10000000000001,43.099999999999994,-1.3000000000000114,mantido
2603801,PE,Capoeiras,Nordeste,86.2,10.8,83.0,12.7,14.2,75.4,70.3,-3.200000000000003,mantido
2603926,PE,Carnaubeira da Penha,Nordeste,91.3,7.0,88.3,8.7,9.4,84.3,79.6,-3.0,mantido
2603900,PE,Carnaíba,Nordeste,86.1,11.4,81.3,15.2,16.2,74.69999999999999,66.1,-4.799999999999997,mantido
2604007,PE,Carpina,Nordeste,54.6,40.9,53.4,41.0,42.5,13.700000000000003,12.399999999999999,-1.2000000000000028,mantido
2604106,PE,Caruaru,Nordeste,56.0,38.5,53.3,40.2,42.2,17.5,13.099999999999994,-2.700000000000003,mantido
2604155,PE,Casinhas,Nordeste,79.8,15.6,76.0,19.5,20.5,64.2,56.5,-3.799999999999997,mantido
2604205,PE,Catende,Nordeste,72.3,24.1,70.0,25.6,26.8,48.199999999999996,44.4,-2.299999999999997,mantido
2604304,PE,Cedro,Nordeste,85.5,10.2,78.4,16.0,17.4,75.3,62.400000000000006,-7.099999999999994,mantido
2604502,PE,Chã Grande,Nordeste,67.1,29.1,63.1,31.7,32.9,37.99999999999999,31.400000000000002,-3.999999999999993,mantido
2604403,PE,Chã de Alegria,Nordeste,71.2,25.8,68.3,28.3,29.0,45.400000000000006,40.0,-2.9000000000000057,mantido
2604601,PE,Condado,Nordeste,69.7,26.7,66.8,28.8,30.2,43.0,38.0,-2.9000000000000057,mantido
2604700,PE,Correntes,Nordeste,83.8,13.0,77.5,18.4,19.8,70.8,59.1,-6.299999999999997,mantido
2604809,PE,Cortês,Nordeste,71.0,24.7,69.9,25.0,26.6,46.3,44.900000000000006,-1.0999999999999943,mantido
2604908,PE,Cumaru,Nordeste,76.3,20.9,73.1,22.9,24.0,55.4,50.199999999999996,-3.200000000000003,mantido
2605004,PE,Cupira,Nordeste,64.0,32.2,62.0,33.0,34.2,31.799999999999997,29.0,-2.0,mantido
2605103,PE,Custódia,Nordeste,87.0,10.9,80.4,14.9,16.1,76.1,65.5,-6.599999999999994,mantido
2605152,PE,Dormentes,Nordeste,76.9,18.8,67.0,26.4,27.7,58.10000000000001,40.6,-9.900000000000006,mantido
2605202,PE,Escada,Nordeste,68.9,26.9,67.1,27.6,28.8,42.00000000000001,39.49999999999999,-1.8000000000000114,mantido
2605301,PE,Exu,Nordeste,85.5,10.8,80.3,15.5,16.8,74.7,64.8,-5.200000000000003,mantido
2605400,PE,Feira Nova,Nordeste,63.7,31.9,62.5,32.5,33.9,31.800000000000004,30.0,-1.2000000000000028,mantido
2605459,PE,Fernando de Noronha,Nordeste,52.4,41.5,49.0,43.3,45.3,10.899999999999999,5.700000000000003,-3.3999999999999986,mantido
2605509,PE,Ferreiros,Nordeste,71.5,25.1,68.2,26.9,28.1,46.4,41.300000000000004,-3.299999999999997,mantido
2605608,PE,Flores,Nordeste,85.9,11.8,81.0,15.0,16.1,74.10000000000001,66.0,-4.900000000000006,mantido
2605707,PE,Floresta,Nordeste,84.2,13.0,80.8,15.1,16.6,71.2,65.7,-3.4000000000000057,mantido
2605806,PE,Frei Miguelinho,Nordeste,72.1,25.1,65.5,29.6,30.4,46.99999999999999,35.9,-6.599999999999994,mantido
2605905,PE,Gameleira,Nordeste,67.9,28.5,66.4,29.2,30.4,39.400000000000006,37.2,-1.5,mantido
2606002,PE,Garanhuns,Nordeste,72.1,23.5,69.2,25.5,27.6,48.599999999999994,43.7,-2.8999999999999915,mantido
2606101,PE,Glória do Goitá,Nordeste,74.4,22.4,71.1,24.5,25.9,52.00000000000001,46.599999999999994,-3.3000000000000114,mantido
2606200,PE,Goiana,Nordeste,63.4,32.8,61.2,33.7,35.3,30.6,27.5,-2.1999999999999957,mantido
2606309,PE,Granito,Nordeste,84.4,11.3,79.2,16.4,17.7,73.10000000000001,62.800000000000004,-5.200000000000003,mantido
2606408,PE,Gravatá,Nordeste,62.2,33.1,58.9,35.2,36.7,29.1,23.699999999999996,-3.3000000000000043,mantido
2606507,PE,Iati,Nordeste,84.4,12.6,81.0,15.1,16.4,71.80000000000001,65.9,-3.4000000000000057,mantido
2606606,PE,Ibimirim,Nordeste,88.0,10.0,84.8,11.8,13.0,78.0,73.0,-3.200000000000003,mantido
2606705,PE,Ibirajuba,Nordeste,79.9,17.0,76.2,19.8,21.1,62.900000000000006,56.400000000000006,-3.700000000000003,mantido
2606804,PE,Igarassu,Nordeste,64.0,31.6,61.4,32.7,34.4,32.4,28.699999999999996,-2.6000000000000014,mantido
2606903,PE,Iguaraci,Nordeste,84.2,12.5,80.3,16.1,17.0,71.7,64.19999999999999,-3.9000000000000057,mantido
2607604,PE,Ilha de Itamaracá,Nordeste,71.2,25.2,69.4,25.8,26.9,46.0,43.60000000000001,-1.7999999999999972,mantido
2607000,PE,Inajá,Nordeste,89.4,8.8,87.5,10.2,10.8,80.60000000000001,77.3,-1.9000000000000057,mantido
2607109,PE,Ingazeira,Nordeste,87.3,10.8,83.3,13.6,14.0,76.5,69.7,-4.0,mantido
2607208,PE,Ipojuca,Nordeste,71.0,25.3,68.9,25.9,27.4,45.7,43.00000000000001,-2.0999999999999943,mantido
2607307,PE,Ipubi,Nordeste,81.4,14.8,72.8,21.1,22.5,66.60000000000001,51.699999999999996,-8.600000000000009,mantido
2607406,PE,Itacuruba,Nordeste,85.2,11.8,83.5,13.7,14.6,73.4,69.8,-1.7000000000000028,mantido
2607653,PE,Itambé,Nordeste,71.0,25.6,67.9,27.7,28.9,45.4,40.2,-3.0999999999999943,mantido
2607703,PE,Itapetim,Nordeste,81.9,16.0,77.2,18.6,19.8,65.9,58.6,-4.700000000000003,mantido
2607752,PE,Itapissuma,Nordeste,70.9,25.6,67.5,27.4,28.7,45.300000000000004,40.1,-3.4000000000000057,mantido
2607802,PE,Itaquitinga,Nordeste,67.5,28.8,66.4,29.2,30.3,38.7,37.2,-1.0999999999999943,mantido
2607505,PE,Itaíba,Nordeste,82.3,14.2,76.8,17.7,19.0,68.1,59.099999999999994,-5.5,mantido
2607901,PE,Jaboatão dos Guararapes,Nordeste,54.3,40.1,53.7,39.7,41.7,14.199999999999996,14.0,-0.5999999999999943,mantido
2607950,PE,Jaqueira,Nordeste,71.7,25.2,70.3,25.8,26.8,46.5,44.5,-1.4000000000000057,mantido
2608008,PE,Jataúba,Nordeste,79.3,17.5,74.3,21.1,22.5,61.8,53.199999999999996,-5.0,mantido
2608057,PE,Jatobá,Nordeste,83.8,13.4,82.1,13.5,15.0,70.39999999999999,68.6,-1.7000000000000028,mantido
2608206,PE,Joaquim Nabuco,Nordeste,70.6,25.9,67.6,28.2,29.2,44.699999999999996,39.39999999999999,-3.0,mantido
2608107,PE,João Alfredo,Nordeste,77.0,18.5,72.7,22.1,23.5,58.5,50.6,-4.299999999999997,mantido
2608255,PE,Jucati,Nordeste,83.4,13.0,80.9,15.7,16.8,70.4,65.2,-2.5,mantido
2608305,PE,Jupi,Nordeste,82.8,13.5,78.6,16.2,18.1,69.3,62.39999999999999,-4.200000000000003,mantido
2608404,PE,Jurema,Nordeste,76.8,18.5,76.4,19.8,21.0,58.3,56.60000000000001,-0.3999999999999915,mantido
2608750,PE,Lagoa Grande,Nordeste,79.0,16.8,73.7,20.6,22.2,62.2,53.1,-5.299999999999997,mantido
2608503,PE,Lagoa de Itaenga,Nordeste,65.9,29.3,66.2,28.8,29.9,36.60000000000001,37.400000000000006,0.29999999999999716,mantido
2608453,PE,Lagoa do Carro,Nordeste,69.5,27.3,66.4,29.1,30.1,42.2,37.300000000000004,-3.0999999999999943,mantido
2608602,PE,Lagoa do Ouro,Nordeste,84.2,13.4,78.6,16.9,18.4,70.8,61.699999999999996,-5.6000000000000085,mantido
2608701,PE,Lagoa dos Gatos,Nordeste,77.8,19.1,75.6,20.9,21.8,58.699999999999996,54.699999999999996,-2.200000000000003,mantido
2608800,PE,Lajedo,Nordeste,68.4,26.8,63.9,30.6,32.2,41.60000000000001,33.3,-4.500000000000007,mantido
2608909,PE,Limoeiro,Nordeste,70.6,25.2,68.4,26.8,28.4,45.39999999999999,41.60000000000001,-2.1999999999999886,mantido
2609006,PE,Macaparana,Nordeste,65.1,30.6,61.6,32.8,34.0,34.49999999999999,28.800000000000004,-3.499999999999993,mantido
2609105,PE,Machados,Nordeste,76.2,19.8,73.0,22.9,23.9,56.400000000000006,50.1,-3.200000000000003,mantido
2609154,PE,Manari,Nordeste,88.5,9.2,85.0,11.1,12.2,79.3,73.9,-3.5,mantido
2609204,PE,Maraial,Nordeste,70.4,26.5,68.5,28.0,29.1,43.900000000000006,40.5,-1.9000000000000057,mantido
2609303,PE,Mirandiba,Nordeste,80.8,16.7,77.4,19.4,20.2,64.1,58.00000000000001,-3.3999999999999915,mantido
2614303,PE,Moreilândia,Nordeste,86.0,10.2,83.7,12.6,14.0,75.8,71.10000000000001,-2.299999999999997,mantido
2609402,PE,Moreno,Nordeste,63.4,31.7,62.7,31.7,33.0,31.7,31.000000000000004,-0.6999999999999957,mantido
2609501,PE,Nazaré da Mata,Nordeste,61.5,34.7,62.3,32.8,34.0,26.799999999999997,29.5,0.7999999999999972,mantido
2609600,PE,Olinda,Nordeste,57.0,37.2,57.2,36.7,38.6,19.799999999999997,20.5,0.20000000000000284,mantido
2609709,PE,Orobó,Nordeste,77.3,17.4,76.6,19.1,20.2,59.9,57.49999999999999,-0.7000000000000028,mantido
2609808,PE,Orocó,Nordeste,79.3,16.5,75.3,19.6,20.7,62.8,55.699999999999996,-4.0,mantido
2609907,PE,Ouricuri,Nordeste,83.7,12.6,79.8,15.9,17.3,71.10000000000001,63.9,-3.9000000000000057,mantido
2610004,PE,Palmares,Nordeste,68.3,27.5,67.6,27.6,29.1,40.8,39.99999999999999,-0.7000000000000028,mantido
2610103,PE,Palmeirina,Nordeste,81.7,14.6,77.6,17.6,18.9,67.10000000000001,59.99999999999999,-4.1000000000000085,mantido
2610202,PE,Panelas,Nordeste,76.2,20.4,73.5,21.7,23.1,55.800000000000004,51.8,-2.700000000000003,mantido
2610301,PE,Paranatama,Nordeste,84.0,12.8,79.0,16.2,17.9,71.2,62.8,-5.0,mantido
2610400,PE,Parnamirim,Nordeste,89.0,8.5,85.8,11.2,12.2,80.5,74.6,-3.200000000000003,mantido
2610509,PE,Passira,Nordeste,74.0,22.6,70.6,25.2,26.2,51.4,45.39999999999999,-3.4000000000000057,mantido
2610608,PE,Paudalho,Nordeste,59.6,36.5,57.8,36.9,38.3,23.1,20.9,-1.8000000000000043,mantido
2610707,PE,Paulista,Nordeste,56.4,37.8,56.1,37.3,39.4,18.6,18.800000000000004,-0.29999999999999716,mantido
2610806,PE,Pedra,Nordeste,81.5,14.9,78.5,18.4,19.3,66.6,60.1,-3.0,mantido
2610905,PE,Pesqueira,Nordeste,81.8,14.9,78.3,17.8,18.9,66.89999999999999,60.5,-3.5,mantido
2611101,PE,Petrolina,Nordeste,65.3,28.4,60.2,32.8,35.1,36.9,27.400000000000006,-5.099999999999994,mantido
2611002,PE,Petrolândia,Nordeste,80.3,17.0,74.9,20.8,22.4,63.3,54.10000000000001,-5.3999999999999915,mantido
2611309,PE,Pombos,Nordeste,64.4,31.9,61.1,34.4,35.5,32.50000000000001,26.700000000000003,-3.3000000000000043,mantido
2611200,PE,Poção,Nordeste,83.5,13.4,78.8,16.8,17.7,70.1,62.0,-4.700000000000003,mantido
2611408,PE,Primavera,Nordeste,70.9,25.5,68.7,26.7,27.9,45.400000000000006,42.0,-2.200000000000003,mantido
2611507,PE,Quipapá,Nordeste,80.0,16.9,77.4,18.6,19.7,63.1,58.800000000000004,-2.5999999999999943,mantido
2611533,PE,Quixaba,Nordeste,89.0,8.9,85.3,11.9,12.8,80.1,73.39999999999999,-3.700000000000003,mantido
2611606,PE,Recife,Nordeste,54.0,39.2,55.3,38.4,40.4,14.799999999999997,16.9,1.2999999999999972,mantido
2611705,PE,Riacho das Almas,Nordeste,70.7,25.6,65.2,30.1,31.3,45.1,35.1,-5.5,mantido
2611804,PE,Ribeirão,Nordeste,68.4,28.0,67.7,28.0,29.1,40.400000000000006,39.7,-0.7000000000000028,mantido
2611903,PE,Rio Formoso,Nordeste,70.5,26.1,69.6,26.5,27.6,44.4,43.099999999999994,-0.9000000000000057,mantido
2612000,PE,Sairé,Nordeste,69.6,26.1,64.3,30.2,31.3,43.49999999999999,34.099999999999994,-5.299999999999997,mantido
2612109,PE,Salgadinho,Nordeste,75.2,21.2,73.4,22.3,23.2,54.0,51.10000000000001,-1.7999999999999972,mantido
2612208,PE,Salgueiro,Nordeste,79.0,17.2,74.2,20.9,22.5,61.8,53.300000000000004,-4.799999999999997,mantido
2612307,PE,Saloá,Nordeste,86.8,10.6,82.6,13.5,14.9,76.2,69.1,-4.200000000000003,mantido
2612406,PE,Sanharó,Nordeste,78.4,18.3,74.7,21.4,22.7,60.10000000000001,53.300000000000004,-3.700000000000003,mantido
2612455,PE,Santa Cruz,Nordeste,85.7,11.6,79.4,15.8,16.8,74.10000000000001,63.60000000000001,-6.299999999999997,mantido
2612471,PE,Santa Cruz da Baixa Verde,Nordeste,84.4,12.8,76.6,17.4,19.2,71.60000000000001,59.199999999999996,-7.800000000000011,mantido
2612505,PE,Santa Cruz do Capibaribe,Nordeste,46.1,48.3,40.1,52.7,54.8,-2.1999999999999957,-12.600000000000001,-6.0,outro
2612554,PE,Santa Filomena,Nordeste,84.5,10.9,78.7,16.6,17.4,73.6,62.1,-5.799999999999997,mantido
2612604,PE,Santa Maria da Boa Vista,Nordeste,80.9,15.0,76.6,19.2,20.2,65.9,57.39999999999999,-4.300000000000011,mantido
2612703,PE,Santa Maria do Cambucá,Nordeste,69.7,26.5,66.4,28.9,30.2,43.2,37.50000000000001,-3.299999999999997,mantido
2612802,PE,Santa Terezinha,Nordeste,82.2,14.1,76.5,18.7,19.9,68.10000000000001,57.8,-5.700000000000003,mantido
2613909,PE,Serra Talhada,Nordeste,76.6,20.3,70.3,23.8,25.5,56.3,46.5,-6.299999999999997,mantido
2614006,PE,Serrita,Nordeste,87.5,8.7,80.9,15.0,16.4,78.8,65.9,-6.599999999999994,mantido
2614105,PE,Sertânia,Nordeste,84.2,12.8,81.0,15.3,16.6,71.4,65.7,-3.200000000000003,mantido
2614204,PE,Sirinhaém,Nordeste,65.5,31.0,64.2,31.0,32.1,34.5,33.2,-1.2999999999999972,mantido
2614402,PE,Solidão,Nordeste,88.0,10.5,84.5,12.8,13.7,77.5,71.7,-3.5,mantido
2614501,PE,Surubim,Nordeste,68.0,28.2,62.6,32.1,33.6,39.8,30.5,-5.399999999999999,mantido
2612901,PE,São Benedito do Sul,Nordeste,76.9,19.5,74.8,20.9,22.0,57.400000000000006,53.9,-2.1000000000000085,mantido
2613008,PE,São Bento do Una,Nordeste,73.8,22.5,70.6,24.7,26.1,51.3,45.89999999999999,-3.200000000000003,mantido
2613107,PE,São Caitano,Nordeste,76.2,19.8,73.3,22.1,23.4,56.400000000000006,51.199999999999996,-2.9000000000000057,mantido
2613305,PE,São Joaquim do Monte,Nordeste,72.6,23.5,70.9,24.7,26.1,49.099999999999994,46.2,-1.6999999999999886,mantido
2613404,PE,São José da Coroa Grande,Nordeste,57.9,39.3,57.7,38.3,39.5,18.6,19.400000000000006,-0.19999999999999574,mantido
2613503,PE,São José do Belmonte,Nordeste,86.1,11.0,81.3,15.0,16.3,75.1,66.3,-4.799999999999997,mantido
2613602,PE,São José do Egito,Nordeste,78.8,18.2,74.6,21.1,22.4,60.599999999999994,53.49999999999999,-4.200000000000003,mantido
2613206,PE,São João,Nordeste,84.9,12.2,81.3,14.5,15.7,72.7,66.8,-3.6000000000000085,mantido
2613701,PE,São Lourenço da Mata,Nordeste,60.5,34.4,59.7,34.2,36.0,26.1,25.5,-0.7999999999999972,mantido
2613800,PE,São Vicente Ferrer,Nordeste,75.3,21.0,70.3,25.5,26.6,54.3,44.8,-5.0,mantido
2614600,PE,Tabira,Nordeste,82.5,15.0,74.4,21.1,22.9,67.5,53.300000000000004,-8.099999999999994,mantido
2614709,PE,Tacaimbó,Nordeste,75.8,19.4,70.2,24.2,25.3,56.4,46.0,-5.599999999999994,mantido
2614808,PE,Tacaratu,Nordeste,85.9,11.4,82.8,13.9,15.1,74.5,68.89999999999999,-3.1000000000000085,mantido
2614857,PE,Tamandaré,Nordeste,66.1,30.7,64.3,32.1,33.2,35.39999999999999,32.199999999999996,-1.7999999999999972,mantido
2615003,PE,Taquaritinga do Norte,Nordeste,56.2,40.4,50.4,44.9,46.0,15.800000000000004,5.5,-5.800000000000004,mantido
2615102,PE,Terezinha,Nordeste,82.4,14.8,77.9,17.9,19.0,67.60000000000001,60.00000000000001,-4.5,mantido
2615201,PE,Terra Nova,Nordeste,90.3,6.8,87.2,9.0,10.2,83.5,78.2,-3.0999999999999943,mantido
2615300,PE,Timbaúba,Nordeste,65.7,29.8,63.7,30.7,32.4,35.900000000000006,33.0,-2.0,mantido
2615409,PE,Toritama,Nordeste,54.6,41.9,50.2,44.8,46.4,12.700000000000003,5.400000000000006,-4.399999999999999,mantido
2615508,PE,Tracunhaém,Nordeste,68.9,27.8,67.6,28.0,29.1,41.10000000000001,39.599999999999994,-1.3000000000000114,mantido
2615607,PE,Trindade,Nordeste,73.3,21.9,67.1,28.1,29.3,51.4,38.99999999999999,-6.200000000000003,mantido
2615706,PE,Triunfo,Nordeste,83.1,12.9,77.3,17.0,18.9,70.19999999999999,60.3,-5.799999999999997,mantido
2615805,PE,Tupanatinga,Nordeste,81.3,14.6,76.5,19.2,20.3,66.7,57.3,-4.799999999999997,mantido
2615904,PE,Tuparetama,Nordeste,85.3,12.0,82.0,15.1,15.7,73.3,66.9,-3.299999999999997,mantido
2616001,PE,Venturosa,Nordeste,80.6,15.5,75.3,20.3,22.0,65.1,55.0,-5.299999999999997,mantido
2616100,PE,Verdejante,Nordeste,86.6,9.9,82.7,13.3,14.1,76.69999999999999,69.4,-3.8999999999999915,mantido
2616183,PE,Vertente do Lério,Nordeste,78.9,17.0,74.0,21.4,22.8,61.900000000000006,52.6,-4.900000000000006,mantido
2616209,PE,Vertentes,Nordeste,69.3,27.2,63.9,31.4,32.7,42.099999999999994,32.5,-5.399999999999999,mantido
2616308,PE,Vicência,Nordeste,66.4,29.8,64.4,30.5,31.7,36.60000000000001,33.900000000000006,-2.0,mantido
2616407,PE,Vitória de Santo Antão,Nordeste,57.2,38.0,55.0,39.3,40.9,19.200000000000003,15.700000000000003,-2.200000000000003,mantido
2616506,PE,Xexéu,Nordeste,68.8,26.5,69.1,26.5,27.6,42.3,42.599999999999994,0.29999999999999716,mantido
2600401,PE,Água Preta,Nordeste,73.1,23.9,73.1,23.2,24.4,49.199999999999996,49.89999999999999,0.0,mantido
2600500,PE,Águas Belas,Nordeste,77.8,19.3,73.3,21.6,23.3,58.5,51.699999999999996,-4.5,mantido
2200053,PI,Acauã,Nordeste,87.7,8.5,79.3,14.6,16.1,79.2,64.7,-8.400000000000006,mantido
2200103,PI,Agricolândia,Nordeste,81.1,14.0,78.0,18.3,19.4,67.1,59.7,-3.0999999999999943,mantido
2200251,PI,Alagoinha do Piauí,Nordeste,74.8,20.1,70.3,24.8,26.0,54.699999999999996,45.5,-4.5,mantido
2200277,PI,Alegrete do Piauí,Nordeste,78.6,17.3,71.5,24.6,25.7,61.3,46.9,-7.099999999999994,mantido
2200301,PI,Alto Longá,Nordeste,80.5,14.1,78.6,17.4,18.6,66.4,61.199999999999996,-1.9000000000000057,mantido
2200400,PI,Altos,Nordeste,80.8,14.1,75.5,19.5,21.2,66.7,56.0,-5.299999999999997,mantido
2200459,PI,Alvorada do Gurguéia,Nordeste,80.5,15.5,73.8,22.3,23.6,65.0,51.5,-6.700000000000003,mantido
2200509,PI,Amarante,Nordeste,82.5,13.1,81.8,15.4,16.6,69.4,66.39999999999999,-0.7000000000000028,mantido
2200608,PI,Angical do Piauí,Nordeste,79.2,16.5,76.9,19.2,20.9,62.7,57.7,-2.299999999999997,mantido
2200806,PI,Antônio Almeida,Nordeste,70.2,25.3,62.6,34.5,35.1,44.900000000000006,28.1,-7.600000000000001,mantido
2200707,PI,Anísio de Abreu,Nordeste,85.9,10.4,84.7,13.1,13.5,75.5,71.60000000000001,-1.2000000000000028,mantido
2200905,PI,Aroazes,Nordeste,83.5,13.0,79.9,17.1,18.4,70.5,62.800000000000004,-3.5999999999999943,mantido
2200954,PI,Aroeiras do Itaim,Nordeste,82.0,14.2,77.7,18.0,19.8,67.8,59.7,-4.299999999999997,mantido
2201002,PI,Arraial,Nordeste,81.9,12.4,81.1,15.1,16.3,69.5,66.0,-0.8000000000000114,mantido
2201051,PI,Assunção do Piauí,Nordeste,86.3,8.9,81.9,14.0,14.9,77.39999999999999,67.9,-4.3999999999999915,mantido
2201101,PI,Avelino Lopes,Nordeste,73.8,19.9,70.4,24.3,24.9,53.9,46.10000000000001,-3.3999999999999915,mantido
2201150,PI,Baixa Grande do Ribeiro,Nordeste,69.1,26.9,53.8,40.6,41.5,42.199999999999996,13.199999999999996,-15.299999999999997,mantido
2201176,PI,Barra D'Alcântara,Nordeste,83.1,12.9,80.5,17.3,18.2,70.19999999999999,63.2,-2.5999999999999943,mantido
2201200,PI,Barras,Nordeste,75.9,19.0,72.6,23.0,24.2,56.900000000000006,49.599999999999994,-3.3000000000000114,mantido
2201309,PI,Barreiras do Piauí,Nordeste,77.2,17.5,71.7,22.3,23.0,59.7,49.400000000000006,-5.5,mantido
2201408,PI,Barro Duro,Nordeste,72.2,23.2,68.6,27.4,28.5,49.0,41.199999999999996,-3.6000000000000085,mantido
2201507,PI,Batalha,Nordeste,73.6,21.1,71.1,24.9,26.1,52.49999999999999,46.199999999999996,-2.5,mantido
2201556,PI,Bela Vista do Piauí,Nordeste,79.2,11.0,75.2,17.6,19.7,68.2,57.6,-4.0,mantido
2201572,PI,Belém do Piauí,Nordeste,81.6,13.2,75.9,20.0,21.2,68.39999999999999,55.900000000000006,-5.699999999999989,mantido
2201606,PI,Beneditinos,Nordeste,84.0,10.9,80.4,15.3,16.4,73.1,65.10000000000001,-3.5999999999999943,mantido
2201705,PI,Bertolínia,Nordeste,74.3,20.0,68.2,26.4,27.9,54.3,41.800000000000004,-6.099999999999994,mantido
2201739,PI,Betânia do Piauí,Nordeste,88.8,7.3,81.7,12.5,13.4,81.5,69.2,-7.099999999999994,mantido
2201770,PI,Boa Hora,Nordeste,78.4,15.8,76.2,19.7,20.8,62.60000000000001,56.5,-2.200000000000003,mantido
2201804,PI,Bocaina,Nordeste,77.3,18.1,76.1,19.1,21.4,59.199999999999996,56.99999999999999,-1.2000000000000028,mantido
2201903,PI,Bom Jesus,Nordeste,67.6,27.2,58.0,37.4,38.6,40.39999999999999,20.6,-9.599999999999994,mantido
2201919,PI,Bom Princípio do Piauí,Nordeste,77.7,18.3,71.4,24.9,25.8,59.400000000000006,46.50000000000001,-6.299999999999997,mantido
2201929,PI,Bonfim do Piauí,Nordeste,89.7,6.5,88.7,8.6,9.5,83.2,80.10000000000001,-1.0,mantido
2201945,PI,Boqueirão do Piauí,Nordeste,83.4,12.1,80.6,15.2,16.6,71.30000000000001,65.39999999999999,-2.8000000000000114,mantido
2201960,PI,Brasileira,Nordeste,81.7,14.0,78.5,17.4,18.9,67.7,61.1,-3.200000000000003,mantido
2201988,PI,Brejo do Piauí,Nordeste,89.9,8.3,85.8,12.5,13.1,81.60000000000001,73.3,-4.1000000000000085,mantido
2202000,PI,Buriti dos Lopes,Nordeste,72.5,23.3,70.5,25.1,26.3,49.2,45.4,-2.0,mantido
2202026,PI,Buriti dos Montes,Nordeste,85.5,9.8,81.3,15.7,16.9,75.7,65.6,-4.200000000000003,mantido
2202059,PI,Cabeceiras do Piauí,Nordeste,84.9,9.7,81.2,14.3,15.4,75.2,66.9,-3.700000000000003,mantido
2202075,PI,Cajazeiras do Piauí,Nordeste,82.9,11.4,84.0,13.8,14.5,71.5,70.2,1.0999999999999943,mantido
2202083,PI,Cajueiro da Praia,Nordeste,78.2,17.7,73.1,23.3,24.4,60.5,49.8,-5.1000000000000085,mantido
2202091,PI,Caldeirão Grande do Piauí,Nordeste,81.1,12.9,76.4,18.2,19.2,68.19999999999999,58.2,-4.699999999999989,mantido
2202109,PI,Campinas do Piauí,Nordeste,90.9,6.6,87.1,10.6,11.3,84.30000000000001,76.5,-3.8000000000000114,mantido
2202117,PI,Campo Alegre do Fidalgo,Nordeste,87.6,9.1,78.5,17.2,18.2,78.5,61.3,-9.099999999999994,mantido
2202133,PI,Campo Grande do Piauí,Nordeste,84.8,10.2,82.1,13.5,14.7,74.6,68.6,-2.700000000000003,mantido
2202174,PI,Campo Largo do Piauí,Nordeste,79.1,15.9,74.4,22.4,23.7,63.199999999999996,52.00000000000001,-4.699999999999989,mantido
2202208,PI,Campo Maior,Nordeste,72.9,21.1,70.9,24.0,25.9,51.800000000000004,46.900000000000006,-2.0,mantido
2202251,PI,Canavieira,Nordeste,82.4,13.4,74.8,22.7,23.1,69.0,52.099999999999994,-7.6000000000000085,mantido
2202307,PI,Canto do Buriti,Nordeste,77.8,17.1,72.8,23.4,24.4,60.699999999999996,49.4,-5.0,mantido
2202455,PI,Capitão Gervásio Oliveira,Nordeste,90.6,7.0,83.2,12.5,13.5,83.6,70.7,-7.3999999999999915,mantido
2202406,PI,Capitão de Campos,Nordeste,80.2,13.9,76.8,17.8,19.3,66.3,59.0,-3.4000000000000057,mantido
2202505,PI,Caracol,Nordeste,84.0,11.6,80.5,16.4,17.2,72.4,64.1,-3.5,mantido
2202539,PI,Caraúbas do Piauí,Nordeste,75.8,19.3,68.6,26.7,27.9,56.5,41.89999999999999,-7.200000000000003,mantido
2202554,PI,Caridade do Piauí,Nordeste,86.2,9.4,79.2,15.1,16.4,76.8,64.10000000000001,-7.0,mantido
2202604,PI,Castelo do Piauí,Nordeste,74.6,20.4,69.3,26.1,27.7,54.199999999999996,43.199999999999996,-5.299999999999997,mantido
2202653,PI,Caxingó,Nordeste,80.9,13.0,76.9,18.7,20.1,67.9,58.2,-4.0,mantido
2202703,PI,Cocal,Nordeste,76.5,18.8,67.8,28.1,29.5,57.7,39.699999999999996,-8.700000000000003,mantido
2202711,PI,Cocal de Telha,Nordeste,87.2,9.3,81.2,14.4,15.9,77.9,66.8,-6.0,mantido
2202729,PI,Cocal dos Alves,Nordeste,89.0,7.2,81.8,13.8,14.7,81.8,68.0,-7.200000000000003,mantido
2202737,PI,Coivaras,Nordeste,78.6,16.1,75.3,20.4,22.0,62.49999999999999,54.9,-3.299999999999997,mantido
2202752,PI,Colônia do Gurguéia,Nordeste,78.5,17.9,74.3,22.4,23.7,60.6,51.9,-4.200000000000003,mantido
2202778,PI,Colônia do Piauí,Nordeste,84.5,11.8,83.5,14.5,15.0,72.7,69.0,-1.0,mantido
2202802,PI,Conceição do Canindé,Nordeste,81.4,12.7,74.3,20.6,21.6,68.7,53.699999999999996,-7.1000000000000085,mantido
2202851,PI,Coronel José Dias,Nordeste,89.4,7.1,83.4,13.0,14.3,82.30000000000001,70.4,-6.0,mantido
2202901,PI,Corrente,Nordeste,71.3,23.1,65.9,29.1,29.9,48.199999999999996,36.800000000000004,-5.3999999999999915,mantido
2203008,PI,Cristalândia do Piauí,Nordeste,82.2,13.1,76.5,19.5,20.1,69.10000000000001,57.0,-5.700000000000003,mantido
2203107,PI,Cristino Castro,Nordeste,79.5,17.1,71.6,24.6,26.2,62.4,46.99999999999999,-7.900000000000006,mantido
2203206,PI,Curimatá,Nordeste,74.5,21.3,68.6,26.8,27.8,53.2,41.8,-5.900000000000006,mantido
2203230,PI,Currais,Nordeste,81.6,15.0,72.6,23.6,24.5,66.6,48.99999999999999,-9.0,mantido
2203271,PI,Curral Novo do Piauí,Nordeste,90.1,7.4,84.5,11.7,13.2,82.69999999999999,72.8,-5.599999999999994,mantido
2203255,PI,Curralinhos,Nordeste,84.4,12.0,81.6,15.3,16.2,72.4,66.3,-2.8000000000000114,mantido
2203305,PI,Demerval Lobão,Nordeste,75.6,19.2,73.1,22.7,24.3,56.39999999999999,50.39999999999999,-2.5,mantido
2203354,PI,Dirceu Arcoverde,Nordeste,87.2,8.7,85.6,12.2,13.2,78.5,73.39999999999999,-1.6000000000000085,mantido
2203404,PI,Dom Expedito Lopes,Nordeste,79.5,15.9,75.7,20.5,21.9,63.6,55.2,-3.799999999999997,mantido
2203453,PI,Dom Inocêncio,Nordeste,88.8,7.5,82.4,13.7,14.5,81.3,68.7,-6.3999999999999915,mantido
2203420,PI,Domingos Mourão,Nordeste,86.0,10.1,81.6,15.2,16.2,75.9,66.39999999999999,-4.400000000000006,mantido
2203503,PI,Elesbão Veloso,Nordeste,83.7,11.5,79.4,16.8,18.2,72.2,62.60000000000001,-4.299999999999997,mantido
2203602,PI,Eliseu Martins,Nordeste,79.4,15.9,76.9,19.5,20.2,63.50000000000001,57.400000000000006,-2.5,mantido
2203701,PI,Esperantina,Nordeste,72.1,23.1,68.5,27.8,29.1,48.99999999999999,40.7,-3.5999999999999943,mantido
2203750,PI,Fartura do Piauí,Nordeste,91.4,6.3,88.2,9.4,9.8,85.10000000000001,78.8,-3.200000000000003,mantido
2203800,PI,Flores do Piauí,Nordeste,81.3,14.4,78.1,18.7,19.6,66.89999999999999,59.39999999999999,-3.200000000000003,mantido
2203859,PI,Floresta do Piauí,Nordeste,85.7,10.3,82.4,13.2,14.7,75.4,69.2,-3.299999999999997,mantido
2203909,PI,Floriano,Nordeste,73.2,20.8,68.6,25.9,27.7,52.400000000000006,42.699999999999996,-4.6000000000000085,mantido
2204006,PI,Francinópolis,Nordeste,85.5,10.5,85.5,11.9,12.8,75.0,73.6,0.0,mantido
2204105,PI,Francisco Ayres,Nordeste,81.2,12.5,78.0,17.4,18.9,68.7,60.6,-3.200000000000003,mantido
2204154,PI,Francisco Macedo,Nordeste,81.0,12.8,77.0,18.1,18.5,68.2,58.9,-4.0,mantido
2204204,PI,Francisco Santos,Nordeste,80.6,13.6,77.9,17.1,19.6,67.0,60.800000000000004,-2.6999999999999886,mantido
2204303,PI,Fronteiras,Nordeste,78.3,17.1,74.0,21.9,23.3,61.199999999999996,52.1,-4.299999999999997,mantido
2204352,PI,Geminiano,Nordeste,83.2,12.4,79.5,16.6,18.1,70.8,62.9,-3.700000000000003,mantido
2204402,PI,Gilbués,Nordeste,79.6,16.3,74.1,21.4,22.1,63.3,52.699999999999996,-5.5,mantido
2204501,PI,Guadalupe,Nordeste,78.1,17.2,72.3,23.1,24.9,60.89999999999999,49.199999999999996,-5.799999999999997,mantido
2204550,PI,Guaribas,Nordeste,92.1,5.6,87.6,10.5,11.1,86.5,77.1,-4.5,mantido
2204600,PI,Hugo Napoleão,Nordeste,79.5,16.0,73.3,23.1,24.6,63.5,50.199999999999996,-6.200000000000003,mantido
2204659,PI,Ilha Grande,Nordeste,79.1,16.0,76.4,19.6,21.3,63.099999999999994,56.800000000000004,-2.6999999999999886,mantido
2204709,PI,Inhuma,Nordeste,81.3,14.2,78.1,17.3,19.3,67.1,60.8,-3.200000000000003,mantido
2204808,PI,Ipiranga do Piauí,Nordeste,85.9,10.2,81.5,14.8,15.8,75.7,66.7,-4.400000000000006,mantido
2204907,PI,Isaías Coelho,Nordeste,88.9,7.2,85.7,11.4,12.1,81.7,74.3,-3.200000000000003,mantido
2205003,PI,Itainópolis,Nordeste,81.4,14.5,78.1,18.9,20.0,66.9,59.199999999999996,-3.3000000000000114,mantido
2205102,PI,Itaueira,Nordeste,77.3,17.2,73.4,23.1,24.1,60.099999999999994,50.300000000000004,-3.8999999999999915,mantido
2205151,PI,Jacobina do Piauí,Nordeste,83.3,12.3,72.9,19.8,21.1,71.0,53.10000000000001,-10.399999999999991,mantido
2205201,PI,Jaicós,Nordeste,80.2,14.5,75.9,19.8,21.2,65.7,56.10000000000001,-4.299999999999997,mantido
2205250,PI,Jardim do Mulato,Nordeste,77.6,17.6,74.2,22.0,23.1,59.99999999999999,52.2,-3.3999999999999915,mantido
2205276,PI,Jatobá do Piauí,Nordeste,83.6,12.4,80.1,16.6,17.7,71.19999999999999,63.49999999999999,-3.5,mantido
2205300,PI,Jerumenha,Nordeste,79.6,16.8,75.2,21.6,22.4,62.8,53.6,-4.3999999999999915,mantido
2205409,PI,Joaquim Pires,Nordeste,76.1,20.6,71.3,25.8,26.5,55.49999999999999,45.5,-4.799999999999997,mantido
2205458,PI,Joca Marques,Nordeste,80.7,15.0,76.1,21.2,21.9,65.7,54.89999999999999,-4.6000000000000085,mantido
2205508,PI,José de Freitas,Nordeste,83.2,11.9,81.0,14.9,16.1,71.3,66.1,-2.200000000000003,mantido
2205359,PI,João Costa,Nordeste,82.7,12.2,80.0,17.0,17.7,70.5,63.0,-2.700000000000003,mantido
2205516,PI,Juazeiro do Piauí,Nordeste,78.3,15.7,73.7,20.5,22.4,62.599999999999994,53.2,-4.599999999999994,mantido
2205532,PI,Jurema,Nordeste,86.4,9.7,82.7,14.2,14.7,76.7,68.5,-3.700000000000003,mantido
2205524,PI,Júlio Borges,Nordeste,84.4,9.7,82.2,13.3,13.9,74.7,68.9,-2.200000000000003,mantido
2205557,PI,Lagoa Alegre,Nordeste,84.3,11.4,81.4,14.5,15.6,72.89999999999999,66.9,-2.8999999999999915,mantido
2205573,PI,Lagoa de São Francisco,Nordeste,81.8,13.3,74.6,20.7,22.5,68.5,53.89999999999999,-7.200000000000003,mantido
2205565,PI,Lagoa do Barro do Piauí,Nordeste,87.6,9.3,79.6,16.6,17.6,78.3,62.99999999999999,-8.0,mantido
2205581,PI,Lagoa do Piauí,Nordeste,77.3,17.0,72.7,22.7,23.9,60.3,50.0,-4.599999999999994,mantido
2205599,PI,Lagoa do Sítio,Nordeste,82.3,12.7,81.4,15.9,16.8,69.6,65.5,-0.8999999999999915,mantido
2205540,PI,Lagoinha do Piauí,Nordeste,80.8,15.1,76.4,20.2,21.6,65.7,56.2,-4.3999999999999915,mantido
2205607,PI,Landri Sales,Nordeste,83.7,12.7,75.4,21.5,21.9,71.0,53.900000000000006,-8.299999999999997,mantido
2205805,PI,Luzilândia,Nordeste,76.9,19.3,72.6,24.0,25.2,57.60000000000001,48.599999999999994,-4.300000000000011,mantido
2205706,PI,Luís Correia,Nordeste,76.1,18.6,71.0,24.2,25.7,57.49999999999999,46.8,-5.099999999999994,mantido
2205854,PI,Madeiro,Nordeste,81.1,15.5,78.8,18.4,19.2,65.6,60.4,-2.299999999999997,mantido
2205904,PI,Manoel Emídio,Nordeste,83.1,12.7,78.2,18.2,19.1,70.39999999999999,60.0,-4.8999999999999915,mantido
2205953,PI,Marcolândia,Nordeste,73.8,20.7,63.9,30.2,31.3,53.099999999999994,33.7,-9.899999999999999,mantido
2206001,PI,Marcos Parente,Nordeste,70.2,25.0,67.4,28.8,29.6,45.2,38.60000000000001,-2.799999999999997,mantido
2206050,PI,Massapê do Piauí,Nordeste,86.8,6.3,82.6,12.8,14.1,80.5,69.8,-4.200000000000003,mantido
2206100,PI,Matias Olímpio,Nordeste,77.7,18.0,72.2,24.4,25.6,59.7,47.800000000000004,-5.5,mantido
2206209,PI,Miguel Alves,Nordeste,80.9,13.6,79.6,16.8,17.7,67.30000000000001,62.8,-1.3000000000000114,mantido
2206308,PI,Miguel Leão,Nordeste,68.2,26.4,64.1,32.9,34.3,41.800000000000004,31.199999999999996,-4.1000000000000085,mantido
2206357,PI,Milton Brandão,Nordeste,68.3,26.3,65.6,31.0,32.2,42.0,34.599999999999994,-2.700000000000003,mantido
2206407,PI,Monsenhor Gil,Nordeste,79.5,15.8,76.0,19.7,21.0,63.7,56.3,-3.5,mantido
2206506,PI,Monsenhor Hipólito,Nordeste,83.9,11.2,80.4,16.3,17.6,72.7,64.10000000000001,-3.5,mantido
2206605,PI,Monte Alegre do Piauí,Nordeste,82.9,12.9,76.9,19.3,20.1,70.0,57.60000000000001,-6.0,mantido
2206654,PI,Morro Cabeça no Tempo,Nordeste,80.8,14.2,79.5,16.8,17.5,66.6,62.7,-1.2999999999999972,mantido
2206670,PI,Morro do Chapéu do Piauí,Nordeste,81.1,15.4,78.9,18.3,19.3,65.69999999999999,60.60000000000001,-2.1999999999999886,mantido
2206696,PI,Murici dos Portelas,Nordeste,77.9,16.2,76.1,18.9,20.1,61.7,57.199999999999996,-1.8000000000000114,mantido
2206704,PI,Nazaré do Piauí,Nordeste,88.1,8.6,84.6,12.0,12.8,79.5,72.6,-3.5,mantido
2206720,PI,Nazária,Nordeste,78.8,17.0,76.1,20.1,21.0,61.8,55.99999999999999,-2.700000000000003,mantido
2206753,PI,Nossa Senhora de Nazaré,Nordeste,85.4,11.0,83.0,13.1,14.5,74.4,69.9,-2.4000000000000057,mantido
2206803,PI,Nossa Senhora dos Remédios,Nordeste,78.7,16.9,74.1,22.6,23.7,61.800000000000004,51.49999999999999,-4.6000000000000085,mantido
2207959,PI,Nova Santa Rita,Nordeste,89.8,6.8,83.3,12.4,13.4,83.0,70.89999999999999,-6.5,mantido
2206902,PI,Novo Oriente do Piauí,Nordeste,87.1,8.9,82.8,13.5,14.4,78.19999999999999,69.3,-4.299999999999997,mantido
2206951,PI,Novo Santo Antônio,Nordeste,84.9,10.8,81.7,14.2,15.6,74.10000000000001,67.5,-3.200000000000003,mantido
2207009,PI,Oeiras,Nordeste,76.1,19.6,75.6,21.1,22.3,56.49999999999999,54.49999999999999,-0.5,mantido
2207108,PI,Olho D'Água do Piauí,Nordeste,79.1,15.3,78.6,18.2,19.3,63.8,60.39999999999999,-0.5,mantido
2207207,PI,Padre Marcos,Nordeste,80.9,14.4,79.2,17.8,18.7,66.5,61.400000000000006,-1.7000000000000028,mantido
2207306,PI,Paes Landim,Nordeste,70.3,22.9,71.5,25.7,26.5,47.4,45.8,1.2000000000000028,mantido
2207355,PI,Pajeú do Piauí,Nordeste,80.5,14.0,77.9,19.1,19.6,66.5,58.800000000000004,-2.5999999999999943,mantido
2207405,PI,Palmeira do Piauí,Nordeste,74.7,19.6,63.0,31.2,32.3,55.1,31.8,-11.700000000000003,mantido
2207504,PI,Palmeirais,Nordeste,84.0,12.3,81.9,15.4,16.0,71.7,66.5,-2.0999999999999943,mantido
2207553,PI,Paquetá,Nordeste,81.9,13.7,80.2,16.8,18.1,68.2,63.400000000000006,-1.7000000000000028,mantido
2207603,PI,Parnaguá,Nordeste,83.3,13.0,76.5,19.9,20.7,70.3,56.6,-6.799999999999997,mantido
2207702,PI,Parnaíba,Nordeste,62.8,29.8,60.8,33.2,35.4,33.0,27.599999999999994,-2.0,mantido
2207751,PI,Passagem Franca do Piauí,Nordeste,76.9,20.8,72.3,24.3,25.5,56.10000000000001,48.0,-4.6000000000000085,mantido
2207777,PI,Patos do Piauí,Nordeste,85.1,9.9,81.0,14.9,15.7,75.19999999999999,66.1,-4.099999999999994,mantido
2207793,PI,Pau D'Arco do Piauí,Nordeste,82.2,12.8,77.2,18.0,19.4,69.4,59.2,-5.0,mantido
2207801,PI,Paulistana,Nordeste,82.4,13.4,75.5,19.4,21.1,69.0,56.1,-6.900000000000006,mantido
2207850,PI,Pavussu,Nordeste,87.6,8.5,84.2,13.1,13.8,79.1,71.10000000000001,-3.3999999999999915,mantido
2207900,PI,Pedro II,Nordeste,73.7,20.4,70.8,24.7,26.4,53.300000000000004,46.099999999999994,-2.9000000000000057,mantido
2207934,PI,Pedro Laurentino,Nordeste,68.2,28.0,73.0,24.0,25.0,40.2,49.0,4.799999999999997,mantido
2208007,PI,Picos,Nordeste,71.5,23.2,69.0,26.2,28.3,48.3,42.8,-2.5,mantido
2208106,PI,Pimenteiras,Nordeste,79.7,15.6,77.4,19.2,20.4,64.10000000000001,58.2,-2.299999999999997,mantido
2208205,PI,Pio IX,Nordeste,83.7,11.8,79.3,17.0,18.0,71.9,62.3,-4.400000000000006,mantido
2208304,PI,Piracuruca,Nordeste,76.5,19.4,68.9,26.1,28.1,57.1,42.800000000000004,-7.599999999999994,mantido
2208403,PI,Piripiri,Nordeste,73.1,21.6,68.9,26.2,27.9,51.49999999999999,42.7,-4.199999999999989,mantido
2208502,PI,Porto,Nordeste,78.4,17.9,69.8,27.2,28.4,60.50000000000001,42.599999999999994,-8.600000000000009,mantido
2208551,PI,Porto Alegre do Piauí,Nordeste,76.4,17.6,69.1,27.7,28.7,58.800000000000004,41.39999999999999,-7.300000000000011,mantido
2208601,PI,Prata do Piauí,Nordeste,84.3,11.8,82.6,14.5,15.3,72.5,68.1,-1.7000000000000028,mantido
2208650,PI,Queimada Nova,Nordeste,85.1,10.8,73.4,20.7,22.0,74.3,52.7,-11.699999999999989,mantido
2208700,PI,Redenção do Gurguéia,Nordeste,70.7,23.5,66.5,29.8,30.4,47.2,36.7,-4.200000000000003,mantido
2208809,PI,Regeneração,Nordeste,84.1,11.8,82.1,15.1,16.2,72.3,67.0,-2.0,mantido
2208858,PI,Riacho Frio,Nordeste,87.1,9.2,82.8,13.8,14.6,77.89999999999999,69.0,-4.299999999999997,mantido
2208874,PI,Ribeira do Piauí,Nordeste,84.0,12.0,80.0,16.4,17.1,72.0,63.6,-4.0,mantido
2208908,PI,Ribeiro Gonçalves,Nordeste,74.6,21.3,65.6,28.8,30.1,53.3,36.8,-9.0,mantido
2209005,PI,Rio Grande do Piauí,Nordeste,84.3,12.2,80.7,16.7,17.3,72.1,64.0,-3.5999999999999943,mantido
2209104,PI,Santa Cruz do Piauí,Nordeste,84.9,11.7,80.2,17.0,18.3,73.2,63.2,-4.700000000000003,mantido
2209153,PI,Santa Cruz dos Milagres,Nordeste,80.6,14.3,77.2,18.7,19.5,66.3,58.5,-3.3999999999999915,mantido
2209203,PI,Santa Filomena,Nordeste,74.0,21.3,64.2,30.6,31.3,52.7,33.6,-9.799999999999997,mantido
2209302,PI,Santa Luz,Nordeste,73.1,22.5,66.4,30.2,31.2,50.599999999999994,36.2,-6.699999999999989,mantido
2209377,PI,Santa Rosa do Piauí,Nordeste,75.2,20.5,74.7,22.0,23.3,54.7,52.7,-0.5,mantido
2209351,PI,Santana do Piauí,Nordeste,81.8,13.5,81.7,14.8,16.3,68.3,66.9,-0.09999999999999432,mantido
2209401,PI,Santo Antônio de Lisboa,Nordeste,78.3,16.8,73.9,23.0,24.2,61.5,50.900000000000006,-4.3999999999999915,mantido
2209450,PI,Santo Antônio dos Milagres,Nordeste,83.2,14.2,78.8,18.9,19.8,69.0,59.9,-4.400000000000006,mantido
2209500,PI,Santo Inácio do Piauí,Nordeste,85.2,12.6,79.9,17.4,18.5,72.60000000000001,62.50000000000001,-5.299999999999997,mantido
2210623,PI,Sebastião Barros,Nordeste,80.8,14.8,69.5,25.4,25.9,66.0,44.1,-11.299999999999997,mantido
2210631,PI,Sebastião Leal,Nordeste,66.1,30.9,57.9,39.3,40.0,35.199999999999996,18.6,-8.199999999999996,mantido
2210656,PI,Sigefredo Pacheco,Nordeste,82.1,13.7,77.6,17.8,19.1,68.39999999999999,59.8,-4.5,mantido
2210805,PI,Simplício Mendes,Nordeste,81.4,13.0,77.1,18.3,19.8,68.4,58.8,-4.300000000000011,mantido
2210706,PI,Simões,Nordeste,83.3,12.6,77.8,18.1,19.3,70.7,59.699999999999996,-5.5,mantido
2210904,PI,Socorro do Piauí,Nordeste,78.0,15.8,77.6,18.4,19.4,62.2,59.199999999999996,-0.4000000000000057,mantido
2210938,PI,Sussuapara,Nordeste,82.4,13.5,78.0,17.7,19.4,68.9,60.3,-4.400000000000006,mantido
2209559,PI,São Braz do Piauí,Nordeste,90.1,6.7,87.2,9.5,10.4,83.39999999999999,77.7,-2.8999999999999915,mantido
2209658,PI,São Francisco de Assis do Piauí,Nordeste,74.8,17.0,65.3,24.9,25.7,57.8,40.4,-9.5,mantido
2209708,PI,São Francisco do Piauí,Nordeste,70.4,24.7,68.3,28.2,29.5,45.7,40.099999999999994,-2.1000000000000085,mantido
2209609,PI,São Félix do Piauí,Nordeste,73.6,19.3,69.9,25.6,26.7,54.3,44.300000000000004,-3.6999999999999886,mantido
2209757,PI,São Gonçalo do Gurguéia,Nordeste,78.2,17.1,72.1,23.8,24.4,61.1,48.3,-6.1000000000000085,mantido
2209807,PI,São Gonçalo do Piauí,Nordeste,73.2,20.5,70.2,25.8,27.2,52.7,44.400000000000006,-3.0,mantido
2210052,PI,São José do Divino,Nordeste,82.0,12.3,76.0,17.9,19.7,69.7,58.1,-6.0,mantido
2210102,PI,São José do Peixe,Nordeste,83.2,12.7,78.0,19.3,20.0,70.5,58.7,-5.200000000000003,mantido
2210201,PI,São José do Piauí,Nordeste,84.4,13.1,82.0,15.2,16.2,71.30000000000001,66.8,-2.4000000000000057,mantido
2209856,PI,São João da Canabrava,Nordeste,85.2,11.1,83.8,12.9,14.2,74.10000000000001,70.89999999999999,-1.4000000000000057,mantido
2209872,PI,São João da Fronteira,Nordeste,81.2,14.0,72.3,23.0,23.9,67.2,49.3,-8.900000000000006,mantido
2209906,PI,São João da Serra,Nordeste,79.2,15.4,75.0,20.3,21.5,63.800000000000004,54.7,-4.200000000000003,mantido
2209955,PI,São João da Varjota,Nordeste,82.7,13.8,83.9,14.1,14.6,68.9,69.80000000000001,1.2000000000000028,mantido
2209971,PI,São João do Arraial,Nordeste,72.4,24.4,68.0,30.3,31.0,48.00000000000001,37.7,-4.400000000000006,mantido
2210003,PI,São João do Piauí,Nordeste,77.8,17.5,75.1,20.7,22.1,60.3,54.39999999999999,-2.700000000000003,mantido
2210300,PI,São Julião,Nordeste,67.7,27.5,75.5,20.8,21.6,40.2,54.7,7.799999999999997,mantido
2210359,PI,São Lourenço do Piauí,Nordeste,88.5,7.1,84.0,12.2,13.5,81.4,71.8,-4.5,mantido
2210375,PI,São Luis do Piauí,Nordeste,83.8,11.7,78.5,17.0,18.6,72.1,61.5,-5.299999999999997,mantido
2210383,PI,São Miguel da Baixa Grande,Nordeste,76.6,19.6,67.3,27.7,28.9,56.99999999999999,39.599999999999994,-9.299999999999997,mantido
2210391,PI,São Miguel do Fidalgo,Nordeste,88.1,9.1,83.5,14.7,15.5,79.0,68.8,-4.599999999999994,mantido
2210409,PI,São Miguel do Tapuio,Nordeste,83.6,12.1,79.0,17.4,18.7,71.5,61.6,-4.599999999999994,mantido
2210508,PI,São Pedro do Piauí,Nordeste,76.0,18.9,72.4,23.7,25.0,57.1,48.7,-3.5999999999999943,mantido
2210607,PI,São Raimundo Nonato,Nordeste,82.8,13.5,77.4,19.0,20.3,69.3,58.400000000000006,-5.3999999999999915,mantido
2210953,PI,Tamboril do Piauí,Nordeste,82.7,12.5,77.0,18.7,19.6,70.2,58.3,-5.700000000000003,mantido
2210979,PI,Tanque do Piauí,Nordeste,79.8,14.4,77.0,17.1,18.7,65.39999999999999,59.9,-2.799999999999997,mantido
2211001,PI,Teresina,Nordeste,62.4,28.6,61.2,31.5,34.0,33.8,29.700000000000003,-1.1999999999999957,mantido
2211100,PI,União,Nordeste,76.5,18.4,74.1,22.1,23.2,58.1,51.99999999999999,-2.4000000000000057,mantido
2211209,PI,Uruçuí,Nordeste,68.7,26.4,60.0,35.0,36.3,42.300000000000004,25.0,-8.700000000000003,mantido
2211308,PI,Valença do Piauí,Nordeste,76.9,17.9,75.1,21.1,22.7,59.00000000000001,53.99999999999999,-1.8000000000000114,mantido
2211506,PI,Vera Mendes,Nordeste,84.9,10.9,80.8,14.5,15.2,74.0,66.3,-4.1000000000000085,mantido
2211605,PI,Vila Nova do Piauí,Nordeste,78.3,15.4,73.1,20.4,22.0,62.9,52.699999999999996,-5.200000000000003,mantido
2211357,PI,Várzea Branca,Nordeste,88.1,8.3,85.0,12.0,12.9,79.8,73.0,-3.0999999999999943,mantido
2211407,PI,Várzea Grande,Nordeste,79.1,15.5,75.6,20.4,21.8,63.599999999999994,55.199999999999996,-3.5,mantido
2211704,PI,Wall Ferraz,Nordeste,79.3,17.1,76.9,19.8,20.6,62.199999999999996,57.10000000000001,-2.3999999999999915,mantido
2200202,PI,Água Branca,Nordeste,71.5,24.6,66.3,30.0,31.5,46.9,36.3,-5.200000000000003,mantido
4100103,PR,Abatiá,Sul,42.3,52.8,33.5,61.2,62.6,-10.5,-27.700000000000003,-8.799999999999997,outro
4100202,PR,Adrianópolis,Sul,61.1,34.9,53.0,41.1,42.8,26.200000000000003,11.899999999999999,-8.100000000000001,mantido
4100301,PR,Agudos do Sul,Sul,37.4,56.7,28.9,65.5,67.0,-19.300000000000004,-36.6,-8.5,outro
4100400,PR,Almirante Tamandaré,Sul,40.4,49.8,34.5,54.9,58.4,-9.399999999999999,-20.4,-5.899999999999999,outro
4100459,PR,Altamira do Paraná,Sul,54.3,38.9,44.0,49.1,50.0,15.399999999999999,-5.100000000000001,-10.299999999999997,vira
4100608,PR,Alto Paraná,Sul,43.7,50.2,35.4,58.3,60.0,-6.5,-22.9,-8.300000000000004,outro
4128625,PR,Alto Paraíso,Sul,42.6,51.8,36.4,57.9,59.3,-9.199999999999996,-21.5,-6.200000000000003,outro
4100707,PR,Alto Piquiri,Sul,50.4,44.2,44.1,50.0,52.0,6.199999999999996,-5.899999999999999,-6.299999999999997,vira
4100509,PR,Altônia,Sul,31.7,61.7,26.4,66.7,68.6,-30.000000000000004,-40.300000000000004,-5.300000000000001,outro
4100806,PR,Alvorada do Sul,Sul,39.4,56.6,34.1,61.4,62.6,-17.200000000000003,-27.299999999999997,-5.299999999999997,outro
4100905,PR,Amaporã,Sul,50.5,44.2,43.0,50.8,52.2,6.299999999999997,-7.799999999999997,-7.5,vira
4101002,PR,Ampére,Sul,56.3,38.8,45.7,47.8,50.0,17.5,-2.0999999999999943,-10.599999999999994,vira
4101051,PR,Anahy,Sul,49.3,43.3,40.5,52.4,54.5,6.0,-11.899999999999999,-8.799999999999997,vira
4101101,PR,Andirá,Sul,40.4,53.6,35.6,58.0,60.1,-13.200000000000003,-22.4,-4.799999999999997,outro
4101200,PR,Antonina,Sul,33.4,59.2,32.2,61.6,63.8,-25.800000000000004,-29.4,-1.1999999999999957,outro
4101309,PR,Antônio Olinto,Sul,46.9,43.8,35.1,55.4,57.8,3.1000000000000014,-20.299999999999997,-11.799999999999997,vira
4101408,PR,Apucarana,Sul,28.1,63.2,24.0,66.8,69.8,-35.1,-42.8,-4.100000000000001,outro
4101507,PR,Arapongas,Sul,22.5,70.4,20.0,71.9,74.9,-47.900000000000006,-51.900000000000006,-2.5,outro
4101606,PR,Arapoti,Sul,32.0,61.7,25.3,68.5,70.1,-29.700000000000003,-43.2,-6.699999999999999,outro
4101655,PR,Arapuã,Sul,52.8,40.9,45.8,48.2,49.8,11.899999999999999,-2.4000000000000057,-7.0,vira
4101705,PR,Araruna,Sul,39.5,54.1,33.2,59.7,62.0,-14.600000000000001,-26.5,-6.299999999999997,outro
4101804,PR,Araucária,Sul,43.3,46.4,36.4,52.6,56.4,-3.1000000000000014,-16.200000000000003,-6.899999999999999,outro
4101853,PR,Ariranha do Ivaí,Sul,55.7,38.3,47.8,46.3,47.5,17.400000000000006,1.5,-7.900000000000006,mantido
4101903,PR,Assaí,Sul,27.7,64.7,24.9,68.7,70.5,-37.0,-43.800000000000004,-2.8000000000000007,outro
4102000,PR,Assis Chateaubriand,Sul,34.3,59.9,28.3,65.5,67.6,-25.6,-37.2,-5.9999999999999964,outro
4102109,PR,Astorga,Sul,26.5,67.9,23.2,71.5,72.9,-41.400000000000006,-48.3,-3.3000000000000007,outro
4102208,PR,Atalaia,Sul,39.5,54.1,33.5,60.7,62.3,-14.600000000000001,-27.200000000000003,-6.0,outro
4102307,PR,Balsa Nova,Sul,36.7,55.7,30.0,61.7,64.1,-19.0,-31.700000000000003,-6.700000000000003,outro
4102406,PR,Bandeirantes,Sul,28.3,66.5,25.4,69.3,70.8,-38.2,-43.9,-2.900000000000002,outro
4102505,PR,Barbosa Ferraz,Sul,43.8,49.9,38.5,54.3,56.1,-6.100000000000001,-15.799999999999997,-5.299999999999997,outro
4102703,PR,Barra do Jacaré,Sul,47.2,46.5,40.6,52.7,54.2,0.7000000000000028,-12.100000000000001,-6.600000000000001,vira
4102604,PR,Barracão,Sul,45.2,50.6,39.1,54.8,56.9,-5.399999999999999,-15.699999999999996,-6.100000000000001,outro
4102752,PR,Bela Vista da Caroba,Sul,58.4,37.2,50.3,43.6,45.0,21.199999999999996,6.699999999999996,-8.100000000000001,mantido
4102802,PR,Bela Vista do Paraíso,Sul,36.6,57.6,31.2,62.6,64.1,-21.0,-31.400000000000002,-5.400000000000002,outro
4102901,PR,Bituruna,Sul,55.6,38.6,43.7,50.7,52.4,17.0,-7.0,-11.899999999999999,vira
4103008,PR,Boa Esperança,Sul,28.1,67.6,23.8,71.7,72.9,-39.49999999999999,-47.900000000000006,-4.300000000000001,outro
4103024,PR,Boa Esperança do Iguaçu,Sul,61.9,32.8,47.2,45.0,46.7,29.1,2.200000000000003,-14.699999999999996,mantido
4103040,PR,Boa Ventura de São Roque,Sul,60.0,33.4,46.3,46.2,47.4,26.6,0.09999999999999432,-13.700000000000003,mantido
4103057,PR,Boa Vista da Aparecida,Sul,48.2,45.8,40.3,53.6,55.2,2.4000000000000057,-13.300000000000004,-7.900000000000006,vira
4103107,PR,Bocaiúva do Sul,Sul,41.1,50.7,31.8,59.5,62.1,-9.600000000000001,-27.7,-9.3,outro
4103156,PR,Bom Jesus do Sul,Sul,56.7,39.9,47.6,46.9,48.8,16.800000000000004,0.7000000000000028,-9.100000000000001,mantido
4103206,PR,Bom Sucesso,Sul,52.2,41.1,45.4,47.3,49.0,11.100000000000001,-1.8999999999999986,-6.800000000000004,vira
4103222,PR,Bom Sucesso do Sul,Sul,37.2,58.1,24.6,70.4,72.0,-20.9,-45.800000000000004,-12.600000000000001,outro
4103305,PR,Borrazópolis,Sul,40.1,53.8,34.4,60.2,61.4,-13.699999999999996,-25.800000000000004,-5.700000000000003,outro
4103354,PR,Braganey,Sul,45.1,49.6,36.3,57.8,59.7,-4.5,-21.5,-8.800000000000004,outro
4103370,PR,Brasilândia do Sul,Sul,53.9,41.6,45.5,48.8,50.3,12.299999999999997,-3.299999999999997,-8.399999999999999,vira
4103404,PR,Cafeara,Sul,56.8,38.9,48.8,46.6,47.6,17.9,2.1999999999999957,-8.0,mantido
4103453,PR,Cafelândia,Sul,32.1,62.4,26.0,66.8,69.8,-30.299999999999997,-40.8,-6.100000000000001,outro
4103479,PR,Cafezal do Sul,Sul,38.8,55.3,31.9,61.7,64.1,-16.5,-29.800000000000004,-6.899999999999999,outro
4103503,PR,Califórnia,Sul,32.5,59.9,27.7,65.2,66.8,-27.4,-37.5,-4.800000000000001,outro
4103602,PR,Cambará,Sul,38.2,55.4,32.9,60.2,62.2,-17.199999999999996,-27.300000000000004,-5.300000000000004,outro
4103800,PR,Cambira,Sul,34.8,58.4,27.6,66.5,68.2,-23.6,-38.9,-7.199999999999996,outro
4103701,PR,Cambé,Sul,28.9,61.7,25.8,64.5,67.4,-32.800000000000004,-38.7,-3.099999999999998,outro
4104006,PR,Campina Grande do Sul,Sul,36.7,55.2,31.0,59.7,62.9,-18.5,-28.700000000000003,-5.700000000000003,outro
4103909,PR,Campina da Lagoa,Sul,40.3,51.9,33.8,59.7,61.3,-11.600000000000001,-25.900000000000006,-6.5,outro
4103958,PR,Campina do Simão,Sul,63.6,31.2,46.9,44.0,46.1,32.400000000000006,2.8999999999999986,-16.700000000000003,mantido
4104055,PR,Campo Bonito,Sul,51.9,42.5,40.4,53.9,55.6,9.399999999999999,-13.5,-11.5,vira
4104204,PR,Campo Largo,Sul,33.4,57.0,28.4,61.5,64.7,-23.6,-33.1,-5.0,outro
4104253,PR,Campo Magro,Sul,41.0,50.5,33.6,55.5,58.9,-9.5,-21.9,-7.399999999999999,outro
4104303,PR,Campo Mourão,Sul,36.6,54.8,30.7,60.5,63.1,-18.199999999999996,-29.8,-5.900000000000002,outro
4104105,PR,Campo do Tenente,Sul,36.0,56.2,29.9,62.5,64.9,-20.200000000000003,-32.6,-6.100000000000001,outro
4104428,PR,Candói,Sul,55.5,39.8,42.8,50.4,52.2,15.700000000000003,-7.600000000000001,-12.700000000000003,vira
4104451,PR,Cantagalo,Sul,57.4,37.8,46.3,47.6,49.4,19.6,-1.3000000000000043,-11.100000000000001,vira
4104501,PR,Capanema,Sul,47.4,46.9,37.8,54.9,57.4,0.5,-17.1,-9.600000000000001,vira
4104600,PR,Capitão Leônidas Marques,Sul,45.0,49.7,37.0,57.3,59.6,-4.700000000000003,-20.299999999999997,-8.0,outro
4104659,PR,Carambeí,Sul,27.5,62.4,23.4,67.6,70.1,-34.9,-44.199999999999996,-4.100000000000001,outro
4104709,PR,Carlópolis,Sul,38.8,55.4,30.8,62.8,65.0,-16.6,-31.999999999999996,-7.9999999999999964,outro
4104808,PR,Cascavel,Sul,31.9,59.8,27.1,64.3,67.7,-27.9,-37.199999999999996,-4.799999999999997,outro
4104907,PR,Castro,Sul,35.1,55.5,27.1,64.0,66.7,-20.4,-36.9,-8.0,outro
4105003,PR,Catanduvas,Sul,42.8,51.9,33.9,59.9,62.2,-9.100000000000001,-26.0,-8.899999999999999,outro
4105102,PR,Centenário do Sul,Sul,57.2,38.4,50.4,44.5,46.0,18.800000000000004,5.899999999999999,-6.800000000000004,mantido
4105201,PR,Cerro Azul,Sul,55.3,37.9,46.8,46.8,48.2,17.4,0.0,-8.5,outro
4105409,PR,Chopinzinho,Sul,42.8,52.2,34.4,59.2,61.6,-9.400000000000006,-24.800000000000004,-8.399999999999999,outro
4105508,PR,Cianorte,Sul,26.4,66.2,23.2,68.8,71.1,-39.800000000000004,-45.599999999999994,-3.1999999999999993,outro
4105607,PR,Cidade Gaúcha,Sul,44.5,50.5,38.7,55.6,56.8,-6.0,-16.9,-5.799999999999997,outro
4105706,PR,Clevelândia,Sul,49.7,45.7,39.1,56.6,57.9,4.0,-17.5,-10.600000000000001,vira
4105805,PR,Colombo,Sul,37.2,52.9,32.3,56.9,60.6,-15.699999999999996,-24.6,-4.900000000000006,outro
4105904,PR,Colorado,Sul,45.3,48.0,36.6,56.6,58.1,-2.700000000000003,-20.0,-8.699999999999996,outro
4106001,PR,Congonhinhas,Sul,57.7,36.8,50.0,44.7,45.9,20.900000000000006,5.299999999999997,-7.700000000000003,mantido
4106100,PR,Conselheiro Mairinck,Sul,47.3,45.9,40.4,53.2,54.8,1.3999999999999986,-12.800000000000004,-6.899999999999999,vira
4106209,PR,Contenda,Sul,40.7,50.6,31.2,60.1,62.5,-9.899999999999999,-28.900000000000002,-9.500000000000004,outro
4106308,PR,Corbélia,Sul,32.8,61.0,25.0,68.5,71.1,-28.200000000000003,-43.5,-7.799999999999997,outro
4106407,PR,Cornélio Procópio,Sul,34.3,57.1,29.9,61.9,64.3,-22.800000000000004,-32.0,-4.399999999999999,outro
4106456,PR,Coronel Domingos Soares,Sul,61.5,35.0,47.7,47.4,48.0,26.5,0.30000000000000426,-13.799999999999997,mantido
4106506,PR,Coronel Vivida,Sul,46.8,47.2,37.6,56.3,58.2,-0.4000000000000057,-18.699999999999996,-9.199999999999996,outro
4106555,PR,Corumbataí do Sul,Sul,50.4,40.5,45.4,47.0,48.2,9.899999999999999,-1.6000000000000014,-5.0,vira
4106803,PR,Cruz Machado,Sul,39.8,50.0,30.1,59.7,61.8,-10.200000000000003,-29.6,-9.699999999999996,outro
4106571,PR,Cruzeiro do Iguaçu,Sul,54.6,40.8,41.7,51.5,53.4,13.800000000000004,-9.799999999999997,-12.899999999999999,vira
4106605,PR,Cruzeiro do Oeste,Sul,36.8,57.8,33.4,60.4,62.5,-21.0,-27.0,-3.3999999999999986,outro
4106704,PR,Cruzeiro do Sul,Sul,57.6,37.1,49.7,44.6,46.0,20.5,5.100000000000001,-7.899999999999999,mantido
4106852,PR,Cruzmaltina,Sul,39.3,53.7,34.7,58.4,60.1,-14.400000000000006,-23.699999999999996,-4.599999999999994,outro
4106902,PR,Curitiba,Sul,31.4,55.3,30.4,57.5,62.0,-23.9,-27.1,-1.0,outro
4107009,PR,Curiúva,Sul,44.3,48.6,34.6,59.2,61.0,-4.300000000000004,-24.6,-9.699999999999996,outro
4104402,PR,Cândido de Abreu,Sul,43.6,49.3,37.3,56.1,58.1,-5.699999999999996,-18.800000000000004,-6.300000000000004,outro
4105300,PR,Céu Azul,Sul,23.9,70.4,19.9,75.1,76.9,-46.50000000000001,-55.199999999999996,-4.0,outro
4107157,PR,Diamante D'Oeste,Sul,58.1,36.1,52.6,42.8,44.1,22.0,9.800000000000004,-5.5,mantido
4107108,PR,Diamante do Norte,Sul,42.7,52.5,35.9,58.4,60.8,-9.799999999999997,-22.5,-6.800000000000004,outro
4107124,PR,Diamante do Sul,Sul,49.3,46.7,42.1,54.5,55.6,2.5999999999999943,-12.399999999999999,-7.199999999999996,vira
4107207,PR,Dois Vizinhos,Sul,48.2,47.1,37.6,56.1,58.4,1.1000000000000014,-18.5,-10.600000000000001,vira
4107256,PR,Douradina,Sul,36.3,58.9,28.3,65.7,67.9,-22.6,-37.400000000000006,-7.9999999999999964,outro
4107306,PR,Doutor Camargo,Sul,33.2,59.5,28.5,65.8,67.4,-26.299999999999997,-37.3,-4.700000000000003,outro
4128633,PR,Doutor Ulysses,Sul,55.8,38.3,46.2,47.6,49.0,17.5,-1.3999999999999986,-9.599999999999994,vira
4107504,PR,Engenheiro Beltrão,Sul,38.4,55.5,32.7,61.0,62.6,-17.1,-28.299999999999997,-5.699999999999996,outro
4107538,PR,Entre Rios do Oeste,Sul,25.4,71.1,20.9,73.2,76.2,-45.699999999999996,-52.300000000000004,-4.5,outro
4107405,PR,Enéas Marques,Sul,55.3,39.1,45.0,48.0,50.0,16.199999999999996,-3.0,-10.299999999999997,vira
4107520,PR,Esperança Nova,Sul,32.1,62.8,27.3,67.0,68.2,-30.699999999999996,-39.7,-4.800000000000001,outro
4107546,PR,Espigão Alto do Iguaçu,Sul,39.7,55.8,37.2,58.1,59.6,-16.099999999999994,-20.9,-2.5,outro
4107553,PR,Farol,Sul,48.5,46.6,41.3,53.3,54.7,1.8999999999999986,-12.0,-7.200000000000003,vira
4107603,PR,Faxinal,Sul,29.3,64.0,24.8,68.8,70.5,-34.7,-44.0,-4.5,outro
4107652,PR,Fazenda Rio Grande,Sul,38.6,52.2,31.9,57.4,61.3,-13.600000000000001,-25.5,-6.700000000000003,outro
4107736,PR,Fernandes Pinheiro,Sul,48.7,44.0,40.2,53.1,55.3,4.700000000000003,-12.899999999999999,-8.5,vira
4107751,PR,Figueira,Sul,57.1,37.3,49.3,45.3,46.9,19.800000000000004,4.0,-7.800000000000004,mantido
4107850,PR,Flor da Serra do Sul,Sul,52.5,42.7,41.5,52.0,53.7,9.799999999999997,-10.5,-11.0,vira
4107801,PR,Floraí,Sul,40.1,54.2,33.5,60.3,62.1,-14.100000000000001,-26.799999999999997,-6.600000000000001,outro
4107900,PR,Floresta,Sul,36.0,57.7,28.6,64.6,66.3,-21.700000000000003,-35.99999999999999,-7.399999999999999,outro
4108007,PR,Florestópolis,Sul,51.7,43.6,46.6,46.5,48.6,8.100000000000001,0.10000000000000142,-5.100000000000001,mantido
4108106,PR,Flórida,Sul,47.1,45.8,40.8,52.8,54.7,1.3000000000000043,-12.0,-6.300000000000004,vira
4108205,PR,Formosa do Oeste,Sul,33.7,59.8,28.4,65.4,67.3,-26.099999999999994,-37.00000000000001,-5.300000000000004,outro
4108304,PR,Foz do Iguaçu,Sul,32.5,60.9,31.5,61.0,64.2,-28.4,-29.5,-1.0,outro
4108452,PR,Foz do Jordão,Sul,63.8,32.8,54.4,39.9,41.2,31.0,14.5,-9.399999999999999,mantido
4108320,PR,Francisco Alves,Sul,36.8,59.3,30.8,64.3,66.3,-22.5,-33.5,-5.9999999999999964,outro
4108403,PR,Francisco Beltrão,Sul,45.6,47.7,36.6,55.5,58.2,-2.1000000000000014,-18.9,-9.0,outro
4107702,PR,Fênix,Sul,48.4,44.8,44.0,49.1,51.0,3.6000000000000014,-5.100000000000001,-4.399999999999999,vira
4108502,PR,General Carneiro,Sul,53.9,41.5,42.9,51.3,53.1,12.399999999999999,-8.399999999999999,-11.0,vira
4108551,PR,Godoy Moreira,Sul,58.9,34.8,53.5,40.8,41.6,24.1,12.700000000000003,-5.399999999999999,mantido
4108601,PR,Goioerê,Sul,34.5,59.0,30.7,63.5,65.4,-24.5,-32.8,-3.8000000000000007,outro
4108650,PR,Goioxim,Sul,64.2,30.5,50.3,43.7,45.2,33.7,6.599999999999994,-13.900000000000006,mantido
4108700,PR,Grandes Rios,Sul,34.5,59.6,30.4,62.8,64.5,-25.1,-32.4,-4.100000000000001,outro
4108908,PR,Guairaçá,Sul,42.3,52.4,33.0,61.3,62.8,-10.100000000000001,-28.299999999999997,-9.299999999999997,outro
4108957,PR,Guamiranga,Sul,38.3,55.7,29.7,63.6,65.5,-17.400000000000006,-33.900000000000006,-8.599999999999998,outro
4109005,PR,Guapirama,Sul,45.6,49.1,38.2,54.5,56.5,-3.5,-16.299999999999997,-7.399999999999999,outro
4109104,PR,Guaporema,Sul,42.3,53.2,34.6,58.3,60.0,-10.900000000000006,-23.699999999999996,-7.699999999999996,outro
4109203,PR,Guaraci,Sul,37.0,57.3,33.2,61.0,62.6,-20.299999999999997,-27.799999999999997,-3.799999999999997,outro
4109302,PR,Guaraniaçu,Sul,36.0,57.8,29.1,65.3,66.8,-21.799999999999997,-36.199999999999996,-6.899999999999999,outro
4109401,PR,Guarapuava,Sul,45.5,47.0,36.9,55.0,57.7,-1.5,-18.1,-8.600000000000001,outro
4109500,PR,Guaraqueçaba,Sul,43.9,49.5,41.8,52.1,54.4,-5.600000000000001,-10.300000000000004,-2.1000000000000014,outro
4109609,PR,Guaratuba,Sul,30.2,63.0,28.3,63.6,66.0,-32.8,-35.3,-1.8999999999999986,outro
4108809,PR,Guaíra,Sul,31.6,63.8,27.2,67.4,69.6,-32.199999999999996,-40.2,-4.400000000000002,outro
4109658,PR,Honório Serpa,Sul,59.3,37.0,48.8,46.3,46.9,22.299999999999997,2.5,-10.5,mantido
4109708,PR,Ibaiti,Sul,39.2,54.1,32.1,61.3,63.3,-14.899999999999999,-29.199999999999996,-7.100000000000001,outro
4109757,PR,Ibema,Sul,49.6,44.5,42.4,51.0,53.0,5.100000000000001,-8.600000000000001,-7.200000000000003,vira
4109807,PR,Ibiporã,Sul,29.7,60.9,26.8,64.4,66.9,-31.2,-37.60000000000001,-2.8999999999999986,outro
4109906,PR,Icaraíma,Sul,35.5,59.5,30.1,65.5,66.7,-24.0,-35.4,-5.399999999999999,outro
4110003,PR,Iguaraçu,Sul,37.1,57.4,30.6,62.9,64.6,-20.299999999999997,-32.3,-6.5,outro
4110052,PR,Iguatu,Sul,51.6,44.6,45.9,48.7,51.0,7.0,-2.8000000000000043,-5.700000000000003,vira
4110078,PR,Imbaú,Sul,51.4,44.1,43.1,50.6,52.7,7.299999999999997,-7.5,-8.299999999999997,vira
4110102,PR,Imbituva,Sul,35.2,56.8,28.2,63.7,65.9,-21.599999999999994,-35.5,-7.0000000000000036,outro
4110300,PR,Inajá,Sul,59.9,34.3,50.9,44.5,46.2,25.6,6.399999999999999,-9.0,mantido
4110409,PR,Indianópolis,Sul,37.3,56.1,32.9,61.0,62.6,-18.800000000000004,-28.1,-4.399999999999999,outro
4110201,PR,Inácio Martins,Sul,53.7,40.2,43.5,48.4,50.5,13.5,-4.899999999999999,-10.200000000000003,vira
4110508,PR,Ipiranga,Sul,33.6,57.6,23.6,67.0,69.6,-24.0,-43.4,-10.0,outro
4110607,PR,Iporã,Sul,35.3,59.5,30.2,63.8,66.0,-24.200000000000003,-33.599999999999994,-5.099999999999998,outro
4110656,PR,Iracema do Oeste,Sul,50.4,45.1,43.0,51.8,53.5,5.299999999999997,-8.799999999999997,-7.399999999999999,vira
4110706,PR,Irati,Sul,37.3,52.7,30.0,59.9,62.7,-15.400000000000006,-29.9,-7.299999999999997,outro
4110805,PR,Iretama,Sul,52.8,40.0,43.1,50.2,51.8,12.799999999999997,-7.100000000000001,-9.699999999999996,vira
4110904,PR,Itaguajé,Sul,52.3,43.2,44.1,50.7,52.1,9.099999999999994,-6.600000000000001,-8.199999999999996,vira
4110953,PR,Itaipulândia,Sul,38.4,58.1,32.6,61.9,63.6,-19.700000000000003,-29.299999999999997,-5.799999999999997,outro
4111001,PR,Itambaracá,Sul,38.7,56.4,31.9,62.6,64.1,-17.699999999999996,-30.700000000000003,-6.800000000000004,outro
4111100,PR,Itambé,Sul,39.6,53.9,32.6,59.9,61.7,-14.299999999999997,-27.299999999999997,-7.0,outro
4111209,PR,Itapejara d'Oeste,Sul,51.4,44.1,39.7,54.2,56.0,7.299999999999997,-14.5,-11.699999999999996,vira
4111258,PR,Itaperuçu,Sul,59.5,34.6,49.8,42.8,45.0,24.9,7.0,-9.700000000000003,mantido
4111308,PR,Itaúna do Sul,Sul,62.6,31.9,52.6,40.5,42.8,30.700000000000003,12.100000000000001,-10.0,mantido
4111506,PR,Ivaiporã,Sul,41.7,50.6,34.7,57.2,59.5,-8.899999999999999,-22.5,-7.0,outro
4111605,PR,Ivatuba,Sul,35.8,56.8,29.5,61.2,64.4,-21.0,-31.700000000000003,-6.299999999999997,outro
4111555,PR,Ivaté,Sul,44.6,49.6,39.7,53.9,55.9,-5.0,-14.199999999999996,-4.899999999999999,outro
4111407,PR,Ivaí,Sul,38.8,54.1,28.4,64.4,66.7,-15.300000000000004,-36.00000000000001,-10.399999999999999,outro
4111704,PR,Jaboti,Sul,40.2,53.5,32.7,60.1,61.7,-13.299999999999997,-27.4,-7.5,outro
4111803,PR,Jacarezinho,Sul,47.3,46.3,42.6,50.7,52.8,1.0,-8.100000000000001,-4.699999999999996,vira
4111902,PR,Jaguapitã,Sul,35.8,58.8,29.0,64.0,65.7,-23.0,-35.0,-6.799999999999997,outro
4112009,PR,Jaguariaíva,Sul,34.9,59.7,26.9,66.6,68.8,-24.800000000000004,-39.699999999999996,-8.0,outro
4112108,PR,Jandaia do Sul,Sul,29.3,62.6,23.5,68.2,70.7,-33.3,-44.7,-5.800000000000001,outro
4112207,PR,Janiópolis,Sul,48.0,46.8,42.8,51.8,53.5,1.2000000000000028,-9.0,-5.200000000000003,vira
4112306,PR,Japira,Sul,47.7,46.3,39.5,53.8,55.6,1.4000000000000057,-14.299999999999997,-8.200000000000003,vira
4112405,PR,Japurá,Sul,29.0,64.5,25.2,67.8,69.8,-35.5,-42.599999999999994,-3.8000000000000007,outro
4112504,PR,Jardim Alegre,Sul,46.2,48.4,40.0,54.1,55.5,-2.1999999999999957,-14.100000000000001,-6.200000000000003,outro
4112603,PR,Jardim Olinda,Sul,65.5,27.4,56.2,38.5,40.0,38.1,17.700000000000003,-9.299999999999997,mantido
4112702,PR,Jataizinho,Sul,36.8,56.3,33.1,59.4,61.7,-19.5,-26.299999999999997,-3.6999999999999957,outro
4112751,PR,Jesuítas,Sul,37.7,56.2,31.9,61.9,64.1,-18.5,-30.0,-5.800000000000004,outro
4112801,PR,Joaquim Távora,Sul,38.0,56.2,31.0,61.9,64.2,-18.200000000000003,-30.9,-7.0,outro
4112900,PR,Jundiaí do Sul,Sul,57.6,36.8,48.8,45.5,47.0,20.800000000000004,3.299999999999997,-8.800000000000004,mantido
4112959,PR,Juranda,Sul,37.1,58.1,28.5,66.4,68.2,-21.0,-37.900000000000006,-8.600000000000001,outro
4113007,PR,Jussara,Sul,39.6,54.6,34.4,58.0,59.6,-15.0,-23.6,-5.200000000000003,outro
4113106,PR,Kaloré,Sul,41.4,51.7,34.4,60.4,61.3,-10.300000000000004,-26.0,-7.0,outro
4113205,PR,Lapa,Sul,38.9,51.9,32.4,58.1,60.8,-13.0,-25.700000000000003,-6.5,outro
4113254,PR,Laranjal,Sul,66.0,30.1,55.4,40.6,41.3,35.9,14.799999999999997,-10.600000000000001,mantido
4113304,PR,Laranjeiras do Sul,Sul,54.0,40.5,43.8,49.6,51.8,13.5,-5.800000000000004,-10.200000000000003,vira
4113403,PR,Leópolis,Sul,50.6,43.4,41.3,52.7,53.7,7.200000000000003,-11.400000000000006,-9.300000000000004,vira
4113429,PR,Lidianópolis,Sul,36.5,57.9,31.4,63.1,64.4,-21.4,-31.700000000000003,-5.100000000000001,outro
4113452,PR,Lindoeste,Sul,55.7,39.2,48.3,45.4,47.7,16.5,2.8999999999999986,-7.400000000000006,mantido
4113502,PR,Loanda,Sul,34.9,60.2,29.7,64.6,66.6,-25.300000000000004,-34.89999999999999,-5.199999999999999,outro
4113601,PR,Lobato,Sul,46.7,47.2,40.3,53.1,55.5,-0.5,-12.800000000000004,-6.400000000000006,outro
4113700,PR,Londrina,Sul,24.5,64.3,24.2,65.1,68.5,-39.8,-40.89999999999999,-0.3000000000000007,outro
4113734,PR,Luiziana,Sul,50.4,44.4,42.1,51.8,53.5,6.0,-9.699999999999996,-8.299999999999997,vira
4113759,PR,Lunardelli,Sul,43.7,49.7,38.6,54.9,56.5,-6.0,-16.299999999999997,-5.100000000000001,outro
4113809,PR,Lupionópolis,Sul,53.9,41.0,47.6,47.2,48.8,12.899999999999999,0.3999999999999986,-6.299999999999997,mantido
4113908,PR,Mallet,Sul,34.9,56.6,25.5,64.8,66.7,-21.700000000000003,-39.3,-9.399999999999999,outro
4114005,PR,Mamborê,Sul,31.7,62.7,25.5,69.5,70.8,-31.000000000000004,-44.0,-6.199999999999999,outro
4114203,PR,Mandaguari,Sul,33.0,58.9,26.2,65.6,68.1,-25.9,-39.39999999999999,-6.800000000000001,outro
4114104,PR,Mandaguaçu,Sul,37.3,55.3,31.3,61.2,63.4,-18.0,-29.900000000000002,-5.9999999999999964,outro
4114302,PR,Mandirituba,Sul,41.3,51.6,33.9,57.8,60.1,-10.300000000000004,-23.9,-7.399999999999999,outro
4114351,PR,Manfrinópolis,Sul,66.4,29.4,55.6,39.0,40.4,37.00000000000001,16.6,-10.800000000000004,mantido
4114401,PR,Mangueirinha,Sul,53.6,42.0,42.8,51.5,53.3,11.600000000000001,-8.700000000000003,-10.800000000000004,vira
4114500,PR,Manoel Ribas,Sul,34.5,60.1,26.0,68.2,69.5,-25.6,-42.2,-8.5,outro
4114609,PR,Marechal Cândido Rondon,Sul,24.1,70.3,20.3,73.6,76.2,-46.199999999999996,-53.3,-3.8000000000000007,outro
4114708,PR,Maria Helena,Sul,45.4,49.6,40.7,54.4,55.5,-4.200000000000003,-13.699999999999996,-4.699999999999996,outro
4114807,PR,Marialva,Sul,30.2,61.4,24.8,67.4,69.8,-31.2,-42.60000000000001,-5.399999999999999,outro
4115002,PR,Marilena,Sul,56.9,38.6,47.5,46.3,47.9,18.299999999999997,1.2000000000000028,-9.399999999999999,mantido
4115101,PR,Mariluz,Sul,49.2,45.9,43.3,51.0,52.7,3.3000000000000043,-7.700000000000003,-5.900000000000006,vira
4114906,PR,Marilândia do Sul,Sul,33.4,59.4,27.3,65.2,67.1,-26.0,-37.900000000000006,-6.099999999999998,outro
4115200,PR,Maringá,Sul,29.4,59.6,26.8,63.1,66.9,-30.200000000000003,-36.3,-2.599999999999998,outro
4115358,PR,Maripá,Sul,18.3,77.1,15.7,79.9,81.5,-58.8,-64.2,-2.6000000000000014,outro
4115309,PR,Mariópolis,Sul,41.0,53.8,30.9,63.7,65.2,-12.799999999999997,-32.800000000000004,-10.100000000000001,outro
4115408,PR,Marmeleiro,Sul,50.4,43.9,38.8,54.2,56.6,6.5,-15.400000000000006,-11.600000000000001,vira
4115457,PR,Marquinho,Sul,56.7,38.5,45.0,49.6,50.7,18.200000000000003,-4.600000000000001,-11.700000000000003,vira
4115507,PR,Marumbi,Sul,49.5,45.7,39.4,53.3,55.2,3.799999999999997,-13.899999999999999,-10.100000000000001,vira
4115606,PR,Matelândia,Sul,22.6,72.2,20.3,74.7,76.8,-49.6,-54.400000000000006,-2.3000000000000007,outro
4115705,PR,Matinhos,Sul,39.0,52.7,35.6,55.5,58.3,-13.700000000000003,-19.9,-3.3999999999999986,outro
4115739,PR,Mato Rico,Sul,61.5,32.1,47.3,46.2,47.2,29.4,1.0999999999999943,-14.200000000000003,mantido
4115754,PR,Mauá da Serra,Sul,40.9,53.7,33.0,61.0,62.8,-12.800000000000004,-28.0,-7.899999999999999,outro
4115804,PR,Medianeira,Sul,31.2,63.4,25.9,67.8,70.4,-32.2,-41.9,-5.300000000000001,outro
4115853,PR,Mercedes,Sul,17.4,78.8,13.8,80.8,83.6,-61.4,-67.0,-3.599999999999998,outro
4115903,PR,Mirador,Sul,62.1,33.3,53.4,40.5,42.6,28.800000000000004,12.899999999999999,-8.700000000000003,mantido
4116000,PR,Miraselva,Sul,44.6,50.6,39.2,56.3,57.9,-6.0,-17.099999999999994,-5.399999999999999,outro
4116059,PR,Missal,Sul,32.2,63.5,26.4,67.5,69.8,-31.299999999999997,-41.1,-5.800000000000004,outro
4116109,PR,Moreira Sales,Sul,40.5,54.5,36.4,59.2,60.5,-14.0,-22.800000000000004,-4.100000000000001,outro
4116208,PR,Morretes,Sul,38.3,53.8,35.9,56.8,59.2,-15.5,-20.9,-2.3999999999999986,outro
4116307,PR,Munhoz de Melo,Sul,41.8,52.8,36.1,58.8,59.8,-11.0,-22.699999999999996,-5.699999999999996,outro
4116406,PR,Nossa Senhora das Graças,Sul,56.8,37.4,48.9,43.8,45.2,19.4,5.100000000000001,-7.899999999999999,mantido
4116505,PR,Nova Aliança do Ivaí,Sul,49.7,44.6,38.8,54.3,55.5,5.100000000000001,-15.5,-10.900000000000006,vira
4116604,PR,Nova América da Colina,Sul,46.3,47.8,38.7,56.0,57.3,-1.5,-17.299999999999997,-7.599999999999994,outro
4116703,PR,Nova Aurora,Sul,34.6,60.4,29.8,64.9,67.0,-25.799999999999997,-35.10000000000001,-4.800000000000001,outro
4116802,PR,Nova Cantu,Sul,56.2,37.4,49.0,45.8,46.8,18.800000000000004,3.200000000000003,-7.200000000000003,mantido
4116901,PR,Nova Esperança,Sul,34.6,58.2,30.1,62.6,64.7,-23.6,-32.5,-4.5,outro
4116950,PR,Nova Esperança do Sudoeste,Sul,57.8,36.7,46.7,47.0,48.9,21.099999999999994,-0.29999999999999716,-11.099999999999994,vira
4117008,PR,Nova Fátima,Sul,44.3,48.9,38.5,55.1,56.8,-4.600000000000001,-16.6,-5.799999999999997,outro
4117057,PR,Nova Laranjeiras,Sul,58.2,38.0,49.5,46.3,47.2,20.200000000000003,3.200000000000003,-8.700000000000003,mantido
4117107,PR,Nova Londrina,Sul,43.6,51.1,36.9,56.5,58.6,-7.5,-19.6,-6.700000000000003,outro
4117206,PR,Nova Olímpia,Sul,36.3,59.6,31.0,63.7,66.0,-23.300000000000004,-32.7,-5.299999999999997,outro
4117255,PR,Nova Prata do Iguaçu,Sul,54.0,41.8,43.4,51.7,53.2,12.200000000000003,-8.300000000000004,-10.600000000000001,vira
4117214,PR,Nova Santa Bárbara,Sul,51.7,42.0,43.1,49.5,51.1,9.700000000000003,-6.399999999999999,-8.600000000000001,vira
4117222,PR,Nova Santa Rosa,Sul,14.8,82.2,13.0,82.6,84.5,-67.4,-69.6,-1.8000000000000007,outro
4117271,PR,Nova Tebas,Sul,63.0,30.6,52.1,39.5,41.1,32.4,12.600000000000001,-10.899999999999999,mantido
4117297,PR,Novo Itacolomi,Sul,37.3,53.7,29.3,62.9,65.6,-16.400000000000006,-33.599999999999994,-7.9999999999999964,outro
4117305,PR,Ortigueira,Sul,56.3,38.6,47.4,46.4,48.5,17.699999999999996,1.0,-8.899999999999999,mantido
4117404,PR,Ourizona,Sul,52.9,40.6,43.6,50.7,52.5,12.299999999999997,-7.100000000000001,-9.299999999999997,vira
4117453,PR,Ouro Verde do Oeste,Sul,36.2,58.0,31.0,62.7,64.5,-21.799999999999997,-31.700000000000003,-5.200000000000003,outro
4117503,PR,Paiçandu,Sul,40.8,50.3,34.5,55.9,58.7,-9.5,-21.4,-6.299999999999997,outro
4117602,PR,Palmas,Sul,54.0,41.5,44.6,49.6,51.5,12.5,-5.0,-9.399999999999999,vira
4117701,PR,Palmeira,Sul,30.4,61.6,23.1,67.6,70.5,-31.200000000000003,-44.49999999999999,-7.299999999999997,outro
4117800,PR,Palmital,Sul,53.9,40.7,44.3,49.8,51.4,13.199999999999996,-5.5,-9.600000000000001,vira
4117909,PR,Palotina,Sul,25.1,69.4,21.0,72.7,75.2,-44.300000000000004,-51.7,-4.100000000000001,outro
4118105,PR,Paranacity,Sul,51.7,42.1,45.3,49.1,50.6,9.600000000000001,-3.8000000000000043,-6.400000000000006,vira
4118204,PR,Paranaguá,Sul,32.2,58.6,30.5,61.2,64.2,-26.4,-30.700000000000003,-1.7000000000000028,outro
4118303,PR,Paranapoema,Sul,57.7,35.8,52.3,42.0,43.6,21.900000000000006,10.299999999999997,-5.400000000000006,mantido
4118402,PR,Paranavaí,Sul,31.2,61.1,26.7,65.9,68.3,-29.900000000000002,-39.2,-4.5,outro
4118006,PR,Paraíso do Norte,Sul,45.3,50.1,38.2,56.1,57.9,-4.800000000000004,-17.9,-7.099999999999994,outro
4118451,PR,Pato Bragado,Sul,21.5,73.1,17.2,77.6,80.0,-51.599999999999994,-60.39999999999999,-4.300000000000001,outro
4118501,PR,Pato Branco,Sul,37.6,54.1,30.0,61.7,64.9,-16.5,-31.700000000000003,-7.600000000000001,outro
4118600,PR,Paula Freitas,Sul,39.1,54.0,27.5,64.9,66.8,-14.899999999999999,-37.400000000000006,-11.600000000000001,outro
4118709,PR,Paulo Frontin,Sul,39.6,51.7,25.8,64.6,66.7,-12.100000000000001,-38.8,-13.8,outro
4118808,PR,Peabiru,Sul,41.5,51.6,35.0,57.9,60.1,-10.100000000000001,-22.9,-6.5,outro
4118857,PR,Perobal,Sul,33.4,60.8,29.4,64.5,66.0,-27.4,-35.1,-4.0,outro
4119152,PR,Pinhais,Sul,34.9,54.1,31.3,57.4,61.7,-19.200000000000003,-26.099999999999998,-3.599999999999998,outro
4119251,PR,Pinhal de São Bento,Sul,70.2,25.0,55.9,37.1,39.5,45.2,18.799999999999997,-14.300000000000004,mantido
4119202,PR,Pinhalão,Sul,42.3,50.8,35.1,58.2,60.1,-8.5,-23.1,-7.199999999999996,outro
4119301,PR,Pinhão,Sul,60.0,33.7,50.4,42.7,44.6,26.299999999999997,7.699999999999996,-9.600000000000001,mantido
4119509,PR,Piraquara,Sul,41.8,49.1,35.8,53.6,57.3,-7.300000000000004,-17.800000000000004,-6.0,outro
4119400,PR,Piraí do Sul,Sul,36.5,54.5,29.2,61.7,64.1,-18.0,-32.5,-7.300000000000001,outro
4119608,PR,Pitanga,Sul,50.7,42.8,39.4,52.1,54.5,7.900000000000006,-12.700000000000003,-11.300000000000004,vira
4119657,PR,Pitangueiras,Sul,35.4,58.9,31.5,62.1,63.5,-23.5,-30.6,-3.8999999999999986,outro
4119103,PR,Piên,Sul,26.4,66.0,18.8,73.6,75.7,-39.6,-54.8,-7.599999999999998,outro
4119707,PR,Planaltina do Paraná,Sul,51.4,43.4,46.1,47.8,49.3,8.0,-1.6999999999999957,-5.299999999999997,vira
4119806,PR,Planalto,Sul,51.4,44.1,42.1,52.5,54.3,7.299999999999997,-10.399999999999999,-9.299999999999997,vira
4119905,PR,Ponta Grossa,Sul,32.3,55.5,28.3,59.4,63.0,-23.200000000000003,-31.099999999999998,-3.9999999999999964,outro
4119954,PR,Pontal do Paraná,Sul,39.1,52.9,36.5,55.6,57.6,-13.799999999999997,-19.1,-2.6000000000000014,outro
4120002,PR,Porecatu,Sul,47.6,45.9,44.3,48.8,50.7,1.7000000000000028,-4.5,-3.3000000000000043,vira
4120101,PR,Porto Amazonas,Sul,35.0,56.0,28.6,61.1,64.0,-21.0,-32.5,-6.399999999999999,outro
4120150,PR,Porto Barreiro,Sul,52.8,42.5,37.8,55.8,56.8,10.299999999999997,-18.0,-15.0,vira
4120200,PR,Porto Rico,Sul,39.0,57.3,28.6,66.8,67.9,-18.299999999999997,-38.199999999999996,-10.399999999999999,outro
4120309,PR,Porto Vitória,Sul,41.1,50.2,33.5,58.3,60.1,-9.100000000000001,-24.799999999999997,-7.600000000000001,outro
4120333,PR,Prado Ferreira,Sul,46.3,48.3,40.0,53.0,54.1,-2.0,-13.0,-6.299999999999997,outro
4120358,PR,Pranchita,Sul,40.3,54.6,30.4,64.4,65.9,-14.300000000000004,-34.00000000000001,-9.899999999999999,outro
4120408,PR,Presidente Castelo Branco,Sul,53.3,40.9,45.4,47.4,49.2,12.399999999999999,-2.0,-7.899999999999999,vira
4120507,PR,Primeiro de Maio,Sul,33.8,60.9,27.2,68.1,69.5,-27.1,-40.89999999999999,-6.599999999999998,outro
4120606,PR,Prudentópolis,Sul,24.7,68.0,20.5,71.4,74.0,-43.3,-50.900000000000006,-4.199999999999999,outro
4118907,PR,Pérola,Sul,38.3,56.5,30.4,62.9,65.1,-18.200000000000003,-32.5,-7.899999999999999,outro
4119004,PR,Pérola d'Oeste,Sul,41.4,54.8,31.7,62.8,64.2,-13.399999999999999,-31.099999999999998,-9.7,outro
4120655,PR,Quarto Centenário,Sul,45.1,50.5,33.7,61.1,62.2,-5.399999999999999,-27.4,-11.399999999999999,outro
4120705,PR,Quatiguá,Sul,35.4,60.2,29.2,65.1,66.6,-24.800000000000004,-35.89999999999999,-6.199999999999999,outro
4120804,PR,Quatro Barras,Sul,30.2,60.4,26.4,64.1,67.6,-30.2,-37.699999999999996,-3.8000000000000007,outro
4120853,PR,Quatro Pontes,Sul,14.8,80.3,10.8,83.4,85.3,-65.5,-72.60000000000001,-4.0,outro
4120903,PR,Quedas do Iguaçu,Sul,40.5,55.7,35.5,59.2,61.5,-15.200000000000003,-23.700000000000003,-5.0,outro
4121000,PR,Querência do Norte,Sul,52.5,43.3,46.6,48.6,49.8,9.200000000000003,-2.0,-5.899999999999999,vira
4121109,PR,Quinta do Sol,Sul,48.6,45.6,41.5,53.1,54.8,3.0,-11.600000000000001,-7.100000000000001,vira
4121208,PR,Quitandinha,Sul,31.5,61.8,24.7,68.6,70.3,-30.299999999999997,-43.89999999999999,-6.800000000000001,outro
4121257,PR,Ramilândia,Sul,52.8,42.7,46.4,47.9,49.3,10.099999999999994,-1.5,-6.399999999999999,vira
4121307,PR,Rancho Alegre,Sul,39.3,55.8,32.8,61.1,63.0,-16.5,-28.300000000000004,-6.5,outro
4121356,PR,Rancho Alegre D'Oeste,Sul,43.9,51.3,37.1,58.9,60.0,-7.399999999999999,-21.799999999999997,-6.799999999999997,outro
4121406,PR,Realeza,Sul,41.9,53.2,34.6,60.2,61.9,-11.300000000000004,-25.6,-7.299999999999997,outro
4121505,PR,Rebouças,Sul,44.5,47.8,33.3,58.2,60.2,-3.299999999999997,-24.900000000000006,-11.200000000000003,outro
4121604,PR,Renascença,Sul,50.5,44.7,40.2,54.7,56.0,5.799999999999997,-14.5,-10.299999999999997,vira
4121703,PR,Reserva,Sul,44.2,49.2,35.2,58.6,60.5,-5.0,-23.4,-9.0,outro
4121752,PR,Reserva do Iguaçu,Sul,61.6,33.7,48.3,45.5,46.6,27.9,2.799999999999997,-13.300000000000004,mantido
4121802,PR,Ribeirão Claro,Sul,43.8,51.6,35.2,58.1,59.8,-7.800000000000004,-22.9,-8.599999999999994,outro
4121901,PR,Ribeirão do Pinhal,Sul,55.6,38.1,46.9,46.1,48.4,17.5,0.7999999999999972,-8.700000000000003,mantido
4122008,PR,Rio Azul,Sul,31.9,59.0,20.2,71.0,72.9,-27.1,-50.8,-11.7,outro
4122107,PR,Rio Bom,Sul,41.6,50.2,36.9,54.9,57.5,-8.600000000000001,-18.0,-4.700000000000003,outro
4122156,PR,Rio Bonito do Iguaçu,Sul,68.3,28.1,59.8,35.5,36.7,40.199999999999996,24.299999999999997,-8.5,mantido
4122172,PR,Rio Branco do Ivaí,Sul,46.1,48.2,42.5,51.3,52.7,-2.1000000000000014,-8.799999999999997,-3.6000000000000014,outro
4122206,PR,Rio Branco do Sul,Sul,50.3,43.6,42.0,51.0,52.8,6.699999999999996,-9.0,-8.299999999999997,vira
4122305,PR,Rio Negro,Sul,25.3,65.6,20.1,71.1,73.9,-40.3,-50.99999999999999,-5.199999999999999,outro
4122404,PR,Rolândia,Sul,27.2,65.7,23.7,68.2,71.0,-38.5,-44.5,-3.5,outro
4122503,PR,Roncador,Sul,52.5,41.9,43.5,49.7,51.2,10.600000000000001,-6.200000000000003,-9.0,vira
4122602,PR,Rondon,Sul,37.8,57.4,31.4,63.3,64.7,-19.6,-31.9,-6.399999999999999,outro
4122651,PR,Rosário do Ivaí,Sul,41.3,51.7,37.6,54.4,57.8,-10.400000000000006,-16.799999999999997,-3.6999999999999957,outro
4122701,PR,Sabáudia,Sul,26.0,68.6,22.4,70.3,72.3,-42.599999999999994,-47.9,-3.6000000000000014,outro
4122800,PR,Salgado Filho,Sul,50.1,44.4,37.4,55.3,57.1,5.700000000000003,-17.9,-12.700000000000003,vira
4122909,PR,Salto do Itararé,Sul,52.1,40.9,41.6,51.6,53.4,11.200000000000003,-10.0,-10.5,vira
4123006,PR,Salto do Lontra,Sul,62.1,34.0,48.7,45.0,47.2,28.1,3.700000000000003,-13.399999999999999,mantido
4123105,PR,Santa Amélia,Sul,45.3,50.8,38.4,58.0,59.0,-5.5,-19.6,-6.899999999999999,outro
4123204,PR,Santa Cecília do Pavão,Sul,46.0,47.1,40.5,53.2,54.1,-1.1000000000000014,-12.700000000000003,-5.5,outro
4123303,PR,Santa Cruz de Monte Castelo,Sul,43.6,52.3,35.8,59.7,61.0,-8.699999999999996,-23.900000000000006,-7.800000000000004,outro
4123402,PR,Santa Fé,Sul,38.8,56.4,32.6,62.2,63.7,-17.6,-29.6,-6.199999999999996,outro
4123501,PR,Santa Helena,Sul,38.2,58.2,31.5,63.4,65.4,-20.0,-31.9,-6.700000000000003,outro
4123600,PR,Santa Inês,Sul,54.4,40.9,49.2,44.6,45.6,13.5,4.600000000000001,-5.199999999999996,mantido
4123709,PR,Santa Isabel do Ivaí,Sul,34.5,59.8,30.4,64.6,66.3,-25.299999999999997,-34.199999999999996,-4.100000000000001,outro
4123808,PR,Santa Izabel do Oeste,Sul,47.7,48.0,38.7,56.3,57.7,-0.29999999999999716,-17.599999999999994,-9.0,outro
4123824,PR,Santa Lúcia,Sul,43.9,49.8,37.0,56.5,58.1,-5.899999999999999,-19.5,-6.899999999999999,outro
4123857,PR,Santa Maria do Oeste,Sul,59.5,35.7,46.3,48.1,49.3,23.799999999999997,-1.8000000000000043,-13.200000000000003,vira
4123907,PR,Santa Mariana,Sul,47.9,46.8,42.1,51.3,53.1,1.1000000000000014,-9.199999999999996,-5.799999999999997,vira
4123956,PR,Santa Mônica,Sul,53.5,41.2,48.8,47.4,48.3,12.299999999999997,1.3999999999999986,-4.700000000000003,mantido
4124020,PR,Santa Tereza do Oeste,Sul,40.2,53.8,32.6,60.1,63.0,-13.599999999999994,-27.5,-7.600000000000001,outro
4124053,PR,Santa Terezinha de Itaipu,Sul,29.1,66.0,25.0,69.7,71.6,-36.9,-44.7,-4.100000000000001,outro
4124004,PR,Santana do Itararé,Sul,51.2,43.5,38.8,54.4,55.7,7.700000000000003,-15.600000000000001,-12.400000000000006,vira
4124103,PR,Santo Antônio da Platina,Sul,35.1,58.4,30.1,62.5,64.5,-23.299999999999997,-32.4,-5.0,outro
4124202,PR,Santo Antônio do Caiuá,Sul,59.7,34.4,51.6,43.9,44.9,25.300000000000004,7.700000000000003,-8.100000000000001,mantido
4124301,PR,Santo Antônio do Paraíso,Sul,48.5,43.6,43.3,51.5,53.3,4.899999999999999,-8.200000000000003,-5.200000000000003,vira
4124400,PR,Santo Antônio do Sudoeste,Sul,50.2,45.3,41.2,54.1,56.0,4.900000000000006,-12.899999999999999,-9.0,vira
4124509,PR,Santo Inácio,Sul,50.4,45.4,41.4,52.4,54.8,5.0,-11.0,-9.0,vira
4126207,PR,Sapopema,Sul,51.3,43.3,42.1,50.8,52.9,8.0,-8.699999999999996,-9.199999999999996,vira
4126256,PR,Sarandi,Sul,42.1,49.1,34.1,56.2,59.4,-7.0,-22.1,-8.0,outro
4126272,PR,Saudade do Iguaçu,Sul,56.1,39.2,45.6,47.8,49.8,16.9,-2.1999999999999957,-10.5,vira
4126306,PR,Sengés,Sul,38.4,55.7,29.2,64.2,65.8,-17.300000000000004,-35.0,-9.2,outro
4126355,PR,Serranópolis do Iguaçu,Sul,28.5,67.6,21.1,74.0,75.7,-39.099999999999994,-52.9,-7.399999999999999,outro
4126405,PR,Sertaneja,Sul,40.3,53.7,32.9,61.0,62.6,-13.400000000000006,-28.1,-7.399999999999999,outro
4126504,PR,Sertanópolis,Sul,27.1,67.2,23.0,71.3,73.1,-40.1,-48.3,-4.100000000000001,outro
4126603,PR,Siqueira Campos,Sul,46.9,44.9,36.0,54.8,57.4,2.0,-18.799999999999997,-10.899999999999999,vira
4126652,PR,Sulina,Sul,51.5,42.5,37.7,54.6,56.4,9.0,-16.9,-13.799999999999997,vira
4124608,PR,São Carlos do Ivaí,Sul,38.9,57.2,31.0,64.9,66.2,-18.300000000000004,-33.900000000000006,-7.899999999999999,outro
4124707,PR,São Jerônimo da Serra,Sul,55.3,38.2,50.0,44.2,45.6,17.099999999999994,5.799999999999997,-5.299999999999997,mantido
4125209,PR,São Jorge d'Oeste,Sul,45.6,49.7,36.7,58.2,59.5,-4.100000000000001,-21.5,-8.899999999999999,outro
4125308,PR,São Jorge do Ivaí,Sul,35.6,58.6,25.8,69.9,71.0,-23.0,-44.10000000000001,-9.8,outro
4125357,PR,São Jorge do Patrocínio,Sul,39.3,55.7,33.5,61.9,63.0,-16.400000000000006,-28.4,-5.799999999999997,outro
4125407,PR,São José da Boa Vista,Sul,35.4,58.3,29.5,62.3,64.7,-22.9,-32.8,-5.899999999999999,outro
4125456,PR,São José das Palmeiras,Sul,52.1,41.6,45.3,48.6,50.1,10.5,-3.3000000000000043,-6.800000000000004,vira
4125506,PR,São José dos Pinhais,Sul,32.0,57.8,28.2,60.8,64.7,-25.799999999999997,-32.599999999999994,-3.8000000000000007,outro
4124806,PR,São João,Sul,43.6,51.2,33.3,60.9,62.8,-7.600000000000001,-27.6,-10.300000000000004,outro
4124905,PR,São João do Caiuá,Sul,58.1,36.0,51.3,43.8,44.6,22.1,7.5,-6.800000000000004,mantido
4125001,PR,São João do Ivaí,Sul,49.0,44.4,41.4,50.9,52.2,4.600000000000001,-9.5,-7.600000000000001,vira
4125100,PR,São João do Triunfo,Sul,58.6,33.8,37.8,51.6,55.5,24.800000000000004,-13.800000000000004,-20.800000000000004,vira
4125555,PR,São Manoel do Paraná,Sul,36.1,57.2,34.6,60.3,61.5,-21.1,-25.699999999999996,-1.5,outro
4125605,PR,São Mateus do Sul,Sul,44.8,46.2,33.8,56.2,59.0,-1.4000000000000057,-22.400000000000006,-11.0,outro
4125704,PR,São Miguel do Iguaçu,Sul,36.0,59.9,30.8,64.1,66.0,-23.9,-33.3,-5.199999999999999,outro
4125753,PR,São Pedro do Iguaçu,Sul,41.7,53.7,36.5,58.6,60.0,-12.0,-22.1,-5.200000000000003,outro
4125803,PR,São Pedro do Ivaí,Sul,41.3,51.5,34.9,58.8,60.3,-10.200000000000003,-23.9,-6.399999999999999,outro
4125902,PR,São Pedro do Paraná,Sul,33.0,62.8,27.1,68.1,69.7,-29.799999999999997,-40.99999999999999,-5.899999999999999,outro
4126009,PR,São Sebastião da Amoreira,Sul,50.5,43.8,44.2,48.7,50.3,6.700000000000003,-4.5,-6.299999999999997,vira
4126108,PR,São Tomé,Sul,35.3,57.9,31.0,62.1,64.4,-22.6,-31.1,-4.299999999999997,outro
4126678,PR,Tamarana,Sul,37.6,55.1,38.4,55.0,56.6,-17.5,-16.6,0.7999999999999972,outro
4126702,PR,Tamboara,Sul,38.7,55.3,31.5,62.8,64.4,-16.599999999999994,-31.299999999999997,-7.200000000000003,outro
4126801,PR,Tapejara,Sul,39.1,56.5,32.3,62.2,63.9,-17.4,-29.900000000000006,-6.800000000000004,outro
4126900,PR,Tapira,Sul,43.4,51.6,37.9,57.6,58.9,-8.200000000000003,-19.700000000000003,-5.5,outro
4127007,PR,Teixeira Soares,Sul,39.8,52.0,30.8,60.6,62.8,-12.200000000000003,-29.8,-8.999999999999996,outro
4127106,PR,Telêmaco Borba,Sul,38.9,52.5,31.3,59.4,62.4,-13.600000000000001,-28.099999999999998,-7.599999999999998,outro
4127205,PR,Terra Boa,Sul,32.0,61.5,27.1,65.9,68.0,-29.5,-38.800000000000004,-4.899999999999999,outro
4127304,PR,Terra Rica,Sul,35.2,58.9,30.6,63.3,64.7,-23.699999999999996,-32.699999999999996,-4.600000000000001,outro
4127403,PR,Terra Roxa,Sul,30.4,65.4,26.7,68.4,70.2,-35.00000000000001,-41.7,-3.6999999999999993,outro
4127502,PR,Tibagi,Sul,48.4,43.8,38.0,53.7,56.2,4.600000000000001,-15.700000000000003,-10.399999999999999,vira
4127601,PR,Tijucas do Sul,Sul,42.5,49.0,35.2,56.2,58.5,-6.5,-21.0,-7.299999999999997,outro
4127700,PR,Toledo,Sul,29.7,62.9,26.1,66.1,69.0,-33.2,-39.99999999999999,-3.599999999999998,outro
4127809,PR,Tomazina,Sul,42.8,49.6,34.8,57.9,60.0,-6.800000000000004,-23.1,-8.0,outro
4127858,PR,Três Barras do Paraná,Sul,42.6,53.1,35.0,60.2,61.8,-10.5,-25.200000000000003,-7.600000000000001,outro
4127882,PR,Tunas do Paraná,Sul,48.8,46.4,37.7,55.8,57.5,2.3999999999999986,-18.099999999999994,-11.099999999999994,vira
4127908,PR,Tuneiras do Oeste,Sul,37.2,58.4,31.7,62.7,64.4,-21.199999999999996,-31.000000000000004,-5.5000000000000036,outro
4127957,PR,Tupãssi,Sul,26.3,69.4,22.9,72.4,74.0,-43.10000000000001,-49.50000000000001,-3.400000000000002,outro
4127965,PR,Turvo,Sul,58.2,34.8,45.9,46.7,48.4,23.400000000000006,-0.8000000000000043,-12.300000000000004,vira
4128005,PR,Ubiratã,Sul,33.7,60.5,28.8,65.3,67.2,-26.799999999999997,-36.5,-4.900000000000002,outro
4128104,PR,Umuarama,Sul,27.1,65.9,23.7,69.0,71.5,-38.800000000000004,-45.3,-3.400000000000002,outro
4128302,PR,Uniflor,Sul,51.8,43.8,44.9,50.5,52.1,8.0,-5.600000000000001,-6.899999999999999,vira
4128203,PR,União da Vitória,Sul,36.8,54.3,30.0,60.6,63.9,-17.5,-30.6,-6.799999999999997,outro
4128401,PR,Uraí,Sul,39.6,53.4,34.0,59.0,60.9,-13.799999999999997,-25.0,-5.600000000000001,outro
4128534,PR,Ventania,Sul,53.4,41.1,40.9,52.5,53.9,12.299999999999997,-11.600000000000001,-12.5,vira
4128559,PR,Vera Cruz do Oeste,Sul,37.9,57.0,32.0,63.3,64.7,-19.1,-31.299999999999997,-5.899999999999999,outro
4128609,PR,Verê,Sul,54.3,41.5,41.8,53.5,54.8,12.799999999999997,-11.700000000000003,-12.5,vira
4128658,PR,Virmond,Sul,46.0,47.5,35.1,58.1,59.6,-1.5,-23.0,-10.899999999999999,outro
4128708,PR,Vitorino,Sul,38.9,54.9,30.8,63.5,65.8,-16.0,-32.7,-8.099999999999998,outro
4128500,PR,Wenceslau Braz,Sul,34.8,58.2,29.7,62.9,65.4,-23.400000000000006,-33.2,-5.099999999999998,outro
4128807,PR,Xambrê,Sul,40.8,54.0,35.3,59.0,60.8,-13.200000000000003,-23.700000000000003,-5.5,outro
4101150,PR,Ângulo,Sul,33.2,60.3,26.9,66.0,67.5,-27.099999999999994,-39.1,-6.300000000000004,outro
3300100,RJ,Angra dos Reis,Sudeste,32.6,61.8,31.5,62.2,64.4,-29.199999999999996,-30.700000000000003,-1.1000000000000014,outro
3300159,RJ,Aperibé,Sudeste,38.8,55.8,33.2,61.7,63.1,-17.0,-28.5,-5.599999999999994,outro
3300209,RJ,Araruama,Sudeste,30.5,61.9,28.5,65.0,67.1,-31.4,-36.5,-2.0,outro
3300225,RJ,Areal,Sudeste,38.0,53.2,34.0,58.1,60.1,-15.200000000000003,-24.1,-4.0,outro
3300233,RJ,Armação dos Búzios,Sudeste,31.9,61.5,30.1,63.3,65.7,-29.6,-33.199999999999996,-1.7999999999999972,outro
3300258,RJ,Arraial do Cabo,Sudeste,34.2,59.1,32.7,60.4,62.7,-24.9,-27.699999999999996,-1.5,outro
3300407,RJ,Barra Mansa,Sudeste,43.5,48.4,39.8,52.4,55.0,-4.899999999999999,-12.600000000000001,-3.700000000000003,outro
3300308,RJ,Barra do Piraí,Sudeste,47.3,44.4,43.6,48.6,50.9,2.8999999999999986,-5.0,-3.6999999999999957,vira
3300456,RJ,Belford Roxo,Sudeste,38.9,54.8,36.3,57.3,59.4,-15.899999999999999,-21.0,-2.6000000000000014,outro
3300506,RJ,Bom Jardim,Sudeste,39.3,51.6,35.1,56.9,59.3,-12.300000000000004,-21.799999999999997,-4.199999999999996,outro
3300605,RJ,Bom Jesus do Itabapoana,Sudeste,41.9,51.9,37.7,56.1,57.9,-10.0,-18.4,-4.199999999999996,outro
3300704,RJ,Cabo Frio,Sudeste,30.9,61.9,30.3,63.1,65.2,-31.0,-32.8,-0.5999999999999979,outro
3300803,RJ,Cachoeiras de Macacu,Sudeste,37.6,56.1,34.2,59.6,61.5,-18.5,-25.4,-3.3999999999999986,outro
3300902,RJ,Cambuci,Sudeste,48.1,46.6,44.2,51.3,52.6,1.5,-7.099999999999994,-3.8999999999999986,vira
3301009,RJ,Campos dos Goytacazes,Sudeste,34.2,58.0,33.5,59.1,61.1,-23.799999999999997,-25.6,-0.7000000000000028,outro
3301108,RJ,Cantagalo,Sudeste,43.7,49.2,39.8,53.4,55.4,-5.5,-13.600000000000001,-3.9000000000000057,outro
3300936,RJ,Carapebus,Sudeste,42.0,52.7,36.8,57.8,59.4,-10.700000000000003,-21.0,-5.200000000000003,outro
3301157,RJ,Cardoso Moreira,Sudeste,37.4,57.2,31.7,62.1,63.9,-19.800000000000004,-30.400000000000002,-5.699999999999999,outro
3301207,RJ,Carmo,Sudeste,51.9,41.9,43.7,48.6,50.6,10.0,-4.899999999999999,-8.199999999999996,vira
3301306,RJ,Casimiro de Abreu,Sudeste,30.7,63.2,28.3,65.8,67.7,-32.5,-37.5,-2.3999999999999986,outro
3300951,RJ,Comendador Levy Gasparian,Sudeste,56.1,37.2,50.3,41.5,44.0,18.9,8.799999999999997,-5.800000000000004,mantido
3301405,RJ,Conceição de Macabu,Sudeste,49.6,42.9,46.7,46.3,48.0,6.700000000000003,0.4000000000000057,-2.8999999999999986,mantido
3301504,RJ,Cordeiro,Sudeste,43.4,49.6,39.3,53.4,55.5,-6.200000000000003,-14.100000000000001,-4.100000000000001,outro
3301603,RJ,Duas Barras,Sudeste,47.7,44.2,41.6,50.2,52.3,3.5,-8.600000000000001,-6.100000000000001,vira
3301702,RJ,Duque de Caxias,Sudeste,40.1,53.2,37.3,55.8,58.1,-13.100000000000001,-18.5,-2.8000000000000043,outro
3301801,RJ,Engenheiro Paulo de Frontin,Sudeste,47.1,45.3,41.4,51.1,53.3,1.8000000000000043,-9.700000000000003,-5.700000000000003,vira
3301850,RJ,Guapimirim,Sudeste,37.8,55.2,34.4,58.7,60.9,-17.400000000000006,-24.300000000000004,-3.3999999999999986,outro
3301876,RJ,Iguaba Grande,Sudeste,29.7,63.4,28.4,65.0,67.2,-33.7,-36.6,-1.3000000000000007,outro
3301900,RJ,Itaboraí,Sudeste,40.4,53.0,38.0,54.9,57.2,-12.600000000000001,-16.9,-2.3999999999999986,outro
3302007,RJ,Itaguaí,Sudeste,33.9,58.9,32.8,59.7,62.2,-25.0,-26.900000000000006,-1.1000000000000014,outro
3302056,RJ,Italva,Sudeste,33.0,61.6,27.8,67.1,68.6,-28.6,-39.3,-5.199999999999999,outro
3302106,RJ,Itaocara,Sudeste,32.6,60.9,28.9,65.4,66.8,-28.299999999999997,-36.50000000000001,-3.700000000000003,outro
3302205,RJ,Itaperuna,Sudeste,32.6,61.0,30.2,63.8,65.6,-28.4,-33.599999999999994,-2.400000000000002,outro
3302254,RJ,Itatiaia,Sudeste,41.0,51.2,35.7,56.2,59.0,-10.200000000000003,-20.5,-5.299999999999997,outro
3302270,RJ,Japeri,Sudeste,40.8,53.0,39.2,54.4,56.3,-12.200000000000003,-15.199999999999996,-1.5999999999999943,outro
3302304,RJ,Laje do Muriaé,Sudeste,57.7,37.2,53.1,41.3,42.3,20.5,11.800000000000004,-4.600000000000001,mantido
3302403,RJ,Macaé,Sudeste,42.9,49.4,40.4,52.1,54.5,-6.5,-11.700000000000003,-2.5,outro
3302452,RJ,Macuco,Sudeste,48.6,44.9,43.1,50.7,52.1,3.700000000000003,-7.600000000000001,-5.5,vira
3302502,RJ,Magé,Sudeste,38.6,55.0,35.1,57.9,60.1,-16.4,-22.799999999999997,-3.5,outro
3302601,RJ,Mangaratiba,Sudeste,34.7,58.8,32.2,62.0,64.0,-24.099999999999994,-29.799999999999997,-2.5,outro
3302700,RJ,Maricá,Sudeste,45.8,47.8,43.2,49.8,52.3,-2.0,-6.599999999999994,-2.5999999999999943,outro
3302809,RJ,Mendes,Sudeste,46.6,45.4,43.9,48.9,51.3,1.2000000000000028,-5.0,-2.700000000000003,vira
3302858,RJ,Mesquita,Sudeste,37.2,55.9,35.6,57.9,60.1,-18.699999999999996,-22.299999999999997,-1.6000000000000014,outro
3302908,RJ,Miguel Pereira,Sudeste,39.3,52.9,36.2,56.9,59.1,-13.600000000000001,-20.699999999999996,-3.0999999999999943,outro
3303005,RJ,Miracema,Sudeste,51.3,42.4,48.6,45.4,47.1,8.899999999999999,3.200000000000003,-2.6999999999999957,mantido
3303104,RJ,Natividade,Sudeste,45.5,47.5,41.8,50.4,52.7,-2.0,-8.600000000000001,-3.700000000000003,outro
3303203,RJ,Nilópolis,Sudeste,37.8,54.8,36.9,56.5,58.7,-17.0,-19.6,-0.8999999999999986,outro
3303302,RJ,Niterói,Sudeste,46.6,42.9,48.3,43.7,46.6,3.700000000000003,4.599999999999994,1.6999999999999957,mantido
3303401,RJ,Nova Friburgo,Sudeste,37.2,53.3,34.8,56.0,59.0,-16.099999999999994,-21.200000000000003,-2.4000000000000057,outro
3303500,RJ,Nova Iguaçu,Sudeste,35.8,57.3,33.7,59.5,61.8,-21.5,-25.799999999999997,-2.0999999999999943,outro
3303609,RJ,Paracambi,Sudeste,38.3,55.2,38.9,54.1,56.3,-16.900000000000006,-15.200000000000003,0.6000000000000014,outro
3303807,RJ,Paraty,Sudeste,34.7,59.1,33.1,60.5,62.6,-24.4,-27.4,-1.6000000000000014,outro
3303708,RJ,Paraíba do Sul,Sudeste,41.2,50.1,39.3,52.8,55.1,-8.899999999999999,-13.5,-1.9000000000000057,outro
3303856,RJ,Paty do Alferes,Sudeste,35.0,57.3,31.0,62.4,64.1,-22.299999999999997,-31.4,-4.0,outro
3303906,RJ,Petrópolis,Sudeste,34.0,55.2,33.6,55.9,59.3,-21.200000000000003,-22.299999999999997,-0.3999999999999986,outro
3303955,RJ,Pinheiral,Sudeste,52.0,41.0,46.6,45.6,48.2,11.0,1.0,-5.399999999999999,mantido
3304003,RJ,Piraí,Sudeste,46.1,46.3,43.0,49.6,51.9,-0.19999999999999574,-6.600000000000001,-3.1000000000000014,outro
3304102,RJ,Porciúncula,Sudeste,52.2,41.3,48.0,45.4,47.1,10.900000000000006,2.6000000000000014,-4.200000000000003,mantido
3304110,RJ,Porto Real,Sudeste,41.6,52.1,35.5,57.2,59.5,-10.5,-21.700000000000003,-6.100000000000001,outro
3304128,RJ,Quatis,Sudeste,48.2,45.3,42.4,50.8,53.0,2.9000000000000057,-8.399999999999999,-5.800000000000004,vira
3304144,RJ,Queimados,Sudeste,39.5,53.4,37.0,55.3,57.9,-13.899999999999999,-18.299999999999997,-2.5,outro
3304151,RJ,Quissamã,Sudeste,50.5,43.4,41.6,52.1,53.6,7.100000000000001,-10.5,-8.899999999999999,vira
3304201,RJ,Resende,Sudeste,35.7,55.0,31.2,59.8,62.6,-19.299999999999997,-28.599999999999998,-4.5000000000000036,outro
3304300,RJ,Rio Bonito,Sudeste,32.6,59.7,31.1,62.0,64.0,-27.1,-30.9,-1.5,outro
3304409,RJ,Rio Claro,Sudeste,48.7,44.5,45.6,47.0,49.3,4.200000000000003,-1.3999999999999986,-3.1000000000000014,vira
3304508,RJ,Rio das Flores,Sudeste,61.6,32.0,57.1,37.4,39.0,29.6,19.700000000000003,-4.5,mantido
3304524,RJ,Rio das Ostras,Sudeste,33.5,59.4,31.9,60.7,63.3,-25.9,-28.800000000000004,-1.6000000000000014,outro
3304557,RJ,Rio de Janeiro,Sudeste,43.5,47.0,43.9,47.9,50.8,-3.5,-4.0,0.3999999999999986,outro
3304607,RJ,Santa Maria Madalena,Sudeste,47.9,44.1,43.0,49.5,51.2,3.799999999999997,-6.5,-4.899999999999999,vira
3304706,RJ,Santo Antônio de Pádua,Sudeste,37.6,56.5,33.9,60.1,61.7,-18.9,-26.200000000000003,-3.700000000000003,outro
3305406,RJ,Sapucaia,Sudeste,41.5,53.0,37.4,56.7,58.4,-11.5,-19.300000000000004,-4.100000000000001,outro
3305505,RJ,Saquarema,Sudeste,32.5,60.6,29.6,64.4,66.4,-28.1,-34.800000000000004,-2.8999999999999986,outro
3305554,RJ,Seropédica,Sudeste,36.3,56.8,34.8,58.6,60.6,-20.5,-23.800000000000004,-1.5,outro
3305604,RJ,Silva Jardim,Sudeste,35.8,57.9,31.2,62.6,64.2,-22.1,-31.400000000000002,-4.599999999999998,outro
3305703,RJ,Sumidouro,Sudeste,32.7,61.9,29.4,64.8,66.5,-29.199999999999996,-35.4,-3.3000000000000043,outro
3304805,RJ,São Fidélis,Sudeste,34.1,59.9,31.7,62.5,64.3,-25.799999999999997,-30.8,-2.400000000000002,outro
3304755,RJ,São Francisco de Itabapoana,Sudeste,32.3,61.8,28.2,66.7,68.0,-29.5,-38.5,-4.099999999999998,outro
3304904,RJ,São Gonçalo,Sudeste,42.4,50.1,40.4,52.4,54.7,-7.700000000000003,-12.0,-2.0,outro
3305133,RJ,São José de Ubá,Sudeste,36.2,57.4,32.1,63.1,64.5,-21.199999999999996,-31.0,-4.100000000000001,outro
3305158,RJ,São José do Vale do Rio Preto,Sudeste,19.4,74.1,18.6,74.1,76.5,-54.699999999999996,-55.49999999999999,-0.7999999999999972,outro
3305000,RJ,São João da Barra,Sudeste,37.2,56.1,32.3,60.0,61.7,-18.9,-27.700000000000003,-4.900000000000006,outro
3305109,RJ,São João de Meriti,Sudeste,38.9,54.3,36.8,56.5,58.7,-15.399999999999999,-19.700000000000003,-2.1000000000000014,outro
3305208,RJ,São Pedro da Aldeia,Sudeste,26.3,67.1,25.6,68.0,70.1,-40.8,-42.4,-0.6999999999999993,outro
3305307,RJ,São Sebastião do Alto,Sudeste,44.5,50.0,38.1,56.8,57.7,-5.5,-18.699999999999996,-6.399999999999999,outro
3305752,RJ,Tanguá,Sudeste,40.8,53.6,37.0,56.6,58.2,-12.800000000000004,-19.6,-3.799999999999997,outro
3305802,RJ,Teresópolis,Sudeste,29.1,62.1,28.7,62.8,65.6,-33.0,-34.099999999999994,-0.40000000000000213,outro
3305901,RJ,Trajano de Moraes,Sudeste,50.2,43.2,43.9,50.1,51.2,7.0,-6.200000000000003,-6.300000000000004,vira
3306008,RJ,Três Rios,Sudeste,50.1,42.0,45.2,46.1,48.6,8.100000000000001,-0.8999999999999986,-4.899999999999999,vira
3306107,RJ,Valença,Sudeste,54.3,37.1,51.3,40.6,42.9,17.199999999999996,10.699999999999996,-3.0,mantido
3306156,RJ,Varre-Sai,Sudeste,33.5,59.9,31.2,62.6,64.3,-26.4,-31.400000000000002,-2.3000000000000007,outro
3306206,RJ,Vassouras,Sudeste,45.9,46.5,42.1,50.2,52.5,-0.6000000000000014,-8.100000000000001,-3.799999999999997,outro
3306305,RJ,Volta Redonda,Sudeste,44.5,47.1,42.1,50.1,52.9,-2.6000000000000014,-8.0,-2.3999999999999986,outro
2400109,RN,Acari,Nordeste,66.2,27.7,59.8,34.2,36.1,38.5,25.599999999999994,-6.400000000000006,mantido
2400307,RN,Afonso Bezerra,Nordeste,69.9,24.5,66.9,28.6,30.1,45.400000000000006,38.300000000000004,-3.0,mantido
2400505,RN,Alexandria,Nordeste,83.3,12.8,78.4,18.4,19.4,70.5,60.00000000000001,-4.8999999999999915,mantido
2400604,RN,Almino Afonso,Nordeste,79.8,15.7,78.5,18.2,19.5,64.1,60.3,-1.2999999999999972,mantido
2400703,RN,Alto do Rodrigues,Nordeste,78.3,17.0,75.1,19.7,21.6,61.3,55.39999999999999,-3.200000000000003,mantido
2400802,RN,Angicos,Nordeste,66.9,27.6,65.2,30.2,31.6,39.300000000000004,35.0,-1.7000000000000028,mantido
2400901,RN,Antônio Martins,Nordeste,83.8,12.9,80.1,16.8,17.5,70.89999999999999,63.3,-3.700000000000003,mantido
2401008,RN,Apodi,Nordeste,74.3,18.6,70.1,23.7,26.2,55.699999999999996,46.39999999999999,-4.200000000000003,mantido
2401107,RN,Areia Branca,Nordeste,66.4,27.6,61.9,32.2,34.7,38.800000000000004,29.699999999999996,-4.500000000000007,mantido
2401206,RN,Arês,Nordeste,68.2,26.9,62.8,33.3,34.5,41.300000000000004,29.5,-5.400000000000006,mantido
2400208,RN,Açu,Nordeste,72.4,22.3,68.4,26.5,28.4,50.10000000000001,41.900000000000006,-4.0,mantido
2401453,RN,Baraúna,Nordeste,67.6,27.7,61.4,33.5,35.1,39.89999999999999,27.9,-6.199999999999996,mantido
2401503,RN,Barcelona,Nordeste,60.4,34.4,57.2,38.6,39.7,26.0,18.6,-3.1999999999999957,mantido
2401404,RN,Baía Formosa,Nordeste,61.3,33.3,58.9,36.2,37.8,28.0,22.699999999999996,-2.3999999999999986,mantido
2401602,RN,Bento Fernandes,Nordeste,77.2,18.5,72.8,23.2,23.8,58.7,49.599999999999994,-4.400000000000006,mantido
2405306,RN,Boa Saúde,Nordeste,60.6,34.2,59.3,35.6,36.7,26.4,23.699999999999996,-1.3000000000000043,mantido
2401651,RN,Bodó,Nordeste,78.1,18.0,74.7,21.5,22.5,60.099999999999994,53.2,-3.3999999999999915,mantido
2401701,RN,Bom Jesus,Nordeste,63.0,32.7,60.8,34.4,35.6,30.299999999999997,26.4,-2.200000000000003,mantido
2401800,RN,Brejinho,Nordeste,66.9,27.3,63.1,32.2,33.3,39.60000000000001,30.9,-3.8000000000000043,mantido
2402006,RN,Caicó,Nordeste,64.4,30.2,58.9,35.1,36.7,34.2,23.799999999999997,-5.500000000000007,mantido
2401859,RN,Caiçara do Norte,Nordeste,66.3,28.6,60.2,34.9,36.6,37.699999999999996,25.300000000000004,-6.099999999999994,mantido
2401909,RN,Caiçara do Rio do Vento,Nordeste,71.9,23.3,65.3,30.3,31.1,48.60000000000001,35.0,-6.6000000000000085,mantido
2401305,RN,Campo Grande,Nordeste,69.0,25.7,66.5,29.3,30.6,43.3,37.2,-2.5,mantido
2402105,RN,Campo Redondo,Nordeste,81.2,15.3,77.0,19.9,20.9,65.9,57.1,-4.200000000000003,mantido
2402204,RN,Canguaretama,Nordeste,73.9,21.4,69.8,25.9,27.3,52.50000000000001,43.9,-4.1000000000000085,mantido
2402303,RN,Caraúbas,Nordeste,76.5,18.1,73.3,21.9,23.6,58.4,51.4,-3.200000000000003,mantido
2402501,RN,Carnaubais,Nordeste,74.8,19.3,70.9,24.2,25.9,55.5,46.7,-3.8999999999999915,mantido
2402402,RN,Carnaúba dos Dantas,Nordeste,54.4,37.5,48.3,41.8,43.8,16.9,6.5,-6.100000000000001,mantido
2402600,RN,Ceará-Mirim,Nordeste,71.1,23.6,67.7,27.5,29.0,47.49999999999999,40.2,-3.3999999999999915,mantido
2402709,RN,Cerro Corá,Nordeste,75.9,18.7,71.9,23.3,24.4,57.2,48.60000000000001,-4.0,mantido
2402808,RN,Coronel Ezequiel,Nordeste,74.9,19.0,68.6,26.6,27.8,55.900000000000006,41.99999999999999,-6.300000000000011,mantido
2402907,RN,Coronel João Pessoa,Nordeste,80.9,14.5,76.9,18.0,20.2,66.4,58.900000000000006,-4.0,mantido
2403004,RN,Cruzeta,Nordeste,74.1,20.7,67.7,27.4,28.3,53.39999999999999,40.300000000000004,-6.3999999999999915,mantido
2403103,RN,Currais Novos,Nordeste,61.3,32.5,59.3,35.0,36.6,28.799999999999997,24.299999999999997,-2.0,mantido
2403202,RN,Doutor Severiano,Nordeste,83.0,12.1,80.2,15.0,16.7,70.9,65.2,-2.799999999999997,mantido
2403301,RN,Encanto,Nordeste,84.5,12.3,77.9,18.8,20.5,72.2,59.10000000000001,-6.599999999999994,mantido
2403400,RN,Equador,Nordeste,67.5,27.4,65.6,29.2,30.5,40.1,36.39999999999999,-1.9000000000000057,mantido
2403509,RN,Espírito Santo,Nordeste,57.9,39.0,54.8,41.1,42.7,18.9,13.699999999999996,-3.1000000000000014,mantido
2403608,RN,Extremoz,Nordeste,55.8,38.6,50.4,43.7,45.7,17.199999999999996,6.699999999999996,-5.399999999999999,mantido
2403707,RN,Felipe Guerra,Nordeste,80.8,14.9,77.5,18.9,20.3,65.89999999999999,58.6,-3.299999999999997,mantido
2403756,RN,Fernando Pedroza,Nordeste,69.1,25.5,64.9,32.1,32.8,43.599999999999994,32.800000000000004,-4.199999999999989,mantido
2403806,RN,Florânia,Nordeste,73.2,21.9,68.6,26.1,27.3,51.300000000000004,42.49999999999999,-4.6000000000000085,mantido
2403905,RN,Francisco Dantas,Nordeste,80.1,15.8,74.6,20.7,22.0,64.3,53.89999999999999,-5.5,mantido
2404002,RN,Frutuoso Gomes,Nordeste,81.7,14.6,78.4,17.8,19.3,67.10000000000001,60.60000000000001,-3.299999999999997,mantido
2404101,RN,Galinhos,Nordeste,55.8,39.6,46.2,48.3,49.7,16.199999999999996,-2.0999999999999943,-9.599999999999994,vira
2404200,RN,Goianinha,Nordeste,63.0,31.8,58.9,36.5,37.7,31.2,22.4,-4.100000000000001,mantido
2404309,RN,Governador Dix-Sept Rosado,Nordeste,76.6,17.8,72.9,22.6,24.2,58.8,50.300000000000004,-3.6999999999999886,mantido
2404408,RN,Grossos,Nordeste,67.9,26.8,63.1,31.9,33.3,41.10000000000001,31.200000000000003,-4.800000000000004,mantido
2404507,RN,Guamaré,Nordeste,67.8,26.0,63.9,30.1,31.5,41.8,33.8,-3.8999999999999986,mantido
2404606,RN,Ielmo Marinho,Nordeste,66.9,28.1,65.0,29.8,30.8,38.800000000000004,35.2,-1.9000000000000057,mantido
2404705,RN,Ipanguaçu,Nordeste,80.3,16.3,73.8,22.8,24.2,64.0,51.0,-6.5,mantido
2404804,RN,Ipueira,Nordeste,76.2,18.0,71.3,24.6,25.5,58.2,46.699999999999996,-4.900000000000006,mantido
2404853,RN,Itajá,Nordeste,71.3,24.4,66.8,29.3,30.6,46.9,37.5,-4.5,mantido
2404903,RN,Itaú,Nordeste,76.2,19.0,71.4,23.8,25.4,57.2,47.60000000000001,-4.799999999999997,mantido
2405108,RN,Jandaíra,Nordeste,70.9,24.8,66.3,29.7,30.8,46.10000000000001,36.599999999999994,-4.6000000000000085,mantido
2405207,RN,Janduís,Nordeste,80.7,16.7,75.5,21.6,22.7,64.0,53.9,-5.200000000000003,mantido
2405405,RN,Japi,Nordeste,80.8,14.8,78.0,19.0,19.7,66.0,59.0,-2.799999999999997,mantido
2405504,RN,Jardim de Angicos,Nordeste,74.9,18.9,71.7,22.6,23.6,56.00000000000001,49.1,-3.200000000000003,mantido
2405603,RN,Jardim de Piranhas,Nordeste,81.0,14.7,77.5,18.3,19.9,66.3,59.2,-3.5,mantido
2405702,RN,Jardim do Seridó,Nordeste,66.3,28.0,61.5,31.9,33.7,38.3,29.6,-4.799999999999997,mantido
2405009,RN,Jaçanã,Nordeste,74.3,20.6,69.9,25.9,26.8,53.699999999999996,44.00000000000001,-4.3999999999999915,mantido
2406007,RN,José da Penha,Nordeste,84.6,11.9,81.6,15.4,16.2,72.69999999999999,66.19999999999999,-3.0,mantido
2405801,RN,João Câmara,Nordeste,70.7,24.3,67.4,27.9,29.2,46.400000000000006,39.50000000000001,-3.299999999999997,mantido
2405900,RN,João Dias,Nordeste,79.8,15.6,74.4,21.8,23.0,64.2,52.60000000000001,-5.3999999999999915,mantido
2406106,RN,Jucurutu,Nordeste,72.3,23.3,69.3,26.3,27.6,49.0,43.0,-3.0,mantido
2406155,RN,Jundiá,Nordeste,65.4,28.5,60.4,34.4,35.4,36.900000000000006,26.0,-5.000000000000007,mantido
2406502,RN,Lagoa Nova,Nordeste,72.7,22.0,67.7,27.7,29.0,50.7,40.0,-5.0,mantido
2406601,RN,Lagoa Salgada,Nordeste,71.0,23.3,64.8,31.3,32.5,47.7,33.5,-6.200000000000003,mantido
2406205,RN,Lagoa d'Anta,Nordeste,75.8,19.9,73.1,23.6,24.8,55.9,49.49999999999999,-2.700000000000003,mantido
2406304,RN,Lagoa de Pedras,Nordeste,74.5,20.0,68.7,26.3,27.7,54.5,42.400000000000006,-5.799999999999997,mantido
2406403,RN,Lagoa de Velhos,Nordeste,65.8,29.0,63.2,31.6,33.0,36.8,31.6,-2.5999999999999943,mantido
2406700,RN,Lajes,Nordeste,72.9,21.2,68.6,26.5,28.0,51.7,42.099999999999994,-4.300000000000011,mantido
2406809,RN,Lajes Pintadas,Nordeste,69.0,25.8,64.6,31.9,33.0,43.2,32.699999999999996,-4.400000000000006,mantido
2406908,RN,Lucrécia,Nordeste,81.5,14.3,77.0,19.4,21.1,67.2,57.6,-4.5,mantido
2407005,RN,Luís Gomes,Nordeste,85.1,11.2,82.8,15.1,15.9,73.89999999999999,67.7,-2.299999999999997,mantido
2407203,RN,Macau,Nordeste,75.6,18.9,74.0,20.9,22.9,56.699999999999996,53.1,-1.5999999999999943,mantido
2407104,RN,Macaíba,Nordeste,62.3,32.2,59.9,34.7,36.2,30.099999999999994,25.199999999999996,-2.3999999999999986,mantido
2407252,RN,Major Sales,Nordeste,81.5,14.3,78.2,17.6,18.9,67.2,60.6,-3.299999999999997,mantido
2407302,RN,Marcelino Vieira,Nordeste,85.5,11.2,80.8,16.6,17.7,74.3,64.19999999999999,-4.700000000000003,mantido
2407401,RN,Martins,Nordeste,75.0,20.0,72.0,24.0,25.4,55.0,48.0,-3.0,mantido
2407500,RN,Maxaranguape,Nordeste,66.4,28.8,60.8,34.5,35.4,37.60000000000001,26.299999999999997,-5.6000000000000085,mantido
2407609,RN,Messias Targino,Nordeste,72.8,23.9,67.5,28.7,30.1,48.9,38.8,-5.299999999999997,mantido
2407708,RN,Montanhas,Nordeste,75.8,19.5,71.4,24.6,25.4,56.3,46.800000000000004,-4.3999999999999915,mantido
2407807,RN,Monte Alegre,Nordeste,61.8,32.9,58.0,37.6,38.5,28.9,20.4,-3.799999999999997,mantido
2407906,RN,Monte das Gameleiras,Nordeste,68.9,26.6,60.1,35.5,36.7,42.300000000000004,24.6,-8.800000000000004,mantido
2408003,RN,Mossoró,Nordeste,61.1,32.2,56.9,36.2,38.9,28.9,20.699999999999996,-4.200000000000003,mantido
2408102,RN,Natal,Nordeste,50.1,42.0,49.0,44.2,46.5,8.100000000000001,4.799999999999997,-1.1000000000000014,mantido
2408300,RN,Nova Cruz,Nordeste,66.5,28.5,61.9,34.0,35.2,38.0,27.9,-4.600000000000001,mantido
2408201,RN,Nísia Floresta,Nordeste,58.4,37.1,54.6,40.6,42.0,21.299999999999997,14.0,-3.799999999999997,mantido
2408409,RN,Olho-d'Água do Borges,Nordeste,79.9,14.8,72.1,23.6,25.0,65.10000000000001,48.49999999999999,-7.800000000000011,mantido
2408508,RN,Ouro Branco,Nordeste,73.3,22.0,67.4,27.3,28.9,51.3,40.10000000000001,-5.8999999999999915,mantido
2408607,RN,Paraná,Nordeste,87.0,9.5,83.3,14.2,15.2,77.5,69.1,-3.700000000000003,mantido
2408805,RN,Parazinho,Nordeste,70.0,25.7,66.0,30.7,31.7,44.3,35.3,-4.0,mantido
2408706,RN,Paraú,Nordeste,71.8,23.1,67.4,28.0,29.2,48.699999999999996,39.400000000000006,-4.3999999999999915,mantido
2408904,RN,Parelhas,Nordeste,58.2,34.6,53.6,37.8,39.7,23.6,15.800000000000004,-4.600000000000001,mantido
2403251,RN,Parnamirim,Nordeste,43.7,48.7,42.1,50.9,53.4,-5.0,-8.799999999999997,-1.6000000000000014,outro
2409100,RN,Passa e Fica,Nordeste,64.1,30.2,57.4,37.6,39.0,33.89999999999999,19.799999999999997,-6.699999999999996,mantido
2409209,RN,Passagem,Nordeste,62.3,32.6,57.4,37.8,38.6,29.699999999999996,19.6,-4.899999999999999,mantido
2409308,RN,Patu,Nordeste,73.9,21.3,68.9,26.5,28.2,52.60000000000001,42.400000000000006,-5.0,mantido
2409407,RN,Pau dos Ferros,Nordeste,74.2,21.2,69.3,26.5,28.4,53.0,42.8,-4.900000000000006,mantido
2409506,RN,Pedra Grande,Nordeste,74.0,21.4,70.0,25.4,26.3,52.6,44.6,-4.0,mantido
2409605,RN,Pedra Preta,Nordeste,69.1,26.1,64.2,31.6,32.9,42.99999999999999,32.6,-4.8999999999999915,mantido
2409704,RN,Pedro Avelino,Nordeste,72.0,22.4,67.9,27.7,29.3,49.6,40.2,-4.099999999999994,mantido
2409803,RN,Pedro Velho,Nordeste,72.2,23.0,68.6,27.6,28.8,49.2,40.99999999999999,-3.6000000000000085,mantido
2409902,RN,Pendências,Nordeste,77.6,18.2,74.6,21.3,22.8,59.39999999999999,53.3,-3.0,mantido
2410009,RN,Pilões,Nordeste,86.6,10.9,82.9,14.4,15.6,75.69999999999999,68.5,-3.6999999999999886,mantido
2410207,RN,Portalegre,Nordeste,68.0,24.0,62.2,33.4,34.7,44.0,28.800000000000004,-5.799999999999997,mantido
2410256,RN,Porto do Mangue,Nordeste,77.3,17.7,74.3,20.5,22.3,59.599999999999994,53.8,-3.0,mantido
2410108,RN,Poço Branco,Nordeste,78.6,17.1,76.8,19.2,20.5,61.49999999999999,57.599999999999994,-1.7999999999999972,mantido
2410405,RN,Pureza,Nordeste,73.4,21.5,71.2,25.3,26.3,51.900000000000006,45.900000000000006,-2.200000000000003,mantido
2410504,RN,Rafael Fernandes,Nordeste,81.4,15.3,77.5,19.0,20.8,66.10000000000001,58.5,-3.9000000000000057,mantido
2410603,RN,Rafael Godeiro,Nordeste,61.6,33.4,54.3,43.2,44.4,28.200000000000003,11.099999999999994,-7.300000000000004,mantido
2410702,RN,Riacho da Cruz,Nordeste,79.5,15.9,75.2,21.9,22.9,63.6,53.300000000000004,-4.299999999999997,mantido
2410801,RN,Riacho de Santana,Nordeste,83.6,13.0,80.7,15.6,16.8,70.6,65.10000000000001,-2.8999999999999915,mantido
2410900,RN,Riachuelo,Nordeste,70.8,24.9,64.8,32.0,32.8,45.9,32.8,-6.0,mantido
2408953,RN,Rio do Fogo,Nordeste,59.8,35.3,56.0,39.6,41.0,24.5,16.4,-3.799999999999997,mantido
2411007,RN,Rodolfo Fernandes,Nordeste,77.9,16.6,66.7,29.3,30.7,61.300000000000004,37.400000000000006,-11.200000000000003,mantido
2411106,RN,Ruy Barbosa,Nordeste,54.0,41.4,50.3,46.2,47.4,12.600000000000001,4.099999999999994,-3.700000000000003,mantido
2411205,RN,Santa Cruz,Nordeste,67.7,27.3,64.0,31.4,33.0,40.400000000000006,32.6,-3.700000000000003,mantido
2409332,RN,Santa Maria,Nordeste,70.3,25.2,62.5,32.8,33.7,45.099999999999994,29.700000000000003,-7.799999999999997,mantido
2411403,RN,Santana do Matos,Nordeste,76.5,17.6,74.6,21.6,22.3,58.9,52.99999999999999,-1.9000000000000057,mantido
2411429,RN,Santana do Seridó,Nordeste,62.2,29.0,59.9,30.6,32.4,33.2,29.299999999999997,-2.3000000000000043,mantido
2411502,RN,Santo Antônio,Nordeste,70.9,24.0,68.3,27.8,29.0,46.900000000000006,40.5,-2.6000000000000085,mantido
2413102,RN,Senador Elói de Souza,Nordeste,71.3,24.6,69.1,27.7,28.5,46.699999999999996,41.39999999999999,-2.200000000000003,mantido
2413201,RN,Senador Georgino Avelino,Nordeste,65.9,29.1,59.8,35.5,36.8,36.800000000000004,24.299999999999997,-6.1000000000000085,mantido
2410306,RN,Serra Caiada,Nordeste,69.0,26.9,67.0,29.8,30.6,42.1,37.2,-2.0,mantido
2413409,RN,Serra Negra do Norte,Nordeste,68.3,27.3,55.2,40.8,42.0,41.0,14.400000000000006,-13.099999999999994,mantido
2413300,RN,Serra de São Bento,Nordeste,70.3,24.3,64.1,32.2,33.2,46.0,31.89999999999999,-6.200000000000003,mantido
2413359,RN,Serra do Mel,Nordeste,62.4,31.9,57.4,36.7,39.0,30.5,20.699999999999996,-5.0,mantido
2413508,RN,Serrinha,Nordeste,69.1,24.9,65.5,29.9,30.7,44.199999999999996,35.6,-3.5999999999999943,mantido
2413557,RN,Serrinha dos Pintos,Nordeste,81.5,14.6,77.4,19.2,20.1,66.9,58.2,-4.099999999999994,mantido
2413607,RN,Severiano Melo,Nordeste,79.0,14.9,74.2,21.8,23.0,64.1,52.400000000000006,-4.799999999999997,mantido
2411601,RN,São Bento do Norte,Nordeste,73.8,20.7,66.7,27.6,29.0,53.099999999999994,39.1,-7.099999999999994,mantido
2411700,RN,São Bento do Trairí,Nordeste,72.9,22.0,69.2,26.3,27.3,50.900000000000006,42.900000000000006,-3.700000000000003,mantido
2411809,RN,São Fernando,Nordeste,71.6,22.9,66.1,28.6,30.3,48.699999999999996,37.49999999999999,-5.5,mantido
2411908,RN,São Francisco do Oeste,Nordeste,75.5,17.7,72.6,22.6,24.2,57.8,49.99999999999999,-2.9000000000000057,mantido
2412005,RN,São Gonçalo do Amarante,Nordeste,57.7,36.4,53.9,39.8,41.7,21.300000000000004,14.100000000000001,-3.8000000000000043,mantido
2412203,RN,São José de Mipibu,Nordeste,61.8,32.8,57.2,37.6,39.2,29.0,19.6,-4.599999999999994,mantido
2412302,RN,São José do Campestre,Nordeste,65.1,30.8,66.2,30.4,31.4,34.3,35.800000000000004,1.1000000000000085,mantido
2412401,RN,São José do Seridó,Nordeste,74.5,19.8,67.4,25.8,27.2,54.7,41.60000000000001,-7.099999999999994,mantido
2412104,RN,São João do Sabugi,Nordeste,73.4,20.2,69.0,26.2,27.5,53.2,42.8,-4.400000000000006,mantido
2412500,RN,São Miguel,Nordeste,79.2,15.6,73.0,22.4,24.1,63.6,50.6,-6.200000000000003,mantido
2412559,RN,São Miguel do Gostoso,Nordeste,65.7,29.5,60.6,34.6,35.8,36.2,26.0,-5.100000000000001,mantido
2412609,RN,São Paulo do Potengi,Nordeste,55.8,39.0,51.4,44.0,45.2,16.799999999999997,7.399999999999999,-4.399999999999999,mantido
2412708,RN,São Pedro,Nordeste,70.7,24.6,66.1,29.6,30.4,46.1,36.49999999999999,-4.6000000000000085,mantido
2412807,RN,São Rafael,Nordeste,70.1,24.1,67.3,27.9,29.5,45.99999999999999,39.4,-2.799999999999997,mantido
2412906,RN,São Tomé,Nordeste,55.3,40.6,53.2,43.6,44.3,14.699999999999996,9.600000000000001,-2.0999999999999943,mantido
2413003,RN,São Vicente,Nordeste,69.7,25.5,67.3,27.8,29.2,44.2,39.5,-2.4000000000000057,mantido
2413706,RN,Sítio Novo,Nordeste,79.2,16.8,74.7,21.4,22.4,62.400000000000006,53.300000000000004,-4.5,mantido
2413805,RN,Taboleiro Grande,Nordeste,74.3,21.3,71.3,23.9,25.4,53.0,47.4,-3.0,mantido
2413904,RN,Taipu,Nordeste,76.5,18.2,73.6,21.8,23.1,58.3,51.8,-2.9000000000000057,mantido
2414001,RN,Tangará,Nordeste,64.3,30.2,60.5,34.7,36.3,34.099999999999994,25.799999999999997,-3.799999999999997,mantido
2414100,RN,Tenente Ananias,Nordeste,75.9,20.7,65.0,32.1,33.0,55.2,32.9,-10.900000000000006,mantido
2414159,RN,Tenente Laurentino Cruz,Nordeste,71.0,23.9,66.2,28.8,30.3,47.1,37.400000000000006,-4.799999999999997,mantido
2411056,RN,Tibau,Nordeste,66.6,28.7,57.5,37.5,38.9,37.89999999999999,20.0,-9.099999999999994,mantido
2414209,RN,Tibau do Sul,Nordeste,64.4,31.2,58.1,38.0,39.3,33.2,20.1,-6.300000000000004,mantido
2414308,RN,Timbaúba dos Batistas,Nordeste,68.7,27.1,64.0,31.5,32.6,41.6,32.5,-4.700000000000003,mantido
2414407,RN,Touros,Nordeste,62.4,33.1,59.2,36.4,37.6,29.299999999999997,22.800000000000004,-3.1999999999999957,mantido
2414456,RN,Triunfo Potiguar,Nordeste,69.5,26.6,63.4,32.3,33.2,42.9,31.1,-6.100000000000001,mantido
2414506,RN,Umarizal,Nordeste,78.2,17.0,75.3,21.0,22.4,61.2,54.3,-2.9000000000000057,mantido
2414605,RN,Upanema,Nordeste,59.7,34.7,57.2,38.3,39.9,25.0,18.900000000000006,-2.5,mantido
2414753,RN,Venha-Ver,Nordeste,84.9,10.7,77.3,18.5,20.0,74.2,58.8,-7.6000000000000085,mantido
2414803,RN,Vera Cruz,Nordeste,65.6,28.8,63.4,31.9,32.8,36.8,31.5,-2.1999999999999957,mantido
2415008,RN,Vila Flor,Nordeste,73.9,22.2,69.0,27.6,28.6,51.7,41.4,-4.900000000000006,mantido
2414902,RN,Viçosa,Nordeste,76.9,18.0,72.6,24.0,25.4,58.900000000000006,48.599999999999994,-4.300000000000011,mantido
2414704,RN,Várzea,Nordeste,64.9,30.7,60.9,35.2,36.3,34.2,25.699999999999996,-4.000000000000007,mantido
2400406,RN,Água Nova,Nordeste,85.1,10.8,77.9,17.0,18.8,74.3,60.900000000000006,-7.199999999999989,mantido
1100015,RO,Alta Floresta D'Oeste,Norte,29.0,65.9,25.2,70.1,71.4,-36.900000000000006,-44.89999999999999,-3.8000000000000007,outro
1100379,RO,Alto Alegre dos Parecis,Norte,31.1,63.0,28.0,67.2,68.5,-31.9,-39.2,-3.1000000000000014,outro
1100403,RO,Alto Paraíso,Norte,24.3,71.6,18.9,77.1,78.4,-47.3,-58.199999999999996,-5.400000000000002,outro
1100346,RO,Alvorada D'Oeste,Norte,34.8,58.9,31.3,63.2,64.3,-24.1,-31.900000000000002,-3.4999999999999964,outro
1100023,RO,Ariquemes,Norte,21.0,73.5,18.2,76.3,78.4,-52.5,-58.099999999999994,-2.8000000000000007,outro
1100452,RO,Buritis,Norte,20.9,74.6,16.5,78.9,80.1,-53.699999999999996,-62.400000000000006,-4.399999999999999,outro
1100031,RO,Cabixi,Norte,32.3,62.8,27.0,68.4,69.5,-30.5,-41.400000000000006,-5.299999999999997,outro
1100601,RO,Cacaulândia,Norte,24.7,70.0,19.7,75.1,76.8,-45.3,-55.39999999999999,-5.0,outro
1100049,RO,Cacoal,Norte,24.0,69.5,22.5,70.2,72.6,-45.5,-47.7,-1.5,outro
1100700,RO,Campo Novo de Rondônia,Norte,27.3,66.8,21.8,72.4,74.1,-39.5,-50.60000000000001,-5.5,outro
1100809,RO,Candeias do Jamari,Norte,38.3,55.7,32.0,61.3,63.3,-17.400000000000006,-29.299999999999997,-6.299999999999997,outro
1100908,RO,Castanheiras,Norte,39.4,54.9,33.1,60.9,62.7,-15.5,-27.799999999999997,-6.299999999999997,outro
1100056,RO,Cerejeiras,Norte,19.9,74.7,17.6,77.6,79.3,-54.800000000000004,-59.99999999999999,-2.299999999999997,outro
1100924,RO,Chupinguaia,Norte,33.5,62.4,26.4,69.6,70.7,-28.9,-43.199999999999996,-7.100000000000001,outro
1100064,RO,Colorado do Oeste,Norte,26.1,68.2,22.6,71.5,73.3,-42.1,-48.9,-3.5,outro
1100072,RO,Corumbiara,Norte,35.4,58.1,29.3,65.5,66.9,-22.700000000000003,-36.2,-6.099999999999998,outro
1100080,RO,Costa Marques,Norte,37.8,57.6,32.1,63.9,65.3,-19.800000000000004,-31.799999999999997,-5.699999999999996,outro
1100940,RO,Cujubim,Norte,23.3,72.3,17.5,78.4,79.7,-49.0,-60.900000000000006,-5.800000000000001,outro
1100098,RO,Espigão D'Oeste,Norte,24.1,70.6,19.6,74.6,76.2,-46.49999999999999,-54.99999999999999,-4.5,outro
1101005,RO,Governador Jorge Teixeira,Norte,29.2,64.6,23.8,70.1,71.8,-35.39999999999999,-46.3,-5.399999999999999,outro
1100106,RO,Guajará-Mirim,Norte,34.2,59.1,36.5,58.4,60.2,-24.9,-21.9,2.299999999999997,outro
1101104,RO,Itapuã do Oeste,Norte,38.2,55.5,27.8,64.8,66.4,-17.299999999999997,-37.0,-10.400000000000002,outro
1100114,RO,Jaru,Norte,23.4,71.0,20.0,74.2,76.3,-47.6,-54.2,-3.3999999999999986,outro
1100122,RO,Ji-Paraná,Norte,24.2,69.8,22.5,71.3,73.6,-45.599999999999994,-48.8,-1.6999999999999993,outro
1100130,RO,Machadinho D'Oeste,Norte,29.2,65.4,23.9,70.9,72.3,-36.2,-47.00000000000001,-5.300000000000001,outro
1101203,RO,Ministro Andreazza,Norte,34.0,60.6,30.6,64.3,65.7,-26.6,-33.699999999999996,-3.3999999999999986,outro
1101302,RO,Mirante da Serra,Norte,36.6,58.2,32.7,61.6,63.3,-21.6,-28.9,-3.8999999999999986,outro
1101401,RO,Monte Negro,Norte,25.4,69.4,21.6,73.0,74.4,-44.00000000000001,-51.4,-3.799999999999997,outro
1100148,RO,Nova Brasilândia D'Oeste,Norte,27.1,67.3,24.2,70.2,71.6,-40.199999999999996,-46.0,-2.900000000000002,outro
1100338,RO,Nova Mamoré,Norte,23.1,73.2,18.6,78.3,79.4,-50.1,-59.699999999999996,-4.5,outro
1101435,RO,Nova União,Norte,43.1,52.5,38.2,56.7,58.2,-9.399999999999999,-18.5,-4.899999999999999,outro
1100502,RO,Novo Horizonte do Oeste,Norte,34.9,58.8,30.4,63.7,65.2,-23.9,-33.300000000000004,-4.5,outro
1100155,RO,Ouro Preto do Oeste,Norte,28.0,66.0,24.1,70.0,71.9,-38.0,-45.9,-3.8999999999999986,outro
1101450,RO,Parecis,Norte,39.2,55.1,32.5,60.8,62.4,-15.899999999999999,-28.299999999999997,-6.700000000000003,outro
1100189,RO,Pimenta Bueno,Norte,24.8,69.8,21.7,72.5,74.3,-45.0,-50.8,-3.1000000000000014,outro
1101468,RO,Pimenteiras do Oeste,Norte,33.9,60.8,27.9,68.3,69.0,-26.9,-40.4,-6.0,outro
1100205,RO,Porto Velho,Norte,34.2,56.8,31.7,59.4,62.3,-22.599999999999994,-27.7,-2.5000000000000036,outro
1100254,RO,Presidente Médici,Norte,25.8,67.7,23.7,70.1,72.0,-41.900000000000006,-46.39999999999999,-2.1000000000000014,outro
1101476,RO,Primavera de Rondônia,Norte,26.5,67.7,22.2,71.7,73.5,-41.2,-49.5,-4.300000000000001,outro
1100262,RO,Rio Crespo,Norte,25.4,69.6,20.5,75.4,76.4,-44.199999999999996,-54.900000000000006,-4.899999999999999,outro
1100288,RO,Rolim de Moura,Norte,26.0,67.9,22.9,70.4,72.5,-41.900000000000006,-47.50000000000001,-3.1000000000000014,outro
1100296,RO,Santa Luzia D'Oeste,Norte,33.0,60.2,30.5,63.6,65.3,-27.200000000000003,-33.1,-2.5,outro
1101500,RO,Seringueiras,Norte,34.0,60.8,29.1,66.2,67.4,-26.799999999999997,-37.1,-4.899999999999999,outro
1101484,RO,São Felipe D'Oeste,Norte,30.4,61.7,28.7,65.3,66.7,-31.300000000000004,-36.599999999999994,-1.6999999999999993,outro
1101492,RO,São Francisco do Guaporé,Norte,28.6,66.9,22.2,72.3,73.7,-38.300000000000004,-50.099999999999994,-6.400000000000002,outro
1100320,RO,São Miguel do Guaporé,Norte,31.6,62.2,27.6,66.5,68.3,-30.6,-38.9,-4.0,outro
1101559,RO,Teixeirópolis,Norte,37.2,58.7,33.3,62.4,63.5,-21.5,-29.1,-3.9000000000000057,outro
1101609,RO,Theobroma,Norte,31.5,62.0,27.7,67.1,68.1,-30.5,-39.39999999999999,-3.8000000000000007,outro
1101708,RO,Urupá,Norte,32.6,61.9,28.4,66.7,68.0,-29.299999999999997,-38.300000000000004,-4.200000000000003,outro
1101757,RO,Vale do Anari,Norte,28.1,65.8,25.0,69.3,70.4,-37.699999999999996,-44.3,-3.1000000000000014,outro
1101807,RO,Vale do Paraíso,Norte,34.9,59.9,31.4,63.7,65.2,-25.0,-32.300000000000004,-3.5,outro
1100304,RO,Vilhena,Norte,22.2,71.9,19.4,74.4,76.7,-49.7,-55.00000000000001,-2.8000000000000007,outro
1400050,RR,Alto Alegre,Norte,26.0,67.6,23.9,71.6,72.9,-41.599999999999994,-47.699999999999996,-2.1000000000000014,outro
1400027,RR,Amajari,Norte,21.8,73.0,22.5,73.1,74.2,-51.2,-50.599999999999994,0.6999999999999993,outro
1400100,RR,Boa Vista,Norte,19.1,72.3,19.2,73.4,76.2,-53.199999999999996,-54.2,0.09999999999999787,outro
1400159,RR,Bonfim,Norte,30.7,64.9,30.7,66.4,67.3,-34.2,-35.7,0.0,outro
1400175,RR,Cantá,Norte,26.4,66.8,25.5,69.9,71.2,-40.4,-44.400000000000006,-0.8999999999999986,outro
1400209,RR,Caracaraí,Norte,28.1,66.0,24.5,70.6,72.2,-37.9,-46.099999999999994,-3.6000000000000014,outro
1400233,RR,Caroebe,Norte,19.5,75.4,18.6,77.1,78.5,-55.900000000000006,-58.49999999999999,-0.8999999999999986,outro
1400282,RR,Iracema,Norte,29.5,64.6,21.6,73.3,74.4,-35.099999999999994,-51.699999999999996,-7.899999999999999,outro
1400308,RR,Mucajaí,Norte,21.9,73.1,17.2,78.6,79.8,-51.199999999999996,-61.39999999999999,-4.699999999999999,outro
1400407,RR,Normandia,Norte,40.9,56.1,43.1,53.8,54.6,-15.200000000000003,-10.699999999999996,2.200000000000003,outro
1400456,RR,Pacaraima,Norte,34.2,61.5,38.6,58.2,59.4,-27.299999999999997,-19.6,4.399999999999999,outro
1400472,RR,Rorainópolis,Norte,27.0,67.4,22.5,72.6,74.4,-40.400000000000006,-50.099999999999994,-4.5,outro
1400506,RR,São João da Baliza,Norte,33.0,60.8,24.4,70.2,71.9,-27.799999999999997,-45.800000000000004,-8.600000000000001,outro
1400605,RR,São Luiz,Norte,28.9,65.5,24.9,70.5,71.9,-36.6,-45.6,-4.0,outro
1400704,RR,Uiramutã,Norte,66.6,31.6,69.0,29.9,30.2,34.99999999999999,39.1,2.4000000000000057,mantido
4300034,RS,Aceguá,Sul,40.5,53.2,31.7,61.0,62.9,-12.700000000000003,-29.3,-8.8,outro
4300109,RS,Agudo,Sul,41.6,50.1,28.2,62.9,65.9,-8.5,-34.7,-13.400000000000002,outro
4300208,RS,Ajuricaba,Sul,33.2,58.8,24.4,68.6,70.7,-25.599999999999994,-44.199999999999996,-8.800000000000004,outro
4300307,RS,Alecrim,Sul,46.0,46.0,39.9,51.4,53.5,0.0,-11.5,-6.100000000000001,outro
4300406,RS,Alegrete,Sul,50.9,40.0,44.0,47.6,49.8,10.899999999999999,-3.6000000000000014,-6.899999999999999,vira
4300455,RS,Alegria,Sul,47.8,45.6,38.6,55.6,56.7,2.1999999999999957,-17.0,-9.199999999999996,vira
4300471,RS,Almirante Tamandaré do Sul,Sul,38.1,52.8,25.0,66.3,68.8,-14.699999999999996,-41.3,-13.100000000000001,outro
4300505,RS,Alpestre,Sul,50.9,42.7,36.5,58.5,60.0,8.199999999999996,-22.0,-14.399999999999999,vira
4300554,RS,Alto Alegre,Sul,39.0,47.2,32.5,58.6,61.1,-8.200000000000003,-26.1,-6.5,outro
4300570,RS,Alto Feliz,Sul,23.0,65.2,18.4,69.7,72.2,-42.2,-51.300000000000004,-4.600000000000001,outro
4300604,RS,Alvorada,Sul,48.4,42.4,43.4,47.1,50.7,6.0,-3.700000000000003,-5.0,vira
4300638,RS,Amaral Ferrador,Sul,49.1,41.2,37.3,56.6,58.4,7.899999999999999,-19.300000000000004,-11.800000000000004,vira
4300646,RS,Ametista do Sul,Sul,44.8,50.5,32.2,64.1,65.4,-5.700000000000003,-31.89999999999999,-12.599999999999994,outro
4300661,RS,André da Rocha,Sul,30.5,61.4,20.3,72.6,73.3,-30.9,-52.3,-10.2,outro
4300703,RS,Anta Gorda,Sul,17.1,76.5,12.4,80.7,82.6,-59.4,-68.3,-4.700000000000001,outro
4300802,RS,Antônio Prado,Sul,18.7,73.5,14.6,78.7,80.9,-54.8,-64.10000000000001,-4.1,outro
4300851,RS,Arambaré,Sul,45.7,46.1,36.8,55.4,57.5,-0.3999999999999986,-18.6,-8.900000000000006,outro
4300877,RS,Araricá,Sul,35.2,59.6,27.5,66.0,68.3,-24.4,-38.5,-7.700000000000003,outro
4300901,RS,Aratiba,Sul,42.5,52.4,32.3,60.1,62.3,-9.899999999999999,-27.800000000000004,-10.200000000000003,outro
4301305,RS,Arroio Grande,Sul,60.5,31.4,49.6,42.3,44.6,29.1,7.300000000000004,-10.899999999999999,mantido
4301008,RS,Arroio do Meio,Sul,30.5,60.4,23.7,66.5,69.6,-29.9,-42.8,-6.800000000000001,outro
4301073,RS,Arroio do Padre,Sul,16.1,76.9,10.7,82.5,83.9,-60.800000000000004,-71.8,-5.400000000000002,outro
4301057,RS,Arroio do Sal,Sul,34.4,55.5,30.7,59.6,62.7,-21.1,-28.900000000000002,-3.6999999999999993,outro
4301206,RS,Arroio do Tigre,Sul,42.3,50.3,27.6,65.4,67.5,-8.0,-37.800000000000004,-14.699999999999996,outro
4301107,RS,Arroio dos Ratos,Sul,53.3,38.3,47.4,43.9,47.0,15.0,3.5,-5.899999999999999,mantido
4301404,RS,Arvorezinha,Sul,33.6,61.1,22.6,71.7,73.4,-27.5,-49.1,-11.0,outro
4301503,RS,Augusto Pestana,Sul,31.1,62.2,21.9,72.4,74.0,-31.1,-50.50000000000001,-9.200000000000003,outro
4301602,RS,Bagé,Sul,52.3,39.5,45.6,46.0,48.6,12.799999999999997,-0.3999999999999986,-6.699999999999996,vira
4301636,RS,Balneário Pinhal,Sul,46.0,44.8,41.3,50.9,53.2,1.2000000000000028,-9.600000000000001,-4.700000000000003,vira
4301958,RS,Barra Funda,Sul,38.4,49.9,29.9,63.4,65.1,-11.5,-33.5,-8.5,outro
4301859,RS,Barra do Guarita,Sul,54.8,41.5,46.0,49.8,51.1,13.299999999999997,-3.799999999999997,-8.799999999999997,vira
4301875,RS,Barra do Quaraí,Sul,56.7,38.0,46.1,46.8,49.3,18.700000000000003,-0.6999999999999957,-10.600000000000001,vira
4301909,RS,Barra do Ribeiro,Sul,45.9,44.8,37.6,53.5,56.1,1.1000000000000014,-15.899999999999999,-8.299999999999997,vira
4301925,RS,Barra do Rio Azul,Sul,45.4,46.9,32.2,57.4,59.2,-1.5,-25.199999999999996,-13.199999999999996,outro
4301800,RS,Barracão,Sul,48.9,44.8,38.3,56.5,58.4,4.100000000000001,-18.200000000000003,-10.600000000000001,vira
4302006,RS,Barros Cassal,Sul,53.0,39.0,34.3,58.9,60.7,14.0,-24.6,-18.700000000000003,vira
4301651,RS,Barão,Sul,27.0,63.4,19.7,70.9,73.5,-36.4,-51.2,-7.300000000000001,outro
4301701,RS,Barão de Cotegipe,Sul,38.3,55.0,28.9,64.9,66.5,-16.700000000000003,-36.00000000000001,-9.399999999999999,outro
4301750,RS,Barão do Triunfo,Sul,37.3,52.2,22.0,68.1,71.0,-14.900000000000006,-46.099999999999994,-15.299999999999997,outro
4302055,RS,Benjamin Constant do Sul,Sul,61.8,35.2,54.2,42.5,43.7,26.599999999999994,11.700000000000003,-7.599999999999994,mantido
4302105,RS,Bento Gonçalves,Sul,23.6,69.1,19.7,72.8,75.8,-45.49999999999999,-53.099999999999994,-3.900000000000002,outro
4302154,RS,Boa Vista das Missões,Sul,50.7,42.9,41.1,55.0,55.9,7.800000000000004,-13.899999999999999,-9.600000000000001,vira
4302204,RS,Boa Vista do Buricá,Sul,34.8,58.4,22.4,68.5,70.8,-23.6,-46.1,-12.399999999999999,outro
4302220,RS,Boa Vista do Cadeado,Sul,32.7,59.7,21.8,73.2,74.6,-27.0,-51.400000000000006,-10.900000000000002,outro
4302238,RS,Boa Vista do Incra,Sul,41.2,53.2,27.9,66.2,68.2,-12.0,-38.300000000000004,-13.300000000000004,outro
4302253,RS,Boa Vista do Sul,Sul,24.7,65.4,17.1,75.2,76.7,-40.7,-58.1,-7.599999999999998,outro
4302303,RS,Bom Jesus,Sul,49.0,43.5,36.7,56.7,58.3,5.5,-20.0,-12.299999999999997,vira
4302352,RS,Bom Princípio,Sul,22.0,70.6,15.6,75.9,78.6,-48.599999999999994,-60.300000000000004,-6.4,outro
4302378,RS,Bom Progresso,Sul,53.0,42.5,44.9,50.8,52.2,10.5,-5.899999999999999,-8.100000000000001,vira
4302402,RS,Bom Retiro do Sul,Sul,35.6,57.5,27.3,64.3,67.1,-21.9,-37.0,-8.3,outro
4302451,RS,Boqueirão do Leão,Sul,45.7,46.4,30.1,62.0,65.0,-0.6999999999999957,-31.9,-15.600000000000001,outro
4302501,RS,Bossoroca,Sul,56.9,35.6,47.8,47.0,48.0,21.299999999999997,0.7999999999999972,-9.100000000000001,mantido
4302584,RS,Bozano,Sul,35.1,59.4,22.8,71.9,72.8,-24.299999999999997,-49.10000000000001,-12.3,outro
4302600,RS,Braga,Sul,59.8,34.7,49.7,45.5,46.5,25.099999999999994,4.200000000000003,-10.099999999999994,mantido
4302659,RS,Brochier,Sul,36.6,50.5,25.9,59.5,63.1,-13.899999999999999,-33.6,-10.700000000000003,outro
4302709,RS,Butiá,Sul,55.2,36.5,48.7,43.8,45.9,18.700000000000003,4.900000000000006,-6.5,mantido
4302907,RS,Cacequi,Sul,54.7,39.4,44.2,49.8,51.6,15.300000000000004,-5.599999999999994,-10.5,vira
4303004,RS,Cachoeira do Sul,Sul,38.6,51.8,33.2,57.6,60.6,-13.199999999999996,-24.4,-5.399999999999999,outro
4303103,RS,Cachoeirinha,Sul,39.4,50.6,34.8,54.8,58.4,-11.200000000000003,-20.0,-4.600000000000001,outro
4303202,RS,Cacique Doble,Sul,40.1,54.4,31.9,62.9,64.5,-14.299999999999997,-31.0,-8.200000000000003,outro
4303301,RS,Caibaté,Sul,52.4,41.3,42.0,51.8,53.2,11.100000000000001,-9.799999999999997,-10.399999999999999,vira
4303400,RS,Caiçara,Sul,39.3,51.9,29.4,65.3,66.6,-12.600000000000001,-35.9,-9.899999999999999,outro
4303509,RS,Camaquã,Sul,40.0,52.1,30.8,60.7,63.4,-12.100000000000001,-29.900000000000002,-9.2,outro
4303558,RS,Camargo,Sul,36.9,57.4,26.2,68.5,70.2,-20.5,-42.3,-10.7,outro
4303608,RS,Cambará do Sul,Sul,34.5,59.5,24.2,69.2,71.1,-25.0,-45.0,-10.3,outro
4303673,RS,Campestre da Serra,Sul,18.9,74.6,14.3,80.0,81.8,-55.699999999999996,-65.7,-4.599999999999998,outro
4303707,RS,Campina das Missões,Sul,43.0,49.6,31.3,60.1,62.4,-6.600000000000001,-28.8,-11.7,outro
4303806,RS,Campinas do Sul,Sul,26.0,67.6,18.7,77.0,78.3,-41.599999999999994,-58.3,-7.300000000000001,outro
4303905,RS,Campo Bom,Sul,31.3,60.5,26.2,65.4,68.6,-29.2,-39.2,-5.100000000000001,outro
4304002,RS,Campo Novo,Sul,51.4,44.4,42.9,53.4,54.6,7.0,-10.5,-8.5,vira
4304101,RS,Campos Borges,Sul,40.2,45.5,33.0,59.5,61.7,-5.299999999999997,-26.5,-7.200000000000003,outro
4304200,RS,Candelária,Sul,41.0,51.3,29.2,62.6,65.6,-10.299999999999997,-33.400000000000006,-11.8,outro
4304358,RS,Candiota,Sul,66.0,26.5,57.8,35.8,37.8,39.5,22.0,-8.200000000000003,mantido
4304408,RS,Canela,Sul,32.3,58.4,25.8,65.5,68.6,-26.1,-39.7,-6.4999999999999964,outro
4304507,RS,Canguçu,Sul,40.1,49.6,29.4,61.6,64.0,-9.5,-32.2,-10.700000000000003,outro
4304606,RS,Canoas,Sul,42.9,46.8,38.1,51.3,55.4,-3.8999999999999986,-13.199999999999996,-4.799999999999997,outro
4304614,RS,Canudos do Vale,Sul,55.7,36.3,34.8,53.2,56.4,19.400000000000006,-18.400000000000006,-20.900000000000006,vira
4304689,RS,Capela de Santana,Sul,45.0,48.1,36.7,54.4,57.1,-3.1000000000000014,-17.699999999999996,-8.299999999999997,outro
4304697,RS,Capitão,Sul,37.8,52.8,23.7,67.0,69.0,-15.0,-43.3,-14.099999999999998,outro
4304671,RS,Capivari do Sul,Sul,40.4,49.9,28.8,64.3,66.0,-9.5,-35.5,-11.599999999999998,outro
4304622,RS,Capão Bonito do Sul,Sul,48.3,43.4,38.0,56.2,57.5,4.899999999999999,-18.200000000000003,-10.299999999999997,vira
4304630,RS,Capão da Canoa,Sul,34.9,57.4,28.4,63.2,66.5,-22.5,-34.800000000000004,-6.5,outro
4304655,RS,Capão do Cipó,Sul,55.4,38.4,44.6,49.1,50.6,17.0,-4.5,-10.799999999999997,vira
4304663,RS,Capão do Leão,Sul,54.6,35.8,46.2,43.5,46.8,18.800000000000004,2.700000000000003,-8.399999999999999,mantido
4304705,RS,Carazinho,Sul,39.6,52.0,30.5,62.3,64.5,-12.399999999999999,-31.799999999999997,-9.100000000000001,outro
4304713,RS,Caraá,Sul,43.6,45.6,36.2,54.1,56.0,-2.0,-17.9,-7.399999999999999,outro
4304804,RS,Carlos Barbosa,Sul,24.3,65.2,18.9,70.6,74.2,-40.900000000000006,-51.699999999999996,-5.400000000000002,outro
4304853,RS,Carlos Gomes,Sul,49.9,44.5,34.5,58.2,60.6,5.399999999999999,-23.700000000000003,-15.399999999999999,vira
4304903,RS,Casca,Sul,27.6,64.6,18.5,74.4,76.4,-36.99999999999999,-55.900000000000006,-9.100000000000001,outro
4304952,RS,Caseiros,Sul,40.1,52.4,28.3,65.8,67.7,-12.299999999999997,-37.5,-11.8,outro
4305009,RS,Catuípe,Sul,40.8,50.6,32.6,61.0,62.5,-9.800000000000004,-28.4,-8.199999999999996,outro
4305108,RS,Caxias do Sul,Sul,31.8,57.5,26.9,62.7,66.5,-25.7,-35.800000000000004,-4.900000000000002,outro
4302808,RS,Caçapava do Sul,Sul,59.1,30.2,50.7,39.3,41.7,28.900000000000002,11.400000000000006,-8.399999999999999,mantido
4305116,RS,Centenário,Sul,45.0,49.6,32.8,59.4,61.0,-4.600000000000001,-26.6,-12.200000000000003,outro
4305124,RS,Cerrito,Sul,57.2,33.0,46.9,44.2,46.3,24.200000000000003,2.6999999999999957,-10.300000000000004,mantido
4305132,RS,Cerro Branco,Sul,39.9,51.6,28.9,63.2,65.6,-11.700000000000003,-34.300000000000004,-11.0,outro
4305157,RS,Cerro Grande,Sul,58.7,33.5,46.9,45.6,47.3,25.200000000000003,1.2999999999999972,-11.800000000000004,mantido
4305173,RS,Cerro Grande do Sul,Sul,47.5,44.7,32.5,60.3,62.4,2.799999999999997,-27.799999999999997,-15.0,vira
4305207,RS,Cerro Largo,Sul,48.6,43.4,38.9,52.9,55.4,5.200000000000003,-14.0,-9.700000000000003,vira
4305306,RS,Chapada,Sul,37.0,54.8,26.8,64.4,67.2,-17.799999999999997,-37.60000000000001,-10.2,outro
4305355,RS,Charqueadas,Sul,52.7,38.4,46.7,43.6,46.8,14.300000000000004,3.1000000000000014,-6.0,mantido
4305371,RS,Charrua,Sul,47.4,46.7,42.2,54.8,55.4,0.6999999999999957,-12.599999999999994,-5.199999999999996,vira
4305405,RS,Chiapetta,Sul,44.3,49.1,32.4,63.0,64.6,-4.800000000000004,-30.6,-11.899999999999999,outro
4305447,RS,Chuvisca,Sul,33.7,58.3,18.9,71.4,75.5,-24.599999999999994,-52.50000000000001,-14.800000000000004,outro
4305439,RS,Chuí,Sul,63.1,29.2,53.1,37.3,40.1,33.900000000000006,15.800000000000004,-10.0,mantido
4305454,RS,Cidreira,Sul,48.0,42.9,43.8,47.7,50.0,5.100000000000001,-3.9000000000000057,-4.200000000000003,vira
4305504,RS,Ciríaco,Sul,41.3,51.1,30.9,63.8,65.4,-9.800000000000004,-32.9,-10.399999999999999,outro
4305587,RS,Colinas,Sul,29.5,56.1,22.8,64.8,67.6,-26.6,-42.0,-6.699999999999999,outro
4305603,RS,Colorado,Sul,28.6,65.1,20.4,74.7,75.9,-36.49999999999999,-54.300000000000004,-8.200000000000003,outro
4305702,RS,Condor,Sul,37.3,55.5,25.3,68.8,70.4,-18.200000000000003,-43.5,-11.999999999999996,outro
4305801,RS,Constantina,Sul,45.0,49.4,32.6,61.2,63.0,-4.399999999999999,-28.6,-12.399999999999999,outro
4305835,RS,Coqueiro Baixo,Sul,19.0,72.9,15.5,75.4,76.7,-53.900000000000006,-59.900000000000006,-3.5,outro
4305850,RS,Coqueiros do Sul,Sul,33.1,58.7,23.4,66.0,68.1,-25.6,-42.6,-9.700000000000003,outro
4305871,RS,Coronel Barros,Sul,33.3,57.3,24.2,67.9,70.8,-24.0,-43.7,-9.099999999999998,outro
4305900,RS,Coronel Bicaco,Sul,53.2,42.4,43.3,52.4,54.0,10.800000000000004,-9.100000000000001,-9.900000000000006,vira
4305934,RS,Coronel Pilar,Sul,21.5,70.0,16.8,76.2,77.8,-48.5,-59.400000000000006,-4.699999999999999,outro
4305959,RS,Cotiporã,Sul,20.6,69.2,15.8,74.8,78.1,-48.6,-59.0,-4.800000000000001,outro
4305975,RS,Coxilha,Sul,45.2,50.3,29.4,64.1,65.7,-5.099999999999994,-34.699999999999996,-15.800000000000004,outro
4306007,RS,Crissiumal,Sul,44.1,49.1,30.3,61.5,63.7,-5.0,-31.2,-13.8,outro
4306056,RS,Cristal,Sul,48.6,43.6,37.5,54.8,57.1,5.0,-17.299999999999997,-11.100000000000001,vira
4306072,RS,Cristal do Sul,Sul,54.6,38.5,43.4,51.6,52.7,16.1,-8.200000000000003,-11.200000000000003,vira
4306106,RS,Cruz Alta,Sul,45.5,47.5,37.7,55.1,57.3,-2.0,-17.4,-7.799999999999997,outro
4306130,RS,Cruzaltense,Sul,31.4,61.3,20.3,72.8,74.8,-29.9,-52.5,-11.099999999999998,outro
4306205,RS,Cruzeiro do Sul,Sul,34.7,56.6,27.5,64.4,67.1,-21.9,-36.900000000000006,-7.200000000000003,outro
4304309,RS,Cândido Godói,Sul,29.4,63.7,21.0,71.9,73.8,-34.300000000000004,-50.900000000000006,-8.399999999999999,outro
4306304,RS,David Canabarro,Sul,38.5,54.3,26.5,66.3,68.4,-15.799999999999997,-39.8,-12.0,outro
4306320,RS,Derrubadas,Sul,47.2,42.6,32.3,59.4,61.4,4.600000000000001,-27.1,-14.900000000000006,vira
4306353,RS,Dezesseis de Novembro,Sul,54.0,37.5,46.7,47.2,48.5,16.5,-0.5,-7.299999999999997,vira
4306379,RS,Dilermando de Aguiar,Sul,44.9,45.8,36.1,55.8,57.2,-0.8999999999999986,-19.699999999999996,-8.799999999999997,outro
4306403,RS,Dois Irmãos,Sul,32.5,58.9,25.3,65.6,69.1,-26.4,-40.3,-7.199999999999999,outro
4306429,RS,Dois Irmãos das Missões,Sul,52.5,42.3,42.6,53.1,54.0,10.200000000000003,-10.5,-9.899999999999999,vira
4306452,RS,Dois Lajeados,Sul,23.0,68.6,15.1,76.8,78.9,-45.599999999999994,-61.699999999999996,-7.9,outro
4306502,RS,Dom Feliciano,Sul,54.0,39.5,35.3,56.5,59.4,14.5,-21.200000000000003,-18.700000000000003,vira
4306601,RS,Dom Pedrito,Sul,53.9,38.9,41.6,51.1,53.0,15.0,-9.5,-12.299999999999997,vira
4306551,RS,Dom Pedro de Alcântara,Sul,36.3,51.5,27.9,63.0,65.8,-15.200000000000003,-35.1,-8.399999999999999,outro
4306700,RS,Dona Francisca,Sul,43.7,47.8,34.6,59.1,61.1,-4.099999999999994,-24.5,-9.100000000000001,outro
4306734,RS,Doutor Maurício Cardoso,Sul,35.5,59.0,25.9,67.9,69.6,-23.5,-42.00000000000001,-9.600000000000001,outro
4306759,RS,Doutor Ricardo,Sul,28.9,62.4,19.7,73.1,74.3,-33.5,-53.39999999999999,-9.2,outro
4306767,RS,Eldorado do Sul,Sul,47.4,42.8,42.2,48.9,51.9,4.600000000000001,-6.699999999999996,-5.199999999999996,vira
4306809,RS,Encantado,Sul,29.7,62.0,23.8,68.5,70.8,-32.3,-44.7,-5.899999999999999,outro
4306908,RS,Encruzilhada do Sul,Sul,58.1,34.4,46.6,45.6,47.6,23.700000000000003,1.0,-11.5,mantido
4306924,RS,Engenho Velho,Sul,55.6,39.6,44.7,50.7,52.3,16.0,-6.0,-10.899999999999999,vira
4306957,RS,Entre Rios do Sul,Sul,47.5,46.9,40.6,55.0,56.5,0.6000000000000014,-14.399999999999999,-6.899999999999999,vira
4306932,RS,Entre-Ijuís,Sul,44.4,47.6,35.6,57.5,59.2,-3.200000000000003,-21.9,-8.799999999999997,outro
4306973,RS,Erebango,Sul,41.5,53.7,34.5,60.7,62.2,-12.200000000000003,-26.200000000000003,-7.0,outro
4307005,RS,Erechim,Sul,32.6,59.9,25.3,66.7,69.5,-27.299999999999997,-41.400000000000006,-7.300000000000001,outro
4307054,RS,Ernestina,Sul,43.7,48.8,32.4,62.7,64.4,-5.099999999999994,-30.300000000000004,-11.300000000000004,outro
4307203,RS,Erval Grande,Sul,53.2,40.6,42.6,52.0,53.4,12.600000000000001,-9.399999999999999,-10.600000000000001,vira
4307302,RS,Erval Seco,Sul,52.7,39.5,43.6,51.6,53.1,13.200000000000003,-8.0,-9.100000000000001,vira
4307401,RS,Esmeralda,Sul,45.8,48.1,37.4,57.3,58.4,-2.3000000000000043,-19.9,-8.399999999999999,outro
4307450,RS,Esperança do Sul,Sul,56.3,38.0,44.6,49.7,51.6,18.299999999999997,-5.100000000000001,-11.699999999999996,vira
4307500,RS,Espumoso,Sul,41.8,50.3,31.4,62.7,64.4,-8.5,-31.300000000000004,-10.399999999999999,outro
4307559,RS,Estação,Sul,30.5,61.5,24.4,67.2,69.5,-31.0,-42.800000000000004,-6.100000000000001,outro
4307708,RS,Esteio,Sul,47.1,43.4,42.4,47.7,51.6,3.700000000000003,-5.300000000000004,-4.700000000000003,vira
4307807,RS,Estrela,Sul,26.8,65.1,22.2,68.7,71.6,-38.3,-46.5,-4.600000000000001,outro
4307815,RS,Estrela Velha,Sul,43.8,46.1,29.6,61.6,63.1,-2.3000000000000043,-32.0,-14.199999999999996,outro
4307609,RS,Estância Velha,Sul,27.8,64.4,23.5,67.7,71.1,-36.60000000000001,-44.2,-4.300000000000001,outro
4307831,RS,Eugênio de Castro,Sul,39.6,53.6,33.0,62.7,63.9,-14.0,-29.700000000000003,-6.600000000000001,outro
4307864,RS,Fagundes Varela,Sul,19.7,72.1,14.1,78.9,80.7,-52.39999999999999,-64.80000000000001,-5.6,outro
4307906,RS,Farroupilha,Sul,24.6,66.4,20.6,70.9,74.0,-41.800000000000004,-50.300000000000004,-4.0,outro
4308003,RS,Faxinal do Soturno,Sul,38.6,51.7,31.1,61.4,63.6,-13.100000000000001,-30.299999999999997,-7.5,outro
4308052,RS,Faxinalzinho,Sul,40.4,55.1,33.1,63.1,63.9,-14.700000000000003,-30.0,-7.299999999999997,outro
4308078,RS,Fazenda Vilanova,Sul,41.4,50.5,33.6,58.3,60.5,-9.100000000000001,-24.699999999999996,-7.799999999999997,outro
4308102,RS,Feliz,Sul,30.5,60.3,23.5,66.1,69.4,-29.799999999999997,-42.599999999999994,-7.0,outro
4308201,RS,Flores da Cunha,Sul,16.7,74.9,12.7,79.3,82.5,-58.2,-66.6,-4.0,outro
4308250,RS,Floriano Peixoto,Sul,45.0,48.2,32.4,60.8,62.5,-3.200000000000003,-28.4,-12.600000000000001,outro
4308300,RS,Fontoura Xavier,Sul,57.6,36.5,44.3,48.7,50.4,21.1,-4.400000000000006,-13.300000000000004,vira
4308409,RS,Formigueiro,Sul,49.7,39.3,42.1,50.5,51.7,10.400000000000006,-8.399999999999999,-7.600000000000001,vira
4308433,RS,Forquetinha,Sul,31.7,62.7,22.5,71.7,73.6,-31.000000000000004,-49.2,-9.2,outro
4308458,RS,Fortaleza dos Valos,Sul,42.2,50.8,30.5,63.2,65.0,-8.599999999999994,-32.7,-11.700000000000003,outro
4308508,RS,Frederico Westphalen,Sul,39.1,54.1,28.2,65.1,67.4,-15.0,-36.89999999999999,-10.900000000000002,outro
4308607,RS,Garibaldi,Sul,23.5,68.3,18.6,73.4,76.2,-44.8,-54.800000000000004,-4.899999999999999,outro
4308656,RS,Garruchos,Sul,60.6,34.0,54.4,38.7,40.3,26.6,15.699999999999996,-6.200000000000003,mantido
4308706,RS,Gaurama,Sul,30.9,61.7,23.1,70.6,72.5,-30.800000000000004,-47.49999999999999,-7.799999999999997,outro
4308805,RS,General Câmara,Sul,50.7,41.8,42.3,47.8,51.3,8.900000000000006,-5.5,-8.400000000000006,vira
4308854,RS,Gentil,Sul,26.4,66.6,22.1,72.1,73.6,-40.199999999999996,-49.99999999999999,-4.299999999999997,outro
4308904,RS,Getúlio Vargas,Sul,28.4,63.7,21.8,70.4,72.7,-35.300000000000004,-48.60000000000001,-6.599999999999998,outro
4309001,RS,Giruá,Sul,35.0,59.2,27.5,66.5,68.1,-24.200000000000003,-39.0,-7.5,outro
4309050,RS,Glorinha,Sul,31.8,60.5,24.9,66.5,69.4,-28.7,-41.6,-6.900000000000002,outro
4309100,RS,Gramado,Sul,23.7,68.1,19.7,72.5,75.3,-44.39999999999999,-52.8,-4.0,outro
4309159,RS,Gramado Xavier,Sul,52.4,40.2,35.2,57.1,59.4,12.199999999999996,-21.9,-17.199999999999996,vira
4309126,RS,Gramado dos Loureiros,Sul,58.1,36.9,53.7,42.6,44.0,21.200000000000003,11.100000000000001,-4.399999999999999,mantido
4309209,RS,Gravataí,Sul,38.2,51.7,33.6,55.9,59.6,-13.5,-22.299999999999997,-4.600000000000001,outro
4309258,RS,Guabiju,Sul,24.0,69.0,14.7,78.2,79.7,-45.0,-63.5,-9.3,outro
4309407,RS,Guaporé,Sul,24.1,68.7,17.1,75.2,77.8,-44.6,-58.1,-7.0,outro
4309506,RS,Guarani das Missões,Sul,45.1,47.8,31.9,60.5,62.3,-2.6999999999999957,-28.6,-13.200000000000003,outro
4309308,RS,Guaíba,Sul,47.8,42.8,42.1,47.6,51.0,5.0,-5.5,-5.699999999999996,vira
4309555,RS,Harmonia,Sul,27.9,64.7,20.2,68.8,72.1,-36.800000000000004,-48.599999999999994,-7.699999999999999,outro
4307104,RS,Herval,Sul,66.2,24.9,57.9,34.0,36.3,41.300000000000004,23.9,-8.300000000000004,mantido
4309571,RS,Herveiras,Sul,62.6,32.4,38.5,54.0,56.7,30.200000000000003,-15.5,-24.1,vira
4309605,RS,Horizontina,Sul,31.4,61.7,21.9,71.0,73.2,-30.300000000000004,-49.1,-9.5,outro
4309654,RS,Hulha Negra,Sul,60.5,32.6,52.6,41.2,43.5,27.9,11.399999999999999,-7.899999999999999,mantido
4309704,RS,Humaitá,Sul,41.4,51.6,32.4,61.8,63.5,-10.200000000000003,-29.4,-9.0,outro
4309753,RS,Ibarama,Sul,47.6,43.6,28.2,61.2,64.5,4.0,-33.0,-19.400000000000002,vira
4309803,RS,Ibiaçá,Sul,32.4,58.5,22.9,69.0,71.1,-26.1,-46.1,-9.5,outro
4309902,RS,Ibiraiaras,Sul,27.4,64.1,19.1,74.1,75.5,-36.699999999999996,-54.99999999999999,-8.299999999999997,outro
4309951,RS,Ibirapuitã,Sul,46.0,48.7,33.3,61.8,63.2,-2.700000000000003,-28.5,-12.700000000000003,outro
4310009,RS,Ibirubá,Sul,31.6,60.3,21.7,71.1,73.4,-28.699999999999996,-49.39999999999999,-9.900000000000002,outro
4310108,RS,Igrejinha,Sul,32.4,60.5,25.3,67.2,70.3,-28.1,-41.900000000000006,-7.099999999999998,outro
4310207,RS,Ijuí,Sul,41.0,52.1,33.8,59.3,61.6,-11.100000000000001,-25.5,-7.200000000000003,outro
4310306,RS,Ilópolis,Sul,23.7,70.4,16.4,77.7,79.3,-46.7,-61.300000000000004,-7.300000000000001,outro
4310330,RS,Imbé,Sul,40.1,50.5,34.4,56.5,59.3,-10.399999999999999,-22.1,-5.700000000000003,outro
4310363,RS,Imigrante,Sul,32.3,54.1,22.5,64.9,68.5,-21.800000000000004,-42.400000000000006,-9.799999999999997,outro
4310405,RS,Independência,Sul,36.7,54.7,28.0,64.6,66.4,-18.0,-36.599999999999994,-8.700000000000003,outro
4310413,RS,Inhacorá,Sul,50.2,45.1,39.5,54.7,55.5,5.100000000000001,-15.200000000000003,-10.700000000000003,vira
4310462,RS,Ipiranga do Sul,Sul,21.2,73.0,13.7,82.0,83.5,-51.8,-68.3,-7.5,outro
4310439,RS,Ipê,Sul,20.9,71.1,17.0,76.2,78.4,-50.199999999999996,-59.2,-3.8999999999999986,outro
4310504,RS,Iraí,Sul,50.8,44.5,42.0,53.3,55.2,6.299999999999997,-11.299999999999997,-8.799999999999997,vira
4310538,RS,Itaara,Sul,42.8,49.2,37.8,55.1,56.8,-6.400000000000006,-17.300000000000004,-5.0,outro
4310553,RS,Itacurubi,Sul,50.0,40.7,44.5,49.8,50.8,9.299999999999997,-5.299999999999997,-5.5,vira
4310579,RS,Itapuca,Sul,39.2,56.6,24.3,70.5,72.6,-17.4,-46.2,-14.900000000000002,outro
4310603,RS,Itaqui,Sul,44.9,47.4,38.3,55.0,57.2,-2.5,-16.700000000000003,-6.600000000000001,outro
4310652,RS,Itati,Sul,42.9,49.4,33.0,60.5,62.9,-6.5,-27.5,-9.899999999999999,outro
4310702,RS,Itatiba do Sul,Sul,62.0,35.1,52.6,43.0,44.6,26.9,9.600000000000001,-9.399999999999999,mantido
4310751,RS,Ivorá,Sul,44.9,37.8,35.4,54.8,56.0,7.100000000000001,-19.4,-9.5,vira
4310801,RS,Ivoti,Sul,26.8,63.2,22.4,67.1,71.1,-36.400000000000006,-44.699999999999996,-4.400000000000002,outro
4310850,RS,Jaboticaba,Sul,49.8,43.9,40.1,54.8,56.9,5.899999999999999,-14.699999999999996,-9.699999999999996,vira
4310876,RS,Jacuizinho,Sul,55.2,38.5,41.1,51.8,53.3,16.700000000000003,-10.699999999999996,-14.100000000000001,vira
4310900,RS,Jacutinga,Sul,35.6,57.9,25.2,66.8,69.1,-22.299999999999997,-41.599999999999994,-10.400000000000002,outro
4311106,RS,Jaguari,Sul,41.8,47.8,32.3,60.0,61.4,-6.0,-27.700000000000003,-9.5,outro
4311007,RS,Jaguarão,Sul,55.4,34.9,46.2,44.1,47.2,20.5,2.1000000000000014,-9.199999999999996,mantido
4311122,RS,Jaquirana,Sul,46.2,46.5,34.3,60.2,61.7,-0.29999999999999716,-25.900000000000006,-11.900000000000006,outro
4311130,RS,Jari,Sul,55.8,35.6,38.6,52.7,53.7,20.199999999999996,-14.100000000000001,-17.199999999999996,vira
4311155,RS,Jóia,Sul,55.4,39.3,47.0,49.0,49.9,16.1,-2.0,-8.399999999999999,vira
4311205,RS,Júlio de Castilhos,Sul,55.1,37.0,42.9,49.9,51.6,18.1,-7.0,-12.200000000000003,vira
4311239,RS,Lagoa Bonita do Sul,Sul,53.5,40.8,34.1,57.5,60.1,12.700000000000003,-23.4,-19.4,vira
4311304,RS,Lagoa Vermelha,Sul,40.7,52.1,31.3,62.1,64.2,-11.399999999999999,-30.8,-9.400000000000002,outro
4311270,RS,Lagoa dos Três Cantos,Sul,24.9,67.0,17.0,74.5,76.8,-42.1,-57.5,-7.899999999999999,outro
4311254,RS,Lagoão,Sul,65.5,28.2,46.0,44.6,47.5,37.3,1.3999999999999986,-19.5,mantido
4311403,RS,Lajeado,Sul,33.4,58.7,26.6,64.2,67.4,-25.300000000000004,-37.6,-6.799999999999997,outro
4311429,RS,Lajeado do Bugre,Sul,58.7,37.0,47.7,49.0,49.9,21.700000000000003,-1.2999999999999972,-11.0,vira
4311502,RS,Lavras do Sul,Sul,60.8,32.0,49.7,42.3,43.9,28.799999999999997,7.400000000000006,-11.099999999999994,mantido
4311601,RS,Liberato Salzano,Sul,57.4,37.2,42.0,52.4,54.1,20.199999999999996,-10.399999999999999,-15.399999999999999,vira
4311627,RS,Lindolfo Collor,Sul,43.4,51.0,31.7,59.3,62.3,-7.600000000000001,-27.599999999999998,-11.7,outro
4311643,RS,Linha Nova,Sul,30.8,59.0,25.9,64.3,66.6,-28.2,-38.4,-4.900000000000002,outro
4311700,RS,Machadinho,Sul,40.6,54.1,31.9,62.3,63.9,-13.5,-30.4,-8.700000000000003,outro
4311734,RS,Mampituba,Sul,52.9,39.2,36.2,54.6,56.2,13.699999999999996,-18.4,-16.699999999999996,vira
4311759,RS,Manoel Viana,Sul,54.4,39.9,43.3,50.3,51.6,14.5,-7.0,-11.100000000000001,vira
4311775,RS,Maquiné,Sul,50.7,40.9,42.4,51.1,53.4,9.800000000000004,-8.700000000000003,-8.300000000000004,vira
4311791,RS,Maratá,Sul,27.0,61.7,18.7,70.3,73.2,-34.7,-51.599999999999994,-8.3,outro
4311809,RS,Marau,Sul,30.0,62.6,21.8,70.5,73.0,-32.6,-48.7,-8.2,outro
4311908,RS,Marcelino Ramos,Sul,41.4,52.3,33.5,60.1,61.6,-10.899999999999999,-26.6,-7.899999999999999,outro
4311981,RS,Mariana Pimentel,Sul,38.4,52.6,30.9,60.2,62.0,-14.200000000000003,-29.300000000000004,-7.5,outro
4312005,RS,Mariano Moro,Sul,48.5,43.8,35.3,57.0,59.2,4.700000000000003,-21.700000000000003,-13.200000000000003,vira
4312054,RS,Marques de Souza,Sul,35.2,59.2,24.5,68.1,70.2,-24.0,-43.599999999999994,-10.700000000000003,outro
4312104,RS,Mata,Sul,48.1,43.8,34.4,58.2,59.6,4.300000000000004,-23.800000000000004,-13.700000000000003,vira
4312138,RS,Mato Castelhano,Sul,25.8,67.9,22.0,72.0,74.3,-42.10000000000001,-50.0,-3.8000000000000007,outro
4312153,RS,Mato Leitão,Sul,34.5,56.5,24.8,64.0,67.1,-22.0,-39.2,-9.7,outro
4312179,RS,Mato Queimado,Sul,46.5,44.0,33.9,57.9,58.8,2.5,-24.0,-12.600000000000001,vira
4312203,RS,Maximiliano de Almeida,Sul,33.1,60.0,25.5,69.2,70.6,-26.9,-43.7,-7.600000000000001,outro
4311718,RS,Maçambará,Sul,47.6,44.3,38.6,52.9,54.4,3.3000000000000043,-14.299999999999997,-9.0,vira
4312252,RS,Minas do Leão,Sul,52.3,39.6,42.7,47.7,49.5,12.699999999999996,-5.0,-9.599999999999994,vira
4312302,RS,Miraguaí,Sul,57.8,37.6,46.7,46.6,48.9,20.199999999999996,0.10000000000000142,-11.099999999999994,mantido
4312351,RS,Montauri,Sul,22.6,71.4,15.2,75.9,77.4,-48.800000000000004,-60.7,-7.400000000000002,outro
4312377,RS,Monte Alegre dos Campos,Sul,37.6,55.2,28.2,66.0,67.5,-17.6,-37.8,-9.400000000000002,outro
4312385,RS,Monte Belo do Sul,Sul,16.3,76.2,11.2,82.5,84.7,-59.900000000000006,-71.3,-5.100000000000001,outro
4312401,RS,Montenegro,Sul,38.5,51.8,32.8,56.9,60.4,-13.299999999999997,-24.1,-5.700000000000003,outro
4312427,RS,Mormaço,Sul,41.9,51.6,30.1,64.2,65.9,-9.700000000000003,-34.1,-11.799999999999997,outro
4312443,RS,Morrinhos do Sul,Sul,32.7,57.4,22.5,67.9,71.5,-24.699999999999996,-45.400000000000006,-10.200000000000003,outro
4312450,RS,Morro Redondo,Sul,39.4,49.3,31.9,57.0,59.2,-9.899999999999999,-25.1,-7.5,outro
4312476,RS,Morro Reuter,Sul,24.2,67.3,16.7,74.2,77.3,-43.099999999999994,-57.5,-7.5,outro
4312500,RS,Mostardas,Sul,41.8,48.2,32.9,60.1,62.0,-6.400000000000006,-27.200000000000003,-8.899999999999999,outro
4312617,RS,Muitos Capões,Sul,30.8,63.3,21.9,73.4,74.1,-32.5,-51.50000000000001,-8.900000000000002,outro
4312625,RS,Muliterno,Sul,48.3,43.6,39.6,54.5,56.0,4.699999999999996,-14.899999999999999,-8.699999999999996,vira
4312609,RS,Muçum,Sul,26.8,63.8,20.1,71.6,73.7,-37.0,-51.49999999999999,-6.699999999999999,outro
4312674,RS,Nicolau Vergueiro,Sul,35.3,58.3,26.5,69.1,69.6,-23.0,-42.599999999999994,-8.799999999999997,outro
4312708,RS,Nonoai,Sul,49.2,46.1,39.9,55.5,56.8,3.1000000000000014,-15.600000000000001,-9.300000000000004,vira
4312757,RS,Nova Alvorada,Sul,27.2,67.7,16.8,77.3,79.6,-40.5,-60.5,-10.399999999999999,outro
4312807,RS,Nova Araçá,Sul,21.6,72.4,16.3,77.4,79.8,-50.800000000000004,-61.10000000000001,-5.300000000000001,outro
4312906,RS,Nova Bassano,Sul,15.6,78.6,11.5,83.2,85.2,-62.99999999999999,-71.7,-4.1,outro
4312955,RS,Nova Boa Vista,Sul,30.6,54.6,19.6,68.9,71.0,-24.0,-49.300000000000004,-11.0,outro
4313003,RS,Nova Bréscia,Sul,21.2,71.2,16.4,75.7,78.3,-50.0,-59.300000000000004,-4.800000000000001,outro
4313011,RS,Nova Candelária,Sul,32.6,59.8,21.0,71.4,73.7,-27.199999999999996,-50.400000000000006,-11.600000000000001,outro
4313037,RS,Nova Esperança do Sul,Sul,44.7,46.2,34.2,57.7,59.3,-1.5,-23.5,-10.5,outro
4313060,RS,Nova Hartz,Sul,38.9,54.3,31.8,59.5,62.2,-15.399999999999999,-27.7,-7.099999999999998,outro
4313102,RS,Nova Palma,Sul,41.6,46.1,31.1,60.3,62.1,-4.5,-29.199999999999996,-10.5,outro
4313201,RS,Nova Petrópolis,Sul,22.2,67.5,18.6,70.2,74.0,-45.3,-51.6,-3.599999999999998,outro
4313300,RS,Nova Prata,Sul,21.7,70.2,16.9,74.7,77.8,-48.5,-57.800000000000004,-4.800000000000001,outro
4313086,RS,Nova Pádua,Sul,10.3,84.0,7.4,87.0,89.6,-73.7,-79.6,-2.9000000000000004,outro
4313334,RS,Nova Ramada,Sul,37.7,53.6,26.7,65.3,67.0,-15.899999999999999,-38.599999999999994,-11.000000000000004,outro
4313359,RS,Nova Roma do Sul,Sul,22.1,70.7,14.8,78.3,80.6,-48.6,-63.5,-7.300000000000001,outro
4313375,RS,Nova Santa Rita,Sul,44.4,48.6,38.7,52.7,56.2,-4.200000000000003,-14.0,-5.699999999999996,outro
4313490,RS,Novo Barreiro,Sul,52.3,43.8,41.2,54.0,55.7,8.5,-12.799999999999997,-11.099999999999994,vira
4313391,RS,Novo Cabrais,Sul,40.8,52.6,31.3,61.6,64.0,-11.800000000000004,-30.3,-9.499999999999996,outro
4313409,RS,Novo Hamburgo,Sul,30.7,60.9,27.5,63.9,67.3,-30.2,-36.4,-3.1999999999999993,outro
4313425,RS,Novo Machado,Sul,35.9,58.9,24.6,69.8,71.5,-23.0,-45.199999999999996,-11.299999999999997,outro
4313441,RS,Novo Tiradentes,Sul,53.1,38.2,38.4,53.7,56.3,14.899999999999999,-15.300000000000004,-14.700000000000003,vira
4313466,RS,Novo Xingu,Sul,47.5,42.9,38.8,53.4,56.0,4.600000000000001,-14.600000000000001,-8.700000000000003,vira
4312658,RS,Não-Me-Toque,Sul,32.1,61.8,20.7,73.4,75.4,-29.699999999999996,-52.7,-11.400000000000002,outro
4313508,RS,Osório,Sul,46.2,43.7,39.9,50.3,53.4,2.5,-10.399999999999999,-6.300000000000004,vira
4313607,RS,Paim Filho,Sul,48.4,48.9,39.1,56.5,58.1,-0.5,-17.4,-9.299999999999997,outro
4313656,RS,Palmares do Sul,Sul,43.6,46.2,36.7,56.2,58.1,-2.6000000000000014,-19.5,-6.899999999999999,outro
4313706,RS,Palmeira das Missões,Sul,46.9,46.9,37.7,57.0,58.7,0.0,-19.299999999999997,-9.199999999999996,outro
4313805,RS,Palmitinho,Sul,54.5,38.0,40.0,52.0,53.8,16.5,-12.0,-14.5,vira
4313904,RS,Panambi,Sul,30.0,63.4,21.0,72.0,74.3,-33.4,-51.0,-9.0,outro
4313953,RS,Pantano Grande,Sul,58.9,34.3,47.3,44.3,46.6,24.6,3.0,-11.600000000000001,mantido
4314001,RS,Paraí,Sul,22.7,68.3,15.6,76.9,78.8,-45.599999999999994,-61.300000000000004,-7.1,outro
4314027,RS,Paraíso do Sul,Sul,38.3,53.5,25.2,66.5,68.9,-15.200000000000003,-41.3,-13.099999999999998,outro
4314035,RS,Pareci Novo,Sul,23.4,68.0,17.7,72.7,75.8,-44.6,-55.0,-5.699999999999999,outro
4314050,RS,Parobé,Sul,36.3,57.0,29.9,62.5,65.7,-20.700000000000003,-32.6,-6.399999999999999,outro
4314068,RS,Passa Sete,Sul,50.2,42.4,27.8,64.4,66.8,7.800000000000004,-36.60000000000001,-22.400000000000002,vira
4314100,RS,Passo Fundo,Sul,42.3,49.3,34.8,56.5,59.7,-7.0,-21.700000000000003,-7.5,outro
4314076,RS,Passo do Sobrado,Sul,45.3,48.8,31.4,62.0,64.3,-3.5,-30.6,-13.899999999999999,outro
4314134,RS,Paulo Bento,Sul,31.8,59.2,22.7,68.8,69.9,-27.400000000000002,-46.099999999999994,-9.100000000000001,outro
4314159,RS,Paverama,Sul,40.3,53.7,31.7,60.4,62.6,-13.400000000000006,-28.7,-8.599999999999998,outro
4314175,RS,Pedras Altas,Sul,65.5,27.2,54.1,39.5,40.4,38.3,14.600000000000001,-11.399999999999999,mantido
4314209,RS,Pedro Osório,Sul,63.7,27.0,54.6,37.7,40.2,36.7,16.9,-9.100000000000001,mantido
4314308,RS,Pejuçara,Sul,39.4,55.2,28.5,66.0,67.5,-15.800000000000004,-37.5,-10.899999999999999,outro
4314407,RS,Pelotas,Sul,51.8,36.4,47.1,42.1,45.7,15.399999999999999,5.0,-4.699999999999996,mantido
4314423,RS,Picada Café,Sul,26.9,61.6,18.3,69.7,73.1,-34.7,-51.400000000000006,-8.599999999999998,outro
4314456,RS,Pinhal,Sul,40.3,48.0,31.5,61.9,63.0,-7.700000000000003,-30.4,-8.799999999999997,outro
4314472,RS,Pinhal Grande,Sul,52.0,39.5,38.4,53.5,54.8,12.5,-15.100000000000001,-13.600000000000001,vira
4314464,RS,Pinhal da Serra,Sul,42.0,48.9,37.2,58.8,59.4,-6.899999999999999,-21.599999999999994,-4.799999999999997,outro
4314498,RS,Pinheirinho do Vale,Sul,47.2,46.4,37.8,55.2,56.8,0.8000000000000043,-17.400000000000006,-9.400000000000006,vira
4314506,RS,Pinheiro Machado,Sul,63.6,26.2,54.8,35.4,37.4,37.400000000000006,19.4,-8.800000000000004,mantido
4314548,RS,Pinto Bandeira,Sul,16.9,75.6,10.5,82.8,85.1,-58.699999999999996,-72.3,-6.399999999999999,outro
4314555,RS,Pirapó,Sul,57.3,33.3,47.7,45.8,46.6,24.0,1.9000000000000057,-9.599999999999994,mantido
4314605,RS,Piratini,Sul,60.9,30.3,50.6,41.3,43.2,30.599999999999998,9.300000000000004,-10.299999999999997,mantido
4314704,RS,Planalto,Sul,45.3,49.5,33.9,61.2,62.8,-4.200000000000003,-27.300000000000004,-11.399999999999999,outro
4314787,RS,Ponte Preta,Sul,30.2,58.0,20.5,72.7,74.4,-27.8,-52.2,-9.7,outro
4314779,RS,Pontão,Sul,49.6,45.6,38.9,55.5,57.0,4.0,-16.6,-10.700000000000003,vira
4314902,RS,Porto Alegre,Sul,49.8,39.1,48.6,41.9,45.5,10.699999999999996,6.700000000000003,-1.1999999999999957,mantido
4315008,RS,Porto Lucena,Sul,46.1,45.6,35.7,57.6,59.0,0.5,-21.9,-10.399999999999999,vira
4315057,RS,Porto Mauá,Sul,35.2,59.4,26.6,67.8,68.9,-24.199999999999996,-41.199999999999996,-8.600000000000001,outro
4315073,RS,Porto Vera Cruz,Sul,46.0,48.1,38.1,55.1,56.8,-2.1000000000000014,-17.0,-7.899999999999999,outro
4315107,RS,Porto Xavier,Sul,48.3,47.0,39.7,55.6,57.2,1.2999999999999972,-15.899999999999999,-8.599999999999994,vira
4314803,RS,Portão,Sul,38.3,54.3,31.6,59.1,62.4,-16.0,-27.5,-6.699999999999996,outro
4315131,RS,Pouso Novo,Sul,43.5,51.2,33.3,59.9,61.7,-7.700000000000003,-26.6,-10.200000000000003,outro
4314753,RS,Poço das Antas,Sul,27.2,60.4,20.8,68.0,70.1,-33.2,-47.2,-6.399999999999999,outro
4315149,RS,Presidente Lucena,Sul,22.3,68.0,16.1,74.2,76.1,-45.7,-58.1,-6.199999999999999,outro
4315156,RS,Progresso,Sul,46.8,46.2,33.1,59.5,61.9,0.5999999999999943,-26.4,-13.699999999999996,vira
4315172,RS,Protásio Alves,Sul,17.9,73.3,12.6,82.1,83.2,-55.4,-69.5,-5.299999999999999,outro
4315206,RS,Putinga,Sul,21.2,72.0,14.2,79.2,81.0,-50.8,-65.0,-7.0,outro
4315305,RS,Quaraí,Sul,51.2,42.4,42.5,50.3,52.2,8.800000000000004,-7.799999999999997,-8.700000000000003,vira
4315313,RS,Quatro Irmãos,Sul,38.3,56.7,27.2,65.9,66.7,-18.400000000000006,-38.7,-11.099999999999998,outro
4315321,RS,Quevedos,Sul,53.8,38.8,44.2,49.0,50.1,15.0,-4.799999999999997,-9.599999999999994,vira
4315354,RS,Quinze de Novembro,Sul,29.5,61.2,18.9,73.5,75.2,-31.700000000000003,-54.6,-10.600000000000001,outro
4315404,RS,Redentora,Sul,61.8,31.9,57.9,38.8,39.5,29.9,19.1,-3.8999999999999986,mantido
4315453,RS,Relvado,Sul,26.7,64.0,22.1,70.7,72.2,-37.3,-48.6,-4.599999999999998,outro
4315503,RS,Restinga Seca,Sul,42.3,48.0,35.2,58.6,60.2,-5.700000000000003,-23.4,-7.099999999999994,outro
4315602,RS,Rio Grande,Sul,60.7,29.6,56.2,34.6,38.0,31.1,21.6,-4.5,mantido
4315701,RS,Rio Pardo,Sul,57.3,35.1,48.5,43.5,45.8,22.199999999999996,5.0,-8.799999999999997,mantido
4315552,RS,Rio dos Índios,Sul,57.1,37.8,47.7,47.0,48.1,19.300000000000004,0.7000000000000028,-9.399999999999999,mantido
4315750,RS,Riozinho,Sul,44.1,47.3,30.4,59.7,62.8,-3.1999999999999957,-29.300000000000004,-13.700000000000003,outro
4315800,RS,Roca Sales,Sul,32.8,57.8,25.2,66.6,68.8,-25.0,-41.39999999999999,-7.599999999999998,outro
4315909,RS,Rodeio Bonito,Sul,48.2,46.0,36.2,57.9,60.0,2.200000000000003,-21.699999999999996,-12.0,vira
4315958,RS,Rolador,Sul,53.2,38.6,42.1,52.1,53.7,14.600000000000001,-10.0,-11.100000000000001,vira
4316006,RS,Rolante,Sul,35.2,56.3,26.5,65.1,67.4,-21.099999999999994,-38.599999999999994,-8.700000000000003,outro
4316105,RS,Ronda Alta,Sul,53.0,42.9,43.0,51.4,53.3,10.100000000000001,-8.399999999999999,-10.0,vira
4316204,RS,Rondinha,Sul,43.3,50.9,34.1,60.7,62.3,-7.600000000000001,-26.6,-9.199999999999996,outro
4316303,RS,Roque Gonzales,Sul,47.9,45.2,39.0,54.8,56.0,2.6999999999999957,-15.799999999999997,-8.899999999999999,vira
4316402,RS,Rosário do Sul,Sul,52.4,40.9,45.2,48.2,50.2,11.5,-3.0,-7.199999999999996,vira
4316428,RS,Sagrada Família,Sul,52.7,38.9,43.8,50.3,51.7,13.800000000000004,-6.5,-8.900000000000006,vira
4316436,RS,Saldanha Marinho,Sul,36.4,56.2,25.0,70.1,71.3,-19.800000000000004,-45.099999999999994,-11.399999999999999,outro
4316451,RS,Salto do Jacuí,Sul,52.6,41.3,42.0,51.2,53.1,11.300000000000004,-9.200000000000003,-10.600000000000001,vira
4316477,RS,Salvador das Missões,Sul,38.0,55.5,26.4,66.4,68.3,-17.5,-40.00000000000001,-11.600000000000001,outro
4316501,RS,Salvador do Sul,Sul,26.4,63.5,18.3,70.5,73.7,-37.1,-52.2,-8.099999999999998,outro
4316600,RS,Sananduva,Sul,31.1,63.4,24.0,71.1,73.2,-32.3,-47.099999999999994,-7.100000000000001,outro
4317103,RS,Sant'Ana do Livramento,Sul,56.2,36.0,49.0,41.5,43.9,20.200000000000003,7.5,-7.200000000000003,mantido
4316709,RS,Santa Bárbara do Sul,Sul,38.5,55.6,28.5,66.1,67.7,-17.1,-37.599999999999994,-10.0,outro
4316733,RS,Santa Cecília do Sul,Sul,30.7,61.3,18.4,74.8,76.8,-30.599999999999998,-56.4,-12.3,outro
4316758,RS,Santa Clara do Sul,Sul,28.8,61.6,19.6,70.8,73.3,-32.8,-51.199999999999996,-9.2,outro
4316808,RS,Santa Cruz do Sul,Sul,38.4,52.0,30.6,59.4,63.1,-13.600000000000001,-28.799999999999997,-7.799999999999997,outro
4316972,RS,Santa Margarida do Sul,Sul,48.8,42.3,38.4,53.6,55.1,6.5,-15.200000000000003,-10.399999999999999,vira
4316907,RS,Santa Maria,Sul,45.4,45.1,41.9,49.5,52.5,0.29999999999999716,-7.600000000000001,-3.5,vira
4316956,RS,Santa Maria do Herval,Sul,33.6,56.4,22.1,64.9,67.8,-22.799999999999997,-42.800000000000004,-11.5,outro
4317202,RS,Santa Rosa,Sul,32.7,60.7,25.2,67.0,69.5,-28.0,-41.8,-7.5000000000000036,outro
4317251,RS,Santa Tereza,Sul,27.0,66.6,20.4,71.7,74.5,-39.599999999999994,-51.300000000000004,-6.600000000000001,outro
4317301,RS,Santa Vitória do Palmar,Sul,60.0,29.3,50.4,40.5,42.8,30.7,9.899999999999999,-9.600000000000001,mantido
4317004,RS,Santana da Boa Vista,Sul,50.9,39.1,42.5,49.4,51.2,11.799999999999997,-6.899999999999999,-8.399999999999999,vira
4317400,RS,Santiago,Sul,44.0,48.6,33.4,58.7,60.8,-4.600000000000001,-25.300000000000004,-10.600000000000001,outro
4317608,RS,Santo Antônio da Patrulha,Sul,42.4,48.8,33.3,57.9,60.7,-6.399999999999999,-24.6,-9.100000000000001,outro
4317707,RS,Santo Antônio das Missões,Sul,58.9,33.2,50.2,43.7,45.1,25.699999999999996,6.5,-8.699999999999996,mantido
4317558,RS,Santo Antônio do Palma,Sul,46.0,46.4,28.9,61.5,63.9,-0.3999999999999986,-32.6,-17.1,outro
4317756,RS,Santo Antônio do Planalto,Sul,27.8,62.8,18.3,75.2,76.8,-35.0,-56.900000000000006,-9.5,outro
4317806,RS,Santo Augusto,Sul,47.4,46.6,37.9,55.9,57.3,0.7999999999999972,-18.0,-9.5,vira
4317905,RS,Santo Cristo,Sul,41.5,50.5,32.4,59.0,61.5,-9.0,-26.6,-9.100000000000001,outro
4317954,RS,Santo Expedito do Sul,Sul,38.6,55.7,29.0,65.2,67.2,-17.1,-36.2,-9.600000000000001,outro
4317509,RS,Santo Ângelo,Sul,44.7,47.5,37.0,55.3,57.8,-2.799999999999997,-18.299999999999997,-7.700000000000003,outro
4319901,RS,Sapiranga,Sul,36.8,57.0,30.2,62.8,65.7,-20.200000000000003,-32.599999999999994,-6.599999999999998,outro
4320008,RS,Sapucaia do Sul,Sul,49.8,41.7,43.4,46.9,50.6,8.099999999999994,-3.5,-6.399999999999999,vira
4320107,RS,Sarandi,Sul,35.5,57.3,28.0,66.0,68.1,-21.799999999999997,-38.0,-7.5,outro
4320206,RS,Seberi,Sul,43.5,50.1,32.9,61.0,62.9,-6.600000000000001,-28.1,-10.600000000000001,outro
4320230,RS,Sede Nova,Sul,47.3,45.4,37.1,55.3,56.9,1.8999999999999986,-18.199999999999996,-10.199999999999996,vira
4320263,RS,Segredo,Sul,47.6,44.9,32.0,60.2,62.3,2.700000000000003,-28.200000000000003,-15.600000000000001,vira
4320305,RS,Selbach,Sul,28.9,61.8,20.5,73.4,75.4,-32.9,-52.900000000000006,-8.399999999999999,outro
4320321,RS,Senador Salgado Filho,Sul,26.1,66.0,23.3,72.2,73.3,-39.9,-48.900000000000006,-2.8000000000000007,outro
4320354,RS,Sentinela do Sul,Sul,49.6,42.0,36.4,53.7,56.1,7.600000000000001,-17.300000000000004,-13.200000000000003,vira
4320404,RS,Serafina Corrêa,Sul,25.7,67.8,19.5,73.7,76.1,-42.099999999999994,-54.2,-6.199999999999999,outro
4320503,RS,Sertão,Sul,34.8,59.5,26.6,67.2,69.0,-24.700000000000003,-40.6,-8.199999999999996,outro
4320552,RS,Sertão Santana,Sul,33.4,58.4,22.5,68.1,70.7,-25.0,-45.599999999999994,-10.899999999999999,outro
4320578,RS,Sete de Setembro,Sul,49.8,42.8,34.8,57.0,58.6,7.0,-22.200000000000003,-15.0,vira
4320602,RS,Severiano de Almeida,Sul,38.5,51.9,27.6,63.6,66.2,-13.399999999999999,-36.0,-10.899999999999999,outro
4320651,RS,Silveira Martins,Sul,40.4,51.5,32.1,60.8,62.3,-11.100000000000001,-28.699999999999996,-8.299999999999997,outro
4320677,RS,Sinimbu,Sul,47.4,44.3,30.5,58.2,61.4,3.1000000000000014,-27.700000000000003,-16.9,vira
4320701,RS,Sobradinho,Sul,42.7,49.0,29.1,62.1,65.0,-6.299999999999997,-33.0,-13.600000000000001,outro
4320800,RS,Soledade,Sul,49.5,43.9,36.4,57.4,59.4,5.600000000000001,-21.0,-13.100000000000001,vira
4318002,RS,São Borja,Sul,54.9,38.5,46.2,47.8,49.7,16.4,-1.5999999999999943,-8.699999999999996,vira
4318051,RS,São Domingos do Sul,Sul,34.9,56.1,24.9,68.0,70.4,-21.200000000000003,-43.1,-10.0,outro
4318101,RS,São Francisco de Assis,Sul,54.6,38.0,41.8,51.8,53.8,16.6,-10.0,-12.800000000000004,vira
4318200,RS,São Francisco de Paula,Sul,48.2,43.6,37.8,55.0,57.0,4.600000000000001,-17.200000000000003,-10.400000000000006,vira
4318309,RS,São Gabriel,Sul,50.4,41.9,42.5,50.1,52.1,8.5,-7.600000000000001,-7.899999999999999,vira
4318408,RS,São Jerônimo,Sul,51.7,38.8,43.9,46.4,49.5,12.900000000000006,-2.5,-7.800000000000004,vira
4318440,RS,São Jorge,Sul,21.2,72.2,12.1,80.0,82.1,-51.0,-67.9,-9.1,outro
4318457,RS,São José das Missões,Sul,59.7,34.6,46.9,49.3,50.4,25.1,-2.3999999999999986,-12.800000000000004,vira
4318465,RS,São José do Herval,Sul,52.2,41.4,42.2,51.3,53.5,10.800000000000004,-9.099999999999994,-10.0,vira
4318481,RS,São José do Hortêncio,Sul,20.2,72.3,16.6,75.8,77.9,-52.099999999999994,-59.199999999999996,-3.599999999999998,outro
4318499,RS,São José do Inhacorá,Sul,34.9,53.0,22.4,67.2,70.4,-18.1,-44.800000000000004,-12.5,outro
4318507,RS,São José do Norte,Sul,52.6,34.5,42.4,46.4,49.2,18.1,-4.0,-10.200000000000003,vira
4318606,RS,São José do Ouro,Sul,31.0,61.8,22.8,71.1,72.7,-30.799999999999997,-48.3,-8.2,outro
4318614,RS,São José do Sul,Sul,24.8,63.4,17.8,67.1,70.4,-38.599999999999994,-49.3,-7.0,outro
4318622,RS,São José dos Ausentes,Sul,37.3,57.1,26.9,68.7,69.7,-19.800000000000004,-41.800000000000004,-10.399999999999999,outro
4318424,RS,São João da Urtiga,Sul,36.7,56.6,24.3,69.9,71.6,-19.9,-45.60000000000001,-12.400000000000002,outro
4318432,RS,São João do Polêsine,Sul,34.2,57.1,29.0,63.8,66.4,-22.9,-34.8,-5.200000000000003,outro
4318705,RS,São Leopoldo,Sul,43.2,48.7,38.3,52.8,56.4,-5.5,-14.5,-4.900000000000006,outro
4318804,RS,São Lourenço do Sul,Sul,43.9,46.6,33.5,58.7,61.1,-2.700000000000003,-25.200000000000003,-10.399999999999999,outro
4318903,RS,São Luiz Gonzaga,Sul,50.0,42.8,39.7,53.7,55.5,7.200000000000003,-14.0,-10.299999999999997,vira
4319000,RS,São Marcos,Sul,22.4,68.0,16.8,74.8,77.3,-45.6,-58.0,-5.599999999999998,outro
4319109,RS,São Martinho,Sul,34.7,59.2,25.0,68.5,70.2,-24.5,-43.5,-9.700000000000003,outro
4319125,RS,São Martinho da Serra,Sul,39.1,53.8,29.8,62.3,64.0,-14.699999999999996,-32.5,-9.3,outro
4319158,RS,São Miguel das Missões,Sul,52.8,42.1,43.5,52.3,53.4,10.699999999999996,-8.799999999999997,-9.299999999999997,vira
4319208,RS,São Nicolau,Sul,58.6,34.6,53.2,42.1,43.2,24.0,11.100000000000001,-5.399999999999999,mantido
4319307,RS,São Paulo das Missões,Sul,43.8,48.0,34.5,58.1,59.8,-4.200000000000003,-23.6,-9.299999999999997,outro
4319356,RS,São Pedro da Serra,Sul,24.8,64.5,18.0,72.7,75.7,-39.7,-54.7,-6.800000000000001,outro
4319364,RS,São Pedro das Missões,Sul,52.3,44.4,46.2,49.7,51.2,7.899999999999999,-3.5,-6.099999999999994,vira
4319372,RS,São Pedro do Butiá,Sul,37.8,55.8,28.3,63.6,66.0,-18.0,-35.3,-9.499999999999996,outro
4319406,RS,São Pedro do Sul,Sul,43.6,46.7,35.6,55.5,57.8,-3.1000000000000014,-19.9,-8.0,outro
4319505,RS,São Sebastião do Caí,Sul,36.1,56.0,28.9,62.2,64.6,-19.9,-33.300000000000004,-7.200000000000003,outro
4319604,RS,São Sepé,Sul,56.0,35.9,45.6,46.5,48.6,20.1,-0.8999999999999986,-10.399999999999999,vira
4319703,RS,São Valentim,Sul,39.1,55.7,27.5,67.8,69.3,-16.6,-40.3,-11.600000000000001,outro
4319711,RS,São Valentim do Sul,Sul,21.7,71.2,18.1,74.4,76.6,-49.5,-56.300000000000004,-3.599999999999998,outro
4319737,RS,São Valério do Sul,Sul,61.3,35.2,53.7,44.2,44.6,26.099999999999994,9.5,-7.599999999999994,mantido
4319752,RS,São Vendelino,Sul,27.6,60.9,22.3,67.8,70.7,-33.3,-45.5,-5.300000000000001,outro
4319802,RS,São Vicente do Sul,Sul,50.3,41.4,41.8,50.1,52.1,8.899999999999999,-8.300000000000004,-8.5,vira
4320453,RS,Sério,Sul,44.6,44.0,28.9,59.7,61.4,0.6000000000000014,-30.800000000000004,-15.700000000000003,vira
4320859,RS,Tabaí,Sul,45.1,50.1,40.2,53.9,55.4,-5.0,-13.699999999999996,-4.899999999999999,outro
4320909,RS,Tapejara,Sul,23.2,69.0,18.0,75.1,77.3,-45.8,-57.099999999999994,-5.199999999999999,outro
4321006,RS,Tapera,Sul,42.3,51.4,31.2,62.8,65.4,-9.100000000000001,-31.599999999999998,-11.099999999999998,outro
4321105,RS,Tapes,Sul,48.5,43.7,41.9,51.7,53.9,4.799999999999997,-9.800000000000004,-6.600000000000001,vira
4321204,RS,Taquara,Sul,32.8,59.9,27.4,65.6,68.5,-27.1,-38.199999999999996,-5.399999999999999,outro
4321303,RS,Taquari,Sul,44.1,49.4,35.4,57.2,59.4,-5.299999999999997,-21.800000000000004,-8.700000000000003,outro
4321329,RS,Taquaruçu do Sul,Sul,47.1,46.8,38.7,56.4,58.1,0.30000000000000426,-17.699999999999996,-8.399999999999999,vira
4321352,RS,Tavares,Sul,46.1,40.2,39.3,53.6,54.8,5.899999999999999,-14.300000000000004,-6.800000000000004,vira
4321402,RS,Tenente Portela,Sul,53.5,40.3,42.5,50.6,52.0,13.200000000000003,-8.100000000000001,-11.0,vira
4321436,RS,Terra de Areia,Sul,38.4,51.5,30.7,61.7,64.4,-13.100000000000001,-31.000000000000004,-7.699999999999999,outro
4321451,RS,Teutônia,Sul,35.4,55.2,26.4,62.7,65.7,-19.800000000000004,-36.300000000000004,-9.0,outro
4321469,RS,Tio Hugo,Sul,40.4,51.6,30.6,62.2,63.8,-11.200000000000003,-31.6,-9.799999999999997,outro
4321477,RS,Tiradentes do Sul,Sul,54.4,40.5,42.4,52.3,54.0,13.899999999999999,-9.899999999999999,-12.0,vira
4321493,RS,Toropi,Sul,39.6,52.3,29.2,63.2,64.5,-12.699999999999996,-34.0,-10.400000000000002,outro
4321501,RS,Torres,Sul,37.7,53.1,32.1,58.5,61.9,-15.399999999999999,-26.4,-5.600000000000001,outro
4321600,RS,Tramandaí,Sul,42.0,48.9,37.0,54.0,56.9,-6.899999999999999,-17.0,-5.0,outro
4321626,RS,Travesseiro,Sul,42.3,50.1,31.6,57.5,59.7,-7.800000000000004,-25.9,-10.699999999999996,outro
4321956,RS,Trindade do Sul,Sul,53.3,41.6,40.8,53.6,55.8,11.699999999999996,-12.800000000000004,-12.5,vira
4322004,RS,Triunfo,Sul,38.6,51.9,33.2,58.4,61.2,-13.299999999999997,-25.199999999999996,-5.399999999999999,outro
4321634,RS,Três Arroios,Sul,32.1,59.0,22.2,70.4,72.7,-26.9,-48.2,-9.900000000000002,outro
4321667,RS,Três Cachoeiras,Sul,27.0,65.5,20.9,72.8,75.5,-38.5,-51.9,-6.100000000000001,outro
4321709,RS,Três Coroas,Sul,31.5,61.0,25.4,66.0,69.4,-29.5,-40.6,-6.100000000000001,outro
4321832,RS,Três Forquilhas,Sul,46.6,45.4,34.4,59.0,61.2,1.2000000000000028,-24.6,-12.200000000000003,vira
4321857,RS,Três Palmeiras,Sul,56.3,38.6,45.8,49.5,51.2,17.699999999999996,-3.700000000000003,-10.5,vira
4321907,RS,Três Passos,Sul,45.8,47.9,35.8,56.5,59.2,-2.1000000000000014,-20.700000000000003,-10.0,outro
4321808,RS,Três de Maio,Sul,33.4,59.6,24.7,67.9,70.2,-26.200000000000003,-43.2,-8.7,outro
4322103,RS,Tucunduva,Sul,31.5,62.6,24.0,70.1,71.8,-31.1,-46.099999999999994,-7.5,outro
4322152,RS,Tunas,Sul,63.1,32.0,47.2,47.8,49.6,31.1,-0.5999999999999943,-15.899999999999999,vira
4322186,RS,Tupanci do Sul,Sul,37.5,56.5,25.6,68.3,70.2,-19.0,-42.699999999999996,-11.899999999999999,outro
4322202,RS,Tupanciretã,Sul,49.4,44.7,38.9,55.2,57.1,4.699999999999996,-16.300000000000004,-10.5,vira
4322251,RS,Tupandi,Sul,22.2,70.9,13.8,77.3,80.5,-48.7,-63.5,-8.399999999999999,outro
4322301,RS,Tuparendi,Sul,27.0,66.6,19.6,73.0,75.0,-39.599999999999994,-53.4,-7.399999999999999,outro
4322327,RS,Turuçu,Sul,32.5,55.9,24.7,68.9,70.8,-23.4,-44.2,-7.800000000000001,outro
4322343,RS,Ubiretama,Sul,28.0,62.0,23.1,68.7,70.6,-34.0,-45.6,-4.899999999999999,outro
4322376,RS,Unistalda,Sul,47.2,46.4,37.9,57.2,58.2,0.8000000000000043,-19.300000000000004,-9.300000000000004,vira
4322350,RS,União da Serra,Sul,20.5,70.6,18.4,73.7,76.2,-50.099999999999994,-55.300000000000004,-2.1000000000000014,outro
4322400,RS,Uruguaiana,Sul,35.2,56.4,32.1,60.0,62.5,-21.199999999999996,-27.9,-3.1000000000000014,outro
4322509,RS,Vacaria,Sul,31.6,60.8,24.7,68.3,70.4,-29.199999999999996,-43.599999999999994,-6.900000000000002,outro
4322541,RS,Vale Real,Sul,34.0,58.4,25.1,64.3,66.9,-24.4,-39.199999999999996,-8.899999999999999,outro
4322525,RS,Vale Verde,Sul,47.6,43.8,33.3,58.3,60.5,3.8000000000000043,-25.0,-14.300000000000004,vira
4322533,RS,Vale do Sol,Sul,47.1,45.0,29.4,61.0,63.8,2.1000000000000014,-31.6,-17.700000000000003,vira
4322558,RS,Vanini,Sul,33.1,59.1,22.5,71.0,72.8,-26.0,-48.5,-10.600000000000001,outro
4322608,RS,Venâncio Aires,Sul,36.4,56.0,27.2,63.5,66.4,-19.6,-36.3,-9.2,outro
4322707,RS,Vera Cruz,Sul,43.7,48.9,31.4,59.6,62.2,-5.199999999999996,-28.200000000000003,-12.300000000000004,outro
4322806,RS,Veranópolis,Sul,19.9,71.5,15.0,76.8,79.5,-51.6,-61.8,-4.899999999999999,outro
4322855,RS,Vespasiano Correa,Sul,16.3,77.0,10.1,82.8,84.6,-60.7,-72.7,-6.200000000000001,outro
4322905,RS,Viadutos,Sul,31.7,61.2,22.8,71.4,72.7,-29.500000000000004,-48.60000000000001,-8.899999999999999,outro
4323002,RS,Viamão,Sul,51.7,39.4,46.3,43.9,47.5,12.300000000000004,2.3999999999999986,-5.400000000000006,mantido
4323101,RS,Vicente Dutra,Sul,43.6,51.3,33.2,62.6,64.0,-7.699999999999996,-29.4,-10.399999999999999,outro
4323200,RS,Victor Graeff,Sul,33.6,59.3,21.3,71.8,73.8,-25.699999999999996,-50.5,-12.3,outro
4323309,RS,Vila Flores,Sul,20.3,71.9,15.8,76.4,78.5,-51.60000000000001,-60.60000000000001,-4.5,outro
4323358,RS,Vila Lângaro,Sul,27.8,65.1,19.3,75.1,77.0,-37.3,-55.8,-8.5,outro
4323408,RS,Vila Maria,Sul,31.9,62.3,22.8,72.4,73.9,-30.4,-49.60000000000001,-9.099999999999998,outro
4323457,RS,Vila Nova do Sul,Sul,56.3,35.0,47.9,45.4,47.2,21.299999999999997,2.5,-8.399999999999999,mantido
4323507,RS,Vista Alegre,Sul,55.3,39.2,38.1,56.1,57.5,16.099999999999994,-18.0,-17.199999999999996,vira
4323606,RS,Vista Alegre do Prata,Sul,21.1,66.7,14.3,73.1,75.3,-45.6,-58.8,-6.800000000000001,outro
4323705,RS,Vista Gaúcha,Sul,46.6,44.0,34.7,58.0,59.6,2.6000000000000014,-23.299999999999997,-11.899999999999999,vira
4323754,RS,Vitória das Missões,Sul,51.6,41.6,42.2,52.9,54.6,10.0,-10.699999999999996,-9.399999999999999,vira
4323770,RS,Westfalia,Sul,29.0,59.8,17.7,70.2,73.3,-30.799999999999997,-52.5,-11.3,outro
4323804,RS,Xangri-lá,Sul,32.5,60.0,25.2,67.3,69.8,-27.5,-42.099999999999994,-7.300000000000001,outro
4300059,RS,Água Santa,Sul,32.4,60.4,25.0,70.3,71.3,-28.0,-45.3,-7.399999999999999,outro
4301552,RS,Áurea,Sul,37.8,55.4,24.1,68.8,70.7,-17.6,-44.699999999999996,-13.699999999999996,outro
4200051,SC,Abdon Batista,Sul,35.0,54.3,29.7,64.8,65.9,-19.299999999999997,-35.099999999999994,-5.300000000000001,outro
4200101,SC,Abelardo Luz,Sul,41.7,54.5,34.3,60.1,62.0,-12.799999999999997,-25.800000000000004,-7.400000000000006,outro
4200200,SC,Agrolândia,Sul,20.1,75.6,16.1,79.0,80.7,-55.49999999999999,-62.9,-4.0,outro
4200309,SC,Agronômica,Sul,17.4,77.5,13.3,81.4,83.3,-60.1,-68.10000000000001,-4.099999999999998,outro
4200705,SC,Alfredo Wagner,Sul,26.7,65.2,17.6,76.7,78.3,-38.5,-59.1,-9.099999999999998,outro
4200754,SC,Alto Bela Vista,Sul,32.2,57.6,25.8,62.2,65.8,-25.4,-36.400000000000006,-6.400000000000002,outro
4200804,SC,Anchieta,Sul,44.7,50.5,34.7,57.7,60.0,-5.799999999999997,-23.0,-10.0,outro
4200903,SC,Angelina,Sul,40.0,51.2,29.0,61.6,64.1,-11.200000000000003,-32.6,-11.0,outro
4201000,SC,Anita Garibaldi,Sul,47.8,45.8,39.2,53.7,56.1,2.0,-14.5,-8.599999999999994,vira
4201109,SC,Anitápolis,Sul,33.3,57.3,26.1,65.9,68.2,-24.0,-39.800000000000004,-7.199999999999996,outro
4201208,SC,Antônio Carlos,Sul,16.5,76.3,15.1,76.5,79.4,-59.8,-61.4,-1.4000000000000004,outro
4201257,SC,Apiúna,Sul,26.5,68.4,19.7,73.1,76.3,-41.900000000000006,-53.39999999999999,-6.800000000000001,outro
4201273,SC,Arabutã,Sul,31.7,59.5,24.3,67.8,70.0,-27.8,-43.5,-7.399999999999999,outro
4201307,SC,Araquari,Sul,29.5,64.7,25.3,67.7,70.6,-35.2,-42.400000000000006,-4.199999999999999,outro
4201406,SC,Araranguá,Sul,29.2,63.2,24.5,67.3,70.6,-34.0,-42.8,-4.699999999999999,outro
4201505,SC,Armazém,Sul,25.7,69.2,20.6,73.0,74.9,-43.5,-52.4,-5.099999999999998,outro
4201604,SC,Arroio Trinta,Sul,24.2,67.7,16.9,74.4,77.0,-43.5,-57.50000000000001,-7.300000000000001,outro
4201653,SC,Arvoredo,Sul,40.2,51.4,31.7,57.7,60.5,-11.199999999999996,-26.000000000000004,-8.500000000000004,outro
4201703,SC,Ascurra,Sul,17.6,77.9,14.2,79.1,82.4,-60.300000000000004,-64.89999999999999,-3.400000000000002,outro
4201802,SC,Atalanta,Sul,19.6,72.7,13.6,80.6,82.7,-53.1,-67.0,-6.000000000000002,outro
4201901,SC,Aurora,Sul,19.5,73.8,12.9,80.9,83.4,-54.3,-68.0,-6.6,outro
4201950,SC,Balneário Arroio do Silva,Sul,37.1,56.6,31.9,61.1,63.5,-19.5,-29.200000000000003,-5.200000000000003,outro
4202057,SC,Balneário Barra do Sul,Sul,27.3,66.8,25.1,68.7,71.0,-39.5,-43.6,-2.1999999999999993,outro
4202008,SC,Balneário Camboriú,Sul,23.8,68.4,21.1,71.0,74.5,-44.60000000000001,-49.9,-2.6999999999999993,outro
4202073,SC,Balneário Gaivota,Sul,34.9,58.1,29.0,63.5,66.0,-23.200000000000003,-34.5,-5.899999999999999,outro
4212809,SC,Balneário Piçarras,Sul,26.0,67.6,22.8,70.3,72.9,-41.599999999999994,-47.5,-3.1999999999999993,outro
4220000,SC,Balneário Rincão,Sul,34.6,59.4,29.6,64.4,66.5,-24.799999999999997,-34.800000000000004,-5.0,outro
4202081,SC,Bandeirante,Sul,48.4,44.6,36.1,55.3,58.1,3.799999999999997,-19.199999999999996,-12.299999999999997,vira
4202099,SC,Barra Bonita,Sul,44.5,47.5,34.2,55.5,58.4,-3.0,-21.299999999999997,-10.299999999999997,outro
4202107,SC,Barra Velha,Sul,24.6,70.1,21.9,71.8,74.2,-45.49999999999999,-49.9,-2.700000000000003,outro
4202131,SC,Bela Vista do Toldo,Sul,33.0,56.4,23.9,69.5,71.2,-23.4,-45.6,-9.100000000000001,outro
4202156,SC,Belmonte,Sul,39.0,52.4,28.7,65.0,66.6,-13.399999999999999,-36.3,-10.3,outro
4202206,SC,Benedito Novo,Sul,15.4,78.4,13.1,79.8,82.7,-63.00000000000001,-66.7,-2.3000000000000007,outro
4202305,SC,Biguaçu,Sul,32.4,58.2,28.3,62.7,66.2,-25.800000000000004,-34.400000000000006,-4.099999999999998,outro
4202404,SC,Blumenau,Sul,22.8,66.7,20.9,68.8,73.7,-43.900000000000006,-47.9,-1.9000000000000021,outro
4202438,SC,Bocaina do Sul,Sul,38.7,53.6,29.6,64.9,65.6,-14.899999999999999,-35.300000000000004,-9.100000000000001,outro
4202503,SC,Bom Jardim da Serra,Sul,43.0,49.8,33.0,61.5,62.7,-6.799999999999997,-28.5,-10.0,outro
4202537,SC,Bom Jesus,Sul,47.1,49.2,39.3,55.0,56.7,-2.1000000000000014,-15.700000000000003,-7.800000000000004,outro
4202578,SC,Bom Jesus do Oeste,Sul,32.0,59.0,26.1,67.2,68.6,-27.0,-41.1,-5.899999999999999,outro
4202602,SC,Bom Retiro,Sul,36.3,56.6,25.6,67.5,69.7,-20.300000000000004,-41.9,-10.699999999999996,outro
4202453,SC,Bombinhas,Sul,26.9,65.6,23.9,68.4,72.2,-38.699999999999996,-44.50000000000001,-3.0,outro
4202701,SC,Botuverá,Sul,21.2,72.9,17.1,77.0,79.3,-51.7,-59.9,-4.099999999999998,outro
4202800,SC,Braço do Norte,Sul,19.7,73.9,15.5,76.8,79.8,-54.2,-61.3,-4.199999999999999,outro
4202859,SC,Braço do Trombudo,Sul,19.1,74.3,14.9,79.2,81.7,-55.199999999999996,-64.3,-4.200000000000001,outro
4202875,SC,Brunópolis,Sul,44.9,48.5,33.2,63.1,64.3,-3.6000000000000014,-29.9,-11.699999999999996,outro
4202909,SC,Brusque,Sul,20.8,72.5,18.2,74.5,77.6,-51.7,-56.3,-2.6000000000000014,outro
4203105,SC,Caibi,Sul,28.4,66.0,21.8,73.1,74.8,-37.6,-51.3,-6.599999999999998,outro
4203154,SC,Calmon,Sul,66.5,28.9,56.0,38.5,40.4,37.6,17.5,-10.5,mantido
4203204,SC,Camboriú,Sul,26.6,67.0,22.7,69.8,72.9,-40.4,-47.099999999999994,-3.900000000000002,outro
4203303,SC,Campo Alegre,Sul,20.1,73.4,14.6,79.2,81.2,-53.300000000000004,-64.60000000000001,-5.500000000000002,outro
4203402,SC,Campo Belo do Sul,Sul,46.3,46.8,37.4,57.7,58.6,-0.5,-20.300000000000004,-8.899999999999999,outro
4203501,SC,Campo Erê,Sul,54.8,41.2,44.3,50.4,52.1,13.599999999999994,-6.100000000000001,-10.5,vira
4203600,SC,Campos Novos,Sul,33.8,58.8,26.3,67.8,69.9,-25.0,-41.5,-7.4999999999999964,outro
4203709,SC,Canelinha,Sul,24.8,70.1,20.1,74.5,76.4,-45.3,-54.4,-4.699999999999999,outro
4203808,SC,Canoinhas,Sul,28.6,61.1,24.2,67.6,70.0,-32.5,-43.39999999999999,-4.400000000000002,outro
4203907,SC,Capinzal,Sul,35.5,56.8,28.9,63.8,66.8,-21.299999999999997,-34.9,-6.600000000000001,outro
4203956,SC,Capivari de Baixo,Sul,33.2,59.3,28.3,63.9,66.9,-26.099999999999994,-35.599999999999994,-4.900000000000002,outro
4203253,SC,Capão Alto,Sul,33.7,52.5,26.9,63.9,65.9,-18.799999999999997,-37.0,-6.800000000000004,outro
4204004,SC,Catanduvas,Sul,37.8,56.3,27.7,65.5,67.5,-18.5,-37.8,-10.099999999999998,outro
4204103,SC,Caxambu do Sul,Sul,50.8,43.4,41.5,53.4,55.3,7.399999999999999,-11.899999999999999,-9.299999999999997,vira
4203006,SC,Caçador,Sul,40.0,51.8,31.4,60.3,63.3,-11.799999999999997,-28.9,-8.600000000000001,outro
4204152,SC,Celso Ramos,Sul,41.7,50.9,34.4,57.7,61.7,-9.199999999999996,-23.300000000000004,-7.300000000000004,outro
4204178,SC,Cerro Negro,Sul,59.0,36.1,48.0,46.9,48.6,22.9,1.1000000000000014,-11.0,mantido
4204194,SC,Chapadão do Lageado,Sul,31.7,62.6,20.0,71.4,73.2,-30.900000000000002,-51.400000000000006,-11.7,outro
4204202,SC,Chapecó,Sul,36.7,56.7,30.0,61.8,65.0,-20.0,-31.799999999999997,-6.700000000000003,outro
4204251,SC,Cocal do Sul,Sul,23.7,67.3,19.4,71.4,75.2,-43.599999999999994,-52.00000000000001,-4.300000000000001,outro
4204301,SC,Concórdia,Sul,29.2,63.6,23.2,68.5,71.6,-34.400000000000006,-45.3,-6.0,outro
4204350,SC,Cordilheira Alta,Sul,35.4,58.9,27.2,66.6,68.2,-23.5,-39.39999999999999,-8.2,outro
4204400,SC,Coronel Freitas,Sul,38.2,56.4,31.5,63.5,65.3,-18.199999999999996,-32.0,-6.700000000000003,outro
4204459,SC,Coronel Martins,Sul,46.4,47.5,35.3,57.6,59.2,-1.1000000000000014,-22.300000000000004,-11.100000000000001,outro
4204558,SC,Correia Pinto,Sul,42.2,50.2,35.7,58.3,60.3,-8.0,-22.599999999999994,-6.5,outro
4204509,SC,Corupá,Sul,21.0,72.2,17.1,75.7,78.2,-51.2,-58.6,-3.8999999999999986,outro
4204608,SC,Criciúma,Sul,26.8,64.5,23.4,67.2,71.2,-37.7,-43.800000000000004,-3.400000000000002,outro
4204707,SC,Cunha Porã,Sul,16.6,76.8,12.7,81.6,84.0,-60.199999999999996,-68.89999999999999,-3.900000000000002,outro
4204756,SC,Cunhataí,Sul,29.9,58.1,21.0,70.8,73.5,-28.200000000000003,-49.8,-8.899999999999999,outro
4204806,SC,Curitibanos,Sul,38.6,54.3,29.1,63.7,66.1,-15.699999999999996,-34.6,-9.5,outro
4204905,SC,Descanso,Sul,35.8,56.0,27.2,63.8,66.8,-20.200000000000003,-36.599999999999994,-8.599999999999998,outro
4205001,SC,Dionísio Cerqueira,Sul,44.7,50.7,36.5,58.1,60.4,-6.0,-21.6,-8.200000000000003,outro
4205100,SC,Dona Emma,Sul,27.2,64.3,19.0,70.5,74.8,-37.099999999999994,-51.5,-8.2,outro
4205159,SC,Doutor Pedrinho,Sul,18.9,74.2,14.7,76.7,79.4,-55.300000000000004,-62.0,-4.199999999999999,outro
4205175,SC,Entre Rios,Sul,67.1,27.4,55.3,41.3,42.1,39.699999999999996,14.0,-11.799999999999997,mantido
4205191,SC,Ermo,Sul,25.4,68.9,18.6,75.3,77.4,-43.50000000000001,-56.699999999999996,-6.799999999999997,outro
4205209,SC,Erval Velho,Sul,27.3,64.7,22.6,71.3,72.6,-37.400000000000006,-48.699999999999996,-4.699999999999999,outro
4205308,SC,Faxinal dos Guedes,Sul,50.0,45.8,41.1,52.3,54.5,4.200000000000003,-11.199999999999996,-8.899999999999999,vira
4205357,SC,Flor do Sertão,Sul,48.2,43.6,32.9,56.6,59.1,4.600000000000001,-23.700000000000003,-15.300000000000004,vira
4205407,SC,Florianópolis,Sul,42.4,45.7,40.8,48.6,53.1,-3.3000000000000043,-7.800000000000004,-1.6000000000000014,outro
4205431,SC,Formosa do Sul,Sul,50.5,43.0,38.2,55.1,56.3,7.5,-16.9,-12.299999999999997,vira
4205456,SC,Forquilhinha,Sul,26.6,67.0,23.1,70.1,72.9,-40.4,-46.99999999999999,-3.5,outro
4205506,SC,Fraiburgo,Sul,35.5,57.6,26.4,66.5,68.9,-22.1,-40.1,-9.100000000000001,outro
4205555,SC,Frei Rogério,Sul,38.5,52.3,24.5,68.9,70.8,-13.799999999999997,-44.400000000000006,-14.0,outro
4205605,SC,Galvão,Sul,40.9,52.9,32.2,63.1,64.5,-12.0,-30.9,-8.699999999999996,outro
4205704,SC,Garopaba,Sul,37.3,54.2,32.9,59.1,62.2,-16.900000000000006,-26.200000000000003,-4.399999999999999,outro
4205803,SC,Garuva,Sul,25.4,68.4,21.7,72.0,74.7,-43.00000000000001,-50.3,-3.6999999999999993,outro
4205902,SC,Gaspar,Sul,24.7,68.1,20.7,71.2,74.8,-43.39999999999999,-50.5,-4.0,outro
4206009,SC,Governador Celso Ramos,Sul,21.6,70.5,18.9,74.2,76.7,-48.9,-55.300000000000004,-2.700000000000003,outro
4206207,SC,Gravatal,Sul,23.1,70.4,18.9,73.6,76.1,-47.300000000000004,-54.699999999999996,-4.200000000000003,outro
4206108,SC,Grão Pará,Sul,22.5,70.5,15.7,77.3,79.4,-48.0,-61.599999999999994,-6.800000000000001,outro
4206306,SC,Guabiruba,Sul,19.6,72.9,16.8,76.0,78.8,-53.300000000000004,-59.2,-2.8000000000000007,outro
4206405,SC,Guaraciaba,Sul,39.0,52.4,29.0,62.6,65.3,-13.399999999999999,-33.6,-10.0,outro
4206504,SC,Guaramirim,Sul,24.3,69.2,19.7,72.9,75.9,-44.900000000000006,-53.2,-4.600000000000001,outro
4206603,SC,Guarujá do Sul,Sul,37.5,56.3,30.0,62.0,65.0,-18.799999999999997,-32.0,-7.5,outro
4206652,SC,Guatambú,Sul,54.2,40.7,43.4,49.9,51.9,13.5,-6.5,-10.800000000000004,vira
4206702,SC,Herval d'Oeste,Sul,32.4,59.3,27.0,65.8,68.2,-26.9,-38.8,-5.399999999999999,outro
4206751,SC,Ibiam,Sul,35.4,59.1,26.0,67.5,69.1,-23.700000000000003,-41.5,-9.399999999999999,outro
4206801,SC,Ibicaré,Sul,27.0,68.0,20.0,74.4,76.3,-41.0,-54.400000000000006,-7.0,outro
4206900,SC,Ibirama,Sul,22.3,69.0,18.0,73.1,76.9,-46.7,-55.099999999999994,-4.300000000000001,outro
4207106,SC,Ilhota,Sul,21.9,71.9,18.3,75.1,77.8,-50.00000000000001,-56.8,-3.599999999999998,outro
4207205,SC,Imaruí,Sul,44.5,48.6,39.0,54.6,57.0,-4.100000000000001,-15.600000000000001,-5.5,outro
4207304,SC,Imbituba,Sul,39.8,51.4,34.5,57.0,60.4,-11.600000000000001,-22.5,-5.299999999999997,outro
4207403,SC,Imbuia,Sul,25.0,67.8,16.0,77.6,79.0,-42.8,-61.599999999999994,-9.0,outro
4207502,SC,Indaial,Sul,20.4,71.8,17.8,73.3,77.4,-51.4,-55.5,-2.599999999999998,outro
4207577,SC,Iomerê,Sul,23.3,67.7,18.2,73.8,75.9,-44.400000000000006,-55.599999999999994,-5.100000000000001,outro
4207601,SC,Ipira,Sul,39.3,53.0,30.5,62.2,64.7,-13.700000000000003,-31.700000000000003,-8.799999999999997,outro
4207650,SC,Iporã do Oeste,Sul,29.9,58.5,21.0,68.9,71.9,-28.6,-47.900000000000006,-8.899999999999999,outro
4207684,SC,Ipuaçu,Sul,64.5,30.5,55.3,40.2,41.2,34.0,15.099999999999994,-9.200000000000003,mantido
4207700,SC,Ipumirim,Sul,44.6,49.5,34.6,56.3,59.4,-4.899999999999999,-21.699999999999996,-10.0,outro
4207759,SC,Iraceminha,Sul,28.3,64.6,22.3,70.6,72.5,-36.3,-48.3,-6.0,outro
4207809,SC,Irani,Sul,36.7,56.1,29.1,62.5,64.7,-19.4,-33.4,-7.600000000000001,outro
4207858,SC,Irati,Sul,48.3,44.9,39.0,55.9,57.0,3.3999999999999986,-16.9,-9.299999999999997,vira
4207908,SC,Irineópolis,Sul,35.3,57.6,23.3,69.6,71.9,-22.300000000000004,-46.3,-11.999999999999996,outro
4208104,SC,Itaiópolis,Sul,24.7,68.7,17.1,77.4,79.3,-44.0,-60.300000000000004,-7.599999999999998,outro
4208203,SC,Itajaí,Sul,25.6,66.4,23.1,68.6,72.2,-40.800000000000004,-45.49999999999999,-2.5,outro
4208302,SC,Itapema,Sul,23.4,70.6,19.1,74.4,77.4,-47.199999999999996,-55.300000000000004,-4.299999999999997,outro
4208401,SC,Itapiranga,Sul,27.9,63.1,20.0,70.3,73.6,-35.2,-50.3,-7.899999999999999,outro
4208450,SC,Itapoá,Sul,29.2,64.2,25.8,66.7,69.4,-35.0,-40.900000000000006,-3.3999999999999986,outro
4208500,SC,Ituporanga,Sul,20.5,73.1,15.1,78.6,80.9,-52.599999999999994,-63.49999999999999,-5.4,outro
4208005,SC,Itá,Sul,43.6,46.8,33.1,55.6,60.1,-3.1999999999999957,-22.5,-10.5,outro
4207007,SC,Içara,Sul,25.6,67.7,21.1,71.3,74.6,-42.1,-50.199999999999996,-4.5,outro
4208609,SC,Jaborá,Sul,26.4,64.1,21.5,71.1,72.8,-37.699999999999996,-49.599999999999994,-4.899999999999999,outro
4208708,SC,Jacinto Machado,Sul,24.0,68.5,17.6,75.7,78.3,-44.5,-58.1,-6.399999999999999,outro
4208807,SC,Jaguaruna,Sul,26.6,67.0,22.7,70.7,73.2,-40.4,-48.0,-3.900000000000002,outro
4208906,SC,Jaraguá do Sul,Sul,21.8,70.0,18.9,72.7,76.4,-48.2,-53.800000000000004,-2.900000000000002,outro
4208955,SC,Jardinópolis,Sul,36.2,55.1,30.6,60.8,63.6,-18.9,-30.199999999999996,-5.600000000000001,outro
4209003,SC,Joaçaba,Sul,26.3,65.0,22.0,70.2,73.1,-38.7,-48.2,-4.300000000000001,outro
4209102,SC,Joinville,Sul,21.4,69.0,20.7,69.8,74.4,-47.6,-49.099999999999994,-0.6999999999999993,outro
4209151,SC,José Boiteux,Sul,37.4,57.3,32.7,61.3,63.8,-19.9,-28.599999999999994,-4.699999999999996,outro
4209177,SC,Jupiá,Sul,42.9,49.9,33.8,59.3,61.0,-7.0,-25.5,-9.100000000000001,outro
4209201,SC,Lacerdópolis,Sul,24.7,65.6,18.5,75.7,77.1,-40.89999999999999,-57.2,-6.199999999999999,outro
4209300,SC,Lages,Sul,32.1,59.1,27.0,65.3,68.0,-27.0,-38.3,-5.100000000000001,outro
4209409,SC,Laguna,Sul,37.3,54.1,34.3,57.5,60.7,-16.800000000000004,-23.200000000000003,-3.0,outro
4209458,SC,Lajeado Grande,Sul,36.6,58.0,27.1,66.7,68.1,-21.4,-39.6,-9.5,outro
4209508,SC,Laurentino,Sul,22.1,71.7,17.4,75.9,78.7,-49.6,-58.50000000000001,-4.700000000000003,outro
4209607,SC,Lauro Muller,Sul,34.0,56.6,27.0,64.6,67.3,-22.6,-37.599999999999994,-7.0,outro
4209706,SC,Lebon Régis,Sul,56.3,39.0,43.9,49.2,51.5,17.299999999999997,-5.300000000000004,-12.399999999999999,vira
4209805,SC,Leoberto Leal,Sul,29.1,59.6,19.9,72.2,73.9,-30.5,-52.300000000000004,-9.200000000000003,outro
4209854,SC,Lindóia do Sul,Sul,33.6,58.8,25.9,65.4,67.3,-25.199999999999996,-39.50000000000001,-7.700000000000003,outro
4209904,SC,Lontras,Sul,23.0,70.4,17.5,76.1,79.0,-47.400000000000006,-58.599999999999994,-5.5,outro
4210001,SC,Luiz Alves,Sul,18.7,75.2,14.5,79.1,81.9,-56.5,-64.6,-4.199999999999999,outro
4210035,SC,Luzerna,Sul,20.2,71.8,16.2,75.8,78.5,-51.599999999999994,-59.599999999999994,-4.0,outro
4210050,SC,Macieira,Sul,48.2,46.3,34.6,59.2,60.5,1.9000000000000057,-24.6,-13.600000000000001,vira
4210100,SC,Mafra,Sul,23.8,67.6,19.3,72.3,75.2,-43.8,-53.0,-4.5,outro
4210209,SC,Major Gercino,Sul,28.0,65.2,22.5,70.3,72.3,-37.2,-47.8,-5.5,outro
4210308,SC,Major Vieira,Sul,39.4,49.5,25.0,66.8,69.3,-10.100000000000001,-41.8,-14.399999999999999,outro
4210407,SC,Maracajá,Sul,33.3,59.5,24.3,67.2,69.8,-26.200000000000003,-42.900000000000006,-8.999999999999996,outro
4210506,SC,Maravilha,Sul,29.2,63.8,22.0,69.7,72.8,-34.599999999999994,-47.7,-7.199999999999999,outro
4210555,SC,Marema,Sul,34.2,58.9,27.0,67.0,69.1,-24.699999999999996,-40.0,-7.200000000000003,outro
4210605,SC,Massaranduba,Sul,17.6,75.5,13.1,79.7,82.4,-57.9,-66.60000000000001,-4.500000000000002,outro
4210704,SC,Matos Costa,Sul,53.8,41.4,43.1,50.0,52.3,12.399999999999999,-6.899999999999999,-10.699999999999996,vira
4210803,SC,Meleiro,Sul,19.2,75.3,15.8,78.4,80.6,-56.099999999999994,-62.60000000000001,-3.3999999999999986,outro
4210852,SC,Mirim Doce,Sul,29.8,64.9,21.3,73.9,75.8,-35.10000000000001,-52.60000000000001,-8.5,outro
4210902,SC,Modelo,Sul,36.3,54.4,26.6,62.9,66.3,-18.1,-36.3,-9.699999999999996,outro
4211009,SC,Mondaí,Sul,39.8,52.1,30.6,59.7,63.3,-12.300000000000004,-29.1,-9.199999999999996,outro
4211058,SC,Monte Carlo,Sul,51.1,42.6,39.2,54.7,56.7,8.5,-15.5,-11.899999999999999,vira
4211108,SC,Monte Castelo,Sul,41.0,53.0,30.3,63.3,65.2,-12.0,-33.0,-10.7,outro
4211256,SC,Morro Grande,Sul,21.2,71.9,16.8,76.9,78.9,-50.7,-60.10000000000001,-4.399999999999999,outro
4211207,SC,Morro da Fumaça,Sul,19.9,73.9,15.8,77.9,80.6,-54.00000000000001,-62.10000000000001,-4.099999999999998,outro
4211306,SC,Navegantes,Sul,29.1,63.6,25.7,65.8,69.3,-34.5,-40.099999999999994,-3.400000000000002,outro
4211405,SC,Nova Erechim,Sul,39.2,53.8,30.3,61.8,64.9,-14.599999999999994,-31.499999999999996,-8.900000000000002,outro
4211454,SC,Nova Itaberaba,Sul,47.5,46.4,38.4,54.6,56.3,1.1000000000000014,-16.200000000000003,-9.100000000000001,vira
4211504,SC,Nova Trento,Sul,21.1,72.6,17.3,75.9,78.4,-51.49999999999999,-58.60000000000001,-3.8000000000000007,outro
4211603,SC,Nova Veneza,Sul,22.5,71.1,17.6,76.3,78.8,-48.599999999999994,-58.699999999999996,-4.899999999999999,outro
4211652,SC,Novo Horizonte,Sul,43.4,51.8,31.3,63.0,65.0,-8.399999999999999,-31.7,-12.099999999999998,outro
4211702,SC,Orleans,Sul,20.1,72.8,15.4,78.4,81.0,-52.699999999999996,-63.00000000000001,-4.700000000000001,outro
4211751,SC,Otacílio Costa,Sul,33.5,58.3,26.3,66.8,69.1,-24.799999999999997,-40.5,-7.199999999999999,outro
4211801,SC,Ouro,Sul,27.8,64.9,21.3,71.5,73.9,-37.10000000000001,-50.2,-6.5,outro
4211850,SC,Ouro Verde,Sul,37.5,57.9,27.6,67.4,68.6,-20.4,-39.800000000000004,-9.899999999999999,outro
4211876,SC,Paial,Sul,51.2,41.3,41.6,50.8,52.8,9.900000000000006,-9.199999999999996,-9.600000000000001,vira
4211892,SC,Painel,Sul,42.3,47.9,32.7,59.4,60.8,-5.600000000000001,-26.699999999999996,-9.599999999999994,outro
4211900,SC,Palhoça,Sul,32.3,57.8,27.7,62.3,66.6,-25.5,-34.599999999999994,-4.599999999999998,outro
4212007,SC,Palma Sola,Sul,51.8,41.7,39.1,53.4,55.6,10.099999999999994,-14.299999999999997,-12.699999999999996,vira
4212056,SC,Palmeira,Sul,35.4,55.9,27.3,65.8,67.9,-20.5,-38.5,-8.099999999999998,outro
4212106,SC,Palmitos,Sul,29.1,63.4,21.3,71.9,73.8,-34.3,-50.60000000000001,-7.800000000000001,outro
4212205,SC,Papanduva,Sul,42.5,51.5,29.9,63.9,65.9,-9.0,-34.0,-12.600000000000001,outro
4212239,SC,Paraíso,Sul,48.8,43.7,37.0,55.0,57.2,5.099999999999994,-18.0,-11.799999999999997,vira
4212254,SC,Passo de Torres,Sul,35.8,56.9,28.2,64.0,66.7,-21.1,-35.8,-7.599999999999998,outro
4212270,SC,Passos Maia,Sul,53.2,40.1,43.2,51.3,52.3,13.100000000000001,-8.099999999999994,-10.0,vira
4212304,SC,Paulo Lopes,Sul,33.4,59.5,26.8,67.1,69.0,-26.1,-40.3,-6.599999999999998,outro
4212403,SC,Pedras Grandes,Sul,22.5,69.5,18.0,74.8,77.9,-47.0,-56.8,-4.5,outro
4212502,SC,Penha,Sul,23.2,69.6,21.6,70.2,73.3,-46.39999999999999,-48.6,-1.5999999999999979,outro
4212601,SC,Peritiba,Sul,25.6,65.9,18.7,73.9,75.7,-40.300000000000004,-55.2,-6.900000000000002,outro
4212650,SC,Pescaria Brava,Sul,39.3,52.4,30.7,61.1,64.0,-13.100000000000001,-30.400000000000002,-8.599999999999998,outro
4212700,SC,Petrolândia,Sul,21.2,72.6,16.6,78.1,80.3,-51.39999999999999,-61.49999999999999,-4.599999999999998,outro
4212908,SC,Pinhalzinho,Sul,37.9,55.4,29.4,61.4,64.4,-17.5,-32.0,-8.5,outro
4213005,SC,Pinheiro Preto,Sul,36.0,56.0,26.1,66.1,69.0,-20.0,-39.99999999999999,-9.899999999999999,outro
4213104,SC,Piratuba,Sul,33.1,59.7,24.3,67.7,70.6,-26.6,-43.400000000000006,-8.8,outro
4213153,SC,Planalto Alegre,Sul,51.1,41.3,42.5,50.5,52.5,9.800000000000004,-8.0,-8.600000000000001,vira
4213203,SC,Pomerode,Sul,18.6,73.2,16.1,74.9,78.8,-54.6,-58.800000000000004,-2.5,outro
4213302,SC,Ponte Alta,Sul,40.4,53.4,34.8,61.0,62.7,-13.0,-26.200000000000003,-5.600000000000001,outro
4213351,SC,Ponte Alta do Norte,Sul,44.4,50.2,35.6,59.7,60.6,-5.800000000000004,-24.1,-8.799999999999997,outro
4213401,SC,Ponte Serrada,Sul,49.2,45.3,38.7,56.3,57.9,3.9000000000000057,-17.599999999999994,-10.5,vira
4213500,SC,Porto Belo,Sul,24.5,68.2,20.1,72.7,76.1,-43.7,-52.6,-4.399999999999999,outro
4213609,SC,Porto União,Sul,31.2,59.7,25.5,65.9,69.2,-28.500000000000004,-40.400000000000006,-5.699999999999999,outro
4213708,SC,Pouso Redondo,Sul,22.8,72.9,17.1,77.4,79.6,-50.10000000000001,-60.300000000000004,-5.699999999999999,outro
4213807,SC,Praia Grande,Sul,40.1,51.9,28.5,63.0,66.3,-11.799999999999997,-34.5,-11.600000000000001,outro
4213906,SC,Presidente Castello Branco,Sul,20.8,73.7,16.9,77.1,79.1,-52.900000000000006,-60.199999999999996,-3.900000000000002,outro
4214003,SC,Presidente Getúlio,Sul,21.2,72.8,16.3,77.3,80.1,-51.599999999999994,-61.0,-4.899999999999999,outro
4214102,SC,Presidente Nereu,Sul,28.3,64.0,20.4,73.7,75.8,-35.7,-53.300000000000004,-7.900000000000002,outro
4214151,SC,Princesa,Sul,37.6,55.0,24.4,66.6,69.6,-17.4,-42.199999999999996,-13.200000000000003,outro
4214201,SC,Quilombo,Sul,44.5,49.0,36.1,58.0,59.6,-4.5,-21.9,-8.399999999999999,outro
4214300,SC,Rancho Queimado,Sul,26.7,64.1,19.5,72.7,76.3,-37.39999999999999,-53.2,-7.199999999999999,outro
4214904,SC,Rio Fortuna,Sul,14.1,77.6,11.2,80.8,83.8,-63.49999999999999,-69.6,-2.9000000000000004,outro
4215000,SC,Rio Negrinho,Sul,23.9,67.9,19.7,72.8,75.4,-44.00000000000001,-53.099999999999994,-4.199999999999999,outro
4215059,SC,Rio Rufino,Sul,37.6,54.7,29.3,63.2,64.6,-17.1,-33.900000000000006,-8.3,outro
4214409,SC,Rio das Antas,Sul,29.9,64.1,24.2,69.9,71.9,-34.199999999999996,-45.7,-5.699999999999999,outro
4214508,SC,Rio do Campo,Sul,24.1,70.9,17.6,75.6,78.0,-46.800000000000004,-57.99999999999999,-6.5,outro
4214607,SC,Rio do Oeste,Sul,27.6,66.8,18.9,72.0,75.0,-39.199999999999996,-53.1,-8.700000000000003,outro
4214805,SC,Rio do Sul,Sul,22.6,69.9,18.8,72.8,76.6,-47.300000000000004,-54.0,-3.8000000000000007,outro
4214706,SC,Rio dos Cedros,Sul,19.4,72.7,16.4,76.5,79.4,-53.300000000000004,-60.1,-3.0,outro
4215075,SC,Riqueza,Sul,40.2,51.8,32.5,60.5,62.6,-11.599999999999994,-28.0,-7.700000000000003,outro
4215109,SC,Rodeio,Sul,19.6,74.3,16.6,75.3,78.1,-54.699999999999996,-58.699999999999996,-3.0,outro
4215208,SC,Romelândia,Sul,42.0,49.0,33.4,59.2,61.6,-7.0,-25.800000000000004,-8.600000000000001,outro
4215307,SC,Salete,Sul,25.1,68.7,18.2,74.2,76.7,-43.6,-56.0,-6.900000000000002,outro
4215356,SC,Saltinho,Sul,61.2,33.7,46.4,46.1,48.6,27.5,0.29999999999999716,-14.800000000000004,mantido
4215406,SC,Salto Veloso,Sul,31.3,63.0,24.0,68.8,71.0,-31.7,-44.8,-7.300000000000001,outro
4215455,SC,Sangão,Sul,20.9,74.4,17.2,78.2,79.8,-53.50000000000001,-61.0,-3.6999999999999993,outro
4215505,SC,Santa Cecília,Sul,43.2,51.8,31.5,63.5,65.4,-8.599999999999994,-32.0,-11.700000000000003,outro
4215554,SC,Santa Helena,Sul,41.9,48.2,30.3,61.1,63.2,-6.300000000000004,-30.8,-11.599999999999998,outro
4215604,SC,Santa Rosa de Lima,Sul,31.1,59.5,22.1,67.2,69.5,-28.4,-45.1,-9.0,outro
4215653,SC,Santa Rosa do Sul,Sul,28.3,64.6,22.8,70.3,72.8,-36.3,-47.5,-5.5,outro
4215679,SC,Santa Terezinha,Sul,30.0,65.0,19.7,74.4,76.2,-35.0,-54.7,-10.3,outro
4215687,SC,Santa Terezinha do Progresso,Sul,54.8,36.9,44.5,47.8,49.3,17.9,-3.299999999999997,-10.299999999999997,vira
4215695,SC,Santiago do Sul,Sul,46.2,47.0,39.2,53.6,54.9,-0.7999999999999972,-14.399999999999999,-7.0,outro
4215703,SC,Santo Amaro da Imperatriz,Sul,28.8,60.7,24.3,66.5,69.9,-31.900000000000002,-42.2,-4.5,outro
4217303,SC,Saudades,Sul,35.0,57.5,26.9,63.3,67.0,-22.5,-36.4,-8.100000000000001,outro
4217402,SC,Schroeder,Sul,23.3,70.3,18.8,73.9,76.9,-47.0,-55.10000000000001,-4.5,outro
4217501,SC,Seara,Sul,41.9,49.5,33.2,57.5,60.3,-7.600000000000001,-24.299999999999997,-8.699999999999996,outro
4217550,SC,Serra Alta,Sul,34.2,59.7,26.2,67.5,69.5,-25.5,-41.3,-8.000000000000004,outro
4217600,SC,Siderópolis,Sul,32.1,58.8,25.4,65.4,68.6,-26.699999999999996,-40.00000000000001,-6.700000000000003,outro
4217709,SC,Sombrio,Sul,29.2,63.4,22.8,69.5,72.6,-34.2,-46.7,-6.399999999999999,outro
4217758,SC,Sul Brasil,Sul,44.7,46.7,38.0,54.9,57.1,-2.0,-16.9,-6.700000000000003,outro
4215802,SC,São Bento do Sul,Sul,21.4,69.3,17.5,73.5,77.0,-47.9,-56.0,-3.8999999999999986,outro
4215752,SC,São Bernardino,Sul,51.7,42.1,40.5,52.5,54.3,9.600000000000001,-12.0,-11.200000000000003,vira
4215901,SC,São Bonifácio,Sul,18.1,72.7,14.8,77.8,80.7,-54.6,-63.0,-3.3000000000000007,outro
4216008,SC,São Carlos,Sul,36.7,55.5,28.6,63.5,66.1,-18.799999999999997,-34.9,-8.100000000000001,outro
4216057,SC,São Cristovão do Sul,Sul,43.3,51.7,33.0,61.1,62.9,-8.400000000000006,-28.1,-10.299999999999997,outro
4216107,SC,São Domingos,Sul,42.4,52.8,32.4,62.9,64.3,-10.399999999999999,-30.5,-10.0,outro
4216206,SC,São Francisco do Sul,Sul,28.9,63.7,26.4,65.9,69.0,-34.800000000000004,-39.50000000000001,-2.5,outro
4216503,SC,São Joaquim,Sul,38.3,52.2,26.9,64.4,66.8,-13.900000000000006,-37.50000000000001,-11.399999999999999,outro
4216602,SC,São José,Sul,34.2,55.2,30.9,58.9,63.2,-21.0,-28.0,-3.3000000000000043,outro
4216701,SC,São José do Cedro,Sul,29.8,64.6,21.2,71.8,74.3,-34.8,-50.599999999999994,-8.600000000000001,outro
4216800,SC,São José do Cerrito,Sul,52.6,40.6,41.8,52.1,53.9,12.0,-10.300000000000004,-10.800000000000004,vira
4216305,SC,São João Batista,Sul,21.2,72.9,17.4,76.0,79.2,-51.7,-58.6,-3.8000000000000007,outro
4216354,SC,São João do Itaperiú,Sul,18.1,77.5,16.3,79.2,80.7,-59.4,-62.900000000000006,-1.8000000000000007,outro
4216255,SC,São João do Oeste,Sul,22.1,68.5,16.3,72.9,76.5,-46.4,-56.60000000000001,-5.800000000000001,outro
4216404,SC,São João do Sul,Sul,27.6,62.6,19.7,72.2,74.5,-35.0,-52.5,-7.900000000000002,outro
4216909,SC,São Lourenço do Oeste,Sul,36.0,56.9,28.5,64.2,66.9,-20.9,-35.7,-7.5,outro
4217006,SC,São Ludgero,Sul,19.9,72.2,16.4,76.2,79.5,-52.300000000000004,-59.800000000000004,-3.5,outro
4217105,SC,São Martinho,Sul,17.3,75.3,14.5,77.8,80.1,-58.0,-63.3,-2.8000000000000007,outro
4217154,SC,São Miguel da Boa Vista,Sul,49.6,41.5,37.1,51.5,54.7,8.100000000000001,-14.399999999999999,-12.5,vira
4217204,SC,São Miguel do Oeste,Sul,33.5,58.1,25.6,64.6,68.3,-24.6,-38.99999999999999,-7.899999999999999,outro
4217253,SC,São Pedro de Alcântara,Sul,25.9,65.1,22.5,69.4,72.2,-39.199999999999996,-46.900000000000006,-3.3999999999999986,outro
4217808,SC,Taió,Sul,20.0,74.9,13.8,80.5,82.6,-54.900000000000006,-66.7,-6.199999999999999,outro
4217907,SC,Tangará,Sul,27.8,65.1,20.8,72.4,74.6,-37.3,-51.60000000000001,-7.0,outro
4217956,SC,Tigrinhos,Sul,45.7,47.3,34.8,57.8,59.3,-1.5999999999999943,-23.0,-10.900000000000006,outro
4218004,SC,Tijucas,Sul,27.9,65.0,21.7,70.7,74.0,-37.1,-49.0,-6.199999999999999,outro
4218103,SC,Timbé do Sul,Sul,27.4,66.1,22.2,71.5,73.4,-38.699999999999996,-49.3,-5.199999999999999,outro
4218202,SC,Timbó,Sul,16.5,75.4,15.4,75.6,79.5,-58.900000000000006,-60.199999999999996,-1.0999999999999996,outro
4218251,SC,Timbó Grande,Sul,46.7,43.9,37.9,56.0,57.7,2.8000000000000043,-18.1,-8.800000000000004,vira
4218350,SC,Treviso,Sul,34.8,53.7,26.0,63.6,66.5,-18.900000000000006,-37.6,-8.799999999999997,outro
4218509,SC,Treze Tílias,Sul,21.9,72.7,16.5,76.3,79.3,-50.800000000000004,-59.8,-5.399999999999999,outro
4218400,SC,Treze de Maio,Sul,17.2,76.7,13.5,80.7,83.0,-59.5,-67.2,-3.6999999999999993,outro
4218608,SC,Trombudo Central,Sul,20.4,74.5,17.5,76.8,79.7,-54.1,-59.3,-2.8999999999999986,outro
4218301,SC,Três Barras,Sul,36.2,55.2,29.9,61.9,63.9,-19.0,-32.0,-6.300000000000004,outro
4218707,SC,Tubarão,Sul,23.9,67.5,21.1,70.7,74.2,-43.6,-49.6,-2.799999999999997,outro
4218756,SC,Tunápolis,Sul,22.3,68.0,17.4,72.4,75.7,-45.7,-55.00000000000001,-4.900000000000002,outro
4218806,SC,Turvo,Sul,17.3,76.7,14.7,79.7,81.9,-59.400000000000006,-65.0,-2.6000000000000014,outro
4218855,SC,União do Oeste,Sul,35.4,56.3,30.7,63.0,64.8,-20.9,-32.3,-4.699999999999999,outro
4218905,SC,Urubici,Sul,27.7,66.1,20.1,72.9,75.4,-38.39999999999999,-52.800000000000004,-7.599999999999998,outro
4218954,SC,Urupema,Sul,39.4,50.6,28.1,63.0,64.6,-11.200000000000003,-34.9,-11.299999999999997,outro
4219002,SC,Urussanga,Sul,21.6,69.0,18.4,72.9,75.7,-47.4,-54.50000000000001,-3.200000000000003,outro
4219150,SC,Vargem,Sul,48.9,42.5,37.2,57.2,58.3,6.399999999999999,-20.0,-11.699999999999996,vira
4219176,SC,Vargem Bonita,Sul,40.4,52.9,32.7,60.5,62.7,-12.5,-27.799999999999997,-7.699999999999996,outro
4219101,SC,Vargeão,Sul,45.2,48.9,34.7,57.2,59.3,-3.6999999999999957,-22.5,-10.5,outro
4219200,SC,Vidal Ramos,Sul,26.0,66.4,18.6,75.6,77.4,-40.400000000000006,-56.99999999999999,-7.399999999999999,outro
4219309,SC,Videira,Sul,27.8,65.4,22.3,70.8,73.3,-37.60000000000001,-48.5,-5.5,outro
4219358,SC,Vitor Meireles,Sul,31.4,63.6,22.8,69.8,72.4,-32.2,-47.0,-8.599999999999998,outro
4219408,SC,Witmarsum,Sul,27.9,65.0,18.7,72.9,75.5,-37.1,-54.2,-9.2,outro
4219507,SC,Xanxerê,Sul,38.5,55.4,30.7,61.9,64.7,-16.9,-31.2,-7.800000000000001,outro
4219606,SC,Xavantina,Sul,43.0,51.8,32.9,60.5,63.0,-8.799999999999997,-27.6,-10.100000000000001,outro
4219705,SC,Xaxim,Sul,33.5,60.8,26.7,67.0,69.0,-27.299999999999997,-40.3,-6.800000000000001,outro
4219853,SC,Zortéa,Sul,40.1,51.9,32.9,61.6,63.8,-11.799999999999997,-28.700000000000003,-7.200000000000003,outro
4200408,SC,Água Doce,Sul,28.9,66.7,21.8,72.2,74.2,-37.800000000000004,-50.400000000000006,-7.099999999999998,outro
4200556,SC,Águas Frias,Sul,41.1,49.3,31.7,59.0,62.0,-8.199999999999996,-27.3,-9.400000000000002,outro
4200606,SC,Águas Mornas,Sul,25.8,62.8,20.5,70.7,73.6,-37.0,-50.2,-5.300000000000001,outro
4200507,SC,Águas de Chapecó,Sul,53.6,41.8,41.1,53.0,54.6,11.800000000000004,-11.899999999999999,-12.5,vira
2800100,SE,Amparo de São Francisco,Nordeste,68.4,25.4,65.7,29.2,30.3,43.00000000000001,36.5,-2.700000000000003,mantido
2800209,SE,Aquidabã,Nordeste,74.0,20.8,69.5,24.9,26.2,53.2,44.6,-4.5,mantido
2800308,SE,Aracaju,Nordeste,52.6,37.1,54.1,37.3,39.7,15.5,16.800000000000004,1.5,mantido
2800407,SE,Arauá,Nordeste,75.7,19.5,74.0,21.2,22.1,56.2,52.8,-1.7000000000000028,mantido
2800506,SE,Areia Branca,Nordeste,69.3,25.3,67.0,27.1,28.5,44.0,39.9,-2.299999999999997,mantido
2800605,SE,Barra dos Coqueiros,Nordeste,58.3,33.8,58.2,34.7,36.7,24.5,23.5,-0.09999999999999432,mantido
2800670,SE,Boquim,Nordeste,69.5,25.5,66.3,28.0,29.2,44.0,38.3,-3.200000000000003,mantido
2800704,SE,Brejo Grande,Nordeste,77.2,19.5,73.9,22.0,22.8,57.7,51.900000000000006,-3.299999999999997,mantido
2801009,SE,Campo do Brito,Nordeste,71.8,23.3,68.9,25.4,26.7,48.5,43.50000000000001,-2.8999999999999915,mantido
2801108,SE,Canhoba,Nordeste,77.7,18.1,75.4,19.2,20.1,59.6,56.2,-2.299999999999997,mantido
2801207,SE,Canindé de São Francisco,Nordeste,76.2,19.8,70.6,24.1,25.4,56.400000000000006,46.49999999999999,-5.6000000000000085,mantido
2801306,SE,Capela,Nordeste,67.4,26.4,65.8,28.3,29.5,41.00000000000001,37.5,-1.6000000000000085,mantido
2801405,SE,Carira,Nordeste,70.0,24.3,66.9,27.2,28.7,45.7,39.7,-3.0999999999999943,mantido
2801504,SE,Carmópolis,Nordeste,65.3,29.6,64.6,30.1,31.5,35.699999999999996,34.49999999999999,-0.7000000000000028,mantido
2801603,SE,Cedro de São João,Nordeste,67.8,27.9,64.3,30.9,32.2,39.9,33.4,-3.5,mantido
2801702,SE,Cristinápolis,Nordeste,79.0,17.3,73.2,22.0,23.3,61.7,51.2,-5.799999999999997,mantido
2801900,SE,Cumbe,Nordeste,60.8,32.7,58.0,35.0,36.2,28.099999999999994,23.0,-2.799999999999997,mantido
2802007,SE,Divina Pastora,Nordeste,76.4,19.3,74.4,20.8,21.7,57.10000000000001,53.60000000000001,-2.0,mantido
2802106,SE,Estância,Nordeste,70.2,23.6,69.3,24.3,26.0,46.6,45.0,-0.9000000000000057,mantido
2802205,SE,Feira Nova,Nordeste,74.7,21.0,71.8,23.9,24.7,53.7,47.9,-2.9000000000000057,mantido
2802304,SE,Frei Paulo,Nordeste,60.7,35.1,56.5,38.0,38.7,25.6,18.5,-4.200000000000003,mantido
2802403,SE,Gararu,Nordeste,81.6,13.9,78.9,17.4,18.1,67.69999999999999,61.50000000000001,-2.6999999999999886,mantido
2802502,SE,General Maynard,Nordeste,71.8,22.1,70.4,22.9,24.2,49.699999999999996,47.50000000000001,-1.3999999999999915,mantido
2802601,SE,Gracho Cardoso,Nordeste,79.0,16.4,75.0,21.0,22.1,62.6,54.0,-4.0,mantido
2802700,SE,Ilha das Flores,Nordeste,76.8,19.5,73.8,22.5,23.3,57.3,51.3,-3.0,mantido
2802809,SE,Indiaroba,Nordeste,78.3,17.1,76.9,17.9,18.9,61.199999999999996,59.00000000000001,-1.3999999999999915,mantido
2802908,SE,Itabaiana,Nordeste,58.6,34.5,55.7,36.9,38.7,24.1,18.800000000000004,-2.8999999999999986,mantido
2803005,SE,Itabaianinha,Nordeste,61.8,33.4,58.4,36.6,37.7,28.4,21.799999999999997,-3.3999999999999986,mantido
2803104,SE,Itabi,Nordeste,70.3,23.8,65.9,28.4,29.8,46.5,37.50000000000001,-4.3999999999999915,mantido
2803203,SE,Itaporanga d'Ajuda,Nordeste,66.7,26.5,66.9,26.4,27.6,40.2,40.50000000000001,0.20000000000000284,mantido
2803302,SE,Japaratuba,Nordeste,71.8,20.7,71.4,23.2,24.2,51.099999999999994,48.2,-0.3999999999999915,mantido
2803401,SE,Japoatã,Nordeste,74.4,21.5,72.5,23.3,23.9,52.900000000000006,49.2,-1.9000000000000057,mantido
2803500,SE,Lagarto,Nordeste,68.0,26.3,65.3,28.3,30.3,41.7,37.0,-2.700000000000003,mantido
2803609,SE,Laranjeiras,Nordeste,64.3,28.9,65.6,28.7,30.0,35.4,36.89999999999999,1.2999999999999972,mantido
2803708,SE,Macambira,Nordeste,68.7,25.6,67.6,27.5,28.5,43.1,40.099999999999994,-1.1000000000000085,mantido
2803807,SE,Malhada dos Bois,Nordeste,76.6,19.3,72.5,23.1,24.4,57.3,49.4,-4.099999999999994,mantido
2803906,SE,Malhador,Nordeste,71.6,23.6,69.2,25.6,27.0,47.99999999999999,43.6,-2.3999999999999915,mantido
2804003,SE,Maruim,Nordeste,74.7,19.9,75.0,20.1,21.2,54.800000000000004,54.9,0.29999999999999716,mantido
2804102,SE,Moita Bonita,Nordeste,63.0,30.5,59.6,33.7,35.1,32.5,25.9,-3.3999999999999986,mantido
2804201,SE,Monte Alegre de Sergipe,Nordeste,71.9,24.1,66.6,29.2,30.3,47.800000000000004,37.39999999999999,-5.300000000000011,mantido
2804300,SE,Muribeca,Nordeste,70.2,24.4,67.7,27.0,28.1,45.800000000000004,40.7,-2.5,mantido
2804409,SE,Neópolis,Nordeste,72.9,23.0,72.2,23.8,24.5,49.900000000000006,48.400000000000006,-0.7000000000000028,mantido
2804458,SE,Nossa Senhora Aparecida,Nordeste,62.7,32.5,61.4,34.3,34.9,30.200000000000003,27.1,-1.3000000000000043,mantido
2804508,SE,Nossa Senhora da Glória,Nordeste,75.1,20.0,70.1,23.9,25.3,55.099999999999994,46.199999999999996,-5.0,mantido
2804607,SE,Nossa Senhora das Dores,Nordeste,61.3,32.1,61.6,32.6,33.7,29.199999999999996,29.0,0.30000000000000426,mantido
2804706,SE,Nossa Senhora de Lourdes,Nordeste,78.3,18.3,75.5,20.4,21.4,60.0,55.1,-2.799999999999997,mantido
2804805,SE,Nossa Senhora do Socorro,Nordeste,54.7,36.7,55.3,36.6,38.8,18.0,18.699999999999996,0.5999999999999943,mantido
2804904,SE,Pacatuba,Nordeste,79.0,15.9,78.4,16.4,17.3,63.1,62.00000000000001,-0.5999999999999943,mantido
2805000,SE,Pedra Mole,Nordeste,69.3,25.8,66.7,28.0,29.1,43.5,38.7,-2.5999999999999943,mantido
2805109,SE,Pedrinhas,Nordeste,71.9,24.1,69.0,26.4,27.5,47.800000000000004,42.6,-2.9000000000000057,mantido
2805208,SE,Pinhão,Nordeste,74.3,21.0,71.9,22.6,23.3,53.3,49.300000000000004,-2.3999999999999915,mantido
2805307,SE,Pirambu,Nordeste,69.5,24.1,69.5,23.9,25.3,45.4,45.6,0.0,mantido
2805604,SE,Porto da Folha,Nordeste,76.4,18.8,72.5,21.9,23.0,57.60000000000001,50.6,-3.9000000000000057,mantido
2805406,SE,Poço Redondo,Nordeste,75.4,20.1,69.5,25.8,26.9,55.300000000000004,43.7,-5.900000000000006,mantido
2805505,SE,Poço Verde,Nordeste,74.5,18.6,71.3,22.5,24.1,55.9,48.8,-3.200000000000003,mantido
2805703,SE,Propriá,Nordeste,62.5,32.8,59.4,35.9,37.2,29.700000000000003,23.5,-3.1000000000000014,mantido
2805901,SE,Riachuelo,Nordeste,72.7,22.6,71.4,23.9,25.0,50.1,47.50000000000001,-1.2999999999999972,mantido
2805802,SE,Riachão do Dantas,Nordeste,78.5,17.1,77.5,17.6,18.5,61.4,59.9,-1.0,mantido
2806008,SE,Ribeirópolis,Nordeste,66.1,28.2,62.2,32.3,33.5,37.89999999999999,29.900000000000006,-3.8999999999999915,mantido
2806107,SE,Rosário do Catete,Nordeste,71.3,21.8,73.0,22.1,23.3,49.5,50.9,1.7000000000000028,mantido
2806206,SE,Salgado,Nordeste,75.0,19.8,72.0,22.3,23.5,55.2,49.7,-3.0,mantido
2806305,SE,Santa Luzia do Itanhy,Nordeste,77.6,17.6,75.4,19.6,20.7,59.99999999999999,55.800000000000004,-2.1999999999999886,mantido
2806503,SE,Santa Rosa de Lima,Nordeste,71.1,23.5,67.6,26.9,27.7,47.599999999999994,40.699999999999996,-3.5,mantido
2806404,SE,Santana do São Francisco,Nordeste,71.6,24.0,68.7,27.5,28.3,47.599999999999994,41.2,-2.8999999999999915,mantido
2806602,SE,Santo Amaro das Brotas,Nordeste,81.0,15.2,79.7,15.9,17.2,65.8,63.800000000000004,-1.2999999999999972,mantido
2807105,SE,Simão Dias,Nordeste,73.3,21.1,67.7,26.0,27.6,52.199999999999996,41.7,-5.599999999999994,mantido
2807204,SE,Siriri,Nordeste,72.4,22.3,72.4,22.4,23.4,50.10000000000001,50.00000000000001,0.0,mantido
2806701,SE,São Cristóvão,Nordeste,60.9,31.1,61.3,31.6,33.5,29.799999999999997,29.699999999999996,0.3999999999999986,mantido
2806800,SE,São Domingos,Nordeste,66.6,30.3,62.7,33.0,34.4,36.3,29.700000000000003,-3.8999999999999915,mantido
2806909,SE,São Francisco,Nordeste,72.9,21.9,69.0,26.4,27.2,51.00000000000001,42.6,-3.9000000000000057,mantido
2807006,SE,São Miguel do Aleixo,Nordeste,72.7,22.4,69.9,24.5,25.8,50.300000000000004,45.400000000000006,-2.799999999999997,mantido
2807303,SE,Telha,Nordeste,66.4,30.2,65.1,31.1,31.9,36.2,33.99999999999999,-1.3000000000000114,mantido
2807402,SE,Tobias Barreto,Nordeste,67.1,27.8,63.4,30.8,32.2,39.3,32.599999999999994,-3.6999999999999957,mantido
2807501,SE,Tomar do Geru,Nordeste,68.8,26.6,67.2,27.9,29.2,42.199999999999996,39.300000000000004,-1.5999999999999943,mantido
2807600,SE,Umbaúba,Nordeste,68.3,26.4,63.9,30.4,31.6,41.9,33.5,-4.399999999999999,mantido
3500105,SP,Adamantina,Sudeste,23.9,68.8,21.0,72.1,74.5,-44.9,-51.099999999999994,-2.8999999999999986,outro
3500204,SP,Adolfo,Sudeste,35.7,59.1,29.1,66.4,67.8,-23.4,-37.300000000000004,-6.600000000000001,outro
3500303,SP,Aguaí,Sudeste,37.5,53.6,33.3,58.4,61.4,-16.1,-25.1,-4.200000000000003,outro
3500709,SP,Agudos,Sudeste,31.5,60.4,27.4,65.5,68.0,-28.9,-38.1,-4.100000000000001,outro
3500758,SP,Alambari,Sudeste,32.5,60.5,27.8,66.3,68.2,-28.0,-38.5,-4.699999999999999,outro
3500808,SP,Alfredo Marcondes,Sudeste,37.9,57.3,32.6,63.1,64.6,-19.4,-30.5,-5.299999999999997,outro
3500907,SP,Altair,Sudeste,43.5,50.6,35.8,60.3,61.7,-7.100000000000001,-24.5,-7.700000000000003,outro
3501004,SP,Altinópolis,Sudeste,44.5,46.0,37.5,53.5,56.2,-1.5,-16.0,-7.0,outro
3501103,SP,Alto Alegre,Sudeste,29.8,63.9,26.2,69.4,70.5,-34.099999999999994,-43.2,-3.6000000000000014,outro
3501152,SP,Alumínio,Sudeste,43.5,44.9,38.3,50.3,54.2,-1.3999999999999986,-12.0,-5.200000000000003,outro
3501509,SP,Alvinlândia,Sudeste,45.7,49.2,42.1,53.8,55.4,-3.5,-11.699999999999996,-3.6000000000000014,outro
3501608,SP,Americana,Sudeste,29.6,60.1,27.7,63.6,66.9,-30.5,-35.900000000000006,-1.9000000000000021,outro
3501905,SP,Amparo,Sudeste,29.1,60.9,26.0,65.3,68.4,-31.799999999999997,-39.3,-3.1000000000000014,outro
3501707,SP,Américo Brasiliense,Sudeste,52.6,39.2,47.5,44.7,47.4,13.399999999999999,2.799999999999997,-5.100000000000001,mantido
3501806,SP,Américo de Campos,Sudeste,35.4,58.8,29.1,64.8,66.6,-23.4,-35.699999999999996,-6.299999999999997,outro
3502002,SP,Analândia,Sudeste,30.7,60.4,26.7,66.3,68.3,-29.7,-39.599999999999994,-4.0,outro
3502101,SP,Andradina,Sudeste,35.0,57.1,31.1,62.1,64.5,-22.1,-31.0,-3.8999999999999986,outro
3502200,SP,Angatuba,Sudeste,41.9,49.7,36.6,55.2,57.6,-7.800000000000004,-18.6,-5.299999999999997,outro
3502309,SP,Anhembi,Sudeste,38.6,55.5,31.8,63.0,64.4,-16.9,-31.2,-6.800000000000001,outro
3502408,SP,Anhumas,Sudeste,39.8,54.6,33.2,61.6,63.3,-14.800000000000004,-28.4,-6.599999999999994,outro
3502507,SP,Aparecida,Sudeste,33.5,55.5,32.1,58.3,61.5,-22.0,-26.199999999999996,-1.3999999999999986,outro
3502606,SP,Aparecida d'Oeste,Sudeste,46.3,49.0,40.4,54.6,55.8,-2.700000000000003,-14.200000000000003,-5.899999999999999,outro
3502705,SP,Apiaí,Sudeste,44.7,46.9,39.4,53.5,55.8,-2.1999999999999957,-14.100000000000001,-5.300000000000004,outro
3503000,SP,Aramina,Sudeste,50.3,43.2,40.6,53.1,55.0,7.099999999999994,-12.5,-9.699999999999996,vira
3503109,SP,Arandu,Sudeste,40.1,54.3,29.8,64.7,65.8,-14.199999999999996,-34.900000000000006,-10.3,outro
3503158,SP,Arapeí,Sudeste,48.6,44.5,45.1,49.6,50.8,4.100000000000001,-4.5,-3.5,vira
3503208,SP,Araraquara,Sudeste,46.2,42.9,44.8,45.8,49.5,3.3000000000000043,-1.0,-1.4000000000000057,vira
3503307,SP,Araras,Sudeste,28.6,60.7,26.1,64.6,67.6,-32.1,-38.49999999999999,-2.5,outro
3502754,SP,Araçariguama,Sudeste,41.1,50.5,35.3,56.5,59.5,-9.399999999999999,-21.200000000000003,-5.800000000000004,outro
3502804,SP,Araçatuba,Sudeste,28.4,62.9,26.6,65.3,68.0,-34.5,-38.699999999999996,-1.7999999999999972,outro
3502903,SP,Araçoiaba da Serra,Sudeste,30.8,59.6,27.8,64.3,66.9,-28.8,-36.5,-3.0,outro
3503356,SP,Arco-Íris,Sudeste,33.5,58.3,26.5,68.9,70.3,-24.799999999999997,-42.400000000000006,-7.0,outro
3503406,SP,Arealva,Sudeste,33.1,60.5,27.1,67.0,69.0,-27.4,-39.9,-6.0,outro
3503505,SP,Areias,Sudeste,60.2,33.3,53.1,39.2,41.3,26.900000000000006,13.899999999999999,-7.100000000000001,mantido
3503604,SP,Areiópolis,Sudeste,43.4,50.2,39.3,53.8,56.1,-6.800000000000004,-14.5,-4.100000000000001,outro
3503703,SP,Ariranha,Sudeste,35.1,58.8,30.2,64.2,65.7,-23.699999999999996,-34.0,-4.900000000000002,outro
3503802,SP,Artur Nogueira,Sudeste,34.5,57.9,29.7,63.0,65.8,-23.4,-33.3,-4.800000000000001,outro
3503901,SP,Arujá,Sudeste,39.7,49.1,35.9,53.2,57.4,-9.399999999999999,-17.300000000000004,-3.8000000000000043,outro
3503950,SP,Aspásia,Sudeste,39.8,54.2,38.1,56.3,57.8,-14.400000000000006,-18.199999999999996,-1.6999999999999957,outro
3504008,SP,Assis,Sudeste,34.9,56.3,31.0,61.2,63.7,-21.4,-30.200000000000003,-3.8999999999999986,outro
3504107,SP,Atibaia,Sudeste,32.1,55.5,28.9,60.2,64.3,-23.4,-31.300000000000004,-3.200000000000003,outro
3504206,SP,Auriflama,Sudeste,31.9,62.6,27.6,67.8,69.3,-30.700000000000003,-40.199999999999996,-4.299999999999997,outro
3504404,SP,Avanhandava,Sudeste,48.1,46.2,39.6,54.0,55.9,1.8999999999999986,-14.399999999999999,-8.5,vira
3504503,SP,Avaré,Sudeste,33.9,56.9,29.2,62.0,65.0,-23.0,-32.8,-4.699999999999999,outro
3504305,SP,Avaí,Sudeste,49.0,44.6,43.5,51.1,52.7,4.399999999999999,-7.600000000000001,-5.5,vira
3504602,SP,Bady Bassitt,Sudeste,29.0,63.7,26.0,65.9,68.8,-34.7,-39.900000000000006,-3.0,outro
3504701,SP,Balbinos,Sudeste,41.6,53.8,35.7,57.9,60.1,-12.199999999999996,-22.199999999999996,-5.899999999999999,outro
3504909,SP,Bananal,Sudeste,53.5,39.6,47.5,45.7,47.8,13.899999999999999,1.7999999999999972,-6.0,mantido
3505104,SP,Barbosa,Sudeste,42.1,51.5,36.4,58.9,59.8,-9.399999999999999,-22.5,-5.700000000000003,outro
3505203,SP,Bariri,Sudeste,26.2,65.3,24.4,67.8,70.3,-39.099999999999994,-43.4,-1.8000000000000007,outro
3505302,SP,Barra Bonita,Sudeste,31.9,58.6,27.7,63.9,66.7,-26.700000000000003,-36.2,-4.199999999999999,outro
3505351,SP,Barra do Chapéu,Sudeste,46.6,41.9,36.3,57.6,59.5,4.700000000000003,-21.300000000000004,-10.300000000000004,vira
3505401,SP,Barra do Turvo,Sudeste,50.5,44.7,45.0,50.2,52.4,5.799999999999997,-5.200000000000003,-5.5,vira
3505500,SP,Barretos,Sudeste,35.0,56.1,31.8,59.9,62.5,-21.1,-28.099999999999998,-3.1999999999999993,outro
3505609,SP,Barrinha,Sudeste,50.2,43.0,43.6,48.9,51.0,7.200000000000003,-5.299999999999997,-6.600000000000001,vira
3505708,SP,Barueri,Sudeste,44.2,43.5,40.8,48.7,52.8,0.7000000000000028,-7.900000000000006,-3.4000000000000057,vira
3505005,SP,Barão de Antonina,Sudeste,46.9,45.6,39.5,54.4,56.0,1.2999999999999972,-14.899999999999999,-7.399999999999999,vira
3505807,SP,Bastos,Sudeste,26.4,66.1,22.3,71.6,73.6,-39.699999999999996,-49.3,-4.099999999999998,outro
3505906,SP,Batatais,Sudeste,40.7,48.9,35.0,55.2,58.0,-8.199999999999996,-20.200000000000003,-5.700000000000003,outro
3506003,SP,Bauru,Sudeste,35.5,53.8,33.1,57.1,60.6,-18.299999999999997,-24.0,-2.3999999999999986,outro
3506102,SP,Bebedouro,Sudeste,28.7,63.1,25.8,66.0,68.4,-34.400000000000006,-40.2,-2.8999999999999986,outro
3506201,SP,Bento de Abreu,Sudeste,39.3,55.0,37.3,59.5,60.2,-15.700000000000003,-22.200000000000003,-2.0,outro
3506300,SP,Bernardino de Campos,Sudeste,35.8,56.8,30.8,62.2,63.7,-21.0,-31.400000000000002,-4.9999999999999964,outro
3506359,SP,Bertioga,Sudeste,40.7,50.9,37.5,54.3,57.2,-10.199999999999996,-16.799999999999997,-3.200000000000003,outro
3506409,SP,Bilac,Sudeste,29.1,65.5,27.0,68.0,69.8,-36.4,-41.0,-2.1000000000000014,outro
3506508,SP,Birigui,Sudeste,25.5,67.6,23.1,70.2,72.7,-42.099999999999994,-47.1,-2.3999999999999986,outro
3506607,SP,Biritiba-Mirim,Sudeste,37.0,51.6,33.3,57.4,60.4,-14.600000000000001,-24.1,-3.700000000000003,outro
3506706,SP,Boa Esperança do Sul,Sudeste,56.1,37.8,44.8,48.5,50.4,18.300000000000004,-3.700000000000003,-11.300000000000004,vira
3506805,SP,Bocaina,Sudeste,30.3,62.0,25.0,67.5,70.0,-31.7,-42.5,-5.300000000000001,outro
3506904,SP,Bofete,Sudeste,37.0,55.6,33.9,59.8,61.5,-18.6,-25.9,-3.1000000000000014,outro
3507001,SP,Boituva,Sudeste,31.3,59.9,29.1,62.8,65.8,-28.599999999999998,-33.699999999999996,-2.1999999999999993,outro
3507100,SP,Bom Jesus dos Perdões,Sudeste,35.6,55.3,29.9,60.2,63.9,-19.699999999999996,-30.300000000000004,-5.700000000000003,outro
3507159,SP,Bom Sucesso de Itararé,Sudeste,53.9,40.0,43.1,51.0,52.9,13.899999999999999,-7.899999999999999,-10.799999999999997,vira
3507308,SP,Boracéia,Sudeste,40.3,53.0,32.0,61.6,63.7,-12.700000000000003,-29.6,-8.299999999999997,outro
3507407,SP,Borborema,Sudeste,29.2,63.5,25.5,68.0,70.1,-34.3,-42.5,-3.6999999999999993,outro
3507456,SP,Borebi,Sudeste,40.2,53.0,33.0,61.0,63.1,-12.799999999999997,-28.0,-7.200000000000003,outro
3507209,SP,Borá,Sudeste,39.4,54.9,30.0,65.3,65.8,-15.5,-35.3,-9.399999999999999,outro
3507506,SP,Botucatu,Sudeste,37.1,50.3,34.9,54.2,57.7,-13.199999999999996,-19.300000000000004,-2.200000000000003,outro
3507605,SP,Bragança Paulista,Sudeste,29.6,58.9,27.3,62.5,66.3,-29.299999999999997,-35.2,-2.3000000000000007,outro
3507704,SP,Braúna,Sudeste,30.4,65.4,27.6,68.7,70.0,-35.00000000000001,-41.1,-2.799999999999997,outro
3507753,SP,Brejo Alegre,Sudeste,53.8,42.5,44.3,50.7,51.8,11.299999999999997,-6.400000000000006,-9.5,vira
3507803,SP,Brodowski,Sudeste,30.7,61.7,24.8,67.4,70.1,-31.000000000000004,-42.60000000000001,-5.899999999999999,outro
3507902,SP,Brotas,Sudeste,27.7,63.3,24.7,67.7,70.2,-35.599999999999994,-43.0,-3.0,outro
3508009,SP,Buri,Sudeste,38.2,56.9,31.0,64.4,66.0,-18.699999999999996,-33.400000000000006,-7.200000000000003,outro
3508108,SP,Buritama,Sudeste,35.0,59.9,30.3,64.3,66.2,-24.9,-34.0,-4.699999999999999,outro
3508207,SP,Buritizal,Sudeste,29.3,65.7,26.2,68.6,70.5,-36.400000000000006,-42.39999999999999,-3.1000000000000014,outro
3504800,SP,Bálsamo,Sudeste,30.9,58.9,24.3,68.4,71.1,-28.0,-44.10000000000001,-6.599999999999998,outro
3508405,SP,Cabreúva,Sudeste,36.1,55.9,30.1,61.0,64.3,-19.799999999999997,-30.9,-6.0,outro
3508306,SP,Cabrália Paulista,Sudeste,45.4,47.7,37.0,55.5,58.1,-2.3000000000000043,-18.5,-8.399999999999999,outro
3508603,SP,Cachoeira Paulista,Sudeste,38.4,51.9,34.7,56.5,59.4,-13.5,-21.799999999999997,-3.6999999999999957,outro
3508702,SP,Caconde,Sudeste,42.4,50.8,36.3,56.1,58.5,-8.399999999999999,-19.800000000000004,-6.100000000000001,outro
3508801,SP,Cafelândia,Sudeste,35.4,55.7,31.6,61.2,63.6,-20.300000000000004,-29.6,-3.799999999999997,outro
3508900,SP,Caiabu,Sudeste,46.8,45.9,40.1,54.3,55.4,0.8999999999999986,-14.199999999999996,-6.699999999999996,vira
3509007,SP,Caieiras,Sudeste,44.8,43.8,40.9,48.8,52.8,1.0,-7.899999999999999,-3.8999999999999986,vira
3509106,SP,Caiuá,Sudeste,55.6,38.7,47.8,47.1,48.4,16.9,0.6999999999999957,-7.800000000000004,mantido
3509205,SP,Cajamar,Sudeste,45.6,42.6,39.1,49.8,53.9,3.0,-10.699999999999996,-6.5,vira
3509254,SP,Cajati,Sudeste,31.4,62.4,27.3,66.6,68.8,-31.0,-39.3,-4.099999999999998,outro
3509304,SP,Cajobi,Sudeste,38.1,57.0,31.3,62.8,64.6,-18.9,-31.499999999999996,-6.800000000000001,outro
3509403,SP,Cajuru,Sudeste,45.8,46.8,39.2,53.5,55.9,-1.0,-14.299999999999997,-6.599999999999994,outro
3509452,SP,Campina do Monte Alegre,Sudeste,37.8,54.4,32.9,60.7,62.4,-16.6,-27.800000000000004,-4.899999999999999,outro
3509502,SP,Campinas,Sudeste,39.8,49.1,38.2,52.1,55.9,-9.300000000000004,-13.899999999999999,-1.5999999999999943,outro
3509601,SP,Campo Limpo Paulista,Sudeste,38.7,50.6,35.7,53.7,57.6,-11.899999999999999,-18.0,-3.0,outro
3509809,SP,Campos Novos Paulista,Sudeste,36.1,59.8,31.5,64.3,65.9,-23.699999999999996,-32.8,-4.600000000000001,outro
3509700,SP,Campos do Jordão,Sudeste,34.1,53.7,29.6,59.4,62.8,-19.6,-29.799999999999997,-4.5,outro
3509908,SP,Cananéia,Sudeste,39.2,51.9,38.8,54.5,56.6,-12.699999999999996,-15.700000000000003,-0.4000000000000057,outro
3509957,SP,Canas,Sudeste,38.4,52.7,35.0,57.3,59.3,-14.300000000000004,-22.299999999999997,-3.3999999999999986,outro
3510153,SP,Canitar,Sudeste,48.1,46.8,38.7,54.4,56.4,1.3000000000000043,-15.699999999999996,-9.399999999999999,vira
3510302,SP,Capela do Alto,Sudeste,30.3,61.5,26.0,67.6,69.5,-31.2,-41.599999999999994,-4.300000000000001,outro
3510401,SP,Capivari,Sudeste,29.4,61.6,26.7,65.0,67.8,-32.2,-38.3,-2.6999999999999993,outro
3510203,SP,Capão Bonito,Sudeste,36.4,53.9,32.1,59.9,62.8,-17.5,-27.799999999999997,-4.299999999999997,outro
3510500,SP,Caraguatatuba,Sudeste,37.8,53.2,35.1,55.9,59.4,-15.400000000000006,-20.799999999999997,-2.6999999999999957,outro
3510609,SP,Carapicuíba,Sudeste,50.0,38.4,46.3,43.3,47.0,11.600000000000001,3.0,-3.700000000000003,mantido
3510708,SP,Cardoso,Sudeste,45.2,49.3,39.9,55.0,56.2,-4.099999999999994,-15.100000000000001,-5.300000000000004,outro
3510807,SP,Casa Branca,Sudeste,31.1,60.6,28.0,63.4,66.6,-29.5,-35.4,-3.1000000000000014,outro
3511003,SP,Castilho,Sudeste,53.4,39.6,48.3,46.1,48.1,13.799999999999997,2.1999999999999957,-5.100000000000001,mantido
3511102,SP,Catanduva,Sudeste,28.9,62.9,25.5,66.9,69.5,-34.0,-41.400000000000006,-3.3999999999999986,outro
3511201,SP,Catiguá,Sudeste,32.5,62.2,29.7,65.4,67.1,-29.700000000000003,-35.7,-2.8000000000000007,outro
3508504,SP,Caçapava,Sudeste,30.1,58.5,29.5,60.6,64.2,-28.4,-31.1,-0.6000000000000014,outro
3511300,SP,Cedral,Sudeste,26.7,65.6,24.3,67.6,70.1,-38.89999999999999,-43.3,-2.3999999999999986,outro
3511409,SP,Cerqueira César,Sudeste,37.4,53.1,29.7,61.3,64.0,-15.700000000000003,-31.599999999999998,-7.699999999999999,outro
3511508,SP,Cerquilho,Sudeste,25.7,65.4,22.3,69.3,72.4,-39.7,-47.0,-3.3999999999999986,outro
3511607,SP,Cesário Lange,Sudeste,28.4,64.1,24.5,69.5,71.4,-35.699999999999996,-45.0,-3.8999999999999986,outro
3511706,SP,Charqueada,Sudeste,29.2,64.0,25.6,68.1,70.1,-34.8,-42.49999999999999,-3.599999999999998,outro
3557204,SP,Chavantes,Sudeste,37.8,54.7,32.8,59.9,62.5,-16.900000000000006,-27.1,-5.0,outro
3511904,SP,Clementina,Sudeste,35.4,59.6,29.7,65.3,67.3,-24.200000000000003,-35.599999999999994,-5.699999999999999,outro
3512001,SP,Colina,Sudeste,44.6,46.8,31.4,48.7,50.4,-2.1999999999999957,-17.300000000000004,-13.200000000000003,outro
3512100,SP,Colômbia,Sudeste,46.5,47.4,42.3,52.2,54.0,-0.8999999999999986,-9.900000000000006,-4.200000000000003,outro
3512209,SP,Conchal,Sudeste,26.5,68.2,23.7,71.1,73.1,-41.7,-47.39999999999999,-2.8000000000000007,outro
3512308,SP,Conchas,Sudeste,27.9,63.0,25.2,67.6,69.6,-35.1,-42.39999999999999,-2.6999999999999993,outro
3512407,SP,Cordeirópolis,Sudeste,32.0,59.2,26.6,65.2,68.2,-27.200000000000003,-38.6,-5.399999999999999,outro
3512506,SP,Coroados,Sudeste,30.6,64.5,27.1,68.3,69.8,-33.9,-41.199999999999996,-3.5,outro
3512605,SP,Coronel Macedo,Sudeste,59.8,34.4,52.8,42.8,44.1,25.4,10.0,-7.0,mantido
3512704,SP,Corumbataí,Sudeste,27.4,63.7,23.2,68.7,71.7,-36.300000000000004,-45.5,-4.199999999999999,outro
3512902,SP,Cosmorama,Sudeste,38.2,56.9,33.1,62.4,63.7,-18.699999999999996,-29.299999999999997,-5.100000000000001,outro
3512803,SP,Cosmópolis,Sudeste,40.1,52.6,37.3,54.9,58.1,-12.5,-17.6,-2.8000000000000043,outro
3513009,SP,Cotia,Sudeste,46.0,40.6,41.8,46.2,50.8,5.399999999999999,-4.400000000000006,-4.200000000000003,vira
3513108,SP,Cravinhos,Sudeste,31.0,59.9,27.8,62.9,66.0,-28.9,-35.099999999999994,-3.1999999999999993,outro
3513207,SP,Cristais Paulista,Sudeste,39.9,52.1,33.5,58.1,60.4,-12.200000000000003,-24.6,-6.399999999999999,outro
3513405,SP,Cruzeiro,Sudeste,37.0,51.5,33.2,56.2,59.6,-14.5,-23.0,-3.799999999999997,outro
3513306,SP,Cruzália,Sudeste,35.1,57.4,28.4,66.9,68.4,-22.299999999999997,-38.50000000000001,-6.700000000000003,outro
3513504,SP,Cubatão,Sudeste,49.0,41.5,46.3,44.4,47.7,7.5,1.8999999999999986,-2.700000000000003,mantido
3513603,SP,Cunha,Sudeste,42.5,48.9,36.4,57.2,59.2,-6.399999999999999,-20.800000000000004,-6.100000000000001,outro
3510906,SP,Cássia dos Coqueiros,Sudeste,44.8,47.6,39.3,53.7,55.7,-2.8000000000000043,-14.400000000000006,-5.5,outro
3510005,SP,Cândido Mota,Sudeste,29.6,63.7,25.4,67.9,70.5,-34.1,-42.50000000000001,-4.200000000000003,outro
3510104,SP,Cândido Rodrigues,Sudeste,32.0,61.2,25.5,69.6,71.4,-29.200000000000003,-44.099999999999994,-6.5,outro
3513702,SP,Descalvado,Sudeste,28.8,61.2,24.4,66.1,69.1,-32.400000000000006,-41.699999999999996,-4.400000000000002,outro
3513801,SP,Diadema,Sudeste,56.3,32.9,52.4,37.5,41.3,23.4,14.899999999999999,-3.8999999999999986,mantido
3513850,SP,Dirce Reis,Sudeste,46.7,45.2,40.1,53.3,54.8,1.5,-13.199999999999996,-6.600000000000001,vira
3513900,SP,Divinolândia,Sudeste,30.3,62.1,25.0,68.4,70.4,-31.8,-43.400000000000006,-5.300000000000001,outro
3514007,SP,Dobrada,Sudeste,54.0,39.3,46.0,47.2,49.7,14.700000000000003,-1.2000000000000028,-8.0,vira
3514106,SP,Dois Córregos,Sudeste,32.4,60.1,28.0,65.7,67.5,-27.700000000000003,-37.7,-4.399999999999999,outro
3514205,SP,Dolcinópolis,Sudeste,59.6,35.1,53.8,40.8,42.5,24.5,13.0,-5.800000000000004,mantido
3514304,SP,Dourado,Sudeste,40.6,50.8,31.9,60.1,63.1,-10.199999999999996,-28.200000000000003,-8.700000000000003,outro
3514403,SP,Dracena,Sudeste,27.1,65.5,22.3,71.1,73.3,-38.4,-48.8,-4.800000000000001,outro
3514502,SP,Duartina,Sudeste,38.9,53.7,33.2,59.3,61.3,-14.800000000000004,-26.099999999999994,-5.699999999999996,outro
3514601,SP,Dumont,Sudeste,34.7,59.4,27.2,64.5,66.5,-24.699999999999996,-37.3,-7.5000000000000036,outro
3514700,SP,Echaporã,Sudeste,35.7,58.2,29.9,65.4,66.6,-22.5,-35.50000000000001,-5.800000000000004,outro
3514809,SP,Eldorado,Sudeste,44.4,50.3,41.5,53.6,54.9,-5.899999999999999,-12.100000000000001,-2.8999999999999986,outro
3514908,SP,Elias Fausto,Sudeste,31.1,62.8,26.5,66.7,69.3,-31.699999999999996,-40.2,-4.600000000000001,outro
3514924,SP,Elisiário,Sudeste,31.0,62.4,26.3,67.8,69.6,-31.4,-41.5,-4.699999999999999,outro
3514957,SP,Embaúba,Sudeste,41.4,53.4,34.3,61.3,62.7,-12.0,-27.0,-7.100000000000001,outro
3515004,SP,Embu das Artes,Sudeste,53.9,34.9,49.1,40.7,44.3,19.0,8.399999999999999,-4.799999999999997,mantido
3515103,SP,Embu-Guaçu,Sudeste,47.0,40.3,42.1,46.5,50.3,6.700000000000003,-4.399999999999999,-4.899999999999999,vira
3515129,SP,Emilianópolis,Sudeste,47.4,48.9,40.1,56.3,57.3,-1.5,-16.199999999999996,-7.299999999999997,outro
3515152,SP,Engenheiro Coelho,Sudeste,34.8,58.8,29.3,63.5,66.6,-24.0,-34.2,-5.4999999999999964,outro
3515186,SP,Espírito Santo do Pinhal,Sudeste,33.9,56.1,29.9,59.1,62.4,-22.200000000000003,-29.200000000000003,-4.0,outro
3515194,SP,Espírito Santo do Turvo,Sudeste,47.1,47.0,38.0,56.1,57.8,0.10000000000000142,-18.1,-9.100000000000001,vira
3557303,SP,Estiva Gerbi,Sudeste,32.9,59.2,27.6,66.0,68.0,-26.300000000000004,-38.4,-5.299999999999997,outro
3515202,SP,Estrela d'Oeste,Sudeste,31.5,60.8,25.6,68.0,70.0,-29.299999999999997,-42.4,-5.899999999999999,outro
3515301,SP,Estrela do Norte,Sudeste,53.0,39.8,46.9,47.6,49.0,13.200000000000003,-0.7000000000000028,-6.100000000000001,vira
3515350,SP,Euclides da Cunha Paulista,Sudeste,62.8,31.7,59.1,37.0,38.2,31.099999999999998,22.1,-3.6999999999999957,mantido
3515400,SP,Fartura,Sudeste,43.6,47.5,36.6,55.1,57.9,-3.8999999999999986,-18.5,-7.0,outro
3515608,SP,Fernando Prestes,Sudeste,32.7,60.7,26.8,66.4,68.2,-28.0,-39.60000000000001,-5.900000000000002,outro
3515509,SP,Fernandópolis,Sudeste,35.7,56.4,30.4,62.3,64.6,-20.699999999999996,-31.9,-5.300000000000004,outro
3515657,SP,Fernão,Sudeste,34.1,59.8,26.7,67.9,69.1,-25.699999999999996,-41.2,-7.400000000000002,outro
3515707,SP,Ferraz de Vasconcelos,Sudeste,52.0,37.2,48.5,41.2,44.9,14.799999999999997,7.299999999999997,-3.5,mantido
3515806,SP,Flora Rica,Sudeste,50.5,45.7,42.5,53.6,54.5,4.799999999999997,-11.100000000000001,-8.0,vira
3515905,SP,Floreal,Sudeste,42.3,51.3,36.4,56.9,59.4,-9.0,-20.5,-5.899999999999999,outro
3516101,SP,Florínia,Sudeste,49.8,44.1,42.0,50.7,52.3,5.699999999999996,-8.700000000000003,-7.799999999999997,vira
3516002,SP,Flórida Paulista,Sudeste,36.7,58.1,30.3,65.2,66.8,-21.4,-34.900000000000006,-6.400000000000002,outro
3516200,SP,Franca,Sudeste,33.6,56.6,30.0,60.1,63.8,-23.0,-30.1,-3.6000000000000014,outro
3516309,SP,Francisco Morato,Sudeste,57.9,33.5,52.3,38.4,41.8,24.4,13.899999999999999,-5.600000000000001,mantido
3516408,SP,Franco da Rocha,Sudeste,52.2,38.6,47.2,42.9,46.5,13.600000000000001,4.300000000000004,-5.0,mantido
3516507,SP,Gabriel Monteiro,Sudeste,27.5,65.8,23.2,71.9,73.0,-38.3,-48.7,-4.300000000000001,outro
3516705,SP,Garça,Sudeste,30.4,61.7,27.6,64.5,67.1,-31.300000000000004,-36.9,-2.799999999999997,outro
3516804,SP,Gastão Vidigal,Sudeste,54.7,39.1,48.9,44.8,46.2,15.600000000000001,4.100000000000001,-5.800000000000004,mantido
3516853,SP,Gavião Peixoto,Sudeste,55.2,37.1,47.5,45.5,47.7,18.1,2.0,-7.700000000000003,mantido
3516903,SP,General Salgado,Sudeste,34.4,58.7,29.9,64.8,66.1,-24.300000000000004,-34.9,-4.5,outro
3517000,SP,Getulina,Sudeste,42.3,51.4,36.4,57.1,58.5,-9.100000000000001,-20.700000000000003,-5.899999999999999,outro
3517109,SP,Glicério,Sudeste,41.0,54.2,32.9,61.8,63.5,-13.200000000000003,-28.9,-8.100000000000001,outro
3517307,SP,Guaimbê,Sudeste,46.4,46.0,39.2,55.1,57.0,0.3999999999999986,-15.899999999999999,-7.199999999999996,vira
3517208,SP,Guaiçara,Sudeste,39.4,54.5,32.1,61.2,63.3,-15.100000000000001,-29.1,-7.299999999999997,outro
3517604,SP,Guapiara,Sudeste,55.7,39.0,49.2,45.3,47.0,16.700000000000003,3.9000000000000057,-6.5,mantido
3517505,SP,Guapiaçu,Sudeste,34.6,58.0,30.1,62.6,64.7,-23.4,-32.5,-4.5,outro
3517901,SP,Guaraci,Sudeste,50.2,43.5,43.3,50.6,52.7,6.700000000000003,-7.300000000000004,-6.900000000000006,vira
3518008,SP,Guarani d'Oeste,Sudeste,51.0,41.7,46.3,47.8,49.4,9.299999999999997,-1.5,-4.700000000000003,vira
3518107,SP,Guarantã,Sudeste,38.1,56.8,31.8,61.8,63.6,-18.699999999999996,-29.999999999999996,-6.300000000000001,outro
3518206,SP,Guararapes,Sudeste,30.8,61.6,27.4,65.9,68.1,-30.8,-38.50000000000001,-3.400000000000002,outro
3518305,SP,Guararema,Sudeste,33.7,57.1,29.5,63.4,66.0,-23.4,-33.9,-4.200000000000003,outro
3518404,SP,Guaratinguetá,Sudeste,30.9,57.9,30.1,59.9,63.1,-27.0,-29.799999999999997,-0.7999999999999972,outro
3517802,SP,Guaraçaí,Sudeste,34.5,59.7,29.6,64.6,66.2,-25.200000000000003,-34.99999999999999,-4.899999999999999,outro
3518503,SP,Guareí,Sudeste,33.9,58.6,26.5,67.0,68.6,-24.700000000000003,-40.5,-7.399999999999999,outro
3518602,SP,Guariba,Sudeste,43.8,48.4,38.0,53.5,55.9,-4.600000000000001,-15.5,-5.799999999999997,outro
3518701,SP,Guarujá,Sudeste,40.7,49.3,38.3,51.9,55.2,-8.599999999999994,-13.600000000000001,-2.4000000000000057,outro
3518800,SP,Guarulhos,Sudeste,42.8,45.5,40.2,49.2,53.1,-2.700000000000003,-9.0,-2.5999999999999943,outro
3517703,SP,Guará,Sudeste,49.7,43.9,41.3,51.9,54.0,5.800000000000004,-10.600000000000001,-8.400000000000006,vira
3518859,SP,Guatapará,Sudeste,52.4,40.8,42.5,50.4,52.5,11.600000000000001,-7.899999999999999,-9.899999999999999,vira
3517406,SP,Guaíra,Sudeste,36.0,56.1,29.3,63.3,65.5,-20.1,-34.0,-6.699999999999999,outro
3518909,SP,Guzolândia,Sudeste,49.1,43.8,44.3,50.8,52.5,5.300000000000004,-6.5,-4.800000000000004,vira
3516606,SP,Gália,Sudeste,49.7,43.5,42.4,50.7,52.4,6.200000000000003,-8.300000000000004,-7.300000000000004,vira
3519006,SP,Herculândia,Sudeste,38.6,56.2,29.4,66.3,68.0,-17.6,-36.9,-9.200000000000003,outro
3519055,SP,Holambra,Sudeste,29.6,61.6,24.1,67.4,70.9,-32.0,-43.300000000000004,-5.5,outro
3519071,SP,Hortolândia,Sudeste,43.2,48.3,38.1,52.6,56.3,-5.099999999999994,-14.5,-5.100000000000001,outro
3519105,SP,Iacanga,Sudeste,32.6,61.2,26.6,67.2,69.4,-28.6,-40.6,-6.0,outro
3519204,SP,Iacri,Sudeste,32.3,62.2,26.3,69.0,70.3,-29.900000000000006,-42.7,-5.9999999999999964,outro
3519253,SP,Iaras,Sudeste,52.8,41.6,45.6,48.0,49.9,11.199999999999996,-2.3999999999999986,-7.199999999999996,vira
3519303,SP,Ibaté,Sudeste,44.8,45.9,37.0,55.0,57.7,-1.1000000000000014,-18.0,-7.799999999999997,outro
3519501,SP,Ibirarema,Sudeste,29.4,64.5,25.9,68.9,70.4,-35.1,-43.00000000000001,-3.5,outro
3519402,SP,Ibirá,Sudeste,30.6,63.6,25.8,68.7,70.5,-33.0,-42.900000000000006,-4.800000000000001,outro
3519600,SP,Ibitinga,Sudeste,33.1,59.8,28.4,64.6,67.0,-26.699999999999996,-36.199999999999996,-4.700000000000003,outro
3519709,SP,Ibiúna,Sudeste,30.7,57.5,27.8,63.0,65.7,-26.8,-35.2,-2.8999999999999986,outro
3519808,SP,Icém,Sudeste,45.7,47.3,40.5,53.4,55.5,-1.5999999999999943,-12.899999999999999,-5.200000000000003,outro
3519907,SP,Iepê,Sudeste,38.3,55.5,32.6,61.7,63.5,-17.200000000000003,-29.1,-5.699999999999996,outro
3520103,SP,Igarapava,Sudeste,47.7,43.9,40.2,51.3,54.0,3.8000000000000043,-11.099999999999994,-7.5,vira
3520202,SP,Igaratá,Sudeste,34.6,54.7,29.9,61.1,63.8,-20.1,-31.200000000000003,-4.700000000000003,outro
3520004,SP,Igaraçu do Tietê,Sudeste,39.5,52.6,33.5,59.3,61.5,-13.100000000000001,-25.799999999999997,-6.0,outro
3520301,SP,Iguape,Sudeste,38.9,53.4,38.2,56.0,57.8,-14.5,-17.799999999999997,-0.6999999999999957,outro
3520426,SP,Ilha Comprida,Sudeste,40.5,51.0,39.4,53.2,56.0,-10.5,-13.800000000000004,-1.1000000000000014,outro
3520442,SP,Ilha Solteira,Sudeste,39.7,49.7,37.7,54.2,57.0,-10.0,-16.5,-2.0,outro
3520400,SP,Ilhabela,Sudeste,39.8,50.3,37.4,53.5,57.2,-10.5,-16.1,-2.3999999999999986,outro
3520509,SP,Indaiatuba,Sudeste,32.2,56.2,29.2,60.3,64.3,-24.0,-31.099999999999998,-3.0000000000000036,outro
3520608,SP,Indiana,Sudeste,34.8,58.9,29.9,65.0,66.5,-24.1,-35.1,-4.899999999999999,outro
3520707,SP,Indiaporã,Sudeste,47.7,45.9,42.2,51.7,53.3,1.8000000000000043,-9.5,-5.5,vira
3520806,SP,Inúbia Paulista,Sudeste,25.3,69.4,22.8,72.6,73.9,-44.10000000000001,-49.8,-2.5,outro
3520905,SP,Ipaussu,Sudeste,35.5,56.2,28.6,63.0,65.7,-20.700000000000003,-34.4,-6.899999999999999,outro
3521002,SP,Iperó,Sudeste,45.1,46.1,39.1,52.3,55.4,-1.0,-13.199999999999996,-6.0,outro
3521101,SP,Ipeúna,Sudeste,28.7,64.7,24.5,69.5,71.9,-36.0,-45.0,-4.199999999999999,outro
3521150,SP,Ipiguá,Sudeste,29.2,64.5,25.8,68.5,70.3,-35.3,-42.7,-3.3999999999999986,outro
3521200,SP,Iporanga,Sudeste,55.3,36.9,54.4,40.1,42.5,18.4,14.299999999999997,-0.8999999999999986,mantido
3521309,SP,Ipuã,Sudeste,53.1,41.7,43.5,49.2,51.9,11.399999999999999,-5.700000000000003,-9.600000000000001,vira
3521408,SP,Iracemápolis,Sudeste,29.6,63.8,26.3,66.5,69.1,-34.199999999999996,-40.2,-3.3000000000000007,outro
3521606,SP,Irapuru,Sudeste,37.9,55.5,33.4,61.0,62.8,-17.6,-27.6,-4.5,outro
3521507,SP,Irapuã,Sudeste,28.8,68.0,24.7,72.0,73.5,-39.2,-47.3,-4.100000000000001,outro
3521705,SP,Itaberá,Sudeste,45.6,48.6,36.6,57.9,59.5,-3.0,-21.299999999999997,-9.0,outro
3521903,SP,Itajobi,Sudeste,24.6,69.8,21.6,73.2,75.0,-45.199999999999996,-51.6,-3.0,outro
3522000,SP,Itaju,Sudeste,35.4,58.4,33.2,60.4,62.2,-23.0,-27.199999999999996,-2.1999999999999957,outro
3522109,SP,Itanhaém,Sudeste,41.9,48.5,40.2,50.8,54.1,-6.600000000000001,-10.599999999999994,-1.6999999999999957,outro
3522208,SP,Itapecerica da Serra,Sudeste,53.8,35.1,49.0,40.8,44.7,18.699999999999996,8.200000000000003,-4.799999999999997,mantido
3522307,SP,Itapetininga,Sudeste,30.0,60.1,26.3,65.5,68.3,-30.1,-39.2,-3.6999999999999993,outro
3522406,SP,Itapeva,Sudeste,35.1,56.5,30.9,62.0,64.4,-21.4,-31.1,-4.200000000000003,outro
3522505,SP,Itapevi,Sudeste,53.2,36.2,47.2,41.9,45.7,17.0,5.300000000000004,-6.0,mantido
3522604,SP,Itapira,Sudeste,29.8,60.4,25.9,65.6,68.5,-30.599999999999998,-39.699999999999996,-3.900000000000002,outro
3522653,SP,Itapirapuã Paulista,Sudeste,57.4,37.4,41.2,54.7,55.4,20.0,-13.5,-16.199999999999996,vira
3522802,SP,Itaporanga,Sudeste,39.8,52.9,33.2,61.2,62.8,-13.100000000000001,-28.0,-6.599999999999994,outro
3523008,SP,Itapura,Sudeste,68.6,23.5,62.6,31.3,32.8,45.099999999999994,31.3,-5.999999999999993,mantido
3522901,SP,Itapuí,Sudeste,39.3,52.9,31.7,61.0,63.4,-13.600000000000001,-29.3,-7.599999999999998,outro
3523107,SP,Itaquaquecetuba,Sudeste,50.5,39.3,46.0,44.1,47.6,11.200000000000003,1.8999999999999986,-4.5,mantido
3523206,SP,Itararé,Sudeste,34.5,55.7,29.5,62.8,65.1,-21.200000000000003,-33.3,-5.0,outro
3523305,SP,Itariri,Sudeste,36.4,56.4,34.9,59.3,61.4,-20.0,-24.4,-1.5,outro
3523404,SP,Itatiba,Sudeste,30.0,58.1,27.8,62.0,65.8,-28.1,-34.2,-2.1999999999999993,outro
3523503,SP,Itatinga,Sudeste,39.1,52.9,32.1,59.7,62.0,-13.799999999999997,-27.6,-7.0,outro
3521804,SP,Itaí,Sudeste,49.2,43.2,40.3,53.3,55.2,6.0,-13.0,-8.900000000000006,vira
3522158,SP,Itaóca,Sudeste,54.2,40.6,52.1,43.9,45.5,13.600000000000001,8.200000000000003,-2.1000000000000014,mantido
3523602,SP,Itirapina,Sudeste,39.6,53.4,35.0,57.8,60.4,-13.799999999999997,-22.799999999999997,-4.600000000000001,outro
3523701,SP,Itirapuã,Sudeste,52.1,42.0,46.3,47.0,48.7,10.100000000000001,-0.7000000000000028,-5.800000000000004,vira
3523800,SP,Itobi,Sudeste,43.5,49.5,34.1,58.6,60.6,-6.0,-24.5,-9.399999999999999,outro
3523909,SP,Itu,Sudeste,32.7,56.7,29.3,60.6,64.3,-24.0,-31.3,-3.400000000000002,outro
3524006,SP,Itupeva,Sudeste,34.0,56.2,29.9,60.4,63.8,-22.200000000000003,-30.5,-4.100000000000001,outro
3524105,SP,Ituverava,Sudeste,38.1,54.7,33.3,59.7,62.0,-16.6,-26.400000000000006,-4.800000000000004,outro
3522703,SP,Itápolis,Sudeste,28.9,64.3,24.1,69.3,71.4,-35.4,-45.199999999999996,-4.799999999999997,outro
3524204,SP,Jaborandi,Sudeste,47.2,48.3,38.8,53.7,55.1,-1.0999999999999943,-14.900000000000006,-8.400000000000006,outro
3524303,SP,Jaboticabal,Sudeste,32.7,57.2,29.8,61.2,63.9,-24.5,-31.400000000000002,-2.900000000000002,outro
3524402,SP,Jacareí,Sudeste,33.6,54.2,32.2,58.3,61.9,-20.6,-26.099999999999994,-1.3999999999999986,outro
3524501,SP,Jaci,Sudeste,38.2,53.8,33.5,59.5,62.0,-15.599999999999994,-26.0,-4.700000000000003,outro
3524600,SP,Jacupiranga,Sudeste,30.4,62.6,26.9,66.0,68.3,-32.2,-39.1,-3.5,outro
3524709,SP,Jaguariúna,Sudeste,32.1,56.6,27.8,62.3,66.1,-24.5,-34.5,-4.300000000000001,outro
3524808,SP,Jales,Sudeste,29.6,62.4,26.2,67.2,69.5,-32.8,-41.0,-3.400000000000002,outro
3524907,SP,Jambeiro,Sudeste,35.4,54.8,31.6,59.9,62.2,-19.4,-28.299999999999997,-3.799999999999997,outro
3525003,SP,Jandira,Sudeste,47.3,41.3,43.7,45.4,49.4,6.0,-1.6999999999999957,-3.5999999999999943,vira
3525102,SP,Jardinópolis,Sudeste,32.3,60.3,29.0,62.6,65.1,-28.0,-33.6,-3.299999999999997,outro
3525201,SP,Jarinu,Sudeste,34.5,57.3,30.5,60.3,63.7,-22.799999999999997,-29.799999999999997,-4.0,outro
3525300,SP,Jaú,Sudeste,25.7,65.6,23.5,68.9,71.5,-39.89999999999999,-45.400000000000006,-2.1999999999999993,outro
3525409,SP,Jeriquara,Sudeste,50.8,43.6,41.6,49.8,51.7,7.199999999999996,-8.199999999999996,-9.199999999999996,vira
3525508,SP,Joanópolis,Sudeste,30.7,60.8,25.9,66.1,68.7,-30.099999999999998,-40.199999999999996,-4.800000000000001,outro
3525706,SP,José Bonifácio,Sudeste,32.9,59.9,26.9,65.3,67.8,-27.0,-38.4,-6.0,outro
3525607,SP,João Ramalho,Sudeste,44.6,49.9,38.9,56.2,57.5,-5.299999999999997,-17.300000000000004,-5.700000000000003,outro
3525854,SP,Jumirim,Sudeste,33.4,59.2,26.7,66.2,68.5,-25.800000000000004,-39.5,-6.699999999999999,outro
3525904,SP,Jundiaí,Sudeste,31.9,54.9,30.4,57.9,62.5,-23.0,-27.5,-1.5,outro
3526001,SP,Junqueirópolis,Sudeste,31.8,61.3,26.3,66.7,69.2,-29.499999999999996,-40.400000000000006,-5.5,outro
3526209,SP,Juquitiba,Sudeste,46.7,43.0,41.4,49.5,52.1,3.700000000000003,-8.100000000000001,-5.300000000000004,vira
3526100,SP,Juquiá,Sudeste,36.3,56.6,34.4,59.4,61.5,-20.300000000000004,-25.0,-1.8999999999999986,outro
3525805,SP,Júlio Mesquita,Sudeste,53.6,41.3,45.5,49.1,50.8,12.300000000000004,-3.6000000000000014,-8.100000000000001,vira
3526308,SP,Lagoinha,Sudeste,38.4,47.0,34.3,56.7,58.9,-8.600000000000001,-22.400000000000006,-4.100000000000001,outro
3526407,SP,Laranjal Paulista,Sudeste,26.6,66.1,21.0,71.9,74.4,-39.49999999999999,-50.900000000000006,-5.600000000000001,outro
3526605,SP,Lavrinhas,Sudeste,46.7,43.7,38.7,51.7,54.2,3.0,-13.0,-8.0,vira
3526506,SP,Lavínia,Sudeste,44.7,49.1,37.4,56.5,58.4,-4.399999999999999,-19.1,-7.300000000000004,outro
3526704,SP,Leme,Sudeste,32.3,58.8,29.3,63.5,66.0,-26.5,-34.2,-2.9999999999999964,outro
3526803,SP,Lençóis Paulista,Sudeste,23.9,67.8,21.1,70.9,73.9,-43.9,-49.800000000000004,-2.799999999999997,outro
3526902,SP,Limeira,Sudeste,24.6,67.3,22.8,69.3,72.4,-42.699999999999996,-46.5,-1.8000000000000007,outro
3527009,SP,Lindóia,Sudeste,28.4,64.5,24.4,69.2,72.0,-36.1,-44.800000000000004,-4.0,outro
3527108,SP,Lins,Sudeste,26.3,65.9,24.3,67.9,70.7,-39.60000000000001,-43.60000000000001,-2.0,outro
3527207,SP,Lorena,Sudeste,31.3,57.7,30.8,60.0,63.2,-26.400000000000002,-29.2,-0.5,outro
3527256,SP,Lourdes,Sudeste,37.3,56.5,30.6,59.4,60.8,-19.200000000000003,-28.799999999999997,-6.699999999999996,outro
3527306,SP,Louveira,Sudeste,33.5,57.1,29.8,61.0,64.4,-23.6,-31.2,-3.6999999999999993,outro
3527504,SP,Lucianópolis,Sudeste,48.1,47.3,41.6,53.4,55.2,0.8000000000000043,-11.799999999999997,-6.5,vira
3527405,SP,Lucélia,Sudeste,34.1,57.8,29.1,64.2,66.5,-23.699999999999996,-35.1,-5.0,outro
3527702,SP,Luiziânia,Sudeste,42.7,51.7,36.2,59.3,60.4,-9.0,-23.099999999999994,-6.5,outro
3527801,SP,Lupércio,Sudeste,46.4,47.8,41.4,53.4,54.8,-1.3999999999999986,-12.0,-5.0,outro
3527900,SP,Lutécia,Sudeste,46.5,49.4,41.4,53.7,55.0,-2.8999999999999986,-12.300000000000004,-5.100000000000001,outro
3527603,SP,Luís Antônio,Sudeste,45.5,46.6,37.7,53.8,56.8,-1.1000000000000014,-16.099999999999994,-7.799999999999997,outro
3528007,SP,Macatuba,Sudeste,30.0,62.4,27.2,65.7,68.2,-32.4,-38.5,-2.8000000000000007,outro
3528106,SP,Macaubal,Sudeste,27.6,64.2,25.2,68.8,70.6,-36.6,-43.599999999999994,-2.400000000000002,outro
3528205,SP,Macedônia,Sudeste,39.0,55.1,30.7,62.5,64.1,-16.1,-31.8,-8.3,outro
3528304,SP,Magda,Sudeste,41.5,52.0,37.3,57.9,59.3,-10.5,-20.6,-4.200000000000003,outro
3528403,SP,Mairinque,Sudeste,41.3,46.9,36.6,52.5,56.4,-5.600000000000001,-15.899999999999999,-4.699999999999996,outro
3528502,SP,Mairiporã,Sudeste,36.6,53.2,33.5,57.4,60.6,-16.6,-23.9,-3.1000000000000014,outro
3528601,SP,Manduri,Sudeste,37.0,52.6,30.6,60.0,62.3,-15.600000000000001,-29.4,-6.399999999999999,outro
3528700,SP,Marabá Paulista,Sudeste,58.5,35.8,49.4,46.0,47.1,22.700000000000003,3.3999999999999986,-9.100000000000001,mantido
3528809,SP,Maracaí,Sudeste,35.5,58.3,30.5,63.5,65.6,-22.799999999999997,-33.0,-5.0,outro
3528858,SP,Marapoama,Sudeste,23.5,70.6,20.0,74.8,76.4,-47.099999999999994,-54.8,-3.5,outro
3529104,SP,Marinópolis,Sudeste,44.5,48.9,40.8,54.4,56.3,-4.399999999999999,-13.600000000000001,-3.700000000000003,outro
3528908,SP,Mariápolis,Sudeste,40.7,52.3,35.5,57.7,58.9,-11.599999999999994,-22.200000000000003,-5.200000000000003,outro
3529203,SP,Martinópolis,Sudeste,35.7,56.9,32.1,61.4,63.2,-21.199999999999996,-29.299999999999997,-3.6000000000000014,outro
3529005,SP,Marília,Sudeste,28.5,62.9,25.9,66.4,69.2,-34.4,-40.50000000000001,-2.6000000000000014,outro
3529302,SP,Matão,Sudeste,37.1,54.2,32.2,60.1,62.5,-17.1,-27.9,-4.899999999999999,outro
3529401,SP,Mauá,Sudeste,49.3,38.9,45.8,43.1,47.2,10.399999999999999,2.6999999999999957,-3.5,mantido
3529500,SP,Mendonça,Sudeste,39.4,55.2,33.4,61.9,63.5,-15.800000000000004,-28.5,-6.0,outro
3529609,SP,Meridiano,Sudeste,40.3,51.3,33.7,59.3,62.9,-11.0,-25.599999999999994,-6.599999999999994,outro
3529658,SP,Mesópolis,Sudeste,42.9,51.3,36.9,58.8,60.0,-8.399999999999999,-21.9,-6.0,outro
3529708,SP,Miguelópolis,Sudeste,48.4,46.9,39.8,54.9,56.7,1.5,-15.100000000000001,-8.600000000000001,vira
3529807,SP,Mineiros do Tietê,Sudeste,28.9,62.8,25.2,67.9,69.9,-33.9,-42.7,-3.6999999999999993,outro
3530003,SP,Mira Estrela,Sudeste,42.4,51.4,36.9,58.2,59.3,-9.0,-21.300000000000004,-5.5,outro
3529906,SP,Miracatu,Sudeste,35.3,57.8,35.4,59.2,60.9,-22.5,-23.800000000000004,0.10000000000000142,outro
3530102,SP,Mirandópolis,Sudeste,29.6,63.4,25.7,67.6,69.8,-33.8,-41.89999999999999,-3.900000000000002,outro
3530201,SP,Mirante do Paranapanema,Sudeste,57.8,36.7,50.9,44.5,45.9,21.099999999999994,6.399999999999999,-6.899999999999999,mantido
3530300,SP,Mirassol,Sudeste,30.0,61.4,27.2,64.7,67.5,-31.4,-37.5,-2.8000000000000007,outro
3530409,SP,Mirassolândia,Sudeste,35.0,57.8,32.2,61.8,63.2,-22.799999999999997,-29.599999999999994,-2.799999999999997,outro
3530508,SP,Mococa,Sudeste,32.2,58.2,28.6,62.9,65.2,-26.0,-34.3,-3.6000000000000014,outro
3530706,SP,Mogi Guaçu,Sudeste,27.1,64.3,25.1,66.4,69.4,-37.199999999999996,-41.300000000000004,-2.0,outro
3530805,SP,Mogi Mirim,Sudeste,26.8,63.6,24.8,66.5,69.6,-36.8,-41.7,-2.0,outro
3530607,SP,Mogi das Cruzes,Sudeste,38.8,47.7,36.8,51.8,56.0,-8.900000000000006,-15.0,-2.0,outro
3530904,SP,Mombuca,Sudeste,30.8,62.1,24.6,68.8,71.0,-31.3,-44.199999999999996,-6.199999999999999,outro
3531100,SP,Mongaguá,Sudeste,45.0,45.0,43.1,47.7,51.1,0.0,-4.600000000000001,-1.8999999999999986,outro
3531209,SP,Monte Alegre do Sul,Sudeste,29.2,60.4,26.7,65.0,67.9,-31.2,-38.3,-2.5,outro
3531308,SP,Monte Alto,Sudeste,28.2,62.2,24.3,66.4,69.1,-34.0,-42.10000000000001,-3.8999999999999986,outro
3531407,SP,Monte Aprazível,Sudeste,34.1,58.3,30.7,61.9,64.7,-24.199999999999996,-31.2,-3.400000000000002,outro
3531506,SP,Monte Azul Paulista,Sudeste,32.5,59.6,26.0,66.6,68.4,-27.1,-40.599999999999994,-6.5,outro
3531605,SP,Monte Castelo,Sudeste,47.3,48.0,38.6,57.2,59.1,-0.7000000000000028,-18.6,-8.699999999999996,outro
3531803,SP,Monte Mor,Sudeste,43.1,48.5,38.1,52.9,56.1,-5.399999999999999,-14.799999999999997,-5.0,outro
3531704,SP,Monteiro Lobato,Sudeste,43.7,47.1,40.2,53.3,55.3,-3.3999999999999986,-13.099999999999994,-3.5,outro
3531001,SP,Monções,Sudeste,37.9,53.0,33.4,59.7,61.8,-15.100000000000001,-26.300000000000004,-4.5,outro
3531902,SP,Morro Agudo,Sudeste,41.8,51.3,35.1,57.9,60.0,-9.5,-22.799999999999997,-6.699999999999996,outro
3532009,SP,Morungaba,Sudeste,31.0,60.3,25.5,67.1,69.6,-29.299999999999997,-41.599999999999994,-5.5,outro
3532058,SP,Motuca,Sudeste,49.6,43.5,43.9,49.8,51.9,6.100000000000001,-5.899999999999999,-5.700000000000003,vira
3532108,SP,Murutinga do Sul,Sudeste,37.2,58.0,30.8,64.8,66.9,-20.799999999999997,-34.0,-6.400000000000002,outro
3532157,SP,Nantes,Sudeste,49.5,44.4,41.3,54.1,55.6,5.100000000000001,-12.800000000000004,-8.200000000000003,vira
3532207,SP,Narandiba,Sudeste,51.9,41.5,42.4,50.9,52.3,10.399999999999999,-8.5,-9.5,vira
3532306,SP,Natividade da Serra,Sudeste,37.4,53.8,32.1,60.1,62.2,-16.4,-28.0,-5.299999999999997,outro
3532405,SP,Nazaré Paulista,Sudeste,35.6,54.4,29.2,61.3,63.6,-18.799999999999997,-32.099999999999994,-6.400000000000002,outro
3532504,SP,Neves Paulista,Sudeste,37.6,55.0,32.4,60.3,62.6,-17.4,-27.9,-5.200000000000003,outro
3532603,SP,Nhandeara,Sudeste,29.3,63.5,24.4,69.3,70.9,-34.2,-44.9,-4.900000000000002,outro
3532702,SP,Nipoã,Sudeste,41.2,53.3,34.5,59.1,60.8,-12.099999999999994,-24.6,-6.700000000000003,outro
3532801,SP,Nova Aliança,Sudeste,33.0,59.9,29.1,64.8,66.3,-26.9,-35.699999999999996,-3.8999999999999986,outro
3532827,SP,Nova Campina,Sudeste,46.2,48.1,36.7,58.0,60.1,-1.8999999999999986,-21.299999999999997,-9.5,outro
3532843,SP,Nova Canaã Paulista,Sudeste,46.1,45.5,40.8,51.7,54.7,0.6000000000000014,-10.900000000000006,-5.300000000000004,vira
3532868,SP,Nova Castilho,Sudeste,36.0,57.9,31.0,63.0,65.4,-21.9,-32.0,-5.0,outro
3532900,SP,Nova Europa,Sudeste,53.1,39.5,45.0,46.9,49.7,13.600000000000001,-1.8999999999999986,-8.100000000000001,vira
3533007,SP,Nova Granada,Sudeste,45.2,49.1,37.7,55.9,58.1,-3.8999999999999986,-18.199999999999996,-7.5,outro
3533106,SP,Nova Guataporanga,Sudeste,49.8,45.7,41.7,54.6,56.0,4.099999999999994,-12.899999999999999,-8.099999999999994,vira
3533205,SP,Nova Independência,Sudeste,45.7,49.4,37.7,57.8,59.1,-3.6999999999999957,-20.099999999999994,-8.0,outro
3533304,SP,Nova Luzitânia,Sudeste,52.1,41.6,44.1,48.3,50.3,10.5,-4.199999999999996,-8.0,vira
3533403,SP,Nova Odessa,Sudeste,34.6,56.3,31.1,59.8,63.2,-21.699999999999996,-28.699999999999996,-3.5,outro
3533254,SP,Novais,Sudeste,38.6,56.7,34.1,61.1,63.0,-18.1,-27.0,-4.5,outro
3533502,SP,Novo Horizonte,Sudeste,29.5,64.3,25.1,68.9,71.1,-34.8,-43.800000000000004,-4.399999999999999,outro
3533601,SP,Nuporanga,Sudeste,35.5,57.1,29.4,63.4,66.3,-21.6,-34.0,-6.100000000000001,outro
3533700,SP,Ocauçu,Sudeste,44.2,49.8,35.5,58.8,60.3,-5.599999999999994,-23.299999999999997,-8.700000000000003,outro
3533908,SP,Olímpia,Sudeste,33.1,59.5,27.8,64.1,66.6,-26.4,-36.3,-5.300000000000001,outro
3534005,SP,Onda Verde,Sudeste,40.5,51.6,36.2,56.7,58.5,-11.100000000000001,-20.5,-4.299999999999997,outro
3534104,SP,Oriente,Sudeste,37.3,56.0,30.1,64.7,66.8,-18.700000000000003,-34.6,-7.199999999999996,outro
3534203,SP,Orindiúva,Sudeste,46.8,46.1,39.0,53.8,56.1,0.6999999999999957,-14.799999999999997,-7.799999999999997,vira
3534302,SP,Orlândia,Sudeste,35.6,55.1,31.9,59.5,62.2,-19.5,-27.6,-3.700000000000003,outro
3534401,SP,Osasco,Sudeste,45.7,41.2,43.3,45.5,49.7,4.5,-2.200000000000003,-2.4000000000000057,vira
3534500,SP,Oscar Bressane,Sudeste,29.4,63.0,23.8,71.3,72.8,-33.6,-47.5,-5.599999999999998,outro
3534609,SP,Osvaldo Cruz,Sudeste,27.9,64.5,23.2,70.4,72.4,-36.6,-47.2,-4.699999999999999,outro
3534708,SP,Ourinhos,Sudeste,35.6,56.1,30.8,60.9,63.5,-20.5,-30.099999999999998,-4.800000000000001,outro
3534807,SP,Ouro Verde,Sudeste,49.1,45.9,41.2,54.3,55.5,3.200000000000003,-13.099999999999994,-7.899999999999999,vira
3534757,SP,Ouroeste,Sudeste,40.5,53.7,33.6,60.7,62.9,-13.200000000000003,-27.1,-6.899999999999999,outro
3534906,SP,Pacaembu,Sudeste,32.6,59.4,29.1,65.4,67.2,-26.799999999999997,-36.300000000000004,-3.5,outro
3535002,SP,Palestina,Sudeste,37.8,55.0,34.0,60.1,61.5,-17.200000000000003,-26.1,-3.799999999999997,outro
3535101,SP,Palmares Paulista,Sudeste,45.9,47.5,38.3,55.2,57.0,-1.6000000000000014,-16.900000000000006,-7.600000000000001,outro
3535200,SP,Palmeira d'Oeste,Sudeste,38.0,55.0,32.6,61.2,63.1,-17.0,-28.6,-5.399999999999999,outro
3535309,SP,Palmital,Sudeste,34.3,58.7,27.5,65.9,68.3,-24.400000000000006,-38.400000000000006,-6.799999999999997,outro
3535408,SP,Panorama,Sudeste,38.5,56.1,34.1,61.3,62.9,-17.6,-27.199999999999996,-4.399999999999999,outro
3535507,SP,Paraguaçu Paulista,Sudeste,39.6,53.7,34.7,59.0,61.0,-14.100000000000001,-24.299999999999997,-4.899999999999999,outro
3535606,SP,Paraibuna,Sudeste,45.0,46.2,39.9,52.8,55.5,-1.2000000000000028,-12.899999999999999,-5.100000000000001,outro
3535804,SP,Paranapanema,Sudeste,43.1,51.7,33.9,60.7,62.4,-8.600000000000001,-26.800000000000004,-9.200000000000003,outro
3535903,SP,Paranapuã,Sudeste,41.6,52.2,35.5,60.6,61.6,-10.600000000000001,-25.1,-6.100000000000001,outro
3536000,SP,Parapuã,Sudeste,34.9,59.3,28.7,65.5,67.3,-24.4,-36.8,-6.199999999999999,outro
3535705,SP,Paraíso,Sudeste,34.0,58.8,26.9,66.2,68.2,-24.799999999999997,-39.300000000000004,-7.100000000000001,outro
3536109,SP,Pardinho,Sudeste,37.4,54.7,29.2,63.2,65.7,-17.300000000000004,-34.0,-8.2,outro
3536208,SP,Pariquera-Açu,Sudeste,30.0,62.8,27.3,66.4,68.9,-32.8,-39.10000000000001,-2.6999999999999993,outro
3536257,SP,Parisi,Sudeste,36.5,57.7,30.6,64.5,66.0,-21.200000000000003,-33.9,-5.899999999999999,outro
3536307,SP,Patrocínio Paulista,Sudeste,37.0,53.6,31.7,59.2,61.5,-16.6,-27.500000000000004,-5.300000000000001,outro
3536406,SP,Paulicéia,Sudeste,37.9,57.6,31.1,64.3,65.7,-19.700000000000003,-33.199999999999996,-6.799999999999997,outro
3536570,SP,Paulistânia,Sudeste,36.3,56.8,31.8,62.4,63.3,-20.5,-30.599999999999998,-4.4999999999999964,outro
3536604,SP,Paulo de Faria,Sudeste,49.7,44.6,43.3,50.4,52.3,5.100000000000001,-7.100000000000001,-6.400000000000006,vira
3536505,SP,Paulínia,Sudeste,37.1,52.1,33.8,56.3,60.3,-15.0,-22.5,-3.3000000000000043,outro
3536703,SP,Pederneiras,Sudeste,29.7,63.3,25.9,66.9,69.5,-33.599999999999994,-41.00000000000001,-3.8000000000000007,outro
3536802,SP,Pedra Bela,Sudeste,39.9,50.7,31.3,60.8,63.5,-10.800000000000004,-29.499999999999996,-8.599999999999998,outro
3536901,SP,Pedranópolis,Sudeste,42.6,51.4,35.6,58.5,61.3,-8.799999999999997,-22.9,-7.0,outro
3537008,SP,Pedregulho,Sudeste,53.6,41.5,44.7,49.4,51.9,12.100000000000001,-4.699999999999996,-8.899999999999999,vira
3537107,SP,Pedreira,Sudeste,26.5,64.9,23.0,69.5,72.5,-38.400000000000006,-46.5,-3.5,outro
3537156,SP,Pedrinhas Paulista,Sudeste,32.5,59.7,24.6,68.9,70.9,-27.200000000000003,-44.300000000000004,-7.899999999999999,outro
3537206,SP,Pedro de Toledo,Sudeste,42.5,48.9,39.1,53.4,56.0,-6.399999999999999,-14.299999999999997,-3.3999999999999986,outro
3537305,SP,Penápolis,Sudeste,32.8,60.1,28.4,64.7,66.8,-27.300000000000004,-36.300000000000004,-4.399999999999999,outro
3537404,SP,Pereira Barreto,Sudeste,39.7,51.9,36.9,56.8,58.7,-12.199999999999996,-19.9,-2.8000000000000043,outro
3537503,SP,Pereiras,Sudeste,38.6,52.8,31.1,62.0,64.1,-14.199999999999996,-30.9,-7.5,outro
3537602,SP,Peruíbe,Sudeste,38.7,51.3,37.9,53.4,56.5,-12.599999999999994,-15.5,-0.8000000000000043,outro
3537701,SP,Piacatu,Sudeste,36.9,57.4,32.1,63.7,64.9,-20.5,-31.6,-4.799999999999997,outro
3537800,SP,Piedade,Sudeste,33.4,56.0,30.5,60.6,63.4,-22.6,-30.1,-2.8999999999999986,outro
3537909,SP,Pilar do Sul,Sudeste,33.8,57.8,27.7,65.3,67.5,-24.0,-37.599999999999994,-6.099999999999998,outro
3538006,SP,Pindamonhangaba,Sudeste,32.7,56.1,31.0,58.9,62.3,-23.4,-27.9,-1.7000000000000028,outro
3538105,SP,Pindorama,Sudeste,32.3,60.5,27.4,65.9,68.1,-28.200000000000003,-38.50000000000001,-4.899999999999999,outro
3538204,SP,Pinhalzinho,Sudeste,31.1,59.9,27.4,65.4,67.8,-28.799999999999997,-38.00000000000001,-3.700000000000003,outro
3538303,SP,Piquerobi,Sudeste,48.2,46.3,42.4,53.9,54.9,1.9000000000000057,-11.5,-5.800000000000004,vira
3538501,SP,Piquete,Sudeste,31.1,57.1,30.6,60.5,63.0,-26.0,-29.9,-0.5,outro
3538600,SP,Piracaia,Sudeste,29.2,59.4,26.4,64.3,67.2,-30.2,-37.9,-2.8000000000000007,outro
3538709,SP,Piracicaba,Sudeste,29.4,61.1,27.6,63.3,66.8,-31.700000000000003,-35.699999999999996,-1.7999999999999972,outro
3538808,SP,Piraju,Sudeste,38.1,52.3,32.9,57.9,60.7,-14.199999999999996,-25.0,-5.200000000000003,outro
3538907,SP,Pirajuí,Sudeste,32.9,60.1,30.0,62.6,65.1,-27.200000000000003,-32.6,-2.8999999999999986,outro
3539004,SP,Pirangi,Sudeste,30.8,62.7,22.9,70.4,72.5,-31.900000000000002,-47.50000000000001,-7.900000000000002,outro
3539103,SP,Pirapora do Bom Jesus,Sudeste,51.7,37.9,45.6,45.7,49.3,13.800000000000004,-0.10000000000000142,-6.100000000000001,vira
3539202,SP,Pirapozinho,Sudeste,37.5,53.9,33.4,59.0,61.4,-16.4,-25.6,-4.100000000000001,outro
3539301,SP,Pirassununga,Sudeste,27.0,62.5,25.6,65.2,68.3,-35.5,-39.6,-1.3999999999999986,outro
3539400,SP,Piratininga,Sudeste,28.5,61.7,25.4,66.6,69.5,-33.2,-41.199999999999996,-3.1000000000000014,outro
3539509,SP,Pitangueiras,Sudeste,44.3,49.2,37.9,55.0,57.5,-4.900000000000006,-17.1,-6.399999999999999,outro
3539608,SP,Planalto,Sudeste,47.4,48.5,40.7,55.1,56.7,-1.1000000000000014,-14.399999999999999,-6.699999999999996,outro
3539707,SP,Platina,Sudeste,34.5,60.2,27.7,67.2,69.5,-25.700000000000003,-39.5,-6.800000000000001,outro
3539905,SP,Poloni,Sudeste,35.7,57.5,32.5,62.4,63.7,-21.799999999999997,-29.9,-3.200000000000003,outro
3540002,SP,Pompéia,Sudeste,27.6,65.8,20.8,73.0,75.3,-38.199999999999996,-52.2,-6.800000000000001,outro
3540101,SP,Pongaí,Sudeste,29.7,65.9,26.5,67.8,69.3,-36.2,-41.3,-3.1999999999999993,outro
3540200,SP,Pontal,Sudeste,46.0,46.8,38.3,53.8,56.4,-0.7999999999999972,-15.5,-7.700000000000003,outro
3540259,SP,Pontalinda,Sudeste,50.3,44.8,43.5,51.6,53.3,5.5,-8.100000000000001,-6.799999999999997,vira
3540309,SP,Pontes Gestal,Sudeste,40.8,53.5,35.0,60.2,61.6,-12.700000000000003,-25.200000000000003,-5.799999999999997,outro
3540408,SP,Populina,Sudeste,54.6,39.1,48.3,47.0,48.5,15.5,1.2999999999999972,-6.300000000000004,mantido
3540507,SP,Porangaba,Sudeste,38.3,52.8,34.6,59.3,61.0,-14.5,-24.699999999999996,-3.6999999999999957,outro
3540606,SP,Porto Feliz,Sudeste,29.5,61.9,26.3,65.5,68.5,-32.4,-39.2,-3.1999999999999993,outro
3540705,SP,Porto Ferreira,Sudeste,28.8,60.7,25.3,65.4,68.3,-31.900000000000002,-40.10000000000001,-3.5,outro
3540754,SP,Potim,Sudeste,38.2,53.3,34.7,56.4,59.3,-15.099999999999994,-21.699999999999996,-3.5,outro
3540804,SP,Potirendaba,Sudeste,33.3,60.5,29.2,64.5,66.4,-27.200000000000003,-35.3,-4.099999999999998,outro
3539806,SP,Poá,Sudeste,44.5,43.4,42.9,46.2,50.4,1.1000000000000014,-3.3000000000000043,-1.6000000000000014,vira
3540853,SP,Pracinha,Sudeste,44.8,51.0,37.5,57.7,58.9,-6.200000000000003,-20.200000000000003,-7.299999999999997,outro
3540903,SP,Pradópolis,Sudeste,39.7,51.9,34.0,57.1,60.1,-12.199999999999996,-23.1,-5.700000000000003,outro
3541000,SP,Praia Grande,Sudeste,38.3,51.5,36.4,54.2,57.7,-13.200000000000003,-17.800000000000004,-1.8999999999999986,outro
3541059,SP,Pratânia,Sudeste,42.6,52.0,34.4,59.4,61.4,-9.399999999999999,-25.0,-8.200000000000003,outro
3541109,SP,Presidente Alves,Sudeste,38.0,53.5,36.8,56.8,58.2,-15.5,-20.0,-1.2000000000000028,outro
3541208,SP,Presidente Bernardes,Sudeste,38.0,55.9,32.4,62.3,64.1,-17.9,-29.9,-5.600000000000001,outro
3541307,SP,Presidente Epitácio,Sudeste,39.2,53.4,36.9,56.9,59.1,-14.199999999999996,-20.0,-2.3000000000000043,outro
3541406,SP,Presidente Prudente,Sudeste,29.5,62.1,27.5,65.1,67.8,-32.6,-37.599999999999994,-2.0,outro
3541505,SP,Presidente Venceslau,Sudeste,30.9,61.5,26.2,67.2,69.4,-30.6,-41.0,-4.699999999999999,outro
3541604,SP,Promissão,Sudeste,39.4,54.3,33.5,59.6,61.8,-14.899999999999999,-26.1,-5.899999999999999,outro
3541653,SP,Quadra,Sudeste,39.1,50.9,31.7,61.7,63.2,-11.799999999999997,-30.000000000000004,-7.400000000000002,outro
3541703,SP,Quatá,Sudeste,35.3,58.0,29.3,64.6,66.6,-22.700000000000003,-35.3,-5.9999999999999964,outro
3541802,SP,Queiroz,Sudeste,45.0,51.2,36.9,59.9,61.0,-6.200000000000003,-23.0,-8.100000000000001,outro
3541901,SP,Queluz,Sudeste,51.7,40.3,45.4,46.6,49.5,11.400000000000006,-1.2000000000000028,-6.300000000000004,vira
3542008,SP,Quintana,Sudeste,39.2,55.8,28.5,66.5,68.3,-16.599999999999994,-38.0,-10.700000000000003,outro
3542107,SP,Rafard,Sudeste,28.0,64.1,25.1,67.5,70.2,-36.099999999999994,-42.4,-2.8999999999999986,outro
3542206,SP,Rancharia,Sudeste,40.2,51.2,35.0,57.2,59.6,-11.0,-22.200000000000003,-5.200000000000003,outro
3542305,SP,Redenção da Serra,Sudeste,42.5,47.5,37.1,54.3,56.2,-5.0,-17.199999999999996,-5.399999999999999,outro
3542404,SP,Regente Feijó,Sudeste,35.1,57.7,31.0,62.6,64.6,-22.6,-31.6,-4.100000000000001,outro
3542503,SP,Reginópolis,Sudeste,29.4,64.2,23.8,69.3,71.2,-34.800000000000004,-45.5,-5.599999999999998,outro
3542602,SP,Registro,Sudeste,34.6,56.9,33.2,59.1,62.0,-22.299999999999997,-25.9,-1.3999999999999986,outro
3542701,SP,Restinga,Sudeste,49.0,46.1,39.1,53.7,56.8,2.8999999999999986,-14.600000000000001,-9.899999999999999,vira
3542800,SP,Ribeira,Sudeste,58.0,36.2,51.0,44.9,46.3,21.799999999999997,6.100000000000001,-7.0,mantido
3542909,SP,Ribeirão Bonito,Sudeste,42.6,48.9,39.1,53.7,56.4,-6.299999999999997,-14.600000000000001,-3.5,outro
3543006,SP,Ribeirão Branco,Sudeste,50.7,43.4,41.4,54.4,55.8,7.300000000000004,-13.0,-9.300000000000004,vira
3543105,SP,Ribeirão Corrente,Sudeste,44.5,50.6,40.7,53.7,55.4,-6.100000000000001,-13.0,-3.799999999999997,outro
3543253,SP,Ribeirão Grande,Sudeste,52.1,37.4,45.6,46.2,48.7,14.700000000000003,-0.6000000000000014,-6.5,vira
3543303,SP,Ribeirão Pires,Sudeste,43.6,43.0,41.2,47.2,51.4,0.6000000000000014,-6.0,-2.3999999999999986,vira
3543402,SP,Ribeirão Preto,Sudeste,36.6,52.6,34.0,55.3,59.0,-16.0,-21.299999999999997,-2.6000000000000014,outro
3543204,SP,Ribeirão do Sul,Sudeste,47.7,47.7,39.5,55.1,57.1,0.0,-15.600000000000001,-8.200000000000003,outro
3543238,SP,Ribeirão dos Índios,Sudeste,50.9,43.0,44.4,51.6,52.8,7.899999999999999,-7.200000000000003,-6.5,vira
3543600,SP,Rifaina,Sudeste,46.3,49.2,34.1,60.0,62.3,-2.9000000000000057,-25.9,-12.199999999999996,outro
3543709,SP,Rincão,Sudeste,53.0,41.2,45.6,48.3,50.1,11.799999999999997,-2.6999999999999957,-7.399999999999999,vira
3543808,SP,Rinópolis,Sudeste,30.7,62.4,24.6,70.3,71.9,-31.7,-45.699999999999996,-6.099999999999998,outro
3543907,SP,Rio Claro,Sudeste,29.5,60.5,27.9,63.4,66.6,-31.0,-35.5,-1.6000000000000014,outro
3544103,SP,Rio Grande da Serra,Sudeste,52.4,36.9,48.9,41.0,44.5,15.5,7.899999999999999,-3.5,mantido
3544004,SP,Rio das Pedras,Sudeste,31.9,60.5,27.4,65.0,67.5,-28.6,-37.6,-4.5,outro
3544202,SP,Riolândia,Sudeste,51.1,45.5,44.5,51.7,52.7,5.600000000000001,-7.200000000000003,-6.600000000000001,vira
3543501,SP,Riversul,Sudeste,46.5,45.8,39.1,55.0,57.0,0.7000000000000028,-15.899999999999999,-7.399999999999999,vira
3544251,SP,Rosana,Sudeste,53.3,40.1,49.9,45.2,46.9,13.199999999999996,4.699999999999996,-3.3999999999999986,mantido
3544301,SP,Roseira,Sudeste,35.2,55.4,31.4,59.6,62.3,-20.199999999999996,-28.200000000000003,-3.8000000000000043,outro
3544509,SP,Rubinéia,Sudeste,36.8,57.0,31.4,62.5,64.0,-20.200000000000003,-31.1,-5.399999999999999,outro
3544400,SP,Rubiácea,Sudeste,37.0,55.8,31.3,64.2,64.8,-18.799999999999997,-32.900000000000006,-5.699999999999999,outro
3544608,SP,Sabino,Sudeste,42.1,53.1,34.5,60.3,61.7,-11.0,-25.799999999999997,-7.600000000000001,outro
3544707,SP,Sagres,Sudeste,47.5,43.6,40.7,53.7,55.2,3.8999999999999986,-13.0,-6.799999999999997,vira
3544806,SP,Sales,Sudeste,26.7,68.0,24.1,71.1,72.6,-41.3,-46.99999999999999,-2.599999999999998,outro
3544905,SP,Sales Oliveira,Sudeste,34.1,58.0,27.4,63.5,66.5,-23.9,-36.1,-6.700000000000003,outro
3545001,SP,Salesópolis,Sudeste,35.4,51.1,32.0,57.7,61.0,-15.700000000000003,-25.700000000000003,-3.3999999999999986,outro
3545100,SP,Salmourão,Sudeste,41.3,53.6,33.2,63.3,64.1,-12.300000000000004,-30.099999999999994,-8.099999999999994,outro
3545159,SP,Saltinho,Sudeste,16.6,75.8,15.2,78.7,80.4,-59.199999999999996,-63.5,-1.4000000000000021,outro
3545209,SP,Salto,Sudeste,35.6,53.8,31.7,57.8,61.7,-18.199999999999996,-26.099999999999998,-3.900000000000002,outro
3545407,SP,Salto Grande,Sudeste,39.9,53.2,31.9,60.7,63.0,-13.300000000000004,-28.800000000000004,-8.0,outro
3545308,SP,Salto de Pirapora,Sudeste,39.3,51.9,33.4,58.0,61.0,-12.600000000000001,-24.6,-5.899999999999999,outro
3545506,SP,Sandovalina,Sudeste,61.1,33.8,59.4,36.2,37.1,27.300000000000004,23.199999999999996,-1.7000000000000028,mantido
3545605,SP,Santa Adélia,Sudeste,36.6,55.8,30.5,61.4,63.6,-19.199999999999996,-30.9,-6.100000000000001,outro
3545704,SP,Santa Albertina,Sudeste,37.2,56.6,31.2,64.4,65.9,-19.4,-33.2,-6.0000000000000036,outro
3546009,SP,Santa Branca,Sudeste,35.2,53.8,31.8,59.8,62.5,-18.599999999999994,-27.999999999999996,-3.400000000000002,outro
3545803,SP,Santa Bárbara d'Oeste,Sudeste,31.4,58.8,27.8,63.4,66.6,-27.4,-35.599999999999994,-3.599999999999998,outro
3546108,SP,Santa Clara d'Oeste,Sudeste,42.4,53.4,34.9,60.2,61.2,-11.0,-25.300000000000004,-7.5,outro
3546207,SP,Santa Cruz da Conceição,Sudeste,27.6,64.1,23.3,70.0,72.0,-36.49999999999999,-46.7,-4.300000000000001,outro
3546256,SP,Santa Cruz da Esperança,Sudeste,41.6,51.4,35.1,58.4,60.3,-9.799999999999997,-23.299999999999997,-6.5,outro
3546306,SP,Santa Cruz das Palmeiras,Sudeste,36.0,55.8,31.2,60.1,62.8,-19.799999999999997,-28.900000000000002,-4.800000000000001,outro
3546405,SP,Santa Cruz do Rio Pardo,Sudeste,25.7,66.3,22.3,70.8,72.9,-40.599999999999994,-48.5,-3.3999999999999986,outro
3546504,SP,Santa Ernestina,Sudeste,45.8,48.7,36.5,56.4,58.3,-2.9000000000000057,-19.9,-9.299999999999997,outro
3546603,SP,Santa Fé do Sul,Sudeste,29.9,62.4,25.4,67.8,70.1,-32.5,-42.4,-4.5,outro
3546702,SP,Santa Gertrudes,Sudeste,32.2,60.5,27.5,65.1,68.2,-28.299999999999997,-37.599999999999994,-4.700000000000003,outro
3546801,SP,Santa Isabel,Sudeste,35.9,53.9,32.4,58.6,61.6,-18.0,-26.200000000000003,-3.5,outro
3546900,SP,Santa Lúcia,Sudeste,56.5,36.5,48.3,43.2,46.2,20.0,5.099999999999994,-8.200000000000003,mantido
3547007,SP,Santa Maria da Serra,Sudeste,35.5,58.5,28.9,66.4,67.7,-23.0,-37.50000000000001,-6.600000000000001,outro
3547106,SP,Santa Mercedes,Sudeste,46.5,47.6,38.9,56.9,57.9,-1.1000000000000014,-18.0,-7.600000000000001,outro
3547403,SP,Santa Rita d'Oeste,Sudeste,40.8,50.8,36.6,57.1,59.2,-10.0,-20.5,-4.199999999999996,outro
3547502,SP,Santa Rita do Passa Quatro,Sudeste,27.4,62.8,24.0,67.5,70.4,-35.4,-43.5,-3.3999999999999986,outro
3547601,SP,Santa Rosa de Viterbo,Sudeste,40.8,49.4,35.8,54.6,57.3,-8.600000000000001,-18.800000000000004,-5.0,outro
3547650,SP,Santa Salete,Sudeste,31.3,62.7,24.7,70.2,71.8,-31.400000000000002,-45.5,-6.600000000000001,outro
3547205,SP,Santana da Ponte Pensa,Sudeste,38.6,54.0,32.8,60.4,61.6,-15.399999999999999,-27.6,-5.800000000000004,outro
3547304,SP,Santana de Parnaíba,Sudeste,40.1,44.7,35.8,52.4,57.4,-4.600000000000001,-16.6,-4.300000000000004,outro
3547700,SP,Santo Anastácio,Sudeste,38.8,55.0,33.4,60.3,62.2,-16.200000000000003,-26.9,-5.399999999999999,outro
3547809,SP,Santo André,Sudeste,42.7,43.4,41.2,47.2,51.7,-0.6999999999999957,-6.0,-1.5,outro
3547908,SP,Santo Antônio da Alegria,Sudeste,42.3,48.6,37.7,55.9,57.2,-6.300000000000004,-18.199999999999996,-4.599999999999994,outro
3548005,SP,Santo Antônio de Posse,Sudeste,32.2,60.5,27.2,66.0,68.3,-28.299999999999997,-38.8,-5.0000000000000036,outro
3548054,SP,Santo Antônio do Aracanguá,Sudeste,40.0,54.9,35.8,58.3,60.0,-14.899999999999999,-22.5,-4.200000000000003,outro
3548104,SP,Santo Antônio do Jardim,Sudeste,33.9,56.3,28.6,63.4,66.3,-22.4,-34.8,-5.299999999999997,outro
3548203,SP,Santo Antônio do Pinhal,Sudeste,37.0,51.0,32.6,58.2,61.4,-14.0,-25.6,-4.399999999999999,outro
3548302,SP,Santo Expedito,Sudeste,46.3,48.8,40.3,54.9,55.7,-2.5,-14.600000000000001,-6.0,outro
3548500,SP,Santos,Sudeste,37.9,48.2,39.1,49.8,54.1,-10.300000000000004,-10.699999999999996,1.2000000000000028,outro
3548401,SP,Santópolis do Aguapeí,Sudeste,39.8,54.6,32.7,62.9,64.3,-14.800000000000004,-30.199999999999996,-7.099999999999994,outro
3551108,SP,Sarapuí,Sudeste,42.2,49.9,37.2,56.8,58.6,-7.699999999999996,-19.599999999999994,-5.0,outro
3551207,SP,Sarutaiá,Sudeste,55.6,39.2,47.0,47.8,49.0,16.4,-0.7999999999999972,-8.600000000000001,vira
3551306,SP,Sebastianópolis do Sul,Sudeste,33.2,59.0,27.6,65.0,66.6,-25.799999999999997,-37.4,-5.600000000000001,outro
3551405,SP,Serra Azul,Sudeste,51.9,42.3,43.3,49.6,51.9,9.600000000000001,-6.300000000000004,-8.600000000000001,vira
3551603,SP,Serra Negra,Sudeste,29.4,60.8,26.9,65.2,67.7,-31.4,-38.300000000000004,-2.5,outro
3551504,SP,Serrana,Sudeste,43.9,48.6,37.9,53.4,56.3,-4.700000000000003,-15.5,-6.0,outro
3551702,SP,Sertãozinho,Sudeste,41.0,50.1,35.6,55.3,58.5,-9.100000000000001,-19.699999999999996,-5.399999999999999,outro
3551801,SP,Sete Barras,Sudeste,38.4,55.6,34.0,60.8,62.4,-17.200000000000003,-26.799999999999997,-4.399999999999999,outro
3551900,SP,Severínia,Sudeste,39.8,53.5,34.5,59.9,61.3,-13.700000000000003,-25.4,-5.299999999999997,outro
3552007,SP,Silveiras,Sudeste,43.8,45.1,36.9,53.9,56.0,-1.3000000000000043,-17.0,-6.899999999999999,outro
3552106,SP,Socorro,Sudeste,23.0,68.0,20.6,70.9,73.7,-45.0,-50.300000000000004,-2.3999999999999986,outro
3552205,SP,Sorocaba,Sudeste,35.6,53.9,32.9,56.5,60.7,-18.299999999999997,-23.6,-2.700000000000003,outro
3552304,SP,Sud Mennucci,Sudeste,47.9,46.9,42.3,53.9,55.3,1.0,-11.600000000000001,-5.600000000000001,vira
3552403,SP,Sumaré,Sudeste,40.8,51.0,36.1,55.5,58.8,-10.200000000000003,-19.4,-4.699999999999996,outro
3552502,SP,Suzano,Sudeste,43.1,45.2,40.3,49.2,53.2,-2.1000000000000014,-8.900000000000006,-2.8000000000000043,outro
3552551,SP,Suzanápolis,Sudeste,52.2,41.4,44.1,51.2,52.5,10.800000000000004,-7.100000000000001,-8.100000000000001,vira
3548609,SP,São Bento do Sapucaí,Sudeste,33.1,55.0,30.8,59.5,62.9,-21.9,-28.7,-2.3000000000000007,outro
3548708,SP,São Bernardo do Campo,Sudeste,49.2,38.0,46.8,41.8,46.3,11.200000000000003,5.0,-2.4000000000000057,mantido
3548807,SP,São Caetano do Sul,Sudeste,33.3,50.3,33.6,54.0,59.1,-17.0,-20.4,0.30000000000000426,outro
3548906,SP,São Carlos,Sudeste,43.1,45.0,41.1,49.5,53.1,-1.8999999999999986,-8.399999999999999,-2.0,outro
3549003,SP,São Francisco,Sudeste,43.0,49.6,37.5,57.1,58.6,-6.600000000000001,-19.6,-5.5,outro
3549409,SP,São Joaquim da Barra,Sudeste,43.7,47.5,37.9,53.7,56.2,-3.799999999999997,-15.800000000000004,-5.800000000000004,outro
3549508,SP,São José da Bela Vista,Sudeste,51.9,43.0,44.2,50.1,51.8,8.899999999999999,-5.899999999999999,-7.699999999999996,vira
3549607,SP,São José do Barreiro,Sudeste,55.3,37.2,47.7,45.7,47.2,18.099999999999994,2.0,-7.599999999999994,mantido
3549706,SP,São José do Rio Pardo,Sudeste,33.7,56.8,28.7,62.0,64.9,-23.099999999999994,-33.3,-5.0000000000000036,outro
3549805,SP,São José do Rio Preto,Sudeste,29.3,60.9,28.4,62.5,65.7,-31.599999999999998,-34.1,-0.9000000000000021,outro
3549904,SP,São José dos Campos,Sudeste,33.6,54.6,32.5,57.4,61.4,-21.0,-24.9,-1.1000000000000014,outro
3549102,SP,São João da Boa Vista,Sudeste,31.6,58.6,28.5,62.0,65.3,-27.0,-33.5,-3.1000000000000014,outro
3549201,SP,São João das Duas Pontes,Sudeste,55.5,37.9,46.5,48.9,50.3,17.6,-2.3999999999999986,-9.0,vira
3549250,SP,São João de Iracema,Sudeste,54.5,39.1,48.2,45.4,46.9,15.399999999999999,2.8000000000000043,-6.299999999999997,mantido
3549300,SP,São João do Pau d'Alho,Sudeste,52.8,40.4,43.5,50.0,52.0,12.399999999999999,-6.5,-9.299999999999997,vira
3549953,SP,São Lourenço da Serra,Sudeste,45.1,43.4,40.6,50.0,53.1,1.7000000000000028,-9.399999999999999,-4.5,vira
3550001,SP,São Luís do Paraitinga,Sudeste,45.1,44.4,40.7,51.2,53.8,0.7000000000000028,-10.5,-4.399999999999999,vira
3550100,SP,São Manuel,Sudeste,35.3,55.5,30.7,61.5,63.8,-20.200000000000003,-30.8,-4.599999999999998,outro
3550209,SP,São Miguel Arcanjo,Sudeste,36.6,53.1,31.0,62.0,64.1,-16.5,-31.0,-5.600000000000001,outro
3550308,SP,São Paulo,Sudeste,47.5,38.0,46.6,42.1,46.5,9.5,4.5,-0.8999999999999986,mantido
3550407,SP,São Pedro,Sudeste,26.2,65.9,24.7,68.3,70.9,-39.7,-43.599999999999994,-1.5,outro
3550506,SP,São Pedro do Turvo,Sudeste,41.4,53.7,34.5,61.0,62.6,-12.300000000000004,-26.5,-6.899999999999999,outro
3550605,SP,São Roque,Sudeste,39.1,47.9,35.4,53.7,57.4,-8.799999999999997,-18.300000000000004,-3.700000000000003,outro
3550704,SP,São Sebastião,Sudeste,46.4,44.7,41.8,49.9,52.9,1.6999999999999957,-8.100000000000001,-4.600000000000001,vira
3550803,SP,São Sebastião da Grama,Sudeste,36.9,54.1,31.1,60.2,63.1,-17.200000000000003,-29.1,-5.799999999999997,outro
3550902,SP,São Simão,Sudeste,37.2,52.4,33.6,56.3,59.1,-15.199999999999996,-22.699999999999996,-3.6000000000000014,outro
3551009,SP,São Vicente,Sudeste,42.7,47.1,41.3,49.0,52.7,-4.399999999999999,-7.700000000000003,-1.4000000000000057,outro
3552601,SP,Tabapuã,Sudeste,30.7,63.3,26.2,68.5,70.4,-32.599999999999994,-42.3,-4.5,outro
3552700,SP,Tabatinga,Sudeste,41.4,52.2,33.0,61.4,63.3,-10.800000000000004,-28.4,-8.399999999999999,outro
3552809,SP,Taboão da Serra,Sudeste,53.4,34.2,49.6,39.1,43.2,19.199999999999996,10.5,-3.799999999999997,mantido
3552908,SP,Taciba,Sudeste,49.3,44.7,41.8,52.8,55.0,4.599999999999994,-11.0,-7.5,vira
3553005,SP,Taguaí,Sudeste,40.5,53.6,32.0,61.8,63.7,-13.100000000000001,-29.799999999999997,-8.5,outro
3553104,SP,Taiaçu,Sudeste,46.2,47.2,39.0,56.1,57.6,-1.0,-17.1,-7.200000000000003,outro
3553203,SP,Taiúva,Sudeste,31.0,61.1,26.6,66.6,68.3,-30.1,-39.99999999999999,-4.399999999999999,outro
3553302,SP,Tambaú,Sudeste,40.1,49.8,35.9,54.1,57.0,-9.699999999999996,-18.200000000000003,-4.200000000000003,outro
3553401,SP,Tanabi,Sudeste,32.5,60.6,29.2,63.4,65.5,-28.1,-34.2,-3.3000000000000007,outro
3553609,SP,Tapiratiba,Sudeste,46.8,44.9,39.2,52.4,55.2,1.8999999999999986,-13.199999999999996,-7.599999999999994,vira
3553500,SP,Tapiraí,Sudeste,36.3,54.1,35.8,57.3,59.7,-17.800000000000004,-21.5,-0.5,outro
3553658,SP,Taquaral,Sudeste,40.6,53.5,34.8,60.7,61.8,-12.899999999999999,-25.900000000000006,-5.800000000000004,outro
3553708,SP,Taquaritinga,Sudeste,37.5,54.6,31.4,60.1,62.4,-17.1,-28.700000000000003,-6.100000000000001,outro
3553807,SP,Taquarituba,Sudeste,44.3,48.4,34.7,58.6,61.0,-4.100000000000001,-23.9,-9.599999999999994,outro
3553856,SP,Taquarivaí,Sudeste,43.9,48.2,37.2,56.7,57.9,-4.300000000000004,-19.5,-6.699999999999996,outro
3553906,SP,Tarabai,Sudeste,53.2,41.4,44.3,49.2,51.7,11.800000000000004,-4.900000000000006,-8.900000000000006,vira
3553955,SP,Tarumã,Sudeste,37.5,56.6,32.2,61.6,63.5,-19.1,-29.4,-5.299999999999997,outro
3554003,SP,Tatuí,Sudeste,30.7,59.7,26.4,65.2,68.0,-29.000000000000004,-38.800000000000004,-4.300000000000001,outro
3554102,SP,Taubaté,Sudeste,30.3,58.4,28.7,60.1,64.3,-28.099999999999998,-31.400000000000002,-1.6000000000000014,outro
3554201,SP,Tejupá,Sudeste,52.1,42.4,43.8,51.7,53.4,9.700000000000003,-7.900000000000006,-8.300000000000004,vira
3554300,SP,Teodoro Sampaio,Sudeste,52.2,41.7,48.5,47.2,48.7,10.5,1.2999999999999972,-3.700000000000003,mantido
3554409,SP,Terra Roxa,Sudeste,41.0,52.5,34.2,58.5,60.1,-11.5,-24.299999999999997,-6.799999999999997,outro
3554508,SP,Tietê,Sudeste,27.2,62.6,24.8,66.4,69.3,-35.400000000000006,-41.60000000000001,-2.3999999999999986,outro
3554607,SP,Timburi,Sudeste,44.0,46.8,36.2,56.9,58.6,-2.799999999999997,-20.699999999999996,-7.799999999999997,outro
3554656,SP,Torre de Pedra,Sudeste,29.8,62.0,28.3,66.0,67.8,-32.2,-37.7,-1.5,outro
3554706,SP,Torrinha,Sudeste,27.2,65.3,22.9,71.3,73.0,-38.099999999999994,-48.4,-4.300000000000001,outro
3554755,SP,Trabiju,Sudeste,52.9,38.8,46.2,46.2,48.8,14.100000000000001,0.0,-6.699999999999996,outro
3554805,SP,Tremembé,Sudeste,31.7,57.5,29.8,60.1,63.7,-25.8,-30.3,-1.8999999999999986,outro
3554904,SP,Três Fronteiras,Sudeste,38.5,55.2,33.6,60.4,62.4,-16.700000000000003,-26.799999999999997,-4.899999999999999,outro
3554953,SP,Tuiuti,Sudeste,31.0,61.1,25.3,68.1,69.9,-30.1,-42.8,-5.699999999999999,outro
3555109,SP,Tupi Paulista,Sudeste,32.9,59.4,28.1,65.0,67.0,-26.5,-36.9,-4.799999999999997,outro
3555000,SP,Tupã,Sudeste,27.2,65.0,24.0,68.6,71.0,-37.8,-44.599999999999994,-3.1999999999999993,outro
3555208,SP,Turiúba,Sudeste,34.3,60.1,28.1,66.0,67.4,-25.800000000000004,-37.9,-6.199999999999996,outro
3555307,SP,Turmalina,Sudeste,51.2,41.3,44.2,47.1,49.1,9.900000000000006,-2.8999999999999986,-7.0,vira
3555356,SP,Ubarana,Sudeste,46.2,48.5,38.7,55.6,57.4,-2.299999999999997,-16.9,-7.5,outro
3555406,SP,Ubatuba,Sudeste,34.6,57.6,33.2,59.4,62.4,-23.0,-26.199999999999996,-1.3999999999999986,outro
3555505,SP,Ubirajara,Sudeste,42.8,53.1,35.4,59.7,61.3,-10.300000000000004,-24.300000000000004,-7.399999999999999,outro
3555604,SP,Uchoa,Sudeste,37.7,55.1,32.0,59.7,61.9,-17.4,-27.700000000000003,-5.700000000000003,outro
3555703,SP,União Paulista,Sudeste,43.0,52.3,39.4,56.8,58.2,-9.299999999999997,-17.4,-3.6000000000000014,outro
3555901,SP,Uru,Sudeste,31.8,61.2,27.2,66.8,68.3,-29.400000000000002,-39.599999999999994,-4.600000000000001,outro
3556008,SP,Urupês,Sudeste,29.1,65.4,24.3,70.5,72.2,-36.300000000000004,-46.2,-4.800000000000001,outro
3555802,SP,Urânia,Sudeste,35.8,58.3,30.1,64.8,67.0,-22.5,-34.699999999999996,-5.699999999999996,outro
3556107,SP,Valentim Gentil,Sudeste,36.3,57.3,30.1,63.8,66.0,-21.0,-33.699999999999996,-6.199999999999996,outro
3556206,SP,Valinhos,Sudeste,31.0,56.6,29.3,60.2,64.5,-25.6,-30.900000000000002,-1.6999999999999993,outro
3556305,SP,Valparaíso,Sudeste,37.9,56.8,32.0,62.8,64.7,-18.9,-30.799999999999997,-5.899999999999999,outro
3556354,SP,Vargem,Sudeste,33.4,59.4,27.0,64.0,66.7,-26.0,-37.0,-6.399999999999999,outro
3556453,SP,Vargem Grande Paulista,Sudeste,42.1,45.4,36.8,52.1,56.2,-3.299999999999997,-15.300000000000004,-5.300000000000004,outro
3556404,SP,Vargem Grande do Sul,Sudeste,32.2,58.6,27.4,63.6,66.2,-26.4,-36.2,-4.800000000000004,outro
3556602,SP,Vera Cruz,Sudeste,35.6,56.9,30.8,63.2,65.5,-21.299999999999997,-32.400000000000006,-4.800000000000001,outro
3556701,SP,Vinhedo,Sudeste,28.8,59.2,27.3,62.2,66.6,-30.400000000000002,-34.900000000000006,-1.5,outro
3556800,SP,Viradouro,Sudeste,33.0,61.4,26.5,66.8,68.6,-28.4,-40.3,-6.5,outro
3556909,SP,Vista Alegre do Alto,Sudeste,39.1,54.9,31.8,62.2,64.0,-15.799999999999997,-30.400000000000002,-7.300000000000001,outro
3556958,SP,Vitória Brasil,Sudeste,43.0,52.0,36.3,59.9,60.6,-9.0,-23.6,-6.700000000000003,outro
3557006,SP,Votorantim,Sudeste,37.0,53.8,32.7,57.3,61.1,-16.799999999999997,-24.599999999999994,-4.299999999999997,outro
3557105,SP,Votuporanga,Sudeste,29.7,62.1,26.8,66.0,68.5,-32.400000000000006,-39.2,-2.8999999999999986,outro
3556503,SP,Várzea Paulista,Sudeste,39.3,51.3,34.0,56.2,59.9,-12.0,-22.200000000000003,-5.299999999999997,outro
3557154,SP,Zacarias,Sudeste,37.9,57.0,33.4,62.2,63.8,-19.1,-28.800000000000004,-4.5,outro
3500402,SP,Águas da Prata,Sudeste,33.7,56.3,30.8,61.0,63.6,-22.599999999999994,-30.2,-2.900000000000002,outro
3500501,SP,Águas de Lindóia,Sudeste,26.8,64.8,24.0,68.9,71.7,-38.0,-44.900000000000006,-2.8000000000000007,outro
3500550,SP,Águas de Santa Bárbara,Sudeste,32.7,59.3,26.9,66.9,69.0,-26.599999999999994,-40.00000000000001,-5.800000000000004,outro
3500600,SP,Águas de São Pedro,Sudeste,29.5,60.7,28.1,63.4,66.5,-31.200000000000003,-35.3,-1.3999999999999986,outro
3501202,SP,Álvares Florence,Sudeste,33.0,60.9,29.2,66.4,67.5,-27.9,-37.2,-3.8000000000000007,outro
3501301,SP,Álvares Machado,Sudeste,37.7,54.9,32.5,60.8,62.9,-17.199999999999996,-28.299999999999997,-5.200000000000003,outro
3501400,SP,Álvaro de Carvalho,Sudeste,47.9,46.3,40.3,54.2,55.9,1.6000000000000014,-13.900000000000006,-7.600000000000001,vira
3533809,SP,Óleo,Sudeste,34.1,57.0,30.8,61.4,63.0,-22.9,-30.599999999999998,-3.3000000000000007,outro
1700251,TO,Abreulândia,Norte,56.8,39.8,44.8,51.4,52.4,17.0,-6.600000000000001,-12.0,vira
1700301,TO,Aguiarnópolis,Norte,62.8,32.6,54.5,40.1,41.9,30.199999999999996,14.399999999999999,-8.299999999999997,mantido
1700350,TO,Aliança do Tocantins,Norte,53.9,41.1,41.3,52.8,53.6,12.799999999999997,-11.5,-12.600000000000001,vira
1700400,TO,Almas,Norte,65.9,28.7,56.9,37.0,37.9,37.2,19.9,-9.000000000000007,mantido
1700707,TO,Alvorada,Norte,45.1,50.1,35.2,59.5,60.9,-5.0,-24.299999999999997,-9.899999999999999,outro
1701002,TO,Ananás,Norte,59.9,35.6,54.5,40.7,41.6,24.299999999999997,13.799999999999997,-5.399999999999999,mantido
1701051,TO,Angico,Norte,56.6,36.8,49.8,44.5,46.0,19.800000000000004,5.299999999999997,-6.800000000000004,mantido
1701101,TO,Aparecida do Rio Negro,Norte,55.3,40.2,43.5,51.6,52.4,15.099999999999994,-8.100000000000001,-11.799999999999997,vira
1701309,TO,Aragominas,Norte,62.2,33.7,53.5,42.2,43.0,28.5,11.299999999999997,-8.700000000000003,mantido
1701903,TO,Araguacema,Norte,63.0,32.2,53.3,42.1,42.8,30.799999999999997,11.199999999999996,-9.700000000000003,mantido
1702158,TO,Araguanã,Norte,49.6,47.2,46.6,49.2,50.4,2.3999999999999986,-2.6000000000000014,-3.0,vira
1702208,TO,Araguatins,Norte,57.1,37.2,51.5,42.3,44.0,19.9,9.200000000000003,-5.600000000000001,mantido
1702000,TO,Araguaçu,Norte,29.8,65.5,23.3,71.0,72.0,-35.7,-47.7,-6.5,outro
1702109,TO,Araguaína,Norte,40.2,53.0,35.4,57.5,59.7,-12.799999999999997,-22.1,-4.800000000000004,outro
1702307,TO,Arapoema,Norte,55.8,39.7,47.3,47.9,48.9,16.099999999999994,-0.6000000000000014,-8.5,vira
1702406,TO,Arraias,Norte,71.5,24.0,66.5,27.9,28.6,47.5,38.6,-5.0,mantido
1702554,TO,Augustinópolis,Norte,58.8,36.7,53.1,42.0,43.4,22.099999999999994,11.100000000000001,-5.699999999999996,mantido
1702703,TO,Aurora do Tocantins,Norte,63.4,31.2,52.9,40.7,41.8,32.2,12.199999999999996,-10.5,mantido
1702901,TO,Axixá do Tocantins,Norte,59.5,37.1,55.4,41.5,42.1,22.4,13.899999999999999,-4.100000000000001,mantido
1703008,TO,Babaçulândia,Norte,66.6,28.5,60.6,35.5,36.3,38.099999999999994,25.1,-5.999999999999993,mantido
1703057,TO,Bandeirantes do Tocantins,Norte,48.0,48.5,38.9,56.2,57.3,-0.5,-17.300000000000004,-9.100000000000001,outro
1703073,TO,Barra do Ouro,Norte,64.6,30.8,56.4,40.5,41.1,33.8,15.899999999999999,-8.199999999999996,mantido
1703107,TO,Barrolândia,Norte,52.1,43.4,43.5,51.0,51.8,8.700000000000003,-7.5,-8.600000000000001,vira
1703206,TO,Bernardo Sayão,Norte,47.1,47.7,39.9,55.4,56.5,-0.6000000000000014,-15.5,-7.200000000000003,outro
1703305,TO,Bom Jesus do Tocantins,Norte,54.8,41.2,46.4,49.5,50.4,13.599999999999994,-3.1000000000000014,-8.399999999999999,vira
1703602,TO,Brasilândia do Tocantins,Norte,57.9,37.9,47.1,47.7,48.9,20.0,-0.6000000000000014,-10.799999999999997,vira
1703701,TO,Brejinho de Nazaré,Norte,54.2,40.3,48.0,46.5,47.0,13.900000000000006,1.5,-6.200000000000003,mantido
1703800,TO,Buriti do Tocantins,Norte,59.4,36.0,52.6,43.2,44.0,23.4,9.399999999999999,-6.799999999999997,mantido
1703826,TO,Cachoeirinha,Norte,62.2,32.1,59.8,34.2,34.9,30.1,25.599999999999994,-2.4000000000000057,mantido
1703842,TO,Campos Lindos,Norte,65.2,30.2,49.4,44.3,45.3,35.0,5.100000000000001,-15.800000000000004,mantido
1703867,TO,Cariri do Tocantins,Norte,50.9,43.9,40.1,54.9,55.8,7.0,-14.799999999999997,-10.799999999999997,vira
1703883,TO,Carmolândia,Norte,59.1,34.4,52.6,42.6,43.7,24.700000000000003,10.0,-6.5,mantido
1703891,TO,Carrasco Bonito,Norte,66.3,30.7,58.9,38.5,39.5,35.599999999999994,20.4,-7.399999999999999,mantido
1703909,TO,Caseara,Norte,61.0,35.5,46.9,48.4,49.0,25.5,-1.5,-14.100000000000001,vira
1704105,TO,Centenário,Norte,64.5,30.0,56.2,39.2,40.0,34.5,17.0,-8.299999999999997,mantido
1705102,TO,Chapada da Natividade,Norte,74.8,21.2,65.8,29.2,29.5,53.599999999999994,36.599999999999994,-9.0,mantido
1704600,TO,Chapada de Areia,Norte,49.9,46.2,39.1,54.2,54.9,3.6999999999999957,-15.100000000000001,-10.799999999999997,vira
1705508,TO,Colinas do Tocantins,Norte,41.8,53.6,35.1,59.6,60.9,-11.800000000000004,-24.5,-6.699999999999996,outro
1716703,TO,Colméia,Norte,38.7,56.4,34.7,61.0,61.8,-17.699999999999996,-26.299999999999997,-4.0,outro
1705557,TO,Combinado,Norte,51.0,44.7,42.8,49.5,50.3,6.299999999999997,-6.700000000000003,-8.200000000000003,vira
1705607,TO,Conceição do Tocantins,Norte,72.7,22.2,63.7,30.4,30.8,50.5,33.300000000000004,-9.0,mantido
1706001,TO,Couto Magalhães,Norte,62.6,34.1,53.4,43.6,44.2,28.5,9.799999999999997,-9.200000000000003,mantido
1706100,TO,Cristalândia,Norte,54.3,40.8,41.7,52.9,53.8,13.5,-11.199999999999996,-12.599999999999994,vira
1706258,TO,Crixás do Tocantins,Norte,54.2,40.8,47.7,47.7,48.3,13.400000000000006,0.0,-6.5,outro
1706506,TO,Darcinópolis,Norte,62.0,33.3,52.1,43.2,44.0,28.700000000000003,8.899999999999999,-9.899999999999999,mantido
1707009,TO,Dianópolis,Norte,63.3,31.4,53.6,39.3,40.5,31.9,14.300000000000004,-9.699999999999996,mantido
1707108,TO,Divinópolis do Tocantins,Norte,60.1,36.3,46.7,48.2,49.3,23.800000000000004,-1.5,-13.399999999999999,vira
1707207,TO,Dois Irmãos do Tocantins,Norte,64.3,30.7,50.5,43.5,44.2,33.599999999999994,7.0,-13.799999999999997,mantido
1707306,TO,Dueré,Norte,59.6,34.5,47.2,45.6,47.4,25.1,1.6000000000000014,-12.399999999999999,mantido
1707405,TO,Esperantina,Norte,70.6,25.9,65.5,30.3,31.5,44.699999999999996,35.2,-5.099999999999994,mantido
1707652,TO,Figueirópolis,Norte,47.5,46.7,37.8,56.4,57.8,0.7999999999999972,-18.6,-9.700000000000003,vira
1707702,TO,Filadélfia,Norte,61.3,33.6,54.8,40.7,42.0,27.699999999999996,14.099999999999994,-6.5,mantido
1708205,TO,Formoso do Araguaia,Norte,45.2,50.6,37.1,58.5,59.2,-5.399999999999999,-21.4,-8.100000000000001,outro
1708254,TO,Fortaleza do Tabocão,Norte,53.6,40.7,46.8,47.5,48.7,12.899999999999999,-0.7000000000000028,-6.800000000000004,vira
1707553,TO,Fátima,Norte,47.8,48.5,38.6,56.6,57.5,-0.7000000000000028,-18.0,-9.199999999999996,outro
1708304,TO,Goianorte,Norte,53.3,41.6,41.6,52.0,52.7,11.699999999999996,-10.399999999999999,-11.699999999999996,vira
1709005,TO,Goiatins,Norte,70.8,24.5,64.9,31.0,31.6,46.3,33.900000000000006,-5.8999999999999915,mantido
1709302,TO,Guaraí,Norte,45.3,49.3,38.1,55.8,57.2,-4.0,-17.699999999999996,-7.199999999999996,outro
1709500,TO,Gurupi,Norte,39.9,53.3,32.4,60.7,62.2,-13.399999999999999,-28.300000000000004,-7.5,outro
1709807,TO,Ipueiras,Norte,72.0,24.2,62.0,33.8,34.1,47.8,28.200000000000003,-10.0,mantido
1710508,TO,Itacajá,Norte,62.9,32.3,57.1,39.0,39.7,30.6,18.1,-5.799999999999997,mantido
1710706,TO,Itaguatins,Norte,65.2,30.6,60.2,35.5,36.7,34.6,24.700000000000003,-5.0,mantido
1710904,TO,Itapiratins,Norte,62.1,32.4,52.3,40.2,40.9,29.700000000000003,12.099999999999994,-9.800000000000004,mantido
1711100,TO,Itaporã do Tocantins,Norte,55.4,40.5,47.0,48.5,48.9,14.899999999999999,-1.5,-8.399999999999999,vira
1711506,TO,Jaú do Tocantins,Norte,55.6,40.4,46.2,49.7,50.1,15.200000000000003,-3.5,-9.399999999999999,vira
1711803,TO,Juarina,Norte,56.0,39.7,49.8,44.9,45.8,16.299999999999997,4.899999999999999,-6.200000000000003,mantido
1711902,TO,Lagoa da Confusão,Norte,50.1,46.0,39.5,56.1,57.2,4.100000000000001,-16.6,-10.600000000000001,vira
1711951,TO,Lagoa do Tocantins,Norte,66.0,29.8,54.4,40.0,40.6,36.2,14.399999999999999,-11.600000000000001,mantido
1712009,TO,Lajeado,Norte,52.2,43.1,42.8,51.6,52.8,9.100000000000001,-8.800000000000004,-9.400000000000006,vira
1712157,TO,Lavandeira,Norte,62.6,31.8,51.2,39.9,41.5,30.8,11.300000000000004,-11.399999999999999,mantido
1712405,TO,Lizarda,Norte,71.0,24.7,62.9,32.4,32.9,46.3,30.5,-8.100000000000001,mantido
1712454,TO,Luzinópolis,Norte,61.3,33.8,53.0,41.6,42.7,27.5,11.399999999999999,-8.299999999999997,mantido
1712504,TO,Marianópolis do Tocantins,Norte,55.1,40.7,43.2,52.2,53.3,14.399999999999999,-9.0,-11.899999999999999,vira
1712702,TO,Mateiros,Norte,66.3,30.0,64.6,32.4,33.0,36.3,32.199999999999996,-1.7000000000000028,mantido
1712801,TO,Maurilândia do Tocantins,Norte,72.6,21.7,67.3,28.3,29.1,50.89999999999999,39.0,-5.299999999999997,mantido
1713205,TO,Miracema do Tocantins,Norte,59.4,34.9,52.1,41.3,42.7,24.5,10.800000000000004,-7.299999999999997,mantido
1713304,TO,Miranorte,Norte,49.7,45.7,39.8,54.6,55.6,4.0,-14.800000000000004,-9.900000000000006,vira
1713700,TO,Monte Santo do Tocantins,Norte,43.5,51.6,35.3,60.3,60.9,-8.100000000000001,-25.0,-8.200000000000003,outro
1713601,TO,Monte do Carmo,Norte,61.0,31.2,50.4,43.6,44.2,29.8,6.799999999999997,-10.600000000000001,mantido
1713957,TO,Muricilândia,Norte,63.4,32.6,54.7,41.0,42.4,30.799999999999997,13.700000000000003,-8.699999999999996,mantido
1714203,TO,Natividade,Norte,59.2,34.8,49.6,43.0,43.8,24.400000000000006,6.600000000000001,-9.600000000000001,mantido
1714302,TO,Nazaré,Norte,69.4,23.7,64.4,29.0,30.7,45.7,35.400000000000006,-5.0,mantido
1714880,TO,Nova Olinda,Norte,53.0,42.5,48.1,47.5,48.4,10.5,0.6000000000000014,-4.899999999999999,mantido
1715002,TO,Nova Rosalândia,Norte,46.9,47.7,38.6,56.2,57.9,-0.8000000000000043,-17.6,-8.299999999999997,outro
1715101,TO,Novo Acordo,Norte,55.8,39.3,46.2,49.0,49.8,16.5,-2.799999999999997,-9.599999999999994,vira
1715150,TO,Novo Alegre,Norte,62.2,34.5,53.5,37.3,38.8,27.700000000000003,16.200000000000003,-8.700000000000003,mantido
1715259,TO,Novo Jardim,Norte,68.5,27.2,59.3,35.2,36.3,41.3,24.099999999999994,-9.200000000000003,mantido
1715507,TO,Oliveira de Fátima,Norte,57.6,38.2,47.0,48.8,49.8,19.4,-1.7999999999999972,-10.600000000000001,vira
1721000,TO,Palmas,Norte,38.1,54.7,33.5,58.3,60.8,-16.6,-24.799999999999997,-4.600000000000001,outro
1715705,TO,Palmeirante,Norte,65.5,29.6,55.2,40.0,40.7,35.9,15.200000000000003,-10.299999999999997,mantido
1713809,TO,Palmeiras do Tocantins,Norte,61.0,34.3,55.5,40.3,41.2,26.700000000000003,15.200000000000003,-5.5,mantido
1715754,TO,Palmeirópolis,Norte,44.6,50.6,35.8,58.0,59.1,-6.0,-22.200000000000003,-8.800000000000004,outro
1716208,TO,Paranã,Norte,76.5,19.6,68.7,25.8,26.4,56.9,42.900000000000006,-7.799999999999997,mantido
1716109,TO,Paraíso do Tocantins,Norte,32.0,62.7,26.0,68.1,69.6,-30.700000000000003,-42.099999999999994,-6.0,outro
1716307,TO,Pau D'Arco,Norte,53.9,42.7,47.5,47.4,48.1,11.199999999999996,0.10000000000000142,-6.399999999999999,mantido
1716505,TO,Pedro Afonso,Norte,49.9,45.1,40.4,54.3,55.5,4.799999999999997,-13.899999999999999,-9.5,vira
1716604,TO,Peixe,Norte,65.1,30.6,57.6,36.7,37.6,34.49999999999999,20.9,-7.499999999999993,mantido
1716653,TO,Pequizeiro,Norte,56.9,39.0,50.6,45.8,46.5,17.9,4.800000000000004,-6.299999999999997,mantido
1717008,TO,Pindorama do Tocantins,Norte,59.4,36.3,50.9,44.6,45.4,23.1,6.299999999999997,-8.5,mantido
1717206,TO,Piraquê,Norte,57.8,35.5,51.6,43.3,44.1,22.299999999999997,8.300000000000004,-6.199999999999996,mantido
1717503,TO,Pium,Norte,50.1,46.3,40.0,55.2,56.1,3.8000000000000043,-15.200000000000003,-10.100000000000001,vira
1717800,TO,Ponte Alta do Bom Jesus,Norte,66.3,28.2,57.5,36.2,36.8,38.099999999999994,21.299999999999997,-8.799999999999997,mantido
1717909,TO,Ponte Alta do Tocantins,Norte,51.2,43.5,42.8,51.3,52.1,7.700000000000003,-8.5,-8.400000000000006,vira
1718006,TO,Porto Alegre do Tocantins,Norte,68.4,25.4,57.7,35.7,36.7,43.00000000000001,22.0,-10.700000000000003,mantido
1718204,TO,Porto Nacional,Norte,51.2,42.2,43.4,49.8,51.2,9.0,-6.399999999999999,-7.800000000000004,vira
1718303,TO,Praia Norte,Norte,67.4,28.8,62.1,33.1,34.4,38.60000000000001,29.0,-5.300000000000004,mantido
1718402,TO,Presidente Kennedy,Norte,52.6,42.4,46.9,47.6,48.1,10.200000000000003,-0.7000000000000028,-5.700000000000003,vira
1718451,TO,Pugmil,Norte,46.4,49.1,39.7,55.5,56.4,-2.700000000000003,-15.799999999999997,-6.699999999999996,outro
1718501,TO,Recursolândia,Norte,71.6,24.4,65.5,31.3,31.8,47.199999999999996,34.2,-6.099999999999994,mantido
1718550,TO,Riachinho,Norte,61.4,34.7,53.7,42.7,43.5,26.699999999999996,11.0,-7.699999999999996,mantido
1718758,TO,Rio Sono,Norte,55.6,39.9,49.3,46.7,47.2,15.700000000000003,2.5999999999999943,-6.300000000000004,mantido
1718659,TO,Rio da Conceição,Norte,65.9,29.2,58.9,34.7,35.9,36.7,24.199999999999996,-7.000000000000007,mantido
1718709,TO,Rio dos Bois,Norte,61.8,33.2,55.0,40.5,41.2,28.599999999999994,14.5,-6.799999999999997,mantido
1718808,TO,Sampaio,Norte,68.8,27.8,64.5,32.3,33.0,41.0,32.2,-4.299999999999997,mantido
1718840,TO,Sandolândia,Norte,48.0,47.5,37.5,57.0,57.7,0.5,-19.5,-10.5,vira
1718865,TO,Santa Fé do Araguaia,Norte,56.5,38.7,49.6,46.7,47.5,17.799999999999997,2.8999999999999986,-6.899999999999999,mantido
1718881,TO,Santa Maria do Tocantins,Norte,55.6,39.8,44.1,51.6,52.2,15.800000000000004,-7.5,-11.5,vira
1718899,TO,Santa Rita do Tocantins,Norte,50.8,43.4,39.3,54.9,55.1,7.399999999999999,-15.600000000000001,-11.5,vira
1718907,TO,Santa Rosa do Tocantins,Norte,69.6,26.8,57.6,37.5,38.1,42.8,20.1,-11.999999999999993,mantido
1719004,TO,Santa Tereza do Tocantins,Norte,48.9,45.0,42.1,52.0,52.7,3.8999999999999986,-9.899999999999999,-6.799999999999997,vira
1720002,TO,Santa Terezinha do Tocantins,Norte,62.5,30.9,55.7,36.7,37.5,31.6,19.0,-6.799999999999997,mantido
1720655,TO,Silvanópolis,Norte,61.1,34.4,47.2,47.0,48.0,26.700000000000003,0.20000000000000284,-13.899999999999999,mantido
1720853,TO,Sucupira,Norte,52.3,41.3,43.1,51.3,52.4,11.0,-8.199999999999996,-9.199999999999996,vira
1720101,TO,São Bento do Tocantins,Norte,68.5,27.0,59.5,34.9,36.1,41.5,24.6,-9.0,mantido
1720150,TO,São Félix do Tocantins,Norte,69.2,25.1,58.7,34.1,35.3,44.1,24.6,-10.5,mantido
1720200,TO,São Miguel do Tocantins,Norte,63.3,32.4,54.3,39.9,41.6,30.9,14.399999999999999,-9.0,mantido
1720259,TO,São Salvador do Tocantins,Norte,68.9,25.6,61.3,31.1,32.0,43.300000000000004,30.199999999999996,-7.6000000000000085,mantido
1720309,TO,São Sebastião do Tocantins,Norte,71.2,24.8,65.2,30.9,32.2,46.400000000000006,34.300000000000004,-6.0,mantido
1720499,TO,São Valério,Norte,71.3,24.6,58.6,35.5,36.5,46.699999999999996,23.1,-12.699999999999996,mantido
1720804,TO,Sítio Novo do Tocantins,Norte,66.9,28.2,61.4,33.6,35.1,38.7,27.799999999999997,-5.500000000000007,mantido
1720903,TO,Taguatinga,Norte,62.0,32.8,54.2,40.2,41.1,29.200000000000003,14.0,-7.799999999999997,mantido
1720937,TO,Taipas do Tocantins,Norte,72.3,21.7,69.3,26.0,27.1,50.599999999999994,43.3,-3.0,mantido
1720978,TO,Talismã,Norte,54.1,41.9,40.8,53.9,54.7,12.200000000000003,-13.100000000000001,-13.300000000000004,vira
1721208,TO,Tocantinópolis,Norte,66.0,29.7,61.5,33.6,35.1,36.3,27.9,-4.5,mantido
1721109,TO,Tocantínia,Norte,71.4,25.9,70.3,27.0,27.7,45.50000000000001,43.3,-1.1000000000000085,mantido
1721257,TO,Tupirama,Norte,60.2,35.3,53.1,42.7,43.6,24.900000000000006,10.399999999999999,-7.100000000000001,mantido
1721307,TO,Tupiratins,Norte,64.8,29.2,57.3,37.8,38.0,35.599999999999994,19.5,-7.5,mantido
1722081,TO,Wanderlândia,Norte,60.0,35.6,51.3,44.1,45.6,24.4,7.199999999999996,-8.700000000000003,mantido
1722107,TO,Xambioá,Norte,48.6,47.3,43.8,52.0,53.7,1.3000000000000043,-8.200000000000003,-4.800000000000004,vira
