id_municipio,sigla_uf,populacao_2021,pib_per_capita,esgoto_tratado,sem_esgoto,provaveis,alarme_ou_grave,sinan_obitos
2600500,PE,43923,9132.140336497961,0.0,0.5453,1312,2,0
3116159,MG,14217,28354.64584652177,0.0,0.7108,3314,5,5
3168705,MG,91268,61481.99807161327,0.0,0.0666,10774,39,6
2504603,PB,25341,50786.86713231522,0.0,0.7745,842,8,2
3120409,MG,5161,23967.060647161405,0.0,0.1631,1035,6,0
3147006,MG,94539,76144.41658997873,0.8736,0.0891,19611,56,17
3122108,MG,4969,12415.97907023546,0.0,0.1295,439,2,0
3156106,MG,4521,19986.06502986065,0.0,0.6378,538,0,0
3125952,MG,11100,14134.144144144144,0.0,0.1264,839,1,0
3103207,MG,2360,25422.881355932204,0.0,0.3275,371,1,0
3157005,MG,41864,15942.313204662718,0.7982,0.1537,5826,10,1
3132701,MG,23207,14696.083078381524,0.0,0.1851,7293,3,0
3128303,MG,19014,28891.13284947933,0.0,0.0163,3539,10,4
1507508,PA,14105,13249.911378943638,0.0,0.5944,1127,0,0
1508308,PA,62093,9961.960285378384,0.0,0.7675,245,1,0
1507904,PA,25752,9389.678471575024,0.0,0.3189,248,0,0
2209302,PI,5903,10584.448585465017,0.0,0.9894,188,16,0
5105150,MT,41190,32361.204175770818,0.95,0.0,2414,62,3
2503001,PB,22079,21157.07233117442,0.0,0.8484,1006,2,0
2501500,PB,21220,13143.449575871819,0.0,0.4407,911,0,1
5106109,MT,13093,29622.317268769573,0.0,0.6278,223,1,0
2605103,PE,37633,15780.830653947334,0.0,0.254,815,3,0
2505709,PB,10375,9043.855421686747,0.0,0.6917,2169,2,0
2512507,PB,44388,13646.909074524647,0.5385,0.3588,1656,9,0
2511608,PB,6518,14641.914697760049,0.0,0.8028,162,0,0
5007307,MS,4758,28229.71836906263,0.0,0.946,581,2,0
1500909,PA,46937,7750.197072671879,0.0,0.5725,261,1,0
5006358,MS,14576,20207.738748627882,0.5477,0.4406,1449,2,2
2608503,PE,21490,22469.008841321545,0.0,0.8259,399,2,0
2207009,PI,37138,15735.176907749476,0.1069,0.7417,1070,24,1
2612604,PE,42266,13344.05905455922,0.6,0.3946,171,2,0
3167202,MG,243950,51894.81451117032,0.027,0.0942,40523,197,11
2610905,PE,68067,12776.39678552015,0.1096,0.2391,3737,20,0
2603702,PE,24743,10232.02521925393,0.0091,0.1714,208,1,0
3154705,MG,4061,25941.39374538291,0.0,0.0104,1237,1,0
5218607,GO,10961,28691.269044795183,0.0,0.4605,3198,20,3
5200159,GO,2515,19400.79522862823,0.0,0.7463,309,7,1
5210307,GO,2772,25779.58152958153,0.0,0.9186,354,2,0
5209705,GO,22533,58986.50867616385,0.0,0.7997,3365,48,2
2919207,BA,204669,35778.637702827495,1.0,0.0,1473,81,3
2931608,BA,15097,14358.21686427767,0.0,0.3084,298,1,1
2910206,BA,4072,10611.984282907662,0.0,0.8569,111,2,0
2615409,PE,47088,16237.08800543663,0.0,0.1728,575,0,0
3107406,MG,51436,35268.99447857532,0.5677,0.0384,10958,25,4
5006309,MS,42401,38865.52203957454,0.5365,0.3607,4422,10,1
3122306,MG,242505,34355.35762149234,0.0209,0.0,39685,915,42
5004700,MS,23277,73940.49920522404,0.0,0.9041,3046,23,4
2208007,PI,78627,24676.752260673813,0.1069,0.6251,2678,41,0
2603009,PE,34778,12676.490885042269,0.0,0.992,808,8,0
3128006,MG,34818,28633.609052788786,0.079,0.2031,2553,3,2
2613909,PE,87467,19359.838567688385,0.0,0.1039,2183,4,0
3156908,MG,26556,78738.77843048652,1.0,0.0,6051,22,8
3127370,MG,3402,14670.194003527336,0.765,0.1686,175,0,0
3112653,MG,5559,10939.557474365893,0.0,0.0593,348,1,0
3145802,MG,3155,20575.27733755943,0.0,0.0171,599,1,0
3134806,MG,7695,19618.973359324238,0.0,0.0943,269,4,0
3171105,MG,4090,41670.904645476774,0.0,0.0363,424,2,1
3139003,MG,42682,32188.041797479033,0.0,0.0428,5508,8,5
3162575,MG,5975,13597.154811715482,0.0,0.0151,1055,2,1
3151800,MG,169838,50234.293856498545,0.15,0.0,1841,54,0
2903201,BA,158432,44221.628206422945,0.1725,0.616,12162,32,4
2200400,PI,40681,13219.291561171063,0.1069,0.7242,187,5,0
2203909,PI,60111,24441.017451048894,0.1069,0.5094,707,19,1
2611200,PE,11308,9029.625044216484,0.0,0.3686,1381,2,0
5000856,MS,11081,106924.28481184009,0.1133,0.8714,771,1,0
2514800,PB,3607,10237.593568062102,0.0,0.0505,34,1,0
2203206,PI,11461,12336.619841200592,0.0,0.9417,508,7,0
5004908,MS,7342,51488.55897575593,0.0,0.93,893,12,0
5002100,MS,24842,39325.41663312133,0.2633,0.6658,2223,15,1
5212204,GO,18266,37965.40019708748,0.82,0.1215,1639,20,1
5107008,MT,15936,67630.14558232932,0.1493,0.5321,517,2,2
5219407,GO,9110,22497.585071350164,0.0,0.9756,643,7,1
5201108,GO,396526,44860.33450517747,0.584,0.2815,99534,3309,91
2604809,PE,12543,9686.837279757634,0.0,0.2749,93,0,0
2408102,RN,896708,26972.283062044724,0.2262,0.3804,88186,919,48
2605301,PE,31709,10253.145794569366,0.0,0.7208,371,2,0
5006259,MS,3556,79146.79415073116,0.0,0.8985,704,6,1
1501576,PA,17254,14134.867277153124,0.0,0.9133,40,2,1
5108352,MT,3124,24697.503201024327,0.0,0.9958,149,8,0
2203008,PI,8350,8990.299401197604,0.0,0.9745,25,1,0
3523602,SP,18610,68413.97098334228,0.9179,0.0343,2221,35,6
3100302,MG,13434,19553.893107041833,0.0,0.1628,1027,1,2
3130507,MG,12511,21212.053393014146,0.0,0.0207,3233,4,1
2200103,PI,5123,9229.552996291235,0.0,0.5044,46,0,0
4109401,PR,183755,45219.67837609861,0.6872,0.2431,4774,228,1
3550407,SP,36298,24418.31505868092,0.1164,0.0192,4425,3,1
2206696,PI,9258,8091.272413048175,0.0,0.9763,18,1,0
1100320,RO,23147,39112.41197563399,0.0,0.9579,363,3,1
3123106,MG,5139,37105.07880910683,0.0,0.4642,311,1,0
3539509,SP,40430,34369.55231263913,0.0,0.0068,3587,11,4
3102506,MG,4643,12045.229377557614,0.0,0.1389,206,0,0
3168507,MG,11680,16380.308219178081,0.0,0.0983,749,1,0
3122504,MG,5025,13860.298507462687,0.0,0.171,439,0,0
3161056,MG,3354,13087.358378056053,0.399,0.1809,128,0,0
3155603,MG,31171,11082.961727246478,0.2201,0.7149,1329,3,0
3301207,RJ,19161,29286.20635666197,0.0,0.1748,2023,14,0
3145372,MG,5348,13166.978309648466,0.0041,0.9959,307,0,0
3147501,MG,1619,14573.810994441013,0.0,0.3547,189,0,0
3144409,MG,4727,24403.215570129047,0.0,0.1986,129,0,0
1100015,RO,22516,32619.870314443062,0.0,0.9673,1944,69,1
3113800,MG,2660,14957.894736842105,0.9451,0.042,231,2,1
3127388,MG,4014,15513.203786746388,0.0,0.061,781,4,0
2103406,MA,49804,9291.683398923782,0.0,0.9204,387,0,0
4118808,PR,14017,32407.57651423272,0.0,0.7079,2813,16,1
5210802,GO,4412,29804.170444242973,0.0,0.0326,436,7,0
2105807,MA,10900,7950.642201834862,0.0,0.5484,52,0,0
3102605,MG,41704,28386.054095530406,0.0,0.011,7581,74,5
2706406,AL,24307,10967.869338050767,0.0,0.8925,582,9,1
2706901,AL,35310,19147.720192580007,0.0,0.7248,1388,73,2
2907103,BA,29118,9910.089978707329,0.0,0.8739,3750,75,3
3102803,MG,12189,23950.85733037985,0.0,0.0311,682,2,0
3125408,MG,4656,15837.41408934708,0.0,0.987,153,1,1
3163607,MG,2821,15659.34065934066,0.0,0.0035,183,0,0
3503307,SP,136739,50772.39851103196,0.7,0.0,10034,17,11
3504008,SP,105768,38598.78224037516,0.994,0.0,20847,203,6
3509502,SP,1223237,59634.21233988181,0.8206,0.0,290729,7340,139
4125704,PR,27696,53082.68341998845,0.6288,0.2726,6513,235,2
5211909,GO,103221,77471.99697735926,0.69,0.1213,35970,268,25
3510609,SP,405375,16909.54301572618,0.2901,0.257,14599,54,9
3547601,SP,26960,30914.094955489614,0.9635,0.0334,2314,19,0
3546405,SP,48207,57811.23073412575,0.9542,0.0389,9247,168,11
3534708,SP,115139,34406.856060935046,0.85,0.0,16658,20,11
3503208,SP,240542,49692.930964239094,0.9801,0.0024,58137,735,35
3555604,SP,10191,39430.96850161908,0.6937,0.0049,2540,45,5
3556206,SP,133169,59842.756197012815,0.9,0.0,11348,98,19
3556107,SP,13732,31863.239149431985,0.9701,0.025,2690,31,0
3517109,SP,4842,25880.627839735647,0.9366,0.0465,888,2,0
3516903,SP,10855,25343.067710732383,0.8774,0.1102,2454,17,7
3521507,SP,8101,22987.65584495741,0.9553,0.0434,1030,17,3
3544400,SP,3195,24710.485133020346,0.9064,0.0782,809,2,0
3551108,SP,10493,19433.05060516535,0.0,0.2191,530,60,0
3557303,SP,11507,33843.0520552707,0.0,0.0232,1387,1,0
3550605,SP,93076,37074.8528084576,0.0,0.1596,2264,11,5
3556305,SP,27154,45529.093319584594,0.99,0.006,3560,43,0
3513306,SP,2021,68116.77387431964,0.9985,0.0,676,7,1
3521606,SP,8356,13115.725227381523,0.9285,0.0706,1455,1,1
3502903,SP,35389,34075.10808443301,0.25,0.4964,2005,28,0
3520707,SP,3876,28664.34468524252,0.8483,0.1091,1287,91,0
3553203,SP,5562,25108.054656598346,0.9879,0.0083,1066,22,0
3501400,SP,5320,11012.406015037594,0.9941,0.0018,527,1,0
1720903,TO,16966,18758.281268419192,0.0,0.8414,341,3,1
1714203,TO,9256,26722.126188418322,0.0,0.5915,376,6,0
3508504,SP,95752,54458.94602723703,0.9133,0.0378,13153,19,15
3535606,SP,18302,19220.41306960988,0.0,0.1171,1400,1,1
3544202,SP,12856,20921.204107031735,0.8994,0.0967,1470,4,0
3529807,SP,13023,17373.646625201567,1.0,0.0,3224,19,3
3517000,SP,11485,18806.094906399652,0.956,0.0433,1946,6,2
1718550,TO,4723,14511.115816218506,0.0,0.9895,59,0,0
3300225,RJ,12763,33490.872052025385,0.0,0.4885,1832,3,0
1720937,TO,2183,16145.671094823638,0.0,0.2479,216,0,0
3548203,SP,6843,21690.632763407863,0.4479,0.4009,138,0,0
3503356,SP,1755,35382.336182336185,0.881,0.119,477,21,1
3523503,SP,21139,18764.369175457687,0.9435,0.0512,488,3,0
3554201,SP,4452,31023.36028751123,0.0,0.0417,139,0,0
1717800,TO,4586,14426.079372001745,0.0,0.9668,157,3,0
1709807,TO,2088,22879.310344827587,0.0,0.0063,70,0,0
5213004,GO,14568,17016.13124656782,0.0,0.8933,1166,11,0
5211602,GO,2295,60836.60130718954,0.0,0.927,366,5,0
5213053,GO,2575,96137.47572815535,1.0,0.0,365,5,2
5215504,GO,6895,111007.83176214648,0.0,0.9414,1979,9,4
2105989,MA,7653,13260.812753168691,0.0,0.8879,196,0,0
5209150,GO,6076,27875.082290980907,0.0,0.9879,368,5,0
2102200,MA,28916,9613.88158804814,0.0,0.847,45,0,0
2102101,MA,36900,8907.777777777777,0.1069,0.5231,112,5,1
2104008,MA,16971,9369.453774085205,0.0,0.7823,75,0,0
2917334,BA,11038,12086.97227758652,0.0,0.7595,1293,12,0
2307254,CE,20351,27106.18642818535,0.4687,0.5027,975,1,0
2904100,BA,21486,8800.660895466815,0.0,0.9282,980,4,1
2302909,CE,17830,9916.376892877173,0.0,0.8321,660,3,1
2301505,CE,7848,8948.012232415902,0.0,0.5517,680,0,0
2300150,CE,15140,11888.639365918098,0.4499,0.4535,423,1,0
2306900,CE,34592,16222.681544865865,0.35,0.6274,1715,6,2
2915403,BA,6515,13741.82655410591,0.8038,0.1889,80,0,0
2904209,BA,10050,10949.054726368158,0.0,0.3393,1564,45,0
2906808,BA,34929,10100.518194050788,0.0,0.3514,493,2,0
2932101,BA,19860,11544.36052366566,0.6859,0.2955,784,4,0
2919058,BA,8591,9120.242113840066,0.0,0.9889,102,1,0
2911501,BA,6852,11159.807355516637,0.0,0.1594,200,2,0
2915809,BA,22474,13117.20210020468,0.953,0.0464,705,5,0
2310407,CE,12276,9034.538937764744,0.2281,0.7691,301,2,1
2304004,CE,23340,9643.958868894602,0.3378,0.6309,933,0,0
2913705,BA,40720,15368.344793713162,0.0,0.368,391,2,0
2913200,BA,27076,15348.75904860393,0.2238,0.6531,1821,31,0
2906857,BA,11597,11169.612830904543,0.0,0.3807,450,1,0
2925808,BA,25428,10141.654868648733,0.0,0.3906,170,4,0
3204054,ES,26575,15105.813734713076,0.3219,0.5636,2214,2,0
2927101,BA,9548,15034.876413908672,1.0,0.0,842,0,0
2932309,BA,27481,8148.975655907718,0.0,0.2768,381,1,0
2308302,CE,27413,10477.620107248385,0.0,0.7159,2171,10,0
2913804,BA,14229,7390.048492515286,0.0,0.9344,496,2,0
2314003,CE,41078,11395.418472174886,0.0,0.709,1256,7,2
2903607,BA,15989,9096.128588404528,0.0,0.4239,1187,6,0
4215000,SC,42684,37822.97816512042,0.3,0.0955,73,0,0
2916104,BA,22440,11005.213903743315,0.65,0.2645,352,2,0
2910305,BA,8129,9439.414442120802,0.0,0.988,82,0,0
2406908,RN,4053,12709.104367135455,0.9737,0.0263,196,1,0
2929701,BA,17330,14878.822850548182,0.0,0.2246,265,1,0
3204708,ES,39085,19497.633363182806,0.513,0.4487,899,1,0
2300309,CE,54687,10322.745807961674,0.2759,0.122,860,12,1
3205176,ES,14065,30861.28688233203,0.0,0.1273,153,1,0
3507159,SP,4013,15912.53426364316,0.9127,0.0873,20,0,0
3165404,MG,7045,15652.519517388218,0.0,0.0513,588,0,0
4318705,RS,240378,45159.56535123847,0.7688,0.0685,16362,426,27
4315602,RS,212881,62392.38823568097,0.2052,0.1138,146,1,0
3301405,RJ,23561,18426.382581384492,0.0,0.3287,844,3,1
2402303,RN,20588,18149.455993782787,0.0,0.8176,1365,0,0
2807006,SE,3964,12573.662966700304,0.0,0.1929,57,3,0
2803500,SE,106015,16962.87317832382,0.1,0.728,1032,104,1
2802403,SE,11599,15476.420381067333,0.0,0.4555,212,2,0
2807402,SE,52861,12405.951457596337,0.0,0.1389,2085,2,0
4322608,RS,72373,51566.60633109033,0.0,0.0351,3234,112,3
4300802,RS,13041,61154.05260332797,0.0,0.0483,22,0,0
4307559,RS,5924,59200.877785280216,0.0,0.3645,26,0,0
4306932,RS,8350,82344.43113772455,0.0,0.7832,487,1,0
4309506,RS,7393,49049.50628973353,0.0,0.9139,732,0,0
4206009,SC,14739,30505.59739466721,0.0,0.2534,352,4,0
4307831,RS,2310,175516.4502164502,0.0,0.9345,155,1,1
4305871,RS,2521,89696.54898849662,0.0,0.1949,277,2,0
2101251,MA,17446,34352.9748939585,0.0,0.4173,202,5,0
2108058,MA,16295,7263.577784596502,0.0,0.6498,30,0,0
2112605,MA,33791,7325.648841407476,0.0,0.7701,273,4,0
2406403,RN,2732,13997.803806734993,0.0,0.7708,602,5,0
4211702,SC,23161,51296.23073269721,0.9,0.0,32,2,0
4123808,PR,14924,31293.084963816673,0.0,0.6529,3896,28,3
4112504,PR,11067,33805.276949489475,0.0,0.3592,3128,12,1
4101606,PR,28480,50824.64887640449,0.5143,0.4641,1109,3,1
4113734,PR,7217,75776.63849244839,0.0,0.9704,2498,5,1
4112801,PR,12108,56092.666005946485,0.8036,0.1954,772,12,0
4313706,RS,32967,67189.91718991719,0.0,0.6437,1893,7,0
2800605,SE,31439,82114.31661312382,0.54,0.1356,610,15,0
4110102,PR,33306,38757.01074881403,0.6124,0.3638,2666,10,0
2414209,RN,14694,28299.5100040833,0.1829,0.6758,535,9,0
4317400,RS,49298,41004.58436447726,0.6745,0.2101,125,1,0
4216206,SC,54751,155542.2732004895,0.0,0.239,7084,706,13
3301801,RJ,14138,28769.55722167209,0.0,0.3418,557,2,1
4204558,SC,12315,48011.28704831506,0.0,0.2774,16,1,0
4208906,SC,184579,65295.53741216498,0.52,0.1699,17882,1167,13
1400209,RR,22635,20026.419262204552,0.0,0.1206,493,3,0
1400704,RR,11014,13069.275467586707,0.0,0.9877,37,0,0
1400506,RR,8492,38597.26801695714,0.0,0.7466,119,0,0
2411908,RN,4281,12718.523709413688,0.0,0.9888,383,1,1
2410009,RN,3900,10725.384615384615,0.0,0.711,173,0,0
2414308,RN,2427,17971.981870622167,0.0,0.0278,210,0,0
4206306,SC,24922,50664.87440815344,0.0,0.0647,541,2,0
4128401,PR,11233,32748.86495148224,0.7781,0.2183,2532,10,1
4126355,PR,4460,65324.88789237668,0.0,0.8493,1229,5,1
4115408,PR,14407,44085.51398625668,0.3817,0.5729,2519,12,6
1100130,RO,41724,21338.31847378008,0.0,0.9647,1198,4,0
4116000,PR,1786,29302.3516237402,0.0,0.8427,920,5,1
4108007,PR,10360,38640.057915057914,0.0,0.2457,3103,116,3
4120333,PR,3806,44913.55754072517,0.0,0.6468,2141,14,2
4105607,PR,12939,33349.099621299945,0.7005,0.2845,1822,12,1
4112603,PR,1309,43584.41558441558,0.0,0.9291,257,0,0
2806909,SE,3837,14603.596559812353,0.0,0.9147,41,3,0
2806107,SE,11158,42028.67897472665,0.0,0.5299,803,2,0
4306601,RS,38222,57844.72293443567,0.7728,0.0899,48,0,0
4103222,PR,3244,92500.0,0.0,0.2663,132,0,0
4212304,SC,7642,32715.65035331065,0.0,0.7624,159,0,0
4208104,SC,21889,47859.70121979076,0.0,0.3827,34,2,0
4217105,SC,3162,34550.91714104997,0.0,0.2372,7,0,0
4216404,SC,7332,38582.378614293506,0.0,0.3855,10,0,0
1101005,RO,7130,33566.619915848525,0.0,0.4718,217,0,0
3103603,MG,2779,31861.101115509176,0.0,0.1204,286,2,0
3155207,MG,5332,11179.66991747937,0.0,0.4536,347,1,0
2107001,MA,9064,9543.358340688437,0.0,0.9044,125,0,0
2109304,MA,11328,6725.900423728814,0.0,0.9902,45,0,0
3129202,MG,6623,20150.083043937793,0.0,0.0679,192,1,0
3132800,MG,2032,17678.149606299212,0.8942,0.0419,228,1,0
4119400,PR,25779,46228.98483261569,0.7341,0.2238,848,2,0
4204103,SC,3462,47409.87868284229,0.0,0.7258,1029,48,1
4211058,SC,9945,23468.476621417798,0.3978,0.512,8,0,0
4215505,SC,17004,38931.54551870148,0.0,0.1787,13,0,0
4204459,SC,2560,22411.328125,0.1032,0.6628,9,0,0
4200754,SC,1915,41248.04177545692,0.0,0.357,41,0,0
4208500,SC,25619,54630.43053983372,0.0,0.1073,45,0,0
4219606,SC,3873,54703.84714691454,0.0,0.2424,157,0,0
4209854,SC,4530,33533.333333333336,0.0,0.1503,31,0,0
4217154,SC,1794,28035.674470457077,0.0,0.8383,233,0,0
4202602,SC,10153,41595.48901802423,0.0,0.202,9,0,0
4217808,SC,18576,45466.24677002584,0.0,0.0976,46,0,0
1200427,AC,19767,12933.12085799565,0.0,0.8494,2954,4,0
1200138,AC,10572,28455.35376466137,0.0,0.7528,635,1,0
4308805,RS,8339,33142.103369708595,0.0,0.207,17,0,0
4312153,RS,4627,39017.72206613357,0.0,0.0037,97,1,0
4318499,RS,2040,90094.60784313726,0.0,0.1887,250,2,1
2707503,AL,20158,13337.979958329199,0.4,0.5229,221,5,1
2709202,AL,27934,10630.414548578792,0.0,0.7545,309,2,0
2704807,AL,13123,14324.620894612512,0.0,0.1089,363,6,0
2705705,AL,21690,12529.967727063162,0.0,0.977,407,2,0
2702702,AL,4803,34150.11451176348,0.0046,0.9848,56,0,0
1302553,AM,33981,9162.031723610253,0.0,0.7944,18,1,0
2410702,RN,3648,10281.798245614034,0.4884,0.3126,71,0,0
2414159,RN,6085,17631.224322103535,0.0,0.7865,466,29,0
4313805,RS,7056,38497.87414965987,0.0,0.4515,1279,3,2
3101300,MG,2657,17958.976289047798,0.0,0.1144,23,0,0
3201902,ES,34120,28068.112543962485,0.567,0.3395,207,5,0
3202207,ES,22379,20933.8665713392,0.3695,0.573,271,11,0
3204955,ES,12602,18170.449135057926,0.0,0.2418,246,1,0
2103158,MA,13876,7477.731334678581,0.0,0.9038,12,3,0
1304260,AM,13839,16562.540646000434,0.0,0.7748,22,1,0
4316956,RS,6382,43780.63303039799,0.0,0.2921,39,0,0
2602001,PE,38605,8211.630617795623,0.0,0.983,110,0,0
2207108,PI,2477,11599.111828825191,0.0,0.0348,32,0,0
2206100,PI,10979,8703.433828217507,0.0,0.7166,205,2,0
2209559,PI,4454,8861.921867983834,0.0,0.9687,27,0,0
4210704,SC,2442,25628.173628173627,0.0,0.5747,2,0,0
2802007,SE,5290,35655.76559546314,0.0,0.8323,36,0,0
4305157,RS,2281,32687.856203419553,0.0,0.5482,157,1,0
2106201,MA,7016,8174.315849486887,0.0,0.6098,18,0,0
4322251,RS,5019,106314.40526001196,0.052,0.0209,41,1,0
4301859,RS,3266,17394.6723821188,0.0,0.9161,764,2,0
4312138,RS,2543,66163.58631537553,0.0,0.0825,15,2,0
4310462,RS,1871,94937.46659540353,0.0,0.2725,6,1,0
4300703,RS,5941,54248.779666722774,0.0,0.0669,120,0,0
4120101,PR,4899,33301.69422331088,0.7897,0.1444,12,0,0
2210656,PI,10074,7758.685725630336,0.0,0.642,17,0,0
2509107,PB,21895,11043.936971911395,0.0,0.9829,177,1,0
2509339,PB,4528,11933.524734982333,0.5962,0.3607,103,0,0
2503605,PB,7182,9142.439431913117,0.0,0.3008,77,0,0
4301636,RS,14645,21310.413110276546,0.0,0.3027,17,1,0
2210391,PI,3037,15628.580836351663,0.0,0.988,6,0,0
1501006,PA,16421,9254.552097923392,0.0,0.7741,5,0,0
4202438,SC,3501,38814.910025706944,0.0,0.9162,1,0,0
2209906,PI,6106,9781.035047494268,0.0,0.3803,119,0,0
4308854,RS,1619,117756.02223594811,0.0,0.6791,2,0,0
4313359,RS,3743,45232.16671119423,0.0,0.2959,5,1,0
2601052,PE,20936,7732.32709209018,0.0,0.8949,2389,3,1
2604007,PE,85131,20496.822544079125,0.0,0.8436,4411,18,1
2608909,PE,56149,14930.684428930168,0.0,0.4967,5187,3,2
3119401,MG,110709,18029.419469058525,0.0,0.1123,19574,15,3
3134400,MG,40101,50309.343906635746,0.9864,0.0085,3791,59,5
5102504,MT,95339,23753.90973263827,0.06,0.4608,5122,94,1
3169505,MG,6797,12198.764160659115,0.0,0.5297,455,2,0
3136553,MG,5104,14172.80564263323,0.0,0.2615,495,4,0
3159803,MG,19997,40140.52107816172,0.0,0.0196,3139,3,1
3133808,MG,94455,53834.65142131173,0.0,0.006,13132,21,16
3143203,MG,21504,22477.306547619046,0.0,0.0047,3593,10,0
3155405,MG,8964,13398.92904953146,0.0,0.093,565,21,2
3119104,MG,23607,25937.010208836364,0.6794,0.1433,7842,17,0
3100906,MG,19285,14913.09307752139,0.0,0.1123,1928,2,0
3151305,MG,10732,18697.819604919867,0.0,0.0194,1921,3,0
3132602,MG,4395,15321.046643913538,0.0,0.1143,324,1,0
2516201,PB,69997,18836.935868680088,0.0,0.0,4174,81,6
1502764,PA,14044,28975.14953004842,0.0,0.9731,539,0,0
1505304,PA,74921,30413.035063600324,0.0,0.535,796,29,1
2502904,PB,6479,9926.068837783609,0.0,0.8763,376,0,0
2505105,PB,20331,10842.506517141312,0.0,0.7792,839,5,2
2616209,PE,21172,9187.181182694125,0.4276,0.4946,2601,4,0
2604700,PE,18327,10477.219403066514,0.0,0.3419,334,0,0
2504850,PB,1948,12329.05544147844,0.0,0.2839,96,0,0
2511202,PB,28607,19452.44171007096,0.116,0.6628,124,0,0
5002308,MS,11835,72772.20109843684,0.0,0.3433,1386,3,2
5007109,MS,25310,74883.6033188463,0.1485,0.6672,1777,19,1
5106216,MT,12876,70608.88474681578,0.0,0.8143,1328,5,1
5107156,MT,2754,17235.29411764706,0.0,0.8021,453,4,0
3127107,MG,60508,40872.578832551066,0.9988,0.0,12897,47,6
5006002,MS,22967,85497.53994862194,0.0,0.937,1070,27,3
5104559,MT,3609,116106.95483513438,0.0,0.8848,896,0,0
5106240,MT,12492,261783.62151777136,0.0,0.8939,1496,19,0
5102694,MT,4711,56716.62067501592,0.0,0.9859,466,5,1
3130408,MG,6667,74228.58857057148,0.6939,0.1764,1346,0,1
2607307,PE,31515,10800.3807710614,0.9,0.0288,252,0,0
3168606,MG,141269,20893.968244979438,0.8492,0.1383,17844,33,3
3132503,MG,35130,18431.796185596355,0.0,0.1942,9287,12,4
5209200,GO,14206,24473.250739124313,0.76,0.0924,1537,26,4
5215702,GO,29915,59193.38124686612,0.896,0.0536,5666,22,1
5208905,GO,22122,34522.51152698671,0.468,0.3094,3071,29,6
5205513,GO,20771,21006.16243801454,0.0,0.8296,4556,23,4
5214861,GO,8063,17507.13134069205,0.0,0.8625,1471,15,2
5207352,GO,3678,110169.38553561718,0.0,0.9646,902,4,1
5218300,GO,37924,18552.13057694336,0.93,0.0,8888,167,6
4218202,SC,45703,55453.40568452837,0.0,0.3931,2720,5,2
2107357,MA,21228,8629.404560015075,0.0,0.9721,306,2,2
5205208,GO,5132,19635.22992985191,0.0,0.7918,550,3,1
2906501,BA,87820,77650.5010248235,0.3351,0.5884,553,11,6
2910503,BA,42014,16224.35378683296,0.0305,0.9285,687,8,0
2927309,BA,16047,12550.196298373528,0.0,0.8168,23,3,0
2908705,BA,17113,9996.260153099982,0.0,0.892,2253,17,1
2917409,BA,14855,8274.991585324806,0.0,0.8481,2654,26,5
2311959,CE,16714,9529.974871365323,0.3049,0.5519,224,0,0
2602506,PE,7489,11200.293764187474,0.0,0.0854,161,1,0
3108909,MG,14364,13786.688944583682,0.0,0.0684,1003,3,1
2607950,PE,11632,9611.502751031638,0.0,0.575,498,0,0
5107065,MT,18386,231667.57315348636,0.0,0.9891,2938,13,1
3127800,MG,15943,48352.81941918083,0.5902,0.0,832,0,0
2201705,PI,5512,13091.074020319304,0.0,0.9872,69,1,0
1508407,PA,45416,35340.408666549236,0.0,0.8734,1992,7,0
2613602,PE,34210,12894.38760596317,0.0,0.0781,1303,1,0
3520400,SP,36194,385605.8462728629,0.3174,0.397,11594,23,6
3112505,MG,9896,12467.562651576394,0.0447,0.8561,2772,10,1
3136702,MG,577532,35145.34086422917,0.0888,0.0117,73486,1173,85
2600203,PE,19981,10500.725689404935,0.0,0.4695,958,0,0
3100104,MG,7022,25174.309313585873,0.0,0.0616,1090,4,0
3135050,MG,39850,21310.163111668757,0.249,0.0,1199,2,0
3170008,MG,12661,9258.273438117052,0.0,0.9917,1557,0,0
3139805,MG,12985,17526.222564497497,0.0,0.0701,1473,12,2
3118205,MG,6997,70049.59268257825,0.0,0.0508,1332,7,2
3139201,MG,18556,12708.503987928432,0.6177,0.135,1878,1,2
3146305,MG,20346,10514.056817064778,0.9002,0.0878,2695,3,0
1503093,PA,41678,12156.005566485916,0.0,0.8806,892,0,0
3304557,RJ,6775561,53078.225256919686,0.6621,0.1384,213121,3525,41
1505106,PA,52473,18408.133706858767,0.0,0.9728,139,4,0
1508209,PA,54650,8724.373284537969,0.0,0.9263,364,3,0
2614006,PE,19226,8382.034744616665,0.0,0.1106,414,4,1
2605608,PE,22612,8530.957013974881,0.0,0.3296,298,2,0
2500809,PB,16857,11026.69514148425,0.0,0.7353,408,1,0
2500536,PB,5527,9968.699113443097,0.0,0.8857,96,0,1
2506400,PB,14125,10688.141592920354,0.0,0.8787,190,4,0
2207801,PI,20583,13006.315891755332,0.0,0.9791,432,3,0
2206308,PI,1239,19050.84745762712,0.0,0.9698,57,0,0
4314902,RS,1492530,54647.375932142066,0.4706,0.0,41028,820,18
5103809,MT,3411,24516.564057461153,0.0,0.9567,108,5,1
1501808,PA,104280,8572.429996164174,0.0,0.8811,458,3,0
2605707,PE,33488,13294.702580028666,0.0,0.4134,223,1,0
2615706,PE,15232,10330.751050420167,0.0,0.6665,437,1,0
2501708,PB,6095,13915.504511894997,0.0,0.9332,124,0,0
2610806,PE,22716,13488.20214826554,0.0,0.2979,1200,3,0
2607505,PE,26268,10789.287345820008,0.0,0.3658,909,2,0
2207793,PI,4084,8230.166503428012,0.0,0.8777,17,0,0
2210938,PI,6801,11305.396265255109,0.0,0.5019,130,3,0
2612455,PE,15713,8502.00470947623,0.0,0.4556,73,0,0
3145604,MG,41987,26318.88441660514,0.0,0.0,7255,75,6
1504604,PA,31917,14164.301156123696,0.0,0.5742,184,1,1
2100907,MA,47095,6005.372120182609,0.0,0.7163,148,1,0
3534401,SP,701428,122765.64380093181,0.2479,0.2464,35289,318,32
2105302,MA,259980,29592.70328486807,0.357,0.4951,2503,169,7
3152907,MG,8530,26805.2754982415,0.0,0.028,2252,7,2
3148905,MG,3977,29206.437012823735,0.0,0.02,1042,14,0
4314100,RS,206103,60905.62970941714,0.3478,0.447,3080,149,7
3132909,MG,10122,23351.610353685042,0.0,0.0073,1007,5,2
2112506,MA,59927,9115.540574365477,0.0,0.9469,157,6,0
3166006,MG,5786,14013.653646733495,0.99,0.0,701,3,0
3111705,MG,4533,17088.021178027797,0.0,0.1447,186,0,0
3156502,MG,5609,14277.946157960421,0.4913,0.3192,833,2,0
3522703,SP,43536,37459.114296214626,0.684,0.0472,9973,85,12
2202406,PI,11471,9276.43623049429,0.0,0.8714,93,1,0
3116704,MG,7631,18325.907482636612,0.0779,0.2952,699,0,0
3164431,MG,3039,21986.179664363277,0.0,0.1772,200,0,0
3145109,MG,16937,22770.7976619236,0.0,0.3307,783,1,1
3515004,SP,279264,51258.859000802106,0.363,0.2727,9188,49,0
3122405,MG,6039,21453.05514157973,0.0,0.0592,587,0,0
3158607,MG,3985,11889.084065244668,0.0,0.1759,448,3,0
3111309,MG,11648,19843.063186813186,0.0,0.0341,1443,4,3
3143450,MG,8379,10868.958109559613,0.5781,0.4167,267,0,0
3140209,MG,3000,24993.0,0.0,0.2538,357,0,0
3125804,MG,3500,13101.714285714286,0.0,0.0387,157,7,0
1302603,AM,2255903,45782.74686455933,0.286,0.4931,23690,239,22
3127057,MG,4542,10777.851166886834,0.0,0.3163,88,0,0
3533601,SP,7522,115407.0725870779,0.9992,0.0,2054,3,1
3512100,SP,6223,59974.128233970754,0.9363,0.0542,1212,7,1
3145877,MG,8138,14998.648316539691,0.0,0.1603,328,1,1
3501707,SP,41545,29617.13804308581,0.0,0.0013,8594,22,10
2400208,RN,58743,24982.90860187597,0.0,0.869,2722,18,1
3130309,MG,7901,74348.81660549298,0.0,0.036,2050,4,3
3157906,MG,16393,21598.426157506252,0.5795,0.1056,804,3,3
3302007,RJ,136547,76916.73196774737,0.0,0.2008,1494,87,3
3552205,SP,695328,64046.60534308988,0.846,0.0924,114294,9874,95
4108452,PR,4466,41213.61397223466,0.0,0.9873,240,0,0
4212502,SC,34022,30475.016166010228,0.0,0.0822,3123,5,7
3547809,SP,723889,45062.56484074216,0.4032,0.0191,18228,268,23
3511706,SP,17539,29370.146530588972,0.7478,0.1682,2406,4,2
3521408,SP,24982,85178.32839644545,0.9425,0.007,2619,9,0
3552106,SP,41690,26870.208683137444,0.8133,0.0848,5949,7,5
3532801,SP,7161,45515.01186985058,0.95,0.0445,2541,65,2
3547205,SP,1448,27564.226519337015,0.9309,0.0664,316,2,0
3541505,SP,39648,20760.946327683614,0.95,0.0393,3535,21,8
3527108,SP,78978,85642.71062827623,0.9748,0.0211,13423,52,11
3501202,SP,3616,34389.10398230088,0.9925,0.0037,1172,7,3
3502200,SP,25724,57306.48421707355,0.8845,0.0962,1260,2,0
3545704,SP,6036,35584.99005964215,0.9391,0.0531,1380,4,1
3540408,SP,4136,28351.063829787236,0.9249,0.0727,716,9,0
3549706,SP,55298,42952.132084343015,0.9448,0.0495,9494,23,9
3500303,SP,36981,35551.68870501068,0.0,0.006,6511,9,2
3532207,SP,4950,129106.26262626263,0.9962,0.0,1483,9,0
3555802,SP,9125,31344.0,0.9478,0.0443,4946,3,3
3556958,SP,1852,24394.708423326134,0.9566,0.0364,723,1,0
3518859,SP,7760,31618.943298969072,0.109,0.0109,1420,13,1
3513603,SP,21373,15269.826416506809,0.0,0.0898,711,6,0
3526506,SP,12581,14696.447023289087,0.9477,0.0177,927,7,0
3500105,SP,35153,38997.12684550394,0.9918,0.0064,9306,159,14
3550803,SP,12137,35304.60575100931,0.197,0.0117,977,2,1
3548104,SP,5926,37602.59871751603,0.922,0.0409,568,5,1
3542008,SP,6736,41016.03325415677,0.9687,0.022,1156,6,2
1702208,TO,36573,14472.151587236485,0.0,0.9708,382,2,1
1703107,TO,5669,21523.372728876344,0.0,0.708,356,2,0
3500758,SP,6231,20765.527202696197,0.8025,0.1352,291,1,0
5204904,GO,20124,15667.61081295965,0.86,0.0919,3327,63,2
3517703,SP,21394,28896.18584649902,1.0,0.0,915,5,0
1705607,TO,4070,16665.601965601967,0.0,0.8798,197,0,0
1707652,TO,5222,49167.36882420529,0.0,0.4211,84,0,0
1710904,TO,3814,44971.68327215522,0.0,0.9927,146,1,0
1717909,TO,8192,14791.259765625,0.0,0.9384,364,1,1
1718402,TO,3668,17765.812431842965,0.0,0.7924,113,0,0
2102804,MA,24151,21777.1520847998,0.0,0.0,310,0,0
3501152,SP,18903,210670.95170078822,0.0,0.0668,1355,9,1
3553807,SP,23292,42424.52344152499,0.9753,0.0181,596,3,0
3505203,SP,35844,45290.87155451401,0.98,0.0191,4274,46,8
3516606,SP,6419,26907.462221529833,0.9527,0.045,913,13,0
3533700,SP,4294,32921.75128085701,0.9823,0.0132,939,109,0
1712801,TO,3470,16112.680115273775,0.0,0.766,89,0,0
1703602,TO,2221,34054.02971634399,0.0,0.9304,35,0,0
5210000,GO,53655,26208.480104370516,0.75,0.1821,10763,664,19
2110401,MA,18769,7644.413660823699,0.0,0.7069,53,2,0
5200555,GO,6796,188378.89935256034,0.0,0.9788,893,13,1
2101905,MA,21317,6480.273959750434,0.0,0.936,475,2,0
5204656,GO,3628,30457.55237045204,0.0,0.9052,322,3,0
5213855,GO,2217,24728.010825439782,0.0,0.983,646,5,3
5203104,GO,5418,22746.031746031746,0.0,0.7486,250,6,0
3302502,RJ,247741,19237.20336964814,0.0,0.451,3995,67,4
2106375,MA,16754,7218.216545302615,0.0,0.4978,51,0,0
2105005,MA,29143,6327.797412757781,0.0,0.8363,74,0,0
2933174,BA,8734,15487.405541561713,0.0,0.4352,287,5,0
2917607,BA,54913,12349.807877915977,0.3129,0.6147,2620,18,1
2309706,CE,85647,14421.497542237323,0.5283,0.1931,1166,7,3
2924207,BA,16698,7145.346748113547,0.0804,0.8981,127,0,0
2304285,CE,55035,65008.576360497864,0.1424,0.0187,804,23,3
2301109,CE,75392,22637.561014431238,0.4502,0.5433,2454,37,3
2902807,BA,20198,18698.534508367164,0.0,0.1267,935,26,0
2904704,BA,18269,11436.477092342218,0.0,0.2584,1905,4,1
2916401,BA,77408,18952.330508474577,0.1548,0.0601,3300,25,5
2305902,CE,38064,8620.087221521648,0.0,0.6373,561,4,1
2309607,CE,74145,18349.45040124081,0.0468,0.8796,831,12,2
2312908,CE,212437,25396.37633745534,0.7,0.2384,5079,69,5
2912103,BA,21083,9808.898164397857,0.0,0.3014,3647,0,0
2311355,CE,16116,12336.80814097791,0.95,0.0,228,0,0
2927903,BA,10583,7198.7149201549655,0.6155,0.2771,72,0,0
2902054,BA,12237,24447.577020511562,0.0,0.9389,66,0,0
2933257,BA,6105,15186.732186732186,0.0,0.0464,275,0,0
2313104,CE,32079,14046.3543127903,0.1407,0.0703,2887,9,1
2305506,CE,103633,18380.390416180173,0.13,0.0,3722,20,2
2908903,BA,22391,10109.686927783485,0.0,0.9059,1549,8,0
2309003,CE,14561,9016.688414257262,0.2741,0.7138,418,2,0
2902609,BA,20431,9527.531692036611,0.0,0.3296,426,2,0
4127403,PR,17562,50881.39164104316,0.0,0.4797,3707,241,5
2305605,CE,26196,11712.055275614597,0.364,0.3481,195,4,0
2303808,CE,25612,9656.606278307043,0.1513,0.0177,195,0,0
2304103,CE,75241,12661.30168392233,0.7316,0.2084,1313,12,1
4308607,RS,35794,83756.02056210538,0.4399,0.0903,45,7,0
2912707,BA,23433,12198.438100115221,0.0,0.2643,109,1,0
2929354,BA,5562,12061.30888169723,0.0,0.1904,660,0,0
1718501,TO,4389,20843.01663249032,0.0,0.7603,62,1,1
1712702,TO,2773,91006.1305445366,0.0,0.8546,25,0,0
4100400,PR,121420,15947.735134244771,0.3151,0.2569,490,4,0
4104006,PR,44072,49376.429479034305,0.8067,0.1276,312,2,0
4121208,PR,19388,26262.27563441304,0.1581,0.6923,16,0,0
4313508,RS,46815,38855.58047634305,0.0,0.271,141,0,0
4314050,RS,59419,23398.441575926892,0.0,0.0894,3464,0,3
3304144,RJ,152311,28636.92051132223,0.0,0.1657,1322,25,2
3300506,RJ,27779,31941.53857230282,0.0,0.2863,3406,5,1
4216701,SC,13811,41136.195785967706,0.0,0.5397,1703,2,0
2407203,RN,32260,34442.746435213885,0.9345,0.0367,1615,9,3
2410306,RN,10646,10267.51831673868,0.2183,0.6755,423,7,1
2411106,RN,3584,35371.93080357143,0.0,0.9891,330,0,0
4100202,PR,5797,63631.361048818355,0.0,0.6024,153,0,0
4319356,RS,3881,29174.697242978615,0.0,0.0721,18,0,0
4301206,RS,13452,31911.314302705916,0.0,0.2199,130,1,0
4308078,RS,4680,30090.17094017094,0.0,0.5226,49,1,0
4212908,SC,21103,71746.95540918353,0.0,0.0541,3083,26,3
4113106,PR,3996,41457.207207207204,0.0,0.9723,763,5,3
4114203,PR,34628,53014.38142543606,0.646,0.3416,7452,20,11
4103024,PR,2437,58521.95322117357,0.0,0.9843,543,1,1
2411056,RN,4173,27563.86292834891,0.0,0.5905,558,2,1
4126603,PR,21476,32901.61110076364,0.6249,0.3137,3265,10,3
2401206,RN,14526,26616.68731928955,0.0,0.7072,822,54,1
2412302,RN,12901,9696.38012557166,0.0,0.4998,999,4,1
4102703,PR,2781,53994.606256742176,0.0,0.7455,608,1,0
2408300,RN,37554,14925.201043830219,1.0,0.0,1836,5,1
2407252,RN,4102,11702.584105314481,0.0,0.799,161,0,0
4205605,SC,2711,36869.05201032829,0.0588,0.9148,148,3,0
2401651,RN,2171,132001.38185168125,0.0,0.4939,182,1,0
2405702,RN,12397,16777.688150358958,0.0,0.1261,2157,3,2
2802700,SE,8522,11947.312837362122,0.0,0.8366,64,1,0
1100155,RO,35445,27814.021723797432,0.0,0.9044,425,6,4
1100288,RO,55748,28076.235918777355,0.0158,0.8159,2570,19,2
4103206,PR,7103,22143.1789384767,0.0,0.7649,1625,3,1
4109757,PR,6387,28551.27602943479,0.0,0.9792,943,4,0
4117214,PR,4304,25733.039033457248,0.0,0.5858,523,16,0
4126405,PR,5149,80884.24936880948,0.0,0.7902,1409,42,2
4121307,PR,3760,49378.72340425532,0.0,0.8159,1029,7,1
4128609,PR,7094,70446.4336058641,0.0,0.5824,1923,0,3
4106704,PR,4430,46357.33634311512,0.0,0.983,736,0,0
4124806,PR,10122,87991.10847658565,0.6672,0.2297,2978,23,2
4121109,PR,4444,57939.46894689469,0.0,0.9633,2398,60,2
1100601,RO,6307,43655.937846836845,0.0,0.5355,495,13,0
2803807,SE,3715,14201.884253028264,0.0,0.8669,57,2,0
4102505,PR,11287,26524.940196686453,0.2842,0.5135,4218,49,7
1101104,RO,10819,19413.162029762454,0.0,0.9784,505,2,0
1101401,RO,16158,24129.90469117465,0.0,0.9766,689,1,0
4306767,RS,42490,49900.1647446458,0.0,0.0476,269,2,1
4207700,SC,7647,60897.99921537858,0.0,0.1401,146,0,0
2414100,RN,10923,10398.974640666484,0.0,0.5911,447,4,2
2403905,RN,2801,11695.465905033916,0.0,0.9787,258,0,0
2413359,RN,12225,70243.27198364008,0.0,0.97,562,6,0
4202131,SC,6386,30823.363607892265,0.0,0.255,6,1,0
4211405,SC,5163,47845.43869843114,0.0,0.0691,759,4,2
4204152,SC,2709,24325.212255444814,0.0,0.7477,5,2,0
4312443,RS,2891,28178.83085437565,0.0246,0.7877,9,1,0
2801900,SE,4008,17337.574850299403,0.0,0.7988,70,0,0
4203907,SC,23218,46110.8191920062,0.0037,0.3098,438,2,2
2101301,MA,18726,6563.387803054577,0.0,0.8152,79,3,0
2107308,MA,4682,10887.868432293892,0.0,0.7869,57,2,0
2109452,MA,31586,9060.944722345343,0.0,0.8795,108,8,2
2101939,MA,6102,17228.12192723697,0.0,0.6377,16,0,0
3158706,MG,2494,15700.48115477145,0.0,0.063,12,0,0
4111704,PR,5332,30019.504876219056,0.0,0.9386,590,7,0
4109658,PR,5030,59356.46123260437,0.0,0.9125,113,0,0
4106803,PR,18772,26907.148945237586,0.0749,0.5467,33,0,0
4103107,PR,13308,21066.50135256988,1.0,0.0,36,0,0
4202537,SC,3104,51609.536082474224,0.0,0.0435,560,0,0
4213302,SC,4619,38051.52630439489,0.0,0.5738,6,0,0
4200101,SC,18015,43621.42658895365,0.95,0.0,922,12,2
4211876,SC,1444,40380.19390581718,0.0,0.6518,21,4,0
4207759,SC,3901,34297.359651371444,0.0,0.6901,189,0,0
4215307,SC,7674,41456.73703414125,0.0,0.2466,19,0,0
4214409,SC,6199,46469.5918696564,0.0,0.4613,1,0,0
4207809,SC,10575,26727.470449172575,0.0,0.5049,24,3,1
4205555,SC,1918,53228.8842544317,0.0,0.2975,2,0,0
4209508,SC,7154,62169.55549343025,0.0,0.1632,11,0,0
4313060,RS,22147,36379.37418160473,0.0,0.0204,812,20,1
1301654,AM,17193,10313.499680102368,0.0,0.8621,3299,27,0
1200385,AC,20147,29854.122201816648,0.0664,0.7942,1023,4,1
2703205,AL,24670,23178.638021888935,0.0,0.9206,583,5,0
1301704,AM,57195,15039.216714747792,0.0,0.7935,1189,6,3
1301902,AM,104046,22590.613766987677,0.0,0.7255,1203,4,1
2705309,AL,5315,14016.933207902164,0.0,0.9885,67,1,0
1600238,AP,8151,70958.28732670838,0.0,0.9037,444,4,0
1304401,AM,24098,9654.784629429829,0.0,0.6136,71,0,0
1301308,AM,29691,17917.71917416052,0.0,0.6471,461,21,0
1303007,AM,21710,9535.006909258405,0.0,0.5867,3,0,0
2700102,AL,20263,10001.233775847604,0.0,0.0974,161,1,0
1300904,AM,15981,9656.216757399412,0.0,0.7941,176,0,0
3204559,ES,41588,39228.238915071655,0.54,0.413,198,29,0
3204252,ES,8016,13416.666666666666,0.486,0.4403,909,2,1
3202900,ES,10433,25498.897728361928,0.153,0.0,203,1,0
1302009,AM,9312,16377.68470790378,0.0,0.9054,4,0,0
3203346,ES,17141,30156.11691266554,0.0,0.6313,138,2,0
2612554,PE,14645,7636.053260498464,0.0,0.832,220,1,0
2204105,PI,4300,10875.116279069767,0.0,0.5144,44,0,0
4318622,RS,3559,43728.856420342796,0.5349,0.3375,2,0,0
4304358,RS,9707,282683.218296075,0.9226,0.015,8,0,0
2101731,MA,7586,8006.063801740048,0.0,0.9286,16,2,0
2103125,MA,8806,6627.640245287304,0.0,0.9474,7,0,0
4310363,RS,3103,167318.40154689012,0.0,0.5223,23,1,0
4315701,RS,38257,36346.760070052536,0.0,0.1202,97,0,0
4314423,RS,5780,66860.03460207612,0.0,0.097,69,1,0
4322806,RS,26813,64845.48539887368,0.0,0.0298,31,2,0
4311270,RS,1604,97966.95760598504,0.0,0.6506,23,0,0
4302055,RS,1924,25630.45738045738,0.0,0.0264,6,0,0
4306130,RS,1765,82018.6968838527,0.0,0.4294,14,0,0
4308433,RS,2389,24670.99204688154,0.0,0.015,10,0,0
4304697,RS,2770,34432.49097472924,0.0436,0.8256,21,0,0
4300646,RS,7396,24035.965386695512,0.0,0.7087,388,1,2
4322541,RS,6046,32797.386701951706,0.0,0.7208,10,0,0
4305116,RS,2865,42156.36998254799,0.0,0.2624,6,0,0
4301305,RS,18185,62222.05114105032,0.0,0.2333,4,0,0
2510709,PB,2453,11765.185487158582,0.0,0.3913,76,0,0
2502607,PB,6092,9976.034143138542,0.0,0.5215,68,0,0
4314555,RS,2205,42934.24036281179,0.0,0.3153,23,0,0
4313102,RS,6519,58703.32873140052,0.0,0.0824,319,0,0
2201556,PI,4044,11591.493570722057,0.0,0.3242,43,0,0
2515005,PB,7450,11090.738255033557,0.0,0.2741,85,0,0
2202251,PI,3938,10652.107668867446,0.0,0.7923,6,0,0
4321105,RS,17363,34781.489373956116,0.052,0.0992,6,0,0
4318457,RS,2491,37474.90967482939,0.0,0.9831,65,2,0
4305371,RS,3228,46267.34820322181,0.0,0.2551,1,0,0
2611903,PE,23719,16015.47282769088,0.402,0.551,1016,1,0
2600104,PE,37546,14430.724977361104,0.0,0.1245,3281,4,0
3115300,MG,75942,21748.294751257537,0.0,0.1081,8245,13,3
3124302,MG,31603,11517.324304654621,0.0,0.9672,3207,13,2
3139300,MG,18051,13482.410946761953,0.0,0.9578,3103,1,1
3106705,MG,450024,73624.78223383642,0.753,0.2306,161752,851,37
3141801,MG,31509,11112.444063600877,0.0,0.4445,4217,9,4
3136108,MG,4382,25154.49566408033,0.0,0.5941,570,2,0
3101904,MG,20059,26133.8052744404,0.0,0.0085,1792,9,4
3140704,MG,31631,34132.68628876735,0.0,0.3305,6558,10,6
3140506,MG,13497,35176.11321034304,0.0,0.517,4489,6,5
3148103,MG,92116,39932.30274870815,1.0,0.0,13974,84,11
3127602,MG,11811,16842.18101769537,0.0888,0.0742,1943,4,0
2512036,PB,3877,10376.579829765282,0.2878,0.4821,360,2,0
2206209,PI,33901,9227.426919559895,0.0,0.7564,103,2,0
2506202,PB,2989,10125.125460020074,0.9851,0.01,396,0,0
2513158,PB,6526,10059.607722954337,0.0,0.8121,406,0,0
2203453,PI,9574,17165.865886776686,0.0,0.9192,254,1,0
2202133,PI,5987,10378.319692667446,0.0,0.9885,207,0,0
5107800,MT,17188,47655.16639515942,0.0479,0.8601,450,2,0
5108105,MT,3761,83165.11566072852,0.0,0.8733,308,1,0
1505031,PA,25769,37701.85106135279,0.0,0.9829,1539,4,0
5107768,MT,3602,343161.2992781788,0.0,0.9539,704,4,1
2606002,PE,141347,21769.913758339408,0.2,0.705,8403,27,2
3151503,MG,35137,36452.599823547826,0.788,0.1905,9185,7,10
5104906,MT,8420,22421.02137767221,0.0,0.7851,192,4,0
5107875,MT,27485,253910.53301800982,0.0,0.6283,1827,22,2
5101308,MT,9399,24711.458665815513,0.0,0.7179,537,3,1
5006606,MS,95320,52713.008812421314,0.2762,0.5962,13313,117,14
3122900,MG,6664,16492.34693877551,0.0,0.3635,724,2,1
5209291,GO,1905,27385.30183727034,0.0,0.9868,422,5,0
5203962,GO,3272,27169.92665036675,0.0,0.817,327,0,0
2100956,MA,32825,8845.757806549886,0.0,0.7528,187,0,0
5212303,GO,7663,44788.072556440035,0.0,0.6327,741,18,3
2908200,BA,22933,16397.985435834824,0.0611,0.9131,824,4,0
2907509,BA,55222,12592.6442359929,0.0,0.2,570,9,0
2917508,BA,80749,23131.75395360933,0.6242,0.2862,6131,16,2
3202405,ES,128504,19746.24914399552,0.5005,0.3237,2353,84,6
2902104,BA,54903,8950.3123690873,0.2937,0.3078,1532,41,3
2929255,BA,18785,8139.739153579984,0.0,0.8787,800,38,0
2900405,BA,17096,9269.302760879738,0.0,0.9263,469,8,1
2906824,BA,16832,9098.799904942965,0.0,0.7286,705,0,0
2913457,BA,12963,16288.282033479903,0.0,0.5588,129,0,0
3143708,MG,3126,14113.243761996162,0.0,0.4506,578,3,0
3153806,MG,1948,20557.494866529774,1.0,0.0,316,0,0
3142254,MG,4939,9477.222109738814,0.0,0.9388,565,2,0
3146701,MG,6606,15693.763245534363,0.0,0.04,694,5,0
3171006,MG,20692,56478.25246472067,0.9004,0.0966,4127,26,5
3133402,MG,15511,33155.11572432467,0.0,0.0028,3833,2,0
5106257,MT,21695,47627.47176768841,0.62,0.2182,1385,38,0
2604601,PE,26755,9378.24705662493,0.0,0.9465,2079,1,0
3170701,MG,137608,58817.87396081623,0.9767,0.0193,40183,187,40
3550308,SP,12396372,66872.84053753792,0.6559,0.1085,798285,5553,600
3530706,SP,154146,44538.20404032541,1.0,0.0,25520,109,15
3141108,MG,38469,39152.408432764045,0.4295,0.3211,10663,105,6
3161007,MG,17296,18125.057816836263,0.0,0.1283,3236,9,0
3302205,RJ,104354,32533.223450945818,0.0,0.0637,12284,63,1
3138005,MG,6856,13971.411901983663,0.0,0.0072,485,0,0
5221403,GO,132006,20200.75602624123,0.3917,0.4945,17217,189,17
3168002,MG,34653,16085.735722736848,0.2975,0.5875,3234,9,1
3164100,MG,5160,15850.193798449613,0.0,0.2646,382,1,0
3161403,MG,4758,15251.5762925599,0.0,0.0613,800,1,0
3153509,MG,8286,15158.580738595221,0.0,0.2172,813,0,0
3119203,MG,9897,12690.007072850358,0.0,0.161,576,4,0
3165008,MG,10979,22414.97404135167,0.6195,0.2243,767,0,2
3151404,MG,28433,26073.154433228996,0.0,0.0469,3348,45,2
3120201,MG,13060,22628.637059724348,0.0,0.0089,3458,1,2
3501004,SP,16221,51377.596942235374,0.9901,0.0094,819,18,0
3128105,MG,14269,27386.922699558483,0.0,0.0202,2466,1,1
3102902,MG,11471,21088.309650422805,0.0,0.1317,876,6,1
3123403,MG,1539,54667.966211825864,0.9947,0.0,166,1,0
3156304,MG,8333,66014.16056642265,0.1968,0.0218,1895,4,0
3155801,MG,18007,23182.040317654246,0.0,0.0366,3468,8,0
3111408,MG,8383,84803.41166646786,0.0,0.0497,797,2,0
3109204,MG,10342,17474.859795010638,0.582,0.0,1024,5,0
3300407,RJ,185237,34816.52693576337,0.0,0.0829,7050,15,5
3148707,MG,24333,16498.089014918012,0.8716,0.1093,1624,4,0
3160959,MG,5672,16117.242595204514,0.9651,0.0337,252,0,0
1507151,PA,25945,13837.772210445173,0.0,0.9143,487,2,0
1504901,PA,41454,8172.046123413905,0.0,0.9683,71,3,0
2500106,PB,10375,8870.939759036144,0.0,0.5417,468,0,0
2206506,PI,7785,9361.849710982659,0.0,0.6697,212,6,0
2200202,PI,17525,13921.312410841654,0.0,0.9772,391,4,0
2207553,PI,3931,11253.370643602137,0.0,0.9749,128,2,0
2208908,PI,7408,93932.91036717063,0.0,0.6644,345,0,0
2611705,PE,20744,12560.885075202468,0.0,0.1508,260,0,0
5105101,MT,35275,38713.76328844791,0.5,0.3761,2319,48,3
5101258,MT,17078,38361.459187258464,0.0,0.8527,1162,10,0
2704302,AL,1031597,26642.202332887748,0.2959,0.5265,49605,1574,24
5101209,MT,909,30845.984598459847,0.0,0.9449,139,1,0
2200251,PI,7678,8523.31336285491,0.0,0.9509,250,1,0
2111409,MA,18600,9144.354838709678,0.0,0.9135,77,3,1
2202026,PI,8282,8414.634146341463,0.0,0.4866,212,0,0
2601201,PE,75295,16141.616309183877,0.03,0.9402,1896,11,1
5005103,MS,4015,119162.88916562889,0.4199,0.5748,632,1,0
5004106,MS,9754,37345.601804387945,0.0,0.8939,1151,13,2
2506608,PB,5877,9830.185468776586,0.0,0.9175,36,0,0
2506251,PB,8292,9190.906898215148,0.0,0.8678,84,0,0
5002803,MS,6247,28753.161517528413,0.1086,0.8719,660,0,0
1506609,PA,25127,14790.544036295618,0.0,0.9757,112,1,0
2606903,PE,12265,9161.76110884631,0.0,0.3645,333,0,0
2612901,PE,16239,7205.924010099144,0.0,0.6365,110,0,0
3138708,MG,5431,27447.983796722518,0.0,0.0473,395,0,0
3149903,MG,21577,29060.62010474116,0.0,0.0332,4014,15,3
2204154,PI,3216,10211.753731343284,0.0,0.9767,30,1,0
4105805,PR,249277,22842.86155561885,0.4598,0.3281,4136,25,2
2927408,BA,2900319,21706.056126929485,1.0,0.0,63101,1081,36
3163409,MG,5356,12581.777445855116,0.9718,0.0252,1099,1,0
3106903,MG,14612,18998.699698877634,0.0,0.0149,2071,18,6
1505502,PA,115838,36952.53716397037,0.1,0.8008,277,1,0
3165305,MG,7876,26169.37531742001,0.0,0.0291,1451,0,0
3556453,SP,54315,53359.164135137624,0.0,0.1609,2456,12,2
3116803,MG,8810,13756.640181611805,0.0,0.1224,1154,2,1
3108008,MG,17612,25271.292300704066,0.98,0.0,3346,19,5
2403103,RN,45022,17863.066945049086,0.8772,0.0863,6275,19,6
3148806,MG,2960,19502.364864864863,0.0,0.0082,745,1,1
3149507,MG,3340,18724.550898203594,0.0,0.1914,402,2,0
3115003,MG,3108,25741.31274131274,0.0,0.4143,581,0,0
3303856,RJ,27942,24510.163910958414,0.0,0.303,1885,1,0
3124609,MG,2308,18586.655112651646,0.0,0.1235,176,2,1
3153004,MG,3658,42299.343903772555,0.0,0.0097,281,3,1
3151008,MG,8683,15671.88759645284,0.0,0.1242,211,1,0
3149101,MG,11098,16460.443323121282,0.9265,0.0656,497,1,0
3163201,MG,4222,13723.353860729512,0.0,0.0134,508,3,1
4305207,RS,14243,55941.515130239415,0.0,0.4962,3699,15,2
3551504,SP,46166,29221.721613308495,0.0,0.0016,8333,41,2
4120853,PR,4043,62721.49394014346,0.0,0.6816,1616,6,2
3539608,SP,5370,36082.30912476723,0.9141,0.0775,1391,9,0
2408607,RN,4298,10221.498371335505,0.0,0.9793,180,0,0
3102704,MG,9470,13262.72439281943,0.0,0.5163,851,13,0
3123528,MG,7898,15560.01519371993,0.0,0.3414,1034,10,0
3524105,SP,42259,45131.04900731205,1.0,0.0,5212,11,4
3536802,SP,6127,19271.42157662804,0.0,0.1681,138,0,0
4303103,RS,132144,48874.53081486863,0.44,0.4591,4939,68,6
4309308,RS,98331,84254.24332102796,0.0601,0.127,205,1,0
5217203,GO,10161,59972.93573467178,0.0,0.9781,658,6,2
3537107,SP,48992,30658.229915088177,0.98,0.0,7954,15,3
3535507,SP,46180,39015.76440017323,0.9729,0.0215,13071,22,2
3540259,SP,4719,20773.46895528714,0.9475,0.0457,925,1,0
3546900,SP,8889,14751.715603554956,0.6006,0.0004,1238,3,0
3535002,SP,13285,31646.217538577344,0.83,0.1569,3462,35,5
3548906,SP,256915,55044.874764027016,0.91,0.0,38765,375,16
3521200,SP,4180,15181.578947368422,0.735,0.0588,252,3,1
3515301,SP,2774,22511.175198269648,0.9505,0.0495,887,2,0
3519402,SP,12639,25170.187514835034,0.8991,0.0962,3731,49,5
3532603,SP,11575,31773.3909287257,0.958,0.0402,2228,12,3
3532702,SP,5381,17820.479464783497,0.9032,0.082,703,7,0
3547650,SP,1558,27025.673940949935,0.9196,0.0804,790,0,1
3514403,SP,47287,30557.616258168207,1.0,0.0,10410,39,8
3507456,SP,2713,27255.068190195354,0.0,0.007,386,4,0
3539103,SP,19453,42495.86182079885,0.2207,0.4656,713,1,0
3547908,SP,7024,30114.179954441912,0.9158,0.0251,419,1,0
3517406,SP,41283,65519.584332533974,1.0,0.0,9409,12,3
3506300,SP,11168,33842.22779369628,0.9555,0.0434,1195,4,0
3545001,SP,17363,14499.33767206128,0.6923,0.1368,406,1,0
3517307,SP,5806,76293.83396486394,0.9928,0.0019,1275,20,2
3512001,SP,18601,82881.18918337724,1.0,0.0,2485,59,2
1705557,TO,4870,15713.34702258727,0.0,0.8633,339,3,0
1705102,TO,3330,44736.636636636635,0.0,0.0507,144,0,0
1720978,TO,2831,51821.971034969974,0.1069,0.7668,299,6,0
1716703,TO,8078,22628.868531814805,0.0,0.6295,140,1,0
3508207,SP,4547,53769.078513305474,0.9616,0.0384,558,2,0
3538303,SP,3706,18103.88559093362,0.9187,0.0801,474,0,0
3550704,SP,91637,174696.3017121905,0.4391,0.2495,16414,11,15
3508801,SP,17917,38094.77032985433,0.0,0.0078,1834,18,1
1700400,TO,6905,39643.881245474295,0.0,0.5875,107,0,0
1703206,TO,4439,23132.236990313133,0.0,0.7462,73,0,0
1703891,TO,4165,12139.495798319327,0.6,0.1789,41,0,0
1712454,TO,3200,22243.75,0.0,0.9952,60,2,0
1720002,TO,2530,16573.517786561264,0.0,0.9881,66,0,0
3532827,SP,9962,22192.23047580807,0.7969,0.1976,138,1,0
3521804,SP,27632,33471.95280833816,0.9157,0.0743,1772,3,0
3532504,SP,8917,30979.925984075362,0.0,0.0009,2660,55,1
3534500,SP,2603,43366.11601997695,0.9476,0.0467,666,4,0
3534609,SP,33118,32836.82589528353,0.972,0.0226,8558,126,10
5220603,GO,20938,62830.64285031999,0.938,0.0,3034,34,3
5202809,GO,2401,28342.357351103707,0.0,0.6953,422,22,0
5220702,GO,3040,24972.697368421053,0.0,0.9849,230,0,0
2108454,MA,23530,9794.81512962176,0.0,0.7372,51,1,0
2105153,MA,14470,25617.968210089843,0.0,0.9839,81,1,0
5203302,GO,31004,47766.93329892917,0.58,0.3308,5291,94,4
5218052,GO,3979,55908.77104800201,0.0,0.9358,1141,5,0
5214705,GO,2362,20692.633361558,0.0,0.9806,182,1,0
5203939,GO,2464,23099.025974025975,0.0,0.9712,499,2,0
5218102,GO,4032,91091.51785714286,0.0,0.9749,866,2,2
5213772,GO,4538,23981.048920229176,0.0,0.8241,128,0,0
1508126,PA,62286,32043.86218411842,0.0,0.8785,51,0,0
2100600,MA,42017,9250.850846086109,0.0,0.9006,322,10,1
5200852,GO,6220,14694.533762057878,0.0,0.9739,1365,17,2
4322509,RS,66916,48503.5716420587,0.0,0.0736,39,0,0
1501907,PA,29717,18061.379008648248,0.0,0.7463,55,0,0
5213400,GO,1471,36193.06594153637,0.0,0.872,94,6,0
2926608,BA,54097,13246.039521600089,0.0,0.6317,881,1,0
2300200,CE,63556,16052.001384605703,0.2464,0.6397,427,0,0
2919306,BA,11586,14642.240635249438,0.5711,0.3032,913,1,0
2922508,BA,28661,11540.17654652664,0.0,0.3851,194,0,0
2305001,CE,40921,16353.681483834705,0.2956,0.6657,387,0,0
2308500,CE,43917,10174.80702233759,0.0,0.3863,800,0,0
2307650,CE,230986,53410.23698405964,0.418,0.1144,5905,73,20
2306256,CE,38661,32560.6166420941,0.0236,0.0391,593,15,1
2904852,BA,19010,7427.617043661231,0.1245,0.8671,703,5,0
2910404,BA,15914,16098.089732311173,0.5135,0.4526,1063,12,3
2909208,BA,15549,11271.207151585311,0.0,0.3608,757,2,0
2912004,BA,8849,11182.732512148265,0.0,0.9562,779,7,1
2912905,BA,14476,14325.987841945289,0.0,0.1458,1089,4,0
2914505,BA,29305,9764.101689131547,0.0,0.9371,756,3,0
2310209,CE,35526,15648.567246523673,0.3742,0.44,815,8,1
2928505,BA,10520,9640.494296577946,0.0,0.8573,187,0,0
2304657,CE,14415,8998.335067637878,0.2097,0.7776,295,2,0
2311009,CE,12358,8852.72697847548,0.3131,0.6578,368,10,0
2302503,CE,50195,16277.198924195636,0.0,0.1371,8626,83,1
2913408,BA,15661,12664.261541408594,0.0,0.6649,449,11,2
2920007,BA,10294,19907.810374975714,0.0,0.058,401,2,0
3157278,MG,3212,17510.585305105855,0.0,0.1236,218,0,0
2928307,BA,8987,7662.2899744074775,0.0,0.9691,288,1,0
4107538,PR,4651,67333.69167920877,0.0,0.8043,1213,4,0
2927507,BA,20971,8610.748176052644,0.0,0.8857,1041,5,0
2905602,BA,32023,11067.732567217312,0.8141,0.1727,1306,1,0
2927002,BA,41209,25033.002499454004,0.0,0.8946,727,9,0
2920601,BA,44902,8971.96115985925,0.5858,0.3855,451,1,0
2916005,BA,19231,15276.688679735844,0.0,0.1059,770,1,0
4101705,PR,14029,39018.10535319695,0.2871,0.7085,2957,61,6
2911253,BA,4417,11301.562146253113,0.0,0.803,125,0,0
2311306,CE,88899,12484.60612605316,0.316,0.3871,2030,45,6
2902252,BA,10904,9308.60234776229,0.0,0.7822,87,0,0
2305308,CE,25165,13850.188754222134,0.0,0.5998,33,0,0
2306553,CE,42595,18001.784246977346,0.418,0.4746,299,5,0
2906402,BA,8109,8360.21704279196,0.0,0.9836,217,1,0
4101804,PR,148522,170125.51675846003,0.3633,0.3832,688,12,0
3503109,SP,6373,30569.276635807313,0.9315,0.0295,695,1,0
3536109,SP,6579,55976.74418604651,0.8816,0.0384,117,4,0
3555901,SP,1142,40623.467600700526,0.9426,0.0417,131,0,0
4307609,RS,51292,36564.92240505342,0.0357,0.0538,3173,2,4
3302601,RJ,45941,69913.58481530659,0.0,0.2011,843,29,2
3304151,RJ,25535,234850.71470530645,1.0,0.0,841,13,2
3300902,RJ,15521,25807.808775207784,0.0,0.2658,827,3,0
2409506,RN,3163,92723.68005058488,0.0,0.9673,406,4,0
4313441,RS,2189,34137.96253997259,0.0,0.7523,247,2,0
4313490,RS,4185,32305.615292712067,0.0,0.9609,417,1,1
2606606,PE,29585,11158.323474733817,0.0,0.998,256,4,0
4317806,RS,13813,61423.00731195251,0.0,0.908,1718,2,3
2200707,PI,9994,9900.440264158495,0.0,0.7564,89,3,0
4305306,RS,9211,80536.96667028553,0.0,0.773,563,5,1
4300554,RS,1590,66755.34591194968,0.0,0.7335,13,0,0
4320503,RS,5220,102394.8275862069,0.0,0.6729,14,0,0
4320909,RS,24973,65852.84106835382,0.0,0.3042,132,0,0
4209409,SC,46424,23556.737894192658,0.0577,0.1776,45,1,0
4119806,PR,13385,31778.109824430332,0.0,0.7427,3494,13,2
4120358,PR,5035,65434.359483614695,0.2749,0.0762,1803,7,7
4106605,PR,20962,40998.56883885126,0.4824,0.4053,5650,16,2
4110904,PR,4426,27517.62313601446,0.0,0.9689,512,4,2
4103602,PR,25569,32034.221127146153,0.9595,0.0236,3437,54,3
4112306,PR,4929,33157.232704402515,0.0,0.6268,308,8,0
2412500,RN,23789,13440.833998907057,0.0,0.9646,876,4,1
4304630,RS,55009,35739.82439237216,0.082,0.3723,424,14,2
1400282,RR,12637,16497.349054364167,0.0,0.1275,231,0,0
4214003,SC,17973,54804.92961664719,0.0,0.0598,58,2,0
4113403,PR,3896,58364.219712525664,0.0,0.6106,1272,4,0
4123105,PR,3208,31442.331670822943,0.0,0.9276,747,8,0
4123907,PR,11523,42791.98125488154,0.5266,0.3413,1939,4,3
4111001,PR,6516,34321.05586249233,0.0,0.7598,832,6,1
4102802,PR,15400,34014.02597402597,0.4295,0.5633,6415,52,5
4110953,PR,11588,45291.85364169831,0.413,0.5454,2720,341,2
4111506,PR,31886,29727.090259047858,0.1202,0.7609,4769,128,6
2801603,SE,5929,10843.818519143195,0.0,0.6508,111,1,1
4118105,PR,11685,27859.991442019684,0.4917,0.4924,2044,13,2
4125555,PR,2165,28799.538106235566,0.0,0.9681,475,0,0
4127957,PR,8105,53232.81924737816,0.0,0.8163,2774,38,3
4100905,PR,6405,18911.475409836065,0.0,0.761,791,17,1
4114906,PR,8793,53048.106448311155,0.1365,0.8497,2009,4,2
1101450,RO,6319,24597.879411299255,0.0,0.9865,461,7,1
1100403,RO,22258,22929.32878066313,0.0,0.8663,277,3,0
1100080,RO,19255,16446.169826019217,0.0,0.8958,464,0,0
1101435,RO,6822,23060.83260041044,0.0,0.9968,85,3,0
2800100,SE,2386,15912.405699916178,0.0,0.7647,20,3,0
1101203,RO,9461,31484.832470140576,0.0,0.8562,289,3,0
4207650,SC,9093,41930.276036511605,0.0,0.4915,1340,1,1
2404309,RN,13115,29451.925276401067,0.0,0.6571,93,1,0
2400307,RN,11024,12542.18069666183,0.1069,0.7701,383,2,1
4213401,SC,11674,24929.844097995545,0.0,0.4654,36,1,0
2802205,SE,5617,20458.963859711588,0.0,0.668,96,3,2
4117305,PR,21783,125166.18463939769,0.3968,0.5452,3299,32,2
4311775,RS,6747,28232.251370979695,0.0,0.093,19,1,0
4305355,RS,41705,41649.05886584342,0.0,0.0606,62,0,0
4210001,SC,13347,59391.39881621338,0.0,0.6275,285,0,0
3118106,MG,5047,9768.179116306717,0.0,0.5566,425,0,0
3103306,MG,2056,15253.891050583657,0.0,0.2054,294,0,0
2106805,MA,15059,7442.260442260443,0.0,0.9756,23,2,0
2106326,MA,21773,9510.678363110273,0.0,0.5684,320,4,1
2109700,MA,5686,83488.56841364756,0.0,0.7676,45,0,0
2103752,MA,12923,14720.266192060668,0.0,0.76,130,1,0
3202652,ES,13672,17277.940315974254,0.0,0.2515,150,0,0
2103174,MA,22056,9104.325353645267,0.0,0.8486,28,0,0
2102358,MA,15503,7901.502934915823,0.0,0.986,166,0,0
3165578,MG,5365,16672.50698974837,0.0,0.0639,17,0,0
4105706,PR,16344,51273.61722956436,0.6932,0.2624,404,0,0
4125407,PR,6115,37579.88552739166,0.0,0.2259,369,0,0
4106209,PR,19082,29222.04171470496,0.65,0.0001,21,1,0
4103156,PR,3472,33318.83640552995,0.0,0.9335,88,0,0
4207577,SC,2979,76457.20040281974,0.0,0.4807,6,0,0
4216255,SC,6423,54990.035808812085,0.0,0.5106,434,3,0
4217550,SC,3249,36326.254232071406,0.0512,0.6436,229,5,0
4214607,SC,7552,36560.51377118644,0.0,0.0206,21,1,0
4206900,SC,19238,31141.54277991475,0.0,0.0672,75,3,1
2707701,AL,75662,18806.124606803944,0.1722,0.698,3049,102,3
4311601,RS,5087,33898.564969530176,0.0,0.8497,501,1,1
4321709,RS,28948,27813.49316014923,0.0,0.0763,1989,2,1
4308904,RS,16158,49118.76469860131,0.0,0.3559,65,2,0
5107750,MT,3226,29238.065716057037,0.0,0.9684,71,0,0
2708402,AL,32462,10251.648080832974,0.0,0.9887,59,0,1
2703700,AL,5751,13542.340462528256,0.0,0.9835,274,9,0
2705408,AL,7171,11292.846186027053,0.0,0.996,140,1,1
2708907,AL,14042,18584.745762711864,0.0,0.2575,721,28,0
2707909,AL,7344,37770.28867102396,0.0,0.904,351,6,0
2702801,AL,12823,23221.16509397177,0.0,0.2197,285,23,1
1304203,AM,59250,18538.261603375526,0.0,0.6289,3059,12,5
1300607,AM,44873,8664.029594633745,0.0,0.7875,2964,11,3
2707008,AL,2903,20473.30347915949,0.0,0.9853,22,0,0
1301209,AM,86713,38982.36711911709,0.0,0.4446,1538,6,2
1303205,AM,20395,9146.016180436382,0.0,0.7649,143,0,0
1200328,AC,8628,13209.898006490495,0.0,0.8715,16,1,0
1600550,AP,5370,15752.141527001862,0.0,0.9596,22,0,0
2705804,AL,9507,9775.218260229305,0.0,0.7616,82,0,0
1300102,AM,21937,11324.930482746046,0.0,0.9668,52,0,0
4300034,RS,4981,91994.37863882755,0.0,0.0123,3,0,0
4304309,RS,6106,58702.26007206027,0.0,0.7514,300,5,1
1600808,AP,16572,14296.70528602462,0.0,0.8289,35,0,0
2601003,PE,11301,12588.266525086276,0.0,0.286,200,0,0
2208809,PI,17979,14712.38667334112,0.0,0.8189,145,0,0
3200201,ES,29869,19255.348354481233,0.0,0.2059,1684,20,0
1300839,AM,13482,13194.926568758345,0.0,0.6881,16,0,0
2111003,MA,20736,6540.557484567901,0.0,0.5588,8,0,0
3201704,ES,12887,21655.77713975324,0.0,0.2757,269,2,0
2210359,PI,4581,9891.944990176817,0.0,0.9973,95,1,0
2202091,PI,5786,33715.693052194954,0.0,0.997,99,0,0
2414902,RN,1731,13425.18775274408,0.0,0.2317,14,0,0
4308458,RS,4252,132824.7883349012,0.0,0.8791,126,0,0
4321352,RS,5484,22657.366885485048,0.0,0.4544,1,0,0
4208708,SC,10337,51246.68665957241,0.0,0.0526,5,0,0
2102150,MA,8841,8040.040719375636,0.0,0.9965,16,0,0
4318200,RS,21871,46934.89095148827,0.0,0.2754,22,1,0
4318440,RS,2808,47482.54985754986,0.0,0.1806,34,0,0
4304903,RS,9070,79153.14222712239,0.0,0.7059,57,1,0
4300455,RS,3287,47648.91998783085,0.0,0.8826,428,1,1
4315131,RS,1586,38725.72509457755,0.0,0.7405,13,0,0
4314159,RS,8541,28387.308277719236,0.0,0.6476,80,1,0
4309654,RS,6894,45617.348418915,0.0,0.1911,3,0,0
4300877,RS,5840,40484.58904109589,0.4364,0.1014,219,2,2
2209450,PI,2172,8310.773480662983,0.0,0.995,26,1,0
4302220,RS,2466,190085.15815085158,0.0,0.8538,63,0,0
4314068,RS,5790,22967.530224525042,0.0,0.5532,7,0,0
1500701,PA,30091,8607.88940214682,0.0,0.8085,280,4,0
4319802,RS,8742,83568.17661862275,0.0,0.1785,27,3,0
4209607,SC,15380,27226.397919375813,0.0,0.1818,10,0,0
4321493,RS,2753,36808.20922629858,0.0,0.9722,14,0,0
4311791,RS,2713,29788.42609657206,0.0,0.081,6,0,0
4304507,RS,56370,29448.32357637041,0.3016,0.1167,6,0,0
4315305,RS,22531,27772.801917358305,0.7773,0.0908,22,0,0
4318614,RS,2464,38156.655844155845,0.0,0.2125,4,0,0
4311130,RS,3472,135082.08525345623,0.0,0.9396,3,0,0
5106190,MT,3755,88750.46604527297,0.0,0.829,597,6,1
2612109,PE,11214,7217.585161405386,0.0,0.9589,173,2,0
2602605,PE,51696,8924.423553079541,0.0,0.2896,1608,5,0
3170404,MG,85461,50544.2599548332,0.908,0.0,31071,33,23
3167608,MG,19834,14383.735000504184,0.0,0.1931,1124,5,0
3128600,MG,6558,114474.3824336688,0.942,0.0447,1365,9,0
3154457,MG,8132,19338.78504672897,0.0,0.9885,1214,0,0
3101706,MG,42380,15924.964605946201,0.9221,0.0749,1181,7,0
3103504,MG,118361,49322.183827443165,0.047,0.0,22752,57,14
3162948,MG,7532,118358.47052575677,0.1596,0.0419,1188,0,0
3158409,MG,3909,12773.855205935022,0.0,0.012,286,1,1
2513307,PB,5853,10620.536477020332,0.0,0.5618,177,2,0
1506708,PA,75995,18185.0384893743,0.0,0.8428,1471,5,0
1500800,PA,540410,16542.6805573546,0.0,0.4474,1522,14,1
2512705,PB,19973,9080.25834877084,0.0,0.3005,827,0,0
2600401,PE,37386,6950.890707751565,0.0,0.3867,214,2,1
2509305,PB,8642,27832.793334876187,0.0,0.9516,129,0,0
2504074,PB,4206,10032.572515454112,0.0,0.0798,403,0,0
2514453,PB,6037,14344.045055491139,0.0,0.9128,289,0,0
5101902,MT,20571,101462.20407369598,0.0,0.9165,755,13,2
2513604,PB,6942,9671.85249207721,0.0,0.7567,145,0,0
2501351,PB,4067,11924.760265552004,0.0,0.422,214,0,0
2507309,PB,14467,11414.253127808115,0.0,0.8876,121,4,0
2614501,PE,66192,13831.852791878173,1.0,0.0,3259,12,3
2203255,PI,4475,8862.569832402234,0.0,0.3148,90,0,0
2608602,PE,13300,10467.894736842105,0.0,0.0788,597,0,0
2505204,PB,6748,9890.634262003556,0.0,0.949,160,0,0
3154309,MG,17396,15972.464934467695,0.6432,0.1569,1357,2,0
3135456,MG,7781,10214.625369489782,0.4898,0.5085,761,4,0
5221908,GO,3848,27309.77130977131,0.0,0.9773,383,3,0
5210109,GO,27365,88777.74529508497,0.0,0.2996,3370,103,1
5219605,GO,3207,27303.710632990333,0.0,0.4334,203,4,0
5200902,GO,3011,39489.538359349055,0.0,0.8604,916,2,1
5215009,GO,10193,19352.791131168447,0.0,0.9042,2354,54,2
5216403,GO,10988,141965.50782672004,1.0,0.0,1957,6,3
2110708,MA,34391,10350.644063853915,0.0,0.7543,174,3,1
2401008,RN,35904,19763.563948306597,0.0,0.9255,535,1,0
5200506,GO,1976,32251.012145748988,0.0,0.7315,200,0,0
2929008,BA,14784,11695.549242424242,0.8498,0.1372,300,2,0
2914406,BA,25728,34878.96455223881,0.0,0.8967,2910,6,2
2909604,BA,21219,9714.12413403082,0.0,0.8825,366,2,1
2908408,BA,67394,13126.287206576253,0.409,0.5064,1691,10,1
5103502,MT,22311,257582.44811976154,0.2126,0.6458,1613,3,1
3116100,MG,15334,7247.097952262945,0.0,0.5762,1650,16,0
3152204,MG,37823,13931.70821986622,0.3042,0.6614,2463,6,0
5103056,MT,12338,86593.93742908089,0.8,0.1861,1613,23,0
5005608,MS,28423,23262.006121802766,0.3608,0.5035,2861,11,3
3103009,MG,9233,96894.18390555616,0.0,0.0871,522,1,1
3119302,MG,27958,54911.11667501252,0.0,0.0695,8294,13,4
4316709,RS,7813,171000.5119672341,0.0,0.6805,86,1,0
3161700,MG,8527,38182.24463468981,0.0,0.1893,838,2,3
3150158,MG,8832,15939.53804347826,0.0,0.005,884,4,0
3159506,MG,5426,33004.23884998157,0.0,0.3753,592,0,0
3140100,MG,4079,14150.28193184604,0.0,0.08,831,6,0
3117405,MG,4581,17685.221567343375,0.0,0.1267,242,6,1
3127909,MG,1386,31890.33189033189,0.0,0.9778,392,0,0
3104007,MG,108403,82570.25174580039,0.9655,0.0262,19349,241,35
3106408,MG,7723,36243.16975268678,0.0,0.1317,1268,32,5
3126604,MG,5268,14352.505694760821,0.222,0.0,922,2,0
3142106,MG,10818,16084.858569051581,0.0,0.1107,1379,0,1
1506302,PA,24392,8624.590029517874,0.0,0.9465,60,0,0
2509396,PB,6690,9239.31240657698,0.3163,0.679,275,7,0
2503308,PB,10364,12042.744114241606,0.0,0.5072,324,2,1
2202737,PI,4044,9324.431256181999,0.0,0.977,108,0,0
1503507,PA,32639,8517.601642207175,0.0,0.9913,114,1,1
2608404,PE,15483,8579.73260995931,0.0,0.0548,221,2,0
2510659,PB,1747,12303.9496279336,0.0,0.1416,102,1,0
2512754,PB,4562,10982.244629548444,0.0,0.6804,71,0,0
2101509,MA,19026,14115.683801114264,0.0,0.9241,126,10,0
2202307,PI,21326,12725.686954890743,0.0,0.964,473,6,0
5003256,MS,21456,97722.87472035794,0.035,0.5028,2999,8,2
5007505,MS,5120,54773.046875,0.0,0.8775,567,5,0
5108907,MT,9056,133034.12102473498,0.0,0.8734,489,6,0
2204709,PI,15330,10673.45075016308,0.0,0.9051,451,5,0
3160702,MG,46357,23793.105679832603,0.0,0.2365,2064,19,3
4127700,PR,144601,51745.73481511193,0.775,0.1501,21956,580,51
2510501,PB,3989,10926.297317623465,0.0,0.2219,112,0,0
2512002,PB,18848,15101.867572156198,0.0,0.4902,469,1,0
1501725,PA,14883,25519.92205872472,0.0,0.9812,471,2,0
2615201,PE,10314,9236.183827806864,0.0,0.1873,604,0,0
2516755,PB,3103,11111.182726393812,0.0,0.9611,210,1,0
2615102,PE,7227,10463.262764632627,0.0,0.0941,306,1,0
1500503,PA,34044,20220.009399600516,0.0,0.6422,347,0,0
2616183,PE,7526,9840.552750465054,0.0,0.7336,338,0,0
3165560,MG,2579,14216.75067855758,0.0,0.15,427,1,1
2609303,PE,15548,10509.776177000258,0.0,0.222,452,1,0
3516200,SP,358539,31450.096084386914,0.9701,0.0262,35095,1035,37
3141306,MG,3861,64058.53405853406,0.8573,0.0431,454,1,0
4305108,RS,523716,60506.95415072291,0.37,0.4992,421,21,1
3113107,MG,3150,13169.20634920635,0.0,0.0502,280,0,0
4208807,SC,20547,41458.461089210105,0.0,0.1663,25,4,0
3302270,RJ,106296,14395.696921803266,0.0,0.3097,665,14,0
4115002,PR,7093,24602.424925983363,0.0,0.8489,2347,49,6
3120003,MG,2688,14332.589285714286,0.0,0.0432,321,1,0
3136801,MG,4359,11839.642119752236,0.6003,0.3953,441,3,0
3133501,MG,21760,28915.211397058825,0.8155,0.0,5396,7,3
3129657,MG,5340,9600.187265917602,0.0,0.7643,955,0,0
3167301,MG,2267,15505.072783414204,0.0,0.1442,297,0,0
3154150,MG,7247,16727.611425417414,0.0,0.0236,710,13,0
4212205,SC,19521,43734.952102863586,0.0,0.1796,27,0,0
3515707,SP,198661,23863.128646286892,0.4398,0.1964,11258,32,4
3120508,MG,10211,22906.277543825287,0.0,0.1454,399,0,0
3121100,MG,8007,15700.636942675159,0.0,0.2112,71,0,0
3545407,SP,9396,29155.278842060452,0.95,0.0,2410,12,0
2201200,PI,47298,10520.508266734323,0.0,0.5231,459,5,1
3117702,MG,13729,25025.711996503753,0.0,0.0313,3525,0,0
3170602,MG,2143,40894.540363975735,1.0,0.0,342,15,0
3527207,SP,89532,43299.18911674038,0.9589,0.0346,16405,41,6
3104908,MG,19249,19795.41794378929,0.0,0.0323,2171,21,2
3154200,MG,11578,17924.94385904301,0.0,0.6135,1609,0,1
3106606,MG,4609,11671.078325016273,0.0,0.4544,188,2,0
3107208,MG,5088,15766.705974842767,0.0,0.3218,28,0,0
3152600,MG,5862,47333.333333333336,0.0,0.2592,1031,1,0
3539202,SP,27974,33165.83255880461,0.9529,0.0346,6049,24,7
3557006,SP,124468,31487.900504547353,0.882,0.0113,15915,378,6
4202107,SC,30539,77674.67828023183,0.0,0.1179,4126,57,7
4202404,SC,366418,56155.647375401866,0.3,0.0602,72948,591,47
3548708,SP,849874,68571.35763654378,0.1932,0.0911,19854,161,20
3524907,SP,6828,51684.82718219098,0.8356,0.1589,417,0,0
3540002,SP,22326,87425.46806414047,0.95,0.044,2876,22,5
3502804,SP,199210,45268.6009738467,1.0,0.0,22574,199,16
3524709,SP,59921,233328.91640660202,0.6083,0.0354,12289,249,4
3528809,SP,14069,36775.74809865662,0.9318,0.0584,2172,16,2
3529005,SP,242249,40272.44694508543,0.0,0.4942,43405,924,73
3514809,SP,15592,21122.94766546947,0.773,0.1922,727,0,0
3554904,SP,5856,20839.48087431694,0.8566,0.1426,1002,0,0
3553401,SP,26231,50458.2364378026,0.95,0.0202,7603,96,7
3535705,SP,6536,42122.55201958384,0.95,0.0481,1338,36,5
3529658,SP,1903,42887.54598003153,0.8615,0.1263,646,2,0
3543238,SP,2222,21152.565256525653,0.9811,0.0086,368,1,0
3538204,SP,15564,20216.589565664355,0.8505,0.0957,424,0,0
3502507,SP,36211,28750.02071193836,0.64,0.1956,3853,13,0
3553302,SP,23255,30119.071167490863,0.95,0.0332,5701,47,6
3540606,SP,53698,69921.89653245932,0.9604,0.0049,8748,54,7
3525607,SP,4577,32483.067511470395,0.9876,0.0116,558,0,0
3508900,SP,4195,16640.286054827175,0.9649,0.0,456,1,1
3509809,SP,5028,38724.14478918059,0.0,0.0159,941,6,1
1718881,TO,3537,39476.95787390444,0.0,0.7925,83,0,0
1712504,TO,5332,47323.89347336834,0.0,0.9933,157,0,0
3535408,SP,15944,19933.89362769694,0.9195,0.0548,4147,15,9
3511508,SP,50631,46293.89109438881,0.98,0.0136,2141,1,4
1716505,TO,13964,60775.637353193924,0.0,0.3971,385,6,2
3548005,SP,23742,78794.28860247662,0.6063,0.1301,9432,30,11
3544608,SP,5638,31123.802766938632,0.9589,0.035,653,2,2
3506409,SP,8197,35693.180431865316,0.9877,0.0117,1986,7,1
1703800,TO,11644,13881.913431810375,0.0,0.7413,78,0,0
1717008,TO,4414,19258.269143633894,0.0,0.6403,164,0,0
1703826,TO,2293,25532.92629742695,0.1999,0.7897,134,0,0
3518404,SP,123192,63947.999870121435,0.1802,0.0757,12755,118,5
3502309,SP,6911,24534.510201128636,0.7405,0.0971,476,10,0
3503406,SP,8665,26206.924408540104,0.8764,0.0671,1421,10,1
3505005,SP,3525,21264.113475177306,0.8937,0.099,498,3,2
3520004,SP,24821,15357.358688207567,0.8,0.0,1966,7,1
3517901,SP,11382,32986.557722720085,0.9652,0.0054,1055,24,3
3532058,SP,4831,24983.647277996275,0.9949,0.0013,686,6,0
3541109,SP,4067,19014.75288910745,0.891,0.1043,259,1,0
3543501,SP,5364,17299.776286353466,0.8812,0.0607,933,2,0
2904753,BA,21374,7251.286609899878,0.0,0.961,936,3,1
1718006,TO,3200,14700.9375,0.0,0.9109,102,0,0
4125209,PR,9005,52566.79622431982,0.0,0.5409,2513,2,4
5203609,GO,3812,24615.162644281216,0.0,0.9461,352,13,1
2111029,MA,15768,7803.082191780822,0.0,0.9911,34,2,1
2112100,MA,29241,6716.08358127287,0.0,0.784,25,1,0
4213609,SC,35685,32220.82107328009,0.1622,0.1737,253,0,0
5221080,GO,3538,11057.659694742793,0.0,0.9461,373,6,0
5207907,GO,17415,14409.187482055699,0.0,0.759,479,6,0
5222302,GO,5941,51845.31223699714,0.0,0.986,1139,15,3
5211206,GO,25597,21625.776458178694,0.94,0.0,3764,18,4
5207501,GO,3253,22992.31478635106,0.0,0.7151,409,6,0
5219803,GO,13305,15501.31529500188,0.0,0.942,1304,10,1
5207402,GO,12559,73518.51262043156,1.0,0.0,1576,71,5
4102307,PR,13238,69966.91343103188,0.2007,0.2654,26,0,0
4321451,RS,34275,45981.15244347192,0.0,0.1494,596,4,1
2102374,MA,9524,6404.031919361612,0.0,0.9541,16,1,0
2928604,BA,60190,18905.28326964612,0.52,0.4331,318,6,0
2311108,CE,14920,12491.621983914209,0.189,0.4183,1733,35,1
2903235,BA,15171,7440.775163140202,0.0,0.8658,503,2,0
2307700,CE,131677,12527.077621756267,0.0769,0.2035,2527,16,3
2304954,CE,26508,8751.81077410593,0.3396,0.5879,280,2,0
2920403,BA,12944,10804.928924598269,0.0,0.9791,754,4,0
2916906,BA,12482,9672.648614004165,0.0,0.44,279,0,0
2918555,BA,5706,12528.215913073956,0.0,0.194,359,1,0
2306603,CE,22018,7903.942229085294,0.0,0.9127,831,0,0
2304509,CE,14195,19437.900669249735,0.2011,0.0468,211,0,0
2923704,BA,32274,8074.394249240875,0.0,0.9696,1711,7,0
2909703,BA,13981,11289.821901151563,0.0,0.8066,540,3,0
2929206,BA,40664,321810.96301396814,0.4,0.4916,881,2,0
2931103,BA,7936,8402.973790322581,0.0,0.3773,620,4,0
2912509,BA,14989,7837.747681633197,0.0,0.9829,929,4,0
2918357,BA,25606,11604.428649535264,0.0,0.9646,467,14,1
2300804,CE,7402,10666.441502296677,0.0,0.5141,66,1,0
2907905,BA,17402,8929.663257096885,0.0,0.9141,78,0,0
3200607,ES,104942,50628.97600579368,0.114,0.2036,4981,16,1
2900108,BA,8681,8086.049994240295,0.0,0.7575,139,7,0
2912202,BA,19990,22178.78939469735,0.0,0.7477,1570,0,0
2301703,CE,24567,8824.520698497985,0.2941,0.7024,49,1,0
2303907,CE,13112,8413.514338010982,0.0,0.8913,327,0,0
2305704,CE,12507,11469.656992084432,0.0,0.7542,318,0,0
3554656,SP,2432,15525.082236842105,0.631,0.3295,93,6,0
4125506,PR,334620,80717.40481740482,0.6019,0.229,1029,154,0
3300258,RJ,30827,87763.22704123009,1.0,0.0,1501,5,0
3305505,RJ,91938,458767.952315691,0.73,0.0,6668,7,2
3305133,RJ,7240,27190.883977900554,0.0,0.0533,779,4,0
3306107,RJ,77202,40447.29411155151,0.0,0.2129,1505,14,6
4204806,SC,40037,46834.528061543075,0.0,0.3067,48,0,0
1100056,RO,16088,46185.79065141721,0.0,0.7964,1056,4,1
2414803,RN,12789,10436.390648213308,0.0,0.9461,252,3,1
2403806,RN,9772,12330.433892754809,1.0,0.0,470,2,0
2407609,RN,4665,11903.536977491962,0.0,0.7971,77,2,0
4216305,SC,39719,25923.13502354037,0.0,0.1971,1148,6,3
2804508,SE,37715,20967.51955455389,0.0,0.5193,344,8,3
2803203,SE,35054,25111.114280823873,0.0,0.5291,245,11,0
2405108,RN,6907,14685.246851020704,0.0,0.7529,857,6,2
2409332,RN,5689,13716.294603621023,0.0,0.9797,930,6,0
4114005,PR,12900,61489.61240310078,0.6204,0.3374,1977,8,1
4127601,PR,17295,33328.5342584562,0.0,0.3098,38,0,0
3147303,MG,21353,27752.07230834075,0.0,0.0306,713,10,0
4204202,SC,227587,60166.45941991414,0.395,0.1872,17156,72,20
4303301,RS,4802,55167.63848396501,0.0,0.7122,354,1,0
3143807,MG,5960,21570.973154362415,0.0,0.3811,35,2,0
4313086,RS,2563,39099.10261412407,0.0,0.082,3,0,0
4307054,RS,3171,83742.6679280984,0.0,0.8043,15,0,0
2111201,MA,180345,12719.875793617788,0.0,0.709,2117,44,4
2107100,MA,19708,7607.874974629592,0.0,0.9564,49,0,0
2805208,SE,6678,13712.788259958072,0.0,0.4363,83,1,0
4125605,PR,47137,32181.237668922502,0.4138,0.2122,205,2,0
4101002,PR,19466,38549.36812904551,0.6388,0.051,8639,8,9
4201208,SC,8712,91422.29109274564,0.0,0.3776,102,2,0
4128807,PR,5584,21426.57593123209,0.0,0.9472,1663,7,1
4119301,PR,32722,54851.07878491535,0.3228,0.6362,157,1,0
4116901,PR,28062,33612.53652626328,0.4805,0.4022,7402,29,5
4124103,PR,46503,32377.932606498507,0.8815,0.0957,8548,101,6
2414001,RN,16008,12605.259870064967,0.0,0.0838,1428,3,0
4110805,PR,10029,35316.681623292454,0.0,0.7183,4398,54,3
3202306,ES,31372,19523.619788346296,0.0,0.146,2613,1,1
3301876,RJ,29344,21517.48227917121,0.76,0.0,771,6,2
4127205,PR,17304,32908.98058252427,0.2792,0.5671,5257,81,1
2408201,RN,28266,16794.806481284937,0.0,0.845,1218,9,0
2804706,SE,6509,14005.991703794745,0.0,0.8198,275,4,1
2806305,SE,14205,13564.9419218585,0.0,0.6683,363,1,0
2404606,RN,14033,10027.862894605572,0.0,0.7329,381,6,0
2408805,RN,5307,114234.21895609572,0.0,0.3092,955,5,0
2410900,RN,8310,23123.706377858,0.895,0.1023,756,4,0
2410108,RN,15646,8427.840981720568,0.0,0.8475,353,2,0
2405504,RN,2600,24766.153846153848,0.0,0.7367,213,4,0
4101309,PR,7421,31445.76202668104,0.0,0.9068,12,2,0
4202578,SC,2136,34501.40449438202,0.0,0.5951,53,0,0
4115754,PR,10994,33993.1780971439,0.0,0.9662,1892,7,2
4107900,PR,6926,39148.57060352296,0.0,0.8146,2180,8,2
4127304,PR,17054,22058.695907118563,0.5,0.4276,2472,63,3
4111605,PR,3299,43529.5544104274,0.0,0.575,626,9,2
4122651,PR,4595,28265.94124047878,0.5516,0.4054,761,4,1
4113429,PR,3155,39839.30269413629,0.0,0.9135,1297,36,1
4122172,PR,4121,28043.43605920893,0.0,0.9815,498,4,0
4100509,PR,22293,20747.678643520387,0.4386,0.5554,3222,60,0
4105904,PR,24271,32809.40216719542,0.6601,0.3378,3779,16,3
4107108,PR,4975,59944.3216080402,0.0,0.8264,1346,1,1
4103404,PR,2973,38364.95122771611,0.0,0.9754,1225,3,0
4113502,PR,23393,29837.55824391912,0.5086,0.4845,4756,25,6
4123709,PR,8484,29837.45874587459,0.72,0.1955,3766,169,2
4108908,PR,6635,41008.138658628486,0.0,0.9566,636,13,2
4110300,PR,3122,18680.973734785395,0.0,0.9895,1245,1,0
4211504,SC,15010,46067.021985343104,0.0,0.1653,576,0,0
4121802,PR,10622,36125.49425720203,0.98,0.0,1131,1,0
3203007,ES,29417,18303.8379168508,0.0,0.1146,1102,8,0
4125456,PR,3601,27502.360455429047,0.0,0.9361,483,6,0
4113601,PR,4850,44449.278350515466,0.99,0.0,793,0,0
4117271,PR,5252,36140.32749428789,0.0,0.9626,1314,3,1
4216503,SC,27322,41474.56262352683,0.5803,0.1952,9,0,0
2406205,RN,6851,10339.950372208437,0.0,0.9126,275,0,0
4215208,SC,4584,24284.467713787086,0.0,0.8058,368,1,1
4208401,SC,17139,62122.994340393256,0.0261,0.0805,2128,14,1
2411601,RN,2687,204407.51767770748,0.0,0.605,262,1,0
2402105,RN,11363,9413.711167825399,0.7098,0.1636,536,3,0
4205191,SC,2059,85741.13647401652,0.0,0.0856,3,0,0
4213104,SC,3637,220268.90294198514,0.0,0.4382,228,5,0
4127965,PR,12977,46362.949834322266,0.0,0.7664,81,0,0
3203106,ES,12336,13953.06420233463,0.7,0.0,1328,2,0
2102556,MA,14530,14730.763936682726,0.0,0.9795,881,3,0
2103257,MA,14855,12358.667115449343,0.0,0.9853,182,4,1
2108207,MA,39153,20119.045794702834,0.0,0.526,345,2,0
2106631,MA,17316,5737.063987063987,0.0,0.9511,54,1,0
3164803,MG,1478,17571.04194857916,0.0,0.8174,130,0,0
4114302,PR,27750,23966.486486486487,0.0435,0.5466,40,3,0
4116604,PR,3424,28507.301401869157,0.0,0.6355,1036,1,0
4116950,PR,5014,32869.565217391304,0.0,0.9398,1702,8,2
4121752,PR,8127,31998.15430047988,0.3729,0.3557,117,1,0
4118600,PR,5942,74045.27095254124,0.0,0.4836,6,0,0
4218806,SC,13080,56408.71559633027,0.0,0.0316,12,0,0
4210407,SC,7461,36595.22852164589,0.0,0.1231,16,0,0
4209706,SC,12122,34381.125226860255,0.0,0.2925,6,0,0
4217758,SC,2386,34948.03017602683,0.0,0.8328,55,4,0
4204756,SC,1972,33781.947261663285,0.0,0.4218,234,2,0
4215687,SC,2317,28102.719033232628,0.0,0.8293,334,3,0
4205456,SC,27621,44327.21480033308,0.0,0.1107,26,1,0
4211207,SC,18095,50954.462558717874,0.0,0.4122,9,0,0
4300059,RS,3738,146445.15783841626,0.0,0.454,11,0,0
2702355,AL,24396,19704.131824889326,0.0,0.8125,1240,6,2
1200252,AC,18979,33960.79877759629,0.0,0.7162,2643,7,0
2702504,AL,11059,9516.954516683245,0.0,0.9851,181,3,1
2707404,AL,7618,43738.251509582566,0.0,0.9844,102,2,1
2703601,AL,8444,29841.30743723354,0.0,0.763,407,3,0
1502509,PA,24175,10269.700103412617,0.0,0.9187,16,0,0
1600279,AP,52302,21692.994531757868,0.0,0.8816,2266,4,1
1600154,AP,17625,25720.510638297874,0.0,0.6507,604,4,0
2703007,AL,15637,12563.982861162627,0.0,0.1119,253,6,0
2700508,AL,16201,16172.149867292143,0.0,0.753,127,9,0
2705507,AL,28428,20687.631912199242,0.2839,0.6249,1197,25,2
2701357,AL,6972,12587.349397590362,0.0,0.335,47,0,0
1303502,AM,19616,10172.35929853181,0.0,0.6336,16,0,0
2704609,AL,8850,10253.107344632768,0.0,0.7769,168,2,0
4319372,RS,2950,54801.016949152545,0.0,0.4946,261,0,0
4322343,RS,1952,56727.45901639344,0.0,0.746,122,0,0
4316436,RS,2596,97937.98151001541,0.0,0.9149,35,0,0
4315057,RS,2332,38314.32246998285,0.0,0.5356,528,10,1
4320404,RS,18074,43283.11386522076,0.0,0.362,337,2,0
2614709,PE,12843,11614.030989644165,0.0,0.2196,148,2,0
3200508,ES,7542,15671.30734553169,0.0,0.0906,582,0,0
2104677,MA,25502,10117.480981883773,0.0,0.5358,436,0,0
2211308,PI,20940,13832.664756446991,0.0,0.9233,361,3,0
2208874,PI,4499,48319.62658368526,0.0,0.9883,14,0,0
2201960,PI,8364,8288.378766140602,0.0,0.7895,43,1,0
2203271,PI,5390,14544.3413729128,0.0,0.9891,47,0,0
4311908,RS,4239,39590.46945034206,0.0,0.2359,126,3,0
4219408,SC,4032,43449.40476190476,0.0,0.0237,1,0,0
4215901,SC,2791,40278.75313507704,0.0,0.0584,13,0,0
2205359,PI,3003,23073.260073260073,0.0,0.8317,23,1,1
4306072,RS,2840,33359.15492957747,0.0,0.6133,533,3,1
4314605,RS,20743,42437.11131466037,0.0,0.2513,7,1,0
4301958,RS,2563,64388.997268825595,0.0,0.6038,203,0,0
4312807,RS,4890,66917.17791411043,0.0,0.251,9,0,0
4301008,RS,21121,72750.15387529,0.0,0.4193,1067,1,0
4317558,RS,2118,56560.90651558073,0.0,0.6681,2,0,0
1504000,PA,29623,16981.770921243628,0.0,0.8057,97,0,0
2513653,PB,2640,12501.515151515152,0.0,0.9917,202,2,0
2205607,PI,5272,20826.820940819423,0.0,0.9651,28,0,0
2505402,PB,8332,8727.196351416227,0.0,0.4005,75,0,0
2208502,PI,12646,9374.268543412936,0.0,0.4843,22,0,0
4308409,RS,6569,46095.14385751256,0.0,0.5923,11,1,0
1303957,AM,14678,9307.058182313667,0.0,0.9685,36,2,0
4311254,RS,6469,23912.351213479673,0.0,0.6665,9,0,0
4323309,RS,3407,87335.48576460229,0.0,0.2255,4,0,0
4322186,RS,1447,65464.409122322046,0.0,0.0825,1,0,0
4314175,RS,1928,200305.4979253112,0.0,0.0612,1,0,0
4300638,RS,7136,20688.34080717489,0.0,0.508,1,0,0
2605202,PE,69701,18743.36092738985,0.0,0.5891,2376,6,0
2610608,PE,57346,16153.314965298365,0.0,0.7044,1996,10,0
2609204,PE,11098,8333.93404216976,0.0,0.6719,160,2,0
2614857,PE,23852,16595.421767566662,0.98,0.0,335,0,0
3118601,MG,673849,54136.40889872954,0.7996,0.0998,167310,1996,92
5106158,MT,16052,21391.353102417143,0.0,0.7238,516,3,0
3113206,MG,25831,29108.396887460804,0.0,0.169,3571,2,2
3145901,MG,40220,219859.99502734956,0.7013,0.0649,7837,3,1
3162401,MG,25033,10741.621060200536,0.0912,0.9008,2610,2,0
3136520,MG,4474,11565.713008493518,0.0,0.2504,410,0,0
3116605,MG,29093,38451.86127247104,0.943,0.0044,7138,33,2
3152808,MG,28173,45907.10964398538,0.0,0.0326,6193,17,2
3115102,MG,17741,24600.360746293896,0.0,0.0161,5047,5,12
3143005,MG,13139,27847.629195524773,0.0,0.0737,1050,5,4
3129301,MG,11085,15915.11050969779,0.0,0.1519,798,3,0
3126703,MG,26459,17077.742923012964,0.6375,0.1171,3092,5,0
3170438,MG,4265,30580.07033997655,0.965,0.0222,409,1,0
5107776,MT,8547,35169.18216918217,0.0,0.2831,30,0,0
1506351,PA,21811,11027.646600339278,0.0,0.9023,129,0,0
1504455,PA,32347,31655.856802794697,0.0086,0.6661,325,0,0
2207405,PI,5029,28128.256114535692,0.0,0.7851,111,2,0
1501402,PA,1506420,22216.33143479242,0.1069,0.4848,8535,315,7
2204402,PI,10698,38969.340063563286,0.0,0.9718,334,1,0
5103957,MT,2990,29844.147157190637,0.0,0.9022,88,1,0
5104807,MT,27696,43250.68601964183,0.0,0.6218,1954,58,1
5106299,MT,11291,70518.11177043663,0.0,0.9834,2187,6,0
5107958,MT,107631,51892.66103631853,0.1502,0.5865,9069,77,5
3546603,SP,32796,41007.470423222345,1.0,0.0,6194,27,7
5002605,MS,13675,46584.71663619744,0.5344,0.4244,1541,5,1
1508357,PA,15421,274351.7281628948,0.0,0.6412,985,21,1
5100805,MT,10431,22418.560061355576,0.0,0.9042,162,7,0
1505437,PA,33831,38498.09346457391,0.0,0.6061,446,5,0
2607000,PE,24034,8191.728384788216,0.0,0.6954,510,1,0
2604155,PE,14395,7052.518235498437,0.0,0.1942,651,2,0
3164704,MG,71915,31099.50636167698,0.0,0.0045,15544,111,15
3144706,MG,17524,24702.750513581374,0.0,0.0805,2544,68,0
2605400,PE,22360,11071.109123434704,0.0,0.7491,352,1,0
3160306,MG,11570,9900.9507346586,0.0,0.3062,667,0,0
3133758,MG,16286,44471.693479061774,0.0,0.0087,5492,7,10
3144003,MG,26945,18874.856188532194,0.0,0.1549,3361,11,3
5222054,GO,9002,53340.70206620751,0.0,0.9502,621,157,0
5200209,GO,1809,35294.08512990602,0.0,0.9018,292,2,0
5215603,GO,35011,30051.95509982577,1.0,0.0,6250,115,7
5214051,GO,4540,39830.6167400881,0.0,0.4242,455,8,1
2931350,BA,164290,17504.820743806682,0.7668,0.1924,10165,32,3
2922003,BA,42729,51787.263919118166,0.333,0.6119,2736,14,4
2910057,BA,83705,36442.6497819724,0.65,0.1778,430,7,1
2924405,BA,35295,8255.645275534778,0.0,0.9816,535,1,0
2917706,BA,33915,35329.6476485331,0.6136,0.1321,932,6,0
2928802,BA,53666,17032.590466962323,0.0443,0.8654,2897,35,4
2908507,BA,33631,82100.68091938985,0.0,0.9151,2137,9,0
2926301,BA,33498,12249.895516150218,0.7834,0.1644,1600,10,0
2931707,BA,13018,13089.875556921186,0.0,0.3144,590,3,0
2906709,BA,24921,9819.268889691424,0.0,0.9003,4426,152,3
3139607,MG,27651,17248.562438971465,0.675,0.0877,3441,3,0
2507804,PB,7238,13346.504559270517,0.0,0.1112,402,1,0
3108107,MG,6852,19772.621132516055,0.0,0.2515,870,3,1
2510808,PB,108766,18329.128587977862,0.07,0.9111,1420,17,3
5201405,GO,601844,28213.264566897735,0.1234,0.6388,177628,7134,60
3103405,MG,36715,14163.666076535475,0.5001,0.3678,6654,43,3
2612505,PE,111812,17222.963545952134,0.0,0.1044,1042,6,2
4202909,SC,140597,62044.41773295305,0.0,0.0973,8758,27,13
3171808,MG,10459,17588.010326034993,0.0,0.2252,1208,9,0
3152402,MG,16675,10122.63868065967,0.0,0.4328,855,3,0
1506583,PA,22244,48203.74033447222,0.0,0.907,476,1,0
5101704,MT,35642,44018.43330901745,0.0,0.695,2210,5,0
5004403,MS,7566,53691.91118160191,0.0,0.8286,785,502,0
5001102,MS,48184,25007.824173999667,0.1352,0.7258,1095,20,4
1502400,PA,205667,22897.752191649608,0.0,0.6091,1435,7,0
5007901,MS,60792,52756.44821687064,0.0,0.7636,4424,24,1
3129806,MG,184030,17407.520512959843,0.0,0.1634,42803,147,15
3120904,MG,81085,27509.61336868718,0.858,0.0,15483,153,9
3105905,MG,20981,29022.496544492635,0.0701,0.0928,5415,4,3
4215802,SC,86317,54415.87404566887,0.2079,0.113,281,2,0
3112307,MG,38321,23174.316954150465,0.0,0.2005,5705,4,0
3135001,MG,3151,34860.36178990797,0.0,0.0201,308,1,0
3121605,MG,47924,20537.914197479342,0.0,0.2014,11125,151,3
5006903,MS,17460,27314.089347079036,0.7469,0.2095,778,15,4
5000203,MS,16025,77081.3728549142,0.0,0.9386,983,8,0
3144672,MG,3067,27201.82588849038,0.8494,0.1506,364,0,0
3100401,MG,3995,16247.058823529413,0.0,0.112,1060,0,0
3102308,MG,15135,22478.691774033698,0.0,0.0891,2599,4,2
3155504,MG,12356,73353.26966655876,0.9311,0.0321,4010,10,2
3152709,MG,9128,25109.662576687115,0.0,0.0593,1394,0,1
3115805,MG,10343,33942.763221502464,0.102,0.4394,2167,13,0
3101508,MG,35438,27422.822958406232,0.0,0.1417,5152,39,7
3134004,MG,15053,9849.0666312363,0.774,0.189,845,5,1
3125507,MG,3178,15341.095028319698,0.0,0.9166,1048,2,1
3114006,MG,11546,23014.896934003118,0.0,0.0283,3797,16,2
3107703,MG,6182,25935.619540601747,0.0,0.0163,863,7,0
3116902,MG,3128,49491.36828644501,0.9463,0.0418,264,0,0
3104403,MG,2681,14954.121596419247,0.9923,0.0077,334,1,0
3135209,MG,67958,12133.95038111775,0.2277,0.4885,9422,138,7
3132404,MG,97782,33630.33073571823,0.9189,0.0766,10746,51,11
3155900,MG,5493,12594.574913526307,0.0,0.1782,249,1,0
3133204,MG,12259,12341.62656007831,0.0,0.1804,823,0,0
1502608,PA,12175,8293.141683778234,0.0,0.9541,408,2,1
2112209,MA,171317,13547.645592673232,0.0,0.5747,2244,29,1
2208403,PI,63829,14362.922809381316,0.0,0.8011,280,6,0
2514107,PB,4408,9283.12159709619,0.1269,0.3231,155,1,0
2500577,PB,2588,11062.210200927357,0.0,0.3201,61,0,0
3301702,RJ,929449,57170.071730670534,0.154,0.145,12573,464,28
2610400,PE,22198,9604.018380034237,0.0,0.9947,358,0,0
2500403,PB,20992,15961.128048780487,0.5039,0.3395,760,3,1
2209351,PI,4650,8775.698924731183,0.0,0.9825,30,0,0
5005004,MS,26375,31335.431279620854,0.1323,0.6419,1962,63,0
5105002,MT,8377,41639.8472006685,0.0,0.8363,257,8,1
2512762,PB,4571,12292.05863049661,0.0,0.8392,84,0,0
2210805,PI,12778,14307.638128032557,0.0,0.6161,687,5,0
1508159,PA,45395,17062.01123471748,0.0,0.9816,286,2,1
5205109,GO,113091,87685.73980245997,0.56,0.3919,19321,199,26
2501302,PB,19081,8803.78386876998,0.0,0.5323,1335,4,2
2516508,PB,15505,8977.233150596581,0.0,0.1087,201,1,0
2614402,PE,6034,9390.288365926417,0.0,0.2665,362,14,0
2201919,PI,5670,12374.955908289241,0.0,0.6294,119,2,0
2606309,PE,7586,10339.045610334828,0.0,0.9446,246,0,0
2510204,PB,5892,9810.251188051596,0.0,0.5318,241,2,0
2505352,PB,5409,9294.878905527825,0.0,0.9728,56,1,0
3163706,MG,46539,25310.427813231912,0.0,0.0,7296,10,9
1600204,AP,11493,16052.901766292525,0.0,0.9334,1443,1,0
2202604,PI,19716,10267.954960438223,0.0,0.7446,80,3,0
3157377,MG,4074,12029.700540009819,0.9609,0.0235,389,1,0
3522505,SP,244131,52656.13543548341,0.1872,0.3198,5351,22,9
2407104,RN,82828,22071.666586178588,0.0991,0.7594,3536,32,3
3148202,MG,5744,20206.302228412256,0.0,0.0831,578,0,0
3108701,MG,4255,11758.401880141011,0.0,0.3104,248,0,0
3144201,MG,3221,11606.954361999378,0.0,0.1086,247,2,0
3102050,MG,5938,16354.159649713709,0.0,0.2122,271,4,0
3303906,RJ,307144,51003.59440523012,0.744,0.0,9174,119,23
3519808,SP,8363,25025.58890350353,0.9865,0.0128,1031,44,0
3536505,SP,114508,457517.7018199602,0.8964,0.041,16655,237,8
3143609,MG,2413,21156.651471197678,1.0,0.0,471,4,1
3155009,MG,2630,19723.57414448669,0.7944,0.2056,92,1,0
3134905,MG,26538,43106.6772175748,0.0,0.0159,1473,4,0
3169109,MG,6336,16913.036616161615,0.0,0.0365,124,3,0
3110608,MG,30068,62049.98669682054,0.04,0.1924,653,6,1
5003108,MS,6158,24410.198116271516,0.0,0.1175,277,6,0
3165206,MG,7151,19208.781988533072,0.0,0.0005,555,0,0
3548807,SP,162763,95640.70458273686,1.0,0.0,10343,14,5
3107505,MG,6444,19828.36747361887,0.0,0.0943,600,3,0
2109007,MA,24294,42237.95999012102,0.0,0.9721,201,7,2
2802502,SE,3421,12724.93422975738,0.0,0.5692,39,0,0
3109105,MG,10982,21921.143689674012,0.9108,0.0878,557,2,0
3128907,MG,8168,40063.17335945152,0.0,0.0164,762,7,2
3164902,MG,2259,15799.91146525011,0.0,0.0129,134,0,0
3302700,RJ,167668,511810.8166137844,0.0168,0.313,6731,68,7
3530805,SP,94098,67095.62371144976,0.6403,0.0,14038,17,22
3536406,SP,7540,26544.42970822281,0.95,0.0,3237,6,4
5206404,GO,17136,40809.93230625583,0.0,0.8147,3298,25,5
5218805,GO,247259,65948.13940038583,0.49,0.3323,36363,48,15
3510005,SP,31410,48339.60522126711,0.325,0.3423,8060,15,7
3530508,SP,69072,44065.49687282836,0.957,0.027,11047,73,13
3513108,SP,35858,48891.09822075966,0.99,0.0075,4626,39,0
3511102,SP,123114,42386.41421771691,0.9821,0.0,35078,704,79
3531308,SP,51039,47713.317267187835,0.9425,0.0484,5457,140,16
3513702,SP,34097,61036.51347625891,0.95,0.0477,5076,50,3
3529609,SP,3813,103289.27353789668,0.8996,0.0779,1408,5,1
3523800,SP,7862,25230.984482320022,0.8935,0.0917,883,1,1
3546306,SP,35102,18687.653125178054,0.95,0.0488,6151,12,11
3538907,SP,25939,20820.309186938586,0.376,0.0454,3938,18,6
3522604,SP,75683,62845.43424547124,1.0,0.0,16735,33,14
3544806,SP,6481,26150.285449776267,0.0,0.0065,1354,19,3
3552700,SP,16787,20278.965866444272,0.8779,0.0237,2997,9,8
3542602,SP,56463,41751.394718665324,0.8604,0.0671,3158,7,3
3518206,SP,33257,36072.94704874162,0.9917,0.0051,9767,75,11
3533304,SP,4217,14278.871235475457,0.9433,0.0557,992,3,0
3509452,SP,6088,24817.181340341656,0.8901,0.0651,776,2,0
3504800,SP,9209,30257.574112281465,0.9846,0.0068,1849,39,1
3519907,SP,8228,52789.985415653864,0.9238,0.0656,2503,17,4
3540903,SP,22239,49306.44363505553,0.9984,0.0007,2102,18,0
3543709,SP,10824,20883.49963045085,0.0,0.0022,1663,7,0
3533254,SP,6057,12986.627043090639,0.8913,0.0007,877,7,1
3520301,SP,31117,51053.12208760485,0.6815,0.2062,3164,3,2
3507753,SP,2911,25996.221229817933,0.7899,0.2101,486,3,0
3515129,SP,3238,24451.82211241507,0.9704,0.0188,520,0,0
3531209,SP,8181,30829.727417186165,0.0,0.112,394,1,0
3553906,SP,7609,22125.114995400185,0.9494,0.0469,2012,7,1
3541208,SP,12943,25644.28648690412,0.957,0.0322,2744,7,1
2111805,MA,18237,12147.776498327576,0.0,0.9171,422,10,0
1712157,TO,1984,19087.701612903227,0.0,0.7116,53,0,0
1703867,TO,4499,115073.34963325184,0.0,0.6006,184,7,0
1716208,TO,10426,30251.007097640515,0.0,0.9903,387,0,0
1720101,TO,5457,13485.43155579989,0.0,0.9286,110,0,0
5200134,GO,22710,46315.89608102158,0.241,0.6566,4401,36,6
1707108,TO,6986,35676.35270541082,0.0,0.9427,382,1,1
2914802,BA,214123,19618.695796341355,0.1189,0.1796,32605,33,2
1708254,TO,2615,89062.3326959847,0.0,0.9705,118,3,0
3544905,SP,12103,34473.84945881186,0.0,0.0052,1240,5,1
3549508,SP,8991,25749.860972083196,0.9881,0.0061,839,3,3
3547007,SP,6298,24297.237218164497,1.0,0.0,668,1,0
3524006,SP,64330,130938.58230996424,0.9291,0.0,2502,10,0
1707553,TO,3824,23300.20920502092,0.0,0.3984,44,1,0
1702901,TO,9817,14372.211469899155,0.2807,0.7141,53,0,0
1703701,TO,5540,49268.05054151625,0.0,0.9201,694,3,2
1703883,TO,2627,26350.20936429387,0.0,0.5214,107,1,1
1718659,TO,2211,13180.46132971506,0.0,0.5572,386,2,0
3519253,SP,9786,17261.598201512366,0.9769,0.0083,427,0,1
3533106,SP,2333,15762.966138019718,1.0,0.0,515,0,1
3543808,SP,9940,35113.27967806841,0.95,0.0272,2543,7,1
3547403,SP,2476,27518.17447495961,0.9334,0.0603,767,1,0
3516101,SP,2631,65354.998099581906,0.902,0.0845,819,2,1
3517604,SP,16896,25989.109848484848,0.6143,0.2185,324,0,0
5220207,GO,21849,31652.34106824111,0.313,0.4554,2084,15,1
3531704,SP,4739,17520.573960751215,0.6604,0.3098,216,0,1
5211800,GO,52160,17633.071319018403,0.269,0.6323,6234,40,4
3542701,SP,7762,27280.597784076268,0.9504,0.0496,700,4,1
5209903,GO,14215,15934.787196623285,0.0,0.8374,2714,16,2
5207600,GO,5471,27855.785048437214,0.0,0.6525,747,3,0
2105427,MA,26134,18721.58873498125,0.0,0.8885,279,0,0
2107258,MA,5469,15805.631742548912,0.0,0.9946,66,0,0
2105658,MA,4334,14239.501615136132,0.0,0.3473,22,0,0
2112902,MA,32956,9656.02621677388,0.0,0.6512,46,2,1
5213756,GO,13935,115134.26623609615,0.493,0.4109,2171,6,1
5205703,GO,2254,32995.56344276841,0.0,0.9804,283,7,0
2101004,MA,30014,10438.562004397947,0.0,0.2751,300,9,2
5201454,GO,2474,44491.51172190784,1.0,0.0,258,1,0
5204607,GO,3662,19862.643364281812,0.0,0.9482,580,10,0
5212253,GO,1652,30915.85956416465,0.8111,0.1773,230,8,0
2103901,MA,11451,7591.127412453061,0.0,0.3507,51,1,0
1100114,RO,51469,34294.215935806016,0.0,0.949,2611,8,3
2304202,CE,133913,13976.14122601988,0.0,0.4988,4588,39,1
2919801,BA,50481,8545.274459697708,0.0,0.3712,3075,54,1
2916708,BA,8375,12028.298507462687,0.0,0.097,213,1,0
2309805,CE,12313,12049.541135385365,0.8579,0.0,619,0,0
2306009,CE,14351,13607.553480593688,0.0,0.5926,1257,5,3
2903706,BA,12039,9270.454356674143,0.0,0.394,639,4,0
2904308,BA,14155,10196.467679265277,0.0,0.1576,608,2,0
2905156,BA,14671,6991.411628382523,0.0,0.7341,521,10,1
2915700,BA,7971,12969.765399573454,0.0,0.4696,204,4,0
2913002,BA,16463,6906.6998724412315,0.43,0.4469,1100,2,0
2307635,CE,20031,8728.021566571813,0.0,0.7388,625,1,0
2925709,BA,12028,8347.439308280678,0.0,0.3378,1600,9,0
2921104,BA,22741,22632.20614748692,0.0,0.5864,750,1,0
2921906,BA,8725,88818.33810888253,0.7278,0.2596,172,0,0
2933059,BA,14135,7937.813937035727,0.0179,0.7868,1031,1,0
2310605,CE,9207,13268.38275225372,0.0,0.278,620,1,1
2300705,CE,16077,14447.22274056105,0.0,0.7674,879,6,1
2927606,BA,13917,8574.40540346339,0.7375,0.1982,737,0,0
3201605,ES,31479,19284.88833825725,0.0,0.6301,636,0,0
2302008,CE,22834,10599.413155820268,0.2145,0.048,879,5,0
2931053,BA,17518,10442.630437264528,0.0,0.9615,474,18,1
3302858,RJ,177016,14796.566412075745,0.1869,0.0666,724,27,2
2807105,SE,40724,19408.898929378254,0.1,0.8271,403,5,0
2925931,BA,8939,8623.22407428124,0.0,0.9951,1410,0,0
2923035,BA,12653,8316.999920967359,0.0,0.9646,1048,3,2
2301950,CE,22715,10566.409861325115,0.3778,0.5816,120,0,0
2403301,RN,5697,10934.351413024398,0.0,0.6953,306,1,0
2300507,CE,11846,8289.886881647813,0.7711,0.1312,1028,2,0
3515194,SP,4926,18630.125862768982,0.9475,0.0525,438,4,1
4118501,PR,84779,53648.86351572913,0.7993,0.0373,9151,142,7
4321501,RS,39381,35095.528300449456,0.4382,0.3558,553,11,0
3304508,RJ,9401,31314.860121263697,0.6233,0.2071,113,2,0
3304300,RJ,60930,30057.689151485312,0.0,0.154,444,3,3
2407005,RN,10175,8631.646191646192,0.0,0.9468,428,10,0
2403202,RN,7068,11114.459535936616,0.5595,0.4308,162,2,0
2401453,RN,29112,25638.98048914537,0.0,0.9561,638,5,0
2807204,SE,9046,19537.47512712801,0.0,0.3895,145,6,0
2805703,SE,29756,18628.142223417126,0.35,0.6254,349,21,1
2405009,RN,9341,9248.474467401777,0.0,0.9884,666,2,0
2101202,MA,105094,14412.916056102156,0.0,0.0,464,13,0
4316600,RS,16382,51509.15639116103,0.0,0.1391,686,2,0
4321204,RS,57740,27171.319709040527,0.0,0.1038,1071,1,0
4321006,RS,10569,60580.28195666572,0.0,0.4927,289,2,1
2106409,MA,17122,10468.344819530428,0.0,0.755,57,5,0
2109908,MA,89927,16303.11252460329,0.0,0.6316,305,8,0
4213203,SC,34561,81195.6829952837,0.01,0.1212,429,6,0
4119004,PR,6232,38184.53145057766,0.0417,0.4631,2196,58,1
4126306,PR,19441,34196.90345146855,0.5006,0.4895,3255,1,0
4104907,PR,72125,50347.89601386482,0.7268,0.2353,1251,60,0
4111209,PR,12220,61623.40425531915,0.0,0.7497,2031,36,0
1100809,RO,28068,23357.773977483255,0.0,0.8582,593,8,0
2401503,RN,3989,11497.869140135372,0.0,0.6093,140,0,0
3304110,RJ,20254,209624.86422435075,0.2903,0.0671,3748,28,2
4219002,SC,21419,50731.686820112984,0.25,0.3017,31,0,0
3203403,ES,26079,23291.345527052417,0.0,0.2838,561,4,0
2403756,RN,3081,12680.947744238883,0.0,0.9146,394,2,0
2412104,RN,6221,13596.849381128435,0.0,0.9449,334,1,1
4215455,SC,13128,35541.97135892748,0.0,0.6518,18,0,0
4203956,SC,25477,52929.034030694354,0.0,0.0226,42,0,0
4208955,SC,1520,44286.84210526316,0.0,0.7484,181,1,0
4109500,PR,7554,15643.23537198835,0.9152,0.0412,412,10,0
4103305,PR,6290,39060.73131955485,0.0,0.86,2474,3,3
4112751,PR,8251,53568.41594958187,0.0,0.7226,1556,12,4
4212700,SC,5873,38062.829899540266,0.0,0.3196,13,2,0
4128005,PR,20809,82368.20606468355,0.3313,0.6271,4283,106,6
4112959,PR,7244,60870.651573716175,0.0,0.9389,2648,4,1
4127908,PR,8502,27492.472359444837,0.2365,0.7491,2347,1,0
4117602,PR,52503,30790.735767479953,0.6935,0.2004,78,1,0
1101484,RO,4962,26335.348649738007,0.0,0.9806,449,2,1
4123956,PR,4052,22463.474827245805,0.0,0.9661,545,2,1
4107546,PR,3980,40911.05527638191,0.0,0.8718,936,1,2
4108809,PR,33497,34033.167149296954,0.5954,0.3533,5157,30,3
1100064,RO,15213,27923.946624597385,0.0,0.9493,340,1,1
2109809,MA,42829,8359.569450605897,0.0,0.9418,292,6,0
2805604,SE,28788,12732.840072252327,0.0,0.2014,121,7,1
2106300,MA,20228,6969.992090172039,0.1069,0.5549,21,1,0
4107009,PR,15289,18055.660932696712,0.0,0.9383,1568,3,1
1100940,RO,27131,17967.63849471085,0.0,0.8903,435,7,1
4207007,SC,58055,60654.4828180174,0.4249,0.228,41,1,0
2407401,RN,8790,12308.873720136518,0.0,0.9936,417,0,0
4210035,SC,5683,51550.589477388705,0.831,0.0,64,1,0
3114105,MG,15031,19322.93260594771,0.0,0.0918,1288,13,2
3117207,MG,2814,21692.608386638236,0.0,0.004,46,0,0
2109551,MA,7859,15804.55528693218,0.0,0.6508,61,0,0
2104404,MA,17953,8360.051244917284,0.0,0.935,167,1,1
2111052,MA,11207,13516.373695012046,0.0,0.9502,217,2,1
2112001,MA,8642,272095.81115482526,0.1069,0.7806,517,4,0
2112456,MA,26112,8544.46231617647,0.0,0.9107,431,2,0
3161601,MG,3860,11611.658031088084,0.0,0.3482,391,1,0
2703809,AL,24167,21556.4612901891,0.0,0.7927,559,6,1
3541653,SP,3902,37038.18554587391,0.6821,0.2865,150,1,0
3167004,MG,1949,19785.531041559774,0.0,0.151,15,0,0
4108650,PR,6997,44184.50764613406,0.0,0.8895,70,3,0
4106100,PR,3891,39176.81829863788,0.7536,0.2313,284,0,0
4211454,SC,4327,43777.21284954934,0.0,0.7771,266,1,0
4204251,SC,16956,52196.27270582684,0.0,0.275,22,0,0
4219853,SC,3432,30199.009324009323,0.0,0.6408,22,0,0
4203105,SC,6112,51823.29842931937,0.0,0.6979,660,6,2
4205159,SC,4164,42194.0441882805,0.0,0.1783,17,0,0
4201273,SC,4268,66634.95782567948,0.0,0.2563,49,1,2
4202156,SC,2712,21255.53097345133,0.0,0.8837,488,10,0
4315073,RS,1258,35938.79173290938,0.0,0.4727,81,1,0
2701704,AL,16907,14667.356716153072,0.0069,0.9049,300,2,0
2700805,AL,4226,45271.65168007572,0.0,0.7858,266,2,0
1303106,AM,38665,8836.20845726109,0.0,0.7191,154,0,0
1302504,AM,99613,15506.761165711303,0.0,0.695,394,8,1
4314779,RS,3898,103467.41918932786,0.0,0.8486,14,0,0
2404101,RN,2903,56016.87909059593,0.0,0.9499,368,1,0
2400406,RN,3293,10492.86365016702,0.0,0.9067,398,3,0
4316477,RS,2734,65277.24945135333,0.0,0.4415,319,0,0
4313375,RS,30482,81606.02978807165,0.0,0.3456,446,6,0
2210409,PI,17617,9273.883181018335,0.0,0.6554,161,2,0
3204005,ES,23426,15303.466234098865,0.0,0.2721,379,6,0
2102408,MA,11255,6279.253665037761,0.0,0.5931,4,0,0
2209005,PI,6434,9557.196145477152,0.0,0.1085,123,1,0
2202075,PI,3586,9532.06915783603,0.0048,0.0881,21,0,0
2210979,PI,2781,11931.319669183747,0.0,0.0726,106,0,0
2210375,PI,2648,9566.465256797583,0.0,0.9619,32,0,0
2807303,SE,3271,13488.535616019566,0.0,0.4286,60,3,0
4301503,RS,6545,77033.30786860199,0.0,0.6202,217,1,0
4320552,RS,6586,47793.1976920741,0.0,0.2402,4,0,0
2100154,MA,12731,7986.175477181682,0.0,0.9789,19,0,0
2110658,MA,7448,43036.92266380236,0.0,0.9837,61,0,0
4304614,RS,1693,40157.70821027761,0.0,0.5572,7,1,0
4318481,RS,4924,23936.839967506094,0.0,0.02,132,3,0
4316006,RS,21591,33884.81311657635,0.0,0.2425,346,12,3
4322004,RS,30159,430464.73689445935,0.0,0.3333,66,0,0
4309803,RS,4690,78314.28571428571,0.0,0.5398,14,0,0
4319703,RS,3220,42093.167701863356,0.0,0.4897,17,0,0
4305587,RS,2466,35364.55798864558,0.0,0.1276,217,2,0
4309159,RS,4378,25007.080858839654,0.0,0.4953,6,0,0
2208106,PI,12150,8804.362139917695,0.0,0.9867,174,3,0
2201945,PI,6443,8028.092503492162,0.0,0.9632,26,0,0
2504033,PB,6715,11264.03574087863,0.0,0.9252,69,0,0
2513984,PB,3377,11583.654130885401,0.0,0.6574,361,3,0
2512804,PB,8555,10822.326125073057,0.0,0.1891,807,0,0
2510402,PB,6399,9665.7290201594,0.0,0.3674,180,1,0
2508505,PB,7274,9629.227385207589,0.0,0.5317,61,0,0
2107605,MA,19840,7012.852822580645,0.0,0.991,12,0,0
4302907,RS,12291,50694.41054430071,0.65,0.0,15,0,0
4305975,RS,2731,154692.05419260345,0.0,0.8269,36,0,0
4308250,RS,1709,60303.101228788764,0.0,0.5137,2,0,0
4203253,SC,2467,95262.26185650588,0.0,0.501,2,1,0
1502004,PA,24355,10504.208581400124,0.0,0.399,2,0,0
4301925,RS,1621,49813.07834669957,0.0,0.273,2,0,0
4300661,RS,1351,142923.01998519615,0.0,0.4214,4,0,0
4304853,RS,1327,53087.41522230595,0.0,0.3413,3,0,0
4310652,RS,2377,36490.53428691628,0.0,0.8538,1,0,0
4302238,RS,2628,146184.1704718417,0.0,0.9917,14,0,0
2602902,PE,210796,65022.05449818782,0.014,0.8065,12857,53,1
2616407,PE,140389,32423.074457400508,0.389,0.5608,5356,20,0
1502103,PA,140814,9897.382362549179,0.0,0.789,1085,16,2
2610004,PE,63745,14497.544905482782,0.0,0.3085,1201,9,0
1501451,PA,17944,13218.680338831922,0.0,0.7812,665,1,0
3135407,MG,4795,407353.28467153286,0.0,0.2707,884,2,0
3138302,MG,3222,17228.4295468653,0.0,0.0153,424,1,0
3127206,MG,4434,18794.09111411818,0.2419,0.5341,1046,1,0
3160405,MG,28603,29473.446841240428,0.7578,0.1041,3480,29,3
3157708,MG,14497,59355.866731047805,0.0,0.0093,1751,7,6
3130200,MG,11146,51874.214965009865,0.0,0.1157,2911,5,0
3155702,MG,14325,93493.96160558464,0.1721,0.1427,2228,10,5
2500205,PB,5622,10689.434364994664,0.0,0.6675,100,0,0
2206605,PI,10618,28073.931060463365,0.0,0.9715,207,4,0
1504703,PA,84251,16005.51922232377,0.0,0.8763,204,3,0
1506112,PA,13794,8763.37538060026,0.0,0.4877,97,1,0
2604908,PE,9494,11508.321044870445,0.0,0.621,324,0,1
2208205,PI,18492,10957.549210469393,0.0,0.5419,135,13,1
2202778,PI,7665,8885.97521200261,0.0,0.9875,81,3,0
5007695,MS,27660,80686.47866955893,0.45,0.3924,8539,32,3
5105580,MT,10107,66743.74196101712,0.0154,0.9717,2082,21,0
2601508,PE,12169,8176.431917166571,0.0,0.3847,52,0,0
2500700,PB,18020,12515.593784683684,0.0,0.1811,474,7,2
5006275,MS,5751,185063.29334028866,0.0,1.0,886,10,0
5004601,MS,21604,57637.28939085355,0.0,0.9467,3336,57,4
2504306,PB,30819,16405.69129433142,0.4964,0.4966,1249,2,1
2511905,PB,19478,22092.411951945785,0.0,0.8066,341,16,0
1500347,PA,27797,23136.741374968522,0.0,0.7352,498,1,0
1508050,PA,19344,16931.503308519437,0.0,0.9864,322,5,1
5001508,MS,7281,104256.83285263013,0.0,0.9411,868,16,0
1508035,PA,31549,9044.026752036514,0.0,0.9846,163,0,0
2515500,PB,13807,10694.720069529949,0.0,0.6601,851,8,1
5106174,MT,4013,35035.38499875405,0.0,0.9491,249,1,0
2505238,PB,6360,11652.51572327044,0.0,0.9845,81,0,0
1501204,PA,49454,11367.068386783678,0.0,0.6424,217,0,0
5217609,GO,91345,15906.738190377142,0.29,0.6712,13871,119,10
5200050,GO,9158,38621.969862415375,0.44,0.5466,1567,29,1
5200175,GO,5843,91260.14033886702,0.0,0.9874,867,18,0
2905701,BA,309208,109866.83720990401,0.1407,0.6248,5422,188,8
2919504,BA,46372,12415.250582247909,0.5007,0.3971,3600,149,0
2925907,BA,27672,8232.075744434807,0.1096,0.7328,735,2,0
2910701,BA,61112,13015.692499018196,0.0838,0.8499,3529,7,2
2933604,BA,46562,9904.213736523345,0.2,0.5143,650,10,0
2500908,PB,13613,8250.055094395064,0.0,0.3038,393,2,0
3125101,MG,37649,362591.9679141544,0.0,0.1622,2078,2,0
2208551,PI,2728,14373.900293255132,0.0,0.9933,18,0,0
2608107,PE,33570,9432.350312779266,0.0,0.7487,2661,0,0
2607208,PE,99101,150647.78357433327,0.111,0.7237,1397,6,0
2615003,PE,29472,11354.573832790446,0.0201,0.4349,1088,0,0
3105707,MG,4905,16702.75229357798,0.0,0.0523,760,0,0
3136306,MG,47990,44929.58949781204,0.9259,0.0462,7408,29,19
3103801,MG,2836,60936.53032440056,0.0,0.0244,880,5,1
3143302,MG,417478,25870.227892248215,0.9571,0.0055,38202,48,12
3169208,MG,7683,17047.8979565274,0.0,0.1461,1079,1,0
3142007,MG,13651,11941.762508241154,0.3085,0.6759,1718,2,0
3137106,MG,7588,31961.913547706907,0.0,0.0062,609,2,0
3122454,MG,11396,8178.483678483679,0.3173,0.6804,205,0,0
3140605,MG,4415,13710.985277463195,0.0,0.182,657,1,0
3169406,MG,57127,32896.24870901675,0.0,0.0064,13597,159,7
3161106,MG,56625,11446.32229580574,0.4673,0.5141,6872,1,3
3109600,MG,3580,14487.150837988827,0.2887,0.0317,750,0,0
3142502,MG,2184,21433.608058608057,0.0,0.9594,769,78,0
3151701,MG,16900,23897.455621301775,0.0,0.0516,626,4,0
3144904,MG,3548,16530.439684329198,0.0,0.2882,679,0,0
3138682,MG,6735,9721.455085374908,0.0,0.994,1558,2,0
3128253,MG,5005,15589.81018981019,0.0,0.9884,1238,0,0
3162609,MG,7393,13780.197484106588,0.0,0.0814,1220,7,0
3166709,MG,8725,10433.696275071634,0.2995,0.6686,859,4,1
5105309,MT,2036,20224.459724950884,0.0,0.9852,7,1,0
3501301,SP,25078,28306.723024164607,0.9959,0.0,4399,22,5
1507409,PA,15978,16546.125923144322,0.0,0.5944,144,0,0
1500107,PA,160439,12150.044565224167,0.0,0.7405,755,6,0
2508802,PB,5745,13865.796344647519,0.0,0.1482,484,1,0
2501153,PB,2105,12396.67458432304,0.0,0.2183,92,1,0
2516706,PB,15333,11027.522337442118,0.0,0.53,1902,5,0
2603801,PE,20048,12173.483639265762,0.0,0.1675,141,0,0
5007935,MS,20158,43707.56027383669,0.0,0.9564,2713,128,2
2503803,PB,6077,12293.236794470957,0.0,0.906,136,0,0
2200459,PI,5469,15016.456390565003,0.0,0.9746,330,8,0
2206670,PI,6825,9150.18315018315,0.0,0.3751,115,1,0
2202752,PI,6545,10780.595874713521,0.0,0.9757,62,2,0
2500502,PB,14629,9468.179643174517,0.0,0.8667,327,1,0
2513901,PB,34650,16364.126984126984,0.0,0.3009,1348,3,0
2200954,PI,2551,9653.077224617797,0.0,0.9706,18,0,0
2510303,PB,5011,9775.09479145879,0.0,0.0149,231,0,0
5101852,MT,6830,112613.61639824304,0.0,0.9509,853,1,0
1500958,PA,32200,9584.875776397515,0.0,0.644,165,0,0
2615607,PE,31103,13472.140951033662,0.0,0.5078,160,4,1
3142809,MG,21349,35500.11710150358,0.0,0.0149,842,9,0
3147709,MG,8031,59808.49209313909,0.0,0.0717,1240,2,2
3168804,MG,8160,25209.191176470587,0.0,0.0967,2560,16,0
2509370,PB,2944,10801.970108695652,0.0,0.2656,69,1,0
2612703,PE,14308,8545.009784735812,0.0,0.5081,169,2,0
3115508,MG,21566,17204.627654641565,0.9496,0.0409,3402,5,4
5213103,GO,69477,47334.97416411187,0.0,0.0618,19922,83,21
1200401,AC,419452,26119.019577925483,0.561,0.3191,15740,205,2
3301009,RJ,514643,72243.9827220034,0.8,0.0434,30102,102,20
3141504,MG,6446,12006.825938566553,0.0,0.1491,389,0,0
3139508,MG,22894,24613.173757316326,0.0,0.1631,2393,10,1
4119954,PR,28529,22903.256335658454,0.2597,0.1908,4063,66,3
3111804,MG,12251,55343.400538731534,0.0,0.0077,2091,13,5
3125903,MG,9576,15447.368421052632,0.0,0.5421,1895,6,1
3135704,MG,5203,24253.507591773978,0.0,0.4264,2058,1,0
3171071,MG,5733,23208.09349380778,0.8358,0.16,890,2,1
3104452,MG,5305,12645.428840716306,0.0,0.1687,269,0,0
4107504,PR,13962,40584.156997564816,0.1363,0.7503,2286,1,1
3116209,MG,2657,14020.700037636432,0.0,0.0478,507,0,0
3105103,MG,23964,32549.365715239524,0.0,0.0176,2993,22,2
3500907,SP,4211,26662.075516504392,0.9155,0.0,392,1,1
3157658,MG,6406,9046.362784889167,0.0,0.3383,172,0,0
2103307,MA,123368,13364.778548732249,0.4,0.0,132,3,0
3537909,SP,29612,43096.71754694043,0.855,0.1052,441,0,1
3123502,MG,1915,41427.15404699739,0.0,0.0,401,1,0
3105301,MG,5808,14907.54132231405,0.0,0.0591,192,0,0
3525003,SP,127734,38426.41739865658,0.0639,0.2879,5067,124,4
3501608,SP,244370,62271.47358513729,0.833,0.0138,33867,47,36
3121506,MG,2867,17657.830484827347,1.0,0.0,103,1,0
3548609,SP,10907,37283.120931511876,0.671,0.3044,682,1,1
3151909,MG,8288,14686.17277992278,0.0,0.1673,735,2,0
3513009,SP,257882,62486.583010834416,0.1859,0.2842,8696,127,6
3117801,MG,11852,18994.853189335132,0.1012,0.1101,1784,5,1
4100459,PR,1429,67332.40027991602,0.0,0.9625,439,1,0
4310207,RS,84041,61760.06948989184,0.0828,0.3815,7633,34,11
5211305,GO,7337,44272.999863704514,0.0,0.1263,1002,12,2
5209101,GO,34307,63235.87023056519,0.385,0.5367,8332,68,7
3546009,SP,14925,20959.396984924624,0.0,0.1418,2094,3,5
3506102,SP,77612,52575.439365046645,0.33,0.0,15906,174,27
3553955,SP,15361,58396.9793633227,0.983,0.0124,3015,75,4
3538105,SP,17378,28703.015306709633,0.9777,0.0128,2699,28,8
3525805,SP,4824,12197.968490878939,0.95,0.0481,1251,31,5
3551801,SP,12731,29783.20634671275,0.7966,0.164,1026,3,1
3507209,SP,839,88432.6579261025,0.9936,0.0064,240,0,0
3549250,SP,1942,26507.723995880537,0.9821,0.0172,567,1,0
3522406,SP,95241,39783.202612320325,0.8713,0.0932,4723,41,5
3534203,SP,7318,87570.51106859797,0.9394,0.057,1826,21,1
3546256,SP,2166,29296.86057248384,0.9523,0.0477,480,5,0
3552304,SP,7738,29307.831481002842,0.9389,0.0543,2301,4,3
3546504,SP,5577,18714.900484131253,0.9547,0.0453,1596,8,2
3531001,SP,2274,25620.932277924363,0.9218,0.0744,651,1,0
3532868,SP,1290,47027.13178294573,0.992,0.008,329,0,0
3529302,SP,84069,63716.36393914522,1.0,0.0,11499,98,15
3549300,SP,2095,27920.286396181385,0.9795,0.0035,1036,2,2
3544251,SP,15929,121065.7291732061,0.9118,0.0795,7729,77,2
3500709,SP,37582,70209.75466978873,0.0,0.0181,6411,55,10
3538006,SP,171885,79951.70026471186,0.9528,0.0169,33731,204,23
3516002,SP,14936,17731.722013926086,0.9881,0.0101,2709,20,0
3514304,SP,8883,90318.47348868626,0.9925,0.0035,981,4,0
3507506,SP,149718,39937.47578781442,0.9377,0.0396,18082,542,13
3507001,SP,63310,53597.046280208495,0.3937,0.0186,7059,47,2
3535101,SP,13691,9964.137024322548,0.9449,0.054,3623,129,6
3521309,SP,16794,26361.498154102657,0.98,0.0,1391,3,2
3539905,SP,6166,25044.275056762894,0.956,0.0386,860,13,1
1720499,TO,3848,40731.288981288984,0.0,0.9541,393,1,0
5205521,GO,3339,21095.837076969154,0.0,0.9659,532,4,0
4104303,PR,96102,53562.73542694221,0.7738,0.0688,11248,80,9
1504059,PA,30389,11198.492875711607,0.0,0.5807,245,1,0
5216007,GO,2590,42327.02702702703,0.0,0.9862,591,3,1
5221577,GO,2829,27365.853658536584,0.0,0.8818,307,1,0
5204250,GO,7997,8685.131924471676,0.726,0.215,484,6,0
5205901,GO,10012,70839.09308829404,0.944,0.0,1747,34,4
2100105,MA,6631,12828.834263308701,0.0,0.9975,14,0,0
2103208,MA,80705,11083.687503872126,0.0,0.7906,1239,16,1
5209457,GO,1681,38276.621058893514,0.0,0.9708,189,8,1
4204707,SC,11150,83184.21524663677,0.0,0.6381,875,13,1
4109708,PR,31854,27578.294719658443,0.1355,0.718,4777,5,5
2904605,BA,67468,26432.54579949013,0.7874,0.1367,3567,159,1
2900207,BA,20594,10127.124405166553,0.8554,0.0,1819,1,0
2900355,BA,17209,13986.28624556918,0.0,0.3679,369,5,0
2310902,CE,17210,9418.477629285298,0.0,0.9004,1013,3,0
2302206,CE,54315,19497.486882076773,0.4041,0.5458,1782,15,4
2927804,BA,6241,11405.38375260375,0.0,0.05,413,1,0
2904001,BA,14518,8127.2902603664415,0.0,0.7992,1221,5,1
2904803,BA,6232,12419.929396662388,0.0,0.0243,562,10,1
2907608,BA,17293,8935.696524605331,0.0,0.8725,344,4,1
2910859,BA,16314,8543.03052592865,0.0,0.8516,129,0,0
2926707,BA,12878,12108.557229383445,0.4194,0.5638,1033,7,0
2918605,BA,5777,11898.390167907219,0.0,0.6437,352,2,0
2926657,BA,4896,22675.0408496732,0.0,0.4607,201,0,0
2911709,BA,85353,19386.664792098694,0.5791,0.3541,4896,355,1
2915353,BA,14650,10422.184300341298,0.0,0.965,243,0,0
2307205,CE,8150,15917.668711656443,0.0,0.7276,396,3,0
2312403,CE,49306,175103.1720277451,0.4575,0.4568,942,2,0
2302800,CE,77484,11761.860513138196,0.24,0.6724,2158,8,0
2313203,CE,26199,10773.197450284362,0.0,0.7947,528,0,0
2907558,BA,9303,8412.555089755993,0.0,0.4027,618,1,0
2311504,CE,22432,28397.601640513552,0.0,0.9548,2282,12,0
2922730,BA,7830,12158.109833971903,0.0,0.1456,747,4,0
2929602,BA,17421,12247.058148211929,0.0,0.9205,761,0,0
2306801,CE,11580,13298.963730569949,0.7051,0.0381,1236,6,0
2933208,BA,44185,13641.167817132511,0.1431,0.7538,640,6,0
2614808,PE,26439,9530.54200234502,0.0,0.6858,708,0,0
2305654,CE,11597,9841.079589549021,0.0,0.868,398,2,0
2313609,CE,35295,18190.84856211928,0.0,0.871,286,6,0
2931509,BA,22590,8462.372731297035,0.0,0.3884,447,1,0
2924900,BA,9415,8412.639405204462,0.0,0.9841,106,1,0
2931400,BA,7296,24308.525219298244,0.0,0.7575,111,1,0
2923357,BA,17567,15949.50759947629,0.0,0.9461,1607,3,0
2930766,BA,9431,10956.526349273672,0.0,0.6408,226,1,0
2930758,BA,13104,9156.97496947497,0.0,0.7802,945,1,0
1600535,AP,22927,16311.161512627034,0.0,0.7744,806,22,1
2310951,CE,11052,7621.245023525154,0.0,0.9744,313,0,0
2306306,CE,53448,11124.476126328394,0.0,0.6359,99,2,1
2312809,CE,7758,8090.487238979118,0.0,0.9063,321,1,0
2413805,RN,2606,12460.859554873368,0.0,0.9857,151,0,0
2807501,SE,13534,10858.947835082015,0.0,0.9568,31,0,0
3302106,RJ,23211,27396.320710008185,0.0,0.0822,498,4,0
4103503,PR,8641,29304.71010299734,0.0,0.9723,1368,12,1
3551207,SP,3623,26651.39387248137,0.9212,0.0764,285,1,0
1720309,TO,4898,12618.211514904042,0.0,0.9504,23,0,0
3303955,RJ,25563,56826.154989633455,0.0,0.0584,1569,18,2
4314704,RS,9957,25359.64647986341,0.0,0.5868,674,7,0
3306156,RJ,11208,23568.34403997145,0.0,0.015,880,22,0
3303104,RJ,15305,21186.932375040837,0.0,0.136,3717,6,0
4210100,SC,56825,43817.87945446547,0.0,0.1611,128,1,0
2804409,SE,18688,17710.08133561644,0.0,0.768,316,6,2
2804458,SE,8822,12457.492632056223,0.0,0.2747,115,1,0
4111803,PR,39268,40697.48904960782,0.8955,0.0888,8143,805,3
4318309,RS,62187,43790.229469181664,0.17,0.7271,137,0,0
4319158,RS,7692,112835.15340613625,0.0,0.7242,305,0,0
4312179,RS,1611,54901.303538175045,0.0,0.5908,27,0,0
4309001,RS,15729,76479.17858732278,0.0,0.819,1233,7,5
4312625,RS,1901,48389.26880589164,0.0,0.5866,2,0,0
4307807,RS,34669,62633.50543713404,0.2695,0.1037,2543,49,3
4306353,RS,2331,24527.67052767053,0.0,0.8531,59,0,0
2100832,MA,17582,7620.236605619383,0.0,0.9808,71,0,0
2112233,MA,22223,23648.967286144984,0.0,0.8162,103,1,1
2110104,MA,25884,8441.353732035233,0.1069,0.755,28,1,0
4127007,PR,12761,48305.54031815688,0.2303,0.5391,49,0,0
4114351,PR,2442,33366.912366912366,0.0,0.9571,199,1,1
4116802,PR,4827,72116.42842345142,0.0,0.7666,1787,13,3
4118857,PR,6194,45511.94704552793,0.0,0.9906,3139,5,1
4126900,PR,5452,28143.250183418928,0.0,0.8527,1713,76,1
4107520,PR,1633,39954.684629516225,0.0,0.984,478,0,0
2804805,SE,187733,17219.657705358142,0.25,0.6364,3593,137,2
4108502,PR,13661,32611.082644023132,0.1012,0.8319,71,0,0
2403400,RN,6064,13518.6345646438,0.0,0.4389,232,1,1
1400027,RR,13561,17758.71985841752,0.0,0.9992,81,1,0
1400472,RR,31387,23333.099690954852,0.0,0.9374,958,2,0
2804102,SE,11361,18173.400228853094,0.0,0.3954,140,0,0
2803708,SE,7002,12787.060839760068,0.4548,0.4473,29,1,0
1100502,RO,8125,28492.553846153845,0.0,0.9821,253,5,1
4102901,PR,16411,33658.7045274511,0.0,0.1309,43,0,0
4106407,PR,47840,37882.75501672241,0.9347,0.0456,7002,316,16
4105003,PR,10144,35091.67981072555,0.0,0.9738,1614,23,1
4108205,PR,6345,58437.35224586289,0.0,0.9219,954,10,5
4113452,PR,4488,44761.14081996435,0.0,0.9434,2115,4,2
4116059,PR,10706,43570.33439192976,0.0,0.7439,2503,6,3
4122404,PR,68165,52447.59040563339,0.5465,0.2638,18503,151,26
4126504,PR,16456,41980.06806028196,0.6,0.3866,6209,465,6
4104501,PR,19172,57726.4761109952,0.5071,0.3951,4643,1,3
4114500,PR,13517,39322.0389139602,0.0,0.9661,1769,9,3
4106852,PR,2892,52273.513139695715,0.0,0.2947,1041,15,0
4216008,SC,11456,45458.71159217877,0.0,0.7227,1388,18,1
4110003,PR,4475,47491.39664804469,0.0,0.8581,1139,4,0
4110409,PR,4472,113474.50805008944,0.0,0.5453,1513,24,0
4113007,PR,7069,57314.47163672372,1.0,0.0,1543,8,0
4103354,PR,5338,45249.344323716745,0.0,0.9286,1258,7,0
4212809,SC,24385,62076.52245232725,0.0,0.0618,2852,10,4
4205902,SC,71925,57793.40980187696,0.0,0.083,2862,18,2
4215703,SC,23907,52551.42845191785,0.363,0.1697,697,7,1
4216800,SC,8054,39583.68512540353,0.0,0.561,4,0,0
2706703,AL,64005,15371.470978829779,0.0,0.7917,3409,9,0
2803104,SE,4869,16661.942904087082,0.0,0.5578,91,1,0
1100908,RO,2923,34083.817995210404,0.0,0.9629,163,1,0
4117701,PR,34109,48142.630977161454,0.8454,0.1287,887,7,0
4306007,RS,13269,38358.278694701934,0.0,0.7547,2656,3,4
4200309,SC,5570,41807.89946140036,0.0,0.197,28,0,0
3305901,RJ,10653,22718.483056416033,0.0,0.5146,147,3,1
2510600,PB,3052,12542.26736566186,0.0,0.9707,110,0,0
4208609,SC,3899,46508.84842267248,0.0,0.2629,12,3,0
4203501,SC,8312,52668.43118383061,0.0,0.7724,728,4,1
4104204,PR,135678,42257.56570704167,0.4199,0.2988,288,7,0
3168051,MG,3093,15864.856126737795,0.0,0.0441,648,1,1
2110500,MA,45989,6789.210463371676,0.0,0.8392,32,1,0
2111748,MA,11285,9025.343376163048,0.0,0.9771,141,0,0
3154408,MG,4826,77296.93327807708,0.0,0.5703,344,0,0
3140407,MG,2701,15843.761569788967,0.0,0.2935,8,0,0
4204400,SC,9900,38539.292929292926,0.0,0.2664,2363,34,2
4200507,SC,6544,21040.34229828851,0.0,0.818,1612,64,4
4215653,SC,8397,23706.323687031083,0.0,0.0667,10,0,0
4205175,SC,3232,18989.789603960395,0.0304,0.8534,380,0,0
4205506,SC,36723,34677.286714048416,0.157,0.5019,41,0,0
4211850,SC,2197,62475.64861174329,0.0,0.5091,30,0,0
2110807,MA,4540,18979.955947136565,0.0,0.9846,75,0,0
1302207,AM,15495,8910.874475637302,0.0,0.8401,14,1,0
4306908,RS,26039,41512.46207611659,0.0,0.1418,37,0,0
4311429,RS,2569,29145.192681977423,0.0,0.9632,25,0,0
1200302,AC,34986,16207.625907505859,0.0,0.8401,3507,8,2
2702405,AL,52501,12834.041256357023,0.8043,0.1372,1453,5,0
2708808,AL,34424,24947.594701371137,0.0,0.9852,744,2,0
1301407,AM,36121,15726.004263447856,0.0,0.8386,459,1,1
1301852,AM,49718,20150.89102538316,0.0,0.8227,613,2,0
2703759,AL,11495,33230.88299260548,0.0,0.935,88,1,0
1303304,AM,26443,9545.891162122301,0.0,0.8048,710,0,0
1300060,AM,11934,9960.78431372549,0.0,0.8718,15,0,0
1101302,RO,10691,24566.457768216256,0.0,0.9887,250,1,0
3202801,ES,34957,164321.4806762594,0.11,0.7477,960,3,2
4200705,SC,10136,33191.79163378059,0.0,0.2939,18,0,0
4303608,RS,6383,38003.44665517782,0.0,0.1243,4,0,0
4319737,RS,2732,33099.92679355783,0.0,0.7863,283,0,0
4302352,RS,14446,62757.37228298491,0.0,0.3501,86,0,0
3165800,MG,1422,24962.025316455696,0.0,0.0381,29,1,0
2308807,CE,8833,8555.98324465074,0.0,0.9573,92,0,0
2306108,CE,24450,9009.979550102249,0.0,0.5054,1680,0,0
2205276,PI,4885,12025.997952917092,0.0,0.8108,50,1,0
2209401,PI,6466,11111.815651098052,0.0,0.8505,61,0,0
4319505,RS,26161,34381.598562746076,0.0,0.06,411,0,0
2611533,PE,6796,9868.157739846969,0.0,0.3892,155,0,0
2414456,RN,3195,14344.600938967136,0.0,0.9772,212,1,0
2109056,MA,5936,7726.920485175202,0.0,0.6321,27,0,0
2201572,PI,3607,11439.977820903798,0.0,0.7636,109,3,0
2202802,PI,4811,12564.123882768656,0.0,0.2408,93,0,0
2514909,PB,7682,10705.285082009894,0.0,0.0536,210,0,0
4307815,RS,3646,54145.36478332419,0.0,0.868,16,0,0
4306320,RS,2718,54601.545253863136,0.0,0.485,539,1,0
4311239,RS,2939,23448.451854372237,0.0,0.6302,9,0,0
4302600,RS,3271,40033.01742586365,0.0,0.8953,249,1,1
4320677,RS,10152,21028.36879432624,0.0,0.5505,67,1,1
4322350,RS,1084,84107.93357933579,0.0,0.0321,4,0,0
4322905,RS,4628,44205.05617977528,0.0,0.4574,15,1,0
4300901,RS,6145,154103.9869812856,0.0,0.1469,821,0,0
4301701,RS,6616,51643.28899637243,0.0,0.1351,144,0,0
4308706,RS,5447,51913.16320910593,0.0,0.3692,103,1,0
4312054,RS,3981,31181.612660135645,0.0,0.1896,41,1,0
4308300,RS,10181,22342.40251448777,0.0,0.9539,9,0,0
4323507,RS,2726,50279.89728539986,0.0,0.7536,442,1,1
4305454,RS,16897,21427.41315026336,0.0729,0.5411,15,1,0
1502855,PA,14776,10132.444504602057,0.0,0.9931,18,0,0
1500131,PA,7536,13998.938428874735,0.0,0.9007,84,1,0
4313953,RS,8995,59331.51750972763,0.7288,0.1595,6,0,0
2106359,MA,7757,11708.650251385845,0.0,0.5622,2,0,0
4311502,RS,7410,67156.00539811066,0.0,0.2856,7,0,0
4315172,RS,1929,48347.84862623121,0.0,0.2881,1,0,0
5101407,MT,23067,62691.37729223566,0.0,0.9288,1955,4,0
5100250,MT,52105,40531.27339026965,0.48,0.4845,8524,43,3
3131307,MG,267333,65869.8215334433,0.9985,0.0,32695,85,5
3142304,MG,4948,15529.911075181892,0.0,0.3477,470,1,2
3102209,MG,3783,14445.6780333069,0.0,0.1048,1051,5,0
3129608,MG,8478,13560.155697098373,0.3568,0.0002,1017,1,0
3120102,MG,4436,14262.849413886384,0.0,0.1937,1397,1,1
3121803,MG,7493,12129.053783531295,0.0,0.1164,1361,26,0
3114204,MG,22900,27468.995633187773,0.0,0.059,4932,22,4
3151602,MG,12445,46149.29690638811,0.9579,0.0245,2741,8,2
3162500,MG,90897,33059.96897587379,0.2686,0.1102,19652,39,20
3138625,MG,7640,60582.59162303665,0.6424,0.309,1414,6,2
3109253,MG,3984,11937.248995983935,0.0,0.9517,582,2,0
1507300,PA,135732,14802.124775292488,0.0,0.6638,1009,3,1
1505486,PA,49110,17666.564854408472,0.0,0.9099,1454,10,0
2608701,PE,16345,8286.509635974304,0.0,0.2701,230,1,0
2501401,PB,9197,11727.084918995324,0.0,0.8955,144,0,0
5003157,MS,15449,22914.881222085573,0.2575,0.6849,2875,12,1
5103858,MT,7913,163138.12713256667,0.0,0.8875,898,4,1
5107578,MT,4069,28110.592283116246,0.0,0.9547,203,1,0
5105903,MT,15332,72718.10592225411,0.0,0.7639,508,17,0
2604205,PE,43778,8236.237379505688,0.0,0.2287,217,1,1
2605459,PE,3140,73108.91719745223,0.688,0.2538,1006,3,0
5001003,MS,26386,52822.822709012355,0.1157,0.842,2570,75,6
2515930,PB,5152,10612.577639751553,0.0,0.2877,368,2,0
2509206,PB,14077,9261.987639411807,0.0,0.6309,152,0,1
2616001,PE,18835,13132.413060791081,0.0,0.2082,636,4,1
5103700,MT,14847,70377.71940459352,0.0,0.9167,1558,3,0
3117306,MG,28782,45805.2602320895,0.0,0.0673,2514,11,2
3122009,MG,20020,15957.142857142857,0.0,0.1049,2017,0,0
3171600,MG,13729,9585.840192293685,0.0,0.2471,1211,4,0
5200308,GO,28360,39776.2341325811,0.0,0.8128,6431,69,5
5216452,GO,3156,224457.5411913815,0.0,0.9747,1246,2,0
5205000,GO,10299,47391.39722303136,0.0,0.7284,1410,18,1
5204706,GO,12880,25855.04658385093,0.0,0.6416,1767,23,2
2900801,BA,22509,15437.29174996668,0.0,0.4377,1108,0,0
2901205,BA,21229,10592.915351641623,0.0,0.5364,715,17,0
2925105,BA,46885,12232.185133838115,0.0,0.2107,852,14,4
2908606,BA,26223,11018.152003965984,0.0,0.8412,215,2,0
2925253,BA,14729,9683.617353520267,0.0,0.8656,292,3,0
2902708,BA,54225,7941.8902720147535,0.0,0.6927,1548,8,2
2506905,PB,24363,13783.688379920372,0.0,0.5783,693,3,1
3133303,MG,20997,14701.624041529742,0.4322,0.4482,1760,3,1
3112604,MG,16294,40910.82607094636,0.0,0.0226,3522,30,6
1504752,PA,16282,17727.797567866357,0.0,1.0,459,1,0
2201150,PI,11751,150504.55280401668,0.0,0.9699,166,31,5
3134608,MG,20683,14403.18135666973,0.0,0.3124,3172,71,5
3149606,MG,4457,19184.653354274174,1.0,0.0,2119,1,0
2204808,PI,9863,8356.17966136064,0.0,0.9732,191,1,0
3120805,MG,15529,20461.587996651426,0.0,0.0302,2876,6,2
5000252,MS,5489,43312.078702860264,0.0,0.9939,1358,6,0
3535200,SP,9173,23443.802463752316,0.8984,0.0962,2047,1,1
3170578,MG,6460,11970.743034055728,0.0,0.1207,933,2,0
3136603,MG,5739,18734.622756577803,0.0,0.0763,672,0,0
3115706,MG,7059,12334.749964584218,0.0,0.1466,616,0,0
1505536,PA,218787,227449.7113631066,0.12,0.5579,7517,24,0
3162104,MG,36084,32960.869083250196,0.0,0.1577,12785,75,5
3157500,MG,4354,11717.73082223243,0.0,0.2404,389,1,0
3120839,MG,5026,14734.182252288101,0.0,0.0505,1399,2,0
3120607,MG,5072,16383.675078864353,0.0,0.0584,1386,3,1
3126307,MG,4460,24956.502242152466,0.0,0.0037,566,0,0
3160603,MG,3044,16491.458607095927,0.0,0.8644,646,4,0
3157609,MG,3806,15749.343142406726,0.0,0.9708,629,4,0
3165107,MG,6980,27976.074498567334,0.0,0.0072,1156,7,4
3129103,MG,5516,32779.00652646845,0.4406,0.0071,1636,2,0
3144508,MG,8710,76794.7187141217,0.0,0.1599,1217,2,0
3138906,MG,7112,15811.44544431946,0.0,0.0838,1022,1,0
3143104,MG,48049,32440.134029844532,0.582,0.0218,9943,72,15
3107802,MG,14792,11568.956192536507,0.0,0.2021,872,1,0
3148509,MG,8390,11093.921334922527,0.0,0.0621,742,2,0
5107743,MT,2700,118731.11111111111,0.0,0.5276,191,2,0
2504504,PB,6662,13565.445812068449,0.0,0.4717,507,0,0
2513000,PB,3975,8413.584905660377,0.0,0.5411,63,1,0
2210003,PI,20720,20605.743243243243,0.0,0.88,195,7,1
2206902,PI,6548,8883.934025656688,0.0,0.8027,165,5,0
1500859,PA,29312,20061.13537117904,0.0,0.9762,1739,8,0
2517407,PB,2269,11882.327016306743,0.0,0.2792,321,1,0
2512200,PB,4265,15167.17467760844,0.0,0.9853,338,0,0
2501609,PB,15607,9665.214326904594,0.0,0.135,567,2,1
2501534,PB,5033,9891.515994436717,0.0,0.4653,686,4,2
2210631,PI,4311,59247.27441428903,0.0,0.9906,105,2,1
5004304,MS,16273,49855.40465802249,0.1189,0.7174,2366,1,2
5005152,MS,6861,67667.39542340767,0.2171,0.7587,1426,5,2
3504206,SP,15316,23409.76756333246,0.9073,0.0726,2340,14,0
5004007,MS,9934,30808.53633984296,0.0,0.9734,949,1,0
4106902,PR,1963726,49907.01554086466,0.9099,0.0331,20072,688,10
2614105,PE,36189,10151.95225068391,0.0,0.1783,1522,2,0
2108108,MA,21092,9206.3815664707,0.0,0.992,47,1,0
1100304,RO,104517,40328.80775376254,0.0,0.8575,5264,42,1
2511301,PB,16147,12776.490989038211,0.0,0.3595,1282,5,0
1505635,PA,12976,22561.26695437731,0.0,0.9953,36,1,0
2608255,PE,11545,11197.05500216544,0.0,0.1163,303,0,0
2706307,AL,73452,16085.035124979579,0.0626,0.8749,4432,72,4
2100436,MA,28066,10801.539228960308,0.0,0.7535,109,3,0
3144607,MG,26882,23008.03511643479,0.0,0.0287,5317,37,2
2204303,PI,11690,9619.6749358426,0.0,0.3526,74,0,0
2108900,MA,17321,9416.892789099937,0.0,0.6556,95,2,0
3130556,MG,6976,14503.15366972477,0.0,0.263,542,0,0
4113700,PR,580870,40636.88777179059,0.8733,0.0351,161838,3775,136
1300144,AM,22739,13096.882008883416,0.0,0.886,32,1,0
3123700,MG,11268,13936.190983315584,0.0,0.1554,1031,7,0
2202653,PI,5477,9702.391820339602,0.0,0.1781,27,0,0
2925303,BA,152529,24702.758164021267,0.6724,0.2337,3225,19,8
3148400,MG,4794,14048.811013767208,0.0,0.1528,464,0,1
3166105,MG,3516,14157.565415244597,0.0,0.1851,394,0,0
3520509,SP,260690,87525.862135103,0.8673,0.0,13184,102,6
3123304,MG,4202,15908.376963350785,0.0,0.3517,103,0,0
3163805,MG,6949,15122.895380630307,0.0,0.1372,464,2,0
3108206,MG,5397,84995.18250880118,0.0,0.0935,1034,5,0
3149002,MG,2559,16527.15904650254,0.9654,0.0315,52,0,0
3125309,MG,3202,20105.559025608993,0.0,0.1377,115,1,1
3150406,MG,5034,17842.868494239174,0.0,0.9467,287,0,0
3107000,MG,2482,25978.646253021758,0.0,0.9768,681,8,0
3168101,MG,4890,140948.4662576687,0.0,0.1042,280,6,0
3162252,MG,4949,12208.122853101637,0.0,0.9971,493,2,0
3170305,MG,2582,17107.668474051123,0.0,0.0924,61,0,0
3554300,SP,23395,26801.795255396453,0.9703,0.0191,5514,20,3
3505906,SP,63438,38097.08691951197,0.931,0.0155,13281,16,18
3136009,MG,15476,10509.433962264151,0.3286,0.138,1066,1,0
4103701,PR,108126,46520.48535967297,0.8295,0.0643,44614,298,25
3119708,MG,3448,26367.749419953598,0.0,0.0411,582,0,0
1100189,RO,37098,44275.05525904361,0.0,0.6022,2113,8,0
1709500,TO,88428,29950.015832089382,0.26,0.4756,1745,14,3
3114600,MG,4052,43842.79368213228,0.0,0.0743,227,6,0
3170651,MG,5045,13504.45986124876,0.0,0.9897,58,0,0
3158904,MG,8660,21922.17090069284,0.0,0.1519,230,2,0
3304706,RJ,42705,30081.817117433555,0.0,0.1009,2539,39,3
3538709,SP,410275,84225.7607702151,1.0,0.0,52002,89,33
2105906,MA,16369,8294.03140081862,0.0,0.7987,88,11,1
3556008,SP,13965,34609.738632295026,0.9918,0.0054,1349,31,1
3501905,SP,73145,70437.5692118395,0.267,0.0751,10306,9,6
3530300,SP,60768,43778.53475513428,0.8,0.0,5008,170,5
3544301,SP,10888,34421.932402645114,0.8784,0.1131,1439,4,1
3528403,SP,47723,56474.15292416654,0.0,0.0839,2523,6,5
3505104,SP,7532,14488.183749336165,0.9486,0.002,1464,3,3
3509254,SP,28441,61714.63731936289,0.6986,0.2054,2558,2,1
3530409,SP,4966,42951.06725734998,0.95,0.0,892,16,2
3539004,SP,11524,31655.501561957655,1.0,0.0,3203,88,7
3503901,SP,92453,89703.63319740842,0.5626,0.1294,5195,6,0
3512506,SP,6197,35303.69533645312,0.9096,0.0878,1430,4,1
3547304,SP,145073,79579.95629786383,0.0964,0.3715,8669,103,3
3525201,SP,31173,96153.72277291246,0.284,0.4207,2299,20,2
3547502,SP,27641,29877.17521073767,0.4904,0.0082,4339,33,4
3554755,SP,1752,25639.269406392694,0.9993,0.0007,491,4,0
1716653,TO,5546,19402.45221781464,0.0,0.4686,64,1,0
1702158,TO,5856,17393.784153005465,0.0,0.5907,127,0,0
1706506,TO,6250,38709.12,0.0,0.3654,75,0,0
3554953,SP,7058,25756.58826863134,0.0,0.3375,304,0,0
3526001,SP,20978,38510.77319096196,0.9921,0.0045,4105,5,2
3529203,SP,26791,28179.239296778767,0.9621,0.0303,4074,7,3
1703909,TO,5514,70637.10554951034,0.0,0.9109,58,0,0
1706001,TO,5690,35759.7539543058,0.0,0.3938,93,3,0
1713205,TO,17628,36419.50306330837,0.0,0.8889,622,5,1
3544004,SP,36233,49338.475974939975,0.0,0.0067,1330,1,0
3517208,SP,12416,18704.977448453606,0.8795,0.0574,1893,6,2
1722081,TO,11783,15566.833573792752,0.0,0.9881,69,1,0
1718907,TO,4864,63257.60690789474,0.0,0.4645,114,0,0
1700707,TO,8381,56569.74108101658,0.0,0.9198,193,6,0
1711803,TO,2174,20420.883164673414,0.0,0.6767,53,0,0
1720655,TO,5452,44080.887747615554,0.0,0.9894,333,7,1
3502606,SP,4122,36763.70693837943,0.9065,0.0905,1070,1,0
3515657,SP,1739,46552.041403105235,0.8855,0.1039,112,4,0
3522802,SP,15197,20103.573073632953,0.9138,0.0651,1559,0,0
2413003,RN,6476,11878.011117974058,0.0,0.1437,251,3,1
2111631,MA,5028,8744.630071599046,0.0,0.7637,134,0,0
2104099,MA,19425,10408.288288288288,0.0,0.9697,346,14,0
5212055,GO,2497,15883.460152182619,0.0,0.9395,352,2,0
4125357,PR,5532,26281.091829356472,0.0,0.9797,1591,17,2
2112852,MA,13800,11372.391304347826,0.0,0.99,341,2,0
2402600,RN,74268,13494.439058544729,0.35,0.4199,5194,39,3
5203401,GO,8912,28911.57989228007,0.0,0.9705,1360,10,2
5214903,GO,3208,20754.052369077308,0.0,0.9509,244,6,0
5214838,GO,13020,48273.73271889401,0.0,0.8358,971,4,1
5203575,GO,4579,34206.158549901724,0.0,0.1614,208,3,0
5206701,GO,3302,13621.13870381587,0.0,0.9126,671,3,1
5206602,GO,2820,34350.0,0.0,0.3559,675,4,1
2109601,MA,43243,10249.98265615244,0.0,0.9167,475,6,0
2108504,MA,33186,8926.866751039595,0.0,0.921,115,1,0
2108801,MA,18814,6952.322738386308,0.0,0.8041,91,1,0
2105948,MA,8841,9500.961429702522,0.0,0.9895,33,0,0
2104057,MA,43097,26423.97382648444,0.0,0.904,313,11,0
4119152,PR,134788,59079.554559753095,0.7282,0.126,2544,10,1
5216908,GO,2135,90275.87822014051,0.0,0.9517,166,2,0
2923407,BA,21840,10905.540293040292,0.0,0.8538,977,19,2
2909307,BA,32243,101729.95688986756,0.1206,0.6804,4884,22,1
2927705,BA,28058,19546.724641813387,0.471,0.4174,1237,3,1
2923209,BA,21797,13393.035738863146,0.0,0.9165,1224,4,0
2921302,BA,10838,13287.968259826535,0.0,0.9742,524,0,0
2306702,CE,18133,12498.979760657365,0.0674,0.1083,1086,6,2
2910107,BA,12281,11587.248595391255,0.0,0.9955,225,3,1
2905107,BA,8912,10356.149012567324,0.0,0.8736,345,2,0
2913101,BA,17048,9120.248709526044,0.0,0.9794,736,6,1
2918001,BA,156277,20325.742111763087,0.6629,0.1647,6978,85,2
2911402,BA,15247,16667.34439561881,0.1199,0.8118,432,0,0
2917003,BA,36140,9731.986718317654,0.4129,0.4514,609,0,0
2303204,CE,27008,9372.297097156397,0.0,0.8524,349,11,0
2308401,CE,35566,14506.466850362705,0.0829,0.0271,596,29,2
2312007,CE,32851,8525.524337158686,0.0,0.406,139,1,1
2921401,BA,18603,7602.375960866527,0.0,0.6629,1011,1,0
2308005,CE,39341,9626.54736788592,0.3504,0.0467,298,1,1
2300101,CE,11965,9859.674049310488,0.0,0.7766,414,4,0
2901809,BA,11955,6917.774989544124,0.0,0.8093,215,0,0
2922052,BA,10469,20336.421816792434,0.0,0.9944,277,3,1
2313708,CE,7740,8971.70542635659,0.0,0.7511,415,0,0
2903409,BA,23540,15875.70093457944,0.69,0.2499,1548,3,0
2929370,BA,10546,12014.792338327328,0.0,0.58,589,1,0
2930006,BA,11586,9256.257552218194,0.0,0.8994,867,13,0
2932002,BA,23991,9798.341044558376,0.0,0.9445,830,1,0
2307809,CE,27822,14052.512400258787,0.0,0.8859,418,2,0
2302305,CE,32851,9809.259992085477,0.6003,0.3603,1525,4,0
2313252,CE,8555,10015.429573348918,0.1462,0.8515,42,0,0
2932507,BA,18108,18605.53346587144,0.3359,0.6343,669,2,0
2900603,BA,4387,12244.814223843174,0.0,0.0261,166,0,0
2302107,CE,36127,12408.226534171119,0.0422,0.6081,180,4,0
2304707,CE,55170,8508.374116367591,0.0105,0.85,415,1,0
2903805,BA,18491,8399.599805310692,0.0,0.8897,364,0,0
2909000,BA,8667,8165.455174800969,0.0,0.991,140,3,0
2926004,BA,41324,11780.321362888395,0.7709,0.2035,1510,3,1
2924702,BA,10253,7744.855164342143,0.0,0.9261,2278,200,3
2414605,RN,14937,14337.216308495681,0.0,0.9755,478,2,1
3300704,RJ,234077,52801.543936397,0.76,0.0,2585,55,4
2303659,CE,10410,10766.666666666666,0.0,0.9765,107,0,0
2304301,CE,19330,10462.907397827212,0.0,0.8598,1081,8,1
2307502,CE,31476,10906.849663235482,0.0,0.5979,701,1,1
2311405,CE,82455,17008.804802619612,0.1,0.7937,3428,14,2
2312700,CE,25418,13859.154929577464,0.0,0.4954,455,0,0
2915007,BA,16164,7842.242019302153,0.0,0.8568,421,1,0
4105300,PR,11872,79412.65161725067,0.7088,0.247,2210,0,1
3554607,SP,2647,25047.601057801283,0.9488,0.0299,73,0,0
3542503,SP,10047,18401.015228426397,0.0,0.0497,1311,2,0
1713700,TO,2311,32455.214192990046,0.0,0.6689,96,1,0
3304003,RJ,29802,82208.91215354674,0.3738,0.0021,5099,41,5
3300159,RJ,12036,20698.32170156198,0.0,0.0913,717,9,0
2405900,RN,2653,10550.697323784396,0.0,0.3636,34,0,0
2414753,RN,4232,10208.648393194708,0.0,0.9191,187,1,0
4316808,RS,132271,74205.0033643051,0.6738,0.0455,10051,68,10
4323804,RS,17126,42809.23741679318,0.0819,0.7216,87,3,0
4309555,RS,4967,49425.407690759006,0.0,0.5106,35,2,0
4306502,RS,15556,22940.151709951144,0.0,0.4421,3,0,0
4323200,RS,2840,104179.57746478873,0.0,0.6285,81,0,0
2104073,MA,8506,13874.794262873265,0.0,0.9917,335,3,0
2101707,MA,63891,9951.26074094943,0.0826,0.6468,32,2,0
2105708,MA,50959,10802.35090955474,0.0,0.785,145,5,1
2111573,MA,4700,17777.021276595744,0.0,0.9934,681,1,0
2105476,MA,17123,7344.624189686387,0.0,0.979,202,0,0
4115507,PR,4676,22126.603934987168,0.0,0.9879,1218,5,0
4107603,PR,17379,28779.388917659246,0.0,0.7808,3420,14,5
4107405,PR,5906,52715.54351506942,0.0,0.9214,1418,8,2
4102604,PR,10347,25538.610225186043,0.0,0.4352,582,34,0
4319000,RS,21756,52647.0398970399,0.0,0.0407,36,2,0
4103909,PR,13888,41647.39343317972,0.0,0.9627,3445,4,0
4107157,PR,5279,24255.730251941655,0.0,0.8825,849,5,0
4120408,PR,5395,27324.00370713624,0.07,0.9066,1430,21,0
2411700,RN,4541,10047.126183659986,0.9257,0.0568,403,4,1
4113304,PR,32167,31951.503093232193,0.3794,0.5045,3337,87,1
3305208,RJ,107556,25509.139425043697,0.76,0.0,2769,40,1
2401800,RN,12873,10833.99363007846,0.0,0.6125,497,4,1
2402709,RN,11182,12556.966553389375,0.0,0.9083,1005,7,0
2412401,RN,4696,17856.68654173765,0.798,0.1965,557,0,0
4101903,PR,14792,36478.16387236344,0.5361,0.4053,6051,225,2
4100707,PR,9722,42092.67640403209,0.4878,0.4933,3517,30,2
4117297,PR,2836,32234.837799717912,0.0,0.9798,903,0,0
4102109,PR,26304,33567.86040145985,0.6809,0.3086,4884,13,2
4101655,PR,2951,51561.504574720435,0.0,0.9288,951,9,0
4104659,PR,24225,65176.22291021672,0.746,0.1834,137,4,0
4115705,PR,35705,24992.185968351772,0.521,0.0,7009,181,6
4124202,PR,2611,20707.39180390655,0.0,0.9849,973,13,1
4117107,PR,13188,33588.41370943282,0.524,0.0,4496,6,3
4115358,PR,5562,85964.22150305645,0.0,0.6367,2342,119,5
1100072,RO,7052,56257.515598411796,0.0,0.922,218,0,0
2800704,SE,8396,11420.438303954264,0.0,0.9818,132,2,0
2805307,SE,9436,14616.574819838916,0.0,0.7466,102,5,1
4309605,RS,19446,134124.85858274196,0.0,0.4519,3013,52,7
1100262,RO,3843,47991.15274525111,0.0,0.9953,201,1,0
4200804,SC,5477,37207.2302355304,0.0,0.7421,157,4,2
4207106,SC,14531,83624.87096552199,0.0,0.3691,501,0,0
4206603,SC,5196,38980.369515011545,0.0,0.6347,549,1,1
4201257,SC,10951,40398.50241987033,0.0,0.1763,604,2,0
4318408,RS,24569,27148.43908991005,0.0,0.1584,42,0,0
4205001,SC,15592,40805.41303232427,0.8,0.0,369,1,0
2402501,RN,10972,19226.212176449142,0.5585,0.2142,335,2,0
2401701,RN,10323,10591.688462656204,0.0,0.871,342,1,1
4205803,SC,18816,108052.66794217686,0.0,0.4134,4400,140,3
2104107,MA,12662,27382.719949455062,0.0,0.9886,507,6,0
2103703,MA,32559,8126.416658988298,0.0,0.9819,714,0,0
3160801,MG,5411,16505.267048604695,0.0,0.0182,477,0,0
3172202,MG,2543,13011.403853716083,0.0,0.7008,20,0,0
3138500,MG,4994,21553.464156988386,0.0,0.0576,140,1,0
4103958,PR,3831,39254.241712346644,0.0,0.9669,36,0,0
4111258,PR,29493,21258.332485674568,0.1556,0.7785,45,0,0
4215752,SC,2239,39373.38097364895,0.0,0.9485,103,1,0
4207601,SC,4367,24529.42523471491,0.0,0.1841,280,4,0
4209201,SC,2248,61277.58007117438,0.0,0.05,4,0,0
4210555,SC,1703,57602.466236054024,0.0,0.8105,88,0,0
4212270,SC,4072,43019.155206286836,0.0,0.2975,29,1,0
4207908,SC,11354,40421.61352827198,0.0,0.3026,28,0,0
4216354,SC,3784,89358.61522198732,0.0,0.3122,43,1,0
4209177,SC,2083,42358.137301968316,0.0,0.977,74,0,1
4212601,SC,2733,44253.567508232714,0.0,0.1364,134,0,0
4203303,SC,11985,58375.96996245307,0.0,0.0877,66,1,0
4201109,SC,3223,26235.18461061123,0.0,0.273,14,0,0
2702207,AL,5882,16327.099625977558,0.0,0.8162,271,11,0
4302378,RS,1858,46436.49085037675,0.0,0.6248,571,0,0
2700607,AL,8434,28270.21579321793,0.1069,0.4105,326,5,1
2704104,AL,17692,15431.607506217499,0.0,0.9489,837,5,0
1300029,AM,16396,13255.245181751647,0.0,0.5732,620,1,1
1301100,AM,38820,10180.164863472437,0.0,0.696,55,0,0
2706109,AL,11573,9543.679253434719,0.0,0.974,746,1,0
1303601,AM,26566,6994.541895656102,0.0,0.8307,66,0,0
1304302,AM,16007,12847.87905291435,0.0,0.8509,69,0,0
4308508,RS,31675,45165.14601420679,0.0756,0.2115,4496,9,8
1101476,RO,2697,39684.83500185391,0.0,0.972,311,0,0
4322301,RS,7730,49616.17076326002,0.0,0.8699,906,16,0
4302204,RS,6712,48701.57926102503,0.0,0.8779,845,6,2
4320701,RS,15041,29163.02107572635,0.0,0.1581,42,2,0
4312401,RS,66157,86949.6803059389,0.0,0.0952,574,0,0
2603108,PE,20618,12337.22960519934,0.0,0.1292,195,8,0
2209203,PI,6256,98463.39514066496,0.0,0.4622,172,1,0
3203163,ES,10919,17189.119882773146,0.93,0.0173,464,5,0
2102036,MA,35095,10706.254452201169,0.0,0.6959,590,0,0
2211357,PI,4930,9034.48275862069,0.0,0.8474,61,3,0
4305439,RS,6832,54200.96604215456,0.0,0.1699,1,0,0
2207306,PI,4124,10729.631425800195,0.0,0.8906,54,2,0
4310108,RS,37754,50031.25496636118,0.0852,0.1026,6273,29,7
4314456,RS,2581,47788.066640836885,0.2426,0.3388,361,0,0
4306957,RS,2724,76180.61674008811,0.0,0.2582,74,0,0
4321857,RS,4232,42185.49149338374,0.0,0.5746,17,0,0
4312351,RS,1430,68627.27272727272,0.0,0.5124,4,0,0
4306734,RS,4380,59542.46575342466,0.0,0.9725,772,4,2
4306809,RS,23047,50694.450470777105,0.0,0.0801,1882,5,5
4322707,RS,27325,30254.931381518756,0.0,0.096,786,4,0
4309050,RS,8304,55621.989402697494,0.1742,0.03,30,1,0
4310413,RS,2207,50093.33937471681,0.0,0.6902,280,0,0
4320263,RS,7465,21846.885465505693,0.0,0.8533,9,3,1
1506401,PA,10496,9150.438262195123,0.0,0.7914,4,0,0
2515807,PB,7001,10172.546779031567,0.0,0.4429,82,0,0
2503555,PB,7225,9287.612456747405,0.0,0.0689,66,1,0
2202174,PI,7342,7702.8057749931895,0.0,0.993,9,0,0
2209807,PI,5044,11248.017446471054,0.0,0.9172,53,7,0
2513505,PB,5098,10012.94625343272,0.0,0.8803,27,0,0
2515203,PB,3534,11433.220147142049,0.5036,0.4959,408,0,0
2510006,PB,7271,9072.342181268052,0.0,0.581,204,1,0
2208601,PI,3149,8759.606224198158,0.0,0.7986,12,1,0
2502201,PB,2588,12384.466769706338,0.0,0.9848,81,0,0
4318432,RS,2535,41347.92899408284,0.0,0.9483,5,0,0
2513356,PB,3591,10235.588972431078,0.0,0.9657,40,0,0
2207934,PI,2551,12278.322226577813,0.0,0.9939,27,0,0
2210383,PI,2456,11104.234527687297,0.0,0.989,17,1,1
4322855,RS,1776,67251.68918918919,0.0,0.0,8,0,0
4313003,RS,3345,42195.216741405085,0.0,0.6876,58,0,0
4316972,RS,2593,139226.3787119167,0.0,0.288,6,0,0
4318465,RS,1917,30835.68075117371,0.0,0.8927,1,0,0
4211256,SC,2884,50318.307905686546,0.0,0.0066,1,0,0
4305504,RS,4693,56330.70530577456,0.0,0.1913,21,0,0
4309571,RS,3019,23564.756541901294,0.0,0.9479,2,0,0
2609402,PE,63792,13990.876598946576,0.174,0.6962,3012,13,4
2609501,PE,32673,21071.46573623481,0.16,0.8014,1242,7,1
2614204,PE,46845,15423.097449034049,0.33,0.4372,874,3,0
2607604,PE,27076,11051.558575860541,0.0,0.8012,1054,4,0
2604106,PE,369343,23456.58371757418,0.4577,0.4926,2487,14,6
3157807,MG,221705,23863.19207956519,0.7329,0.2004,37628,177,11
2611101,PE,359372,22244.459779838162,0.85,0.0686,8182,13,2
3121407,MG,7266,35948.80264244426,0.0,0.0926,475,0,0
3104502,MG,17850,17849.85994397759,0.0,0.654,2028,3,4
3131802,MG,11637,11723.210449428547,0.0,0.1508,1386,16,0
3122207,MG,7655,10750.489875898105,0.0,0.2911,682,14,0
3109907,MG,11869,26561.9681523296,0.0,0.1446,2120,1,0
3153608,MG,10931,18583.478181319184,0.0,0.4994,1822,12,0
3172103,MG,5270,26633.965844402275,0.0,0.1328,485,0,0
1505403,PA,18079,11097.350517174622,0.0,0.8126,29,0,0
2514701,PB,4153,30132.91596436311,0.0,0.0124,359,1,0
2506707,PB,11877,8277.679548707587,0.0,0.4914,135,2,0
2210508,PI,14356,9391.264976316523,0.0,0.8748,430,4,0
2203420,PI,4352,10692.095588235294,0.0,0.1503,68,0,0
2203305,PI,13862,15267.566007791083,0.0,0.9691,93,6,0
2507002,PB,24960,13671.274038461539,0.742,0.1917,1792,3,0
2515906,PB,6037,11212.52277621335,0.0,0.5904,143,0,0
2513406,PB,15470,24065.41693600517,0.3577,0.0729,1504,6,1
2206357,PI,6603,8111.918824776617,0.0,0.963,108,1,0
5108402,MT,290383,34151.41726616227,0.17,0.5488,10442,150,2
5106422,MT,35695,25734.19246393052,0.0,0.9008,2896,21,4
5108055,MT,9284,54104.696251615685,0.0,0.8842,1580,7,0
5106752,MT,46105,52840.73310920724,0.79,0.1836,4180,218,9
5101803,MT,61702,41607.17642864089,0.586,0.0,3695,107,1
2502706,PB,5311,13030.50273018264,0.0,0.3197,241,0,0
2608206,PE,15999,11332.583286455403,0.0,0.3749,187,0,0
2607653,PE,36495,14321.331689272503,0.0212,0.8497,1407,0,1
2516300,PB,17096,11749.941506785213,0.0,0.685,127,1,0
2616308,PE,32897,15789.46408487096,0.0,0.4303,722,2,0
5100508,MT,11587,14382.325019418313,0.0,0.6627,323,3,1
1506559,PA,19839,9887.998387015474,0.0,0.6421,362,0,0
5106455,MT,2637,87938.94577171028,0.0,0.909,807,7,0
2615805,PE,27793,8172.201633504839,0.0,0.3798,677,4,0
2512747,PB,3650,9997.808219178081,0.0,0.6654,137,0,0
1503309,PA,63367,10908.406583868575,0.0,0.9338,292,1,1
3143906,MG,109997,24137.53102357337,0.327,0.0159,16286,5,0
2207900,PI,38812,9952.463155725034,0.0,0.8759,699,7,1
5221197,GO,8326,25350.46841220274,0.0,0.9149,659,30,2
5218706,GO,4832,17221.854304635763,0.0,0.8101,650,7,1
4217501,SC,17610,66924.24758659852,0.0,0.1628,1845,36,1
5208103,GO,4098,27249.633967789166,0.0,0.7017,881,4,2
2114007,MA,52190,10867.33090630389,0.0,0.8715,931,4,0
2925600,BA,15180,8707.312252964426,0.0,0.9108,953,8,1
2924801,BA,25162,7467.768857801447,0.0199,0.5392,1157,5,1
2904050,BA,16999,15926.878051650097,0.0,0.9339,1713,9,1
2932903,BA,97873,17784.62906010851,0.018,0.0768,2791,9,2
2928406,BA,28613,9998.217593401601,0.17,0.8051,1875,3,2
2303501,CE,72706,14777.006024262097,0.0392,0.0667,1295,20,2
3140803,MG,14626,42951.25119649938,0.0,0.2632,1876,13,1
5101001,MT,3064,41316.57963446475,0.0,0.9625,567,3,0
3128501,MG,3755,15349.1344873502,0.0,0.0404,671,4,0
2502805,PB,14287,10299.853013228809,0.0,0.1421,555,1,0
5002001,MS,11368,53061.840253342714,0.0,0.9794,1012,3,0
5008305,MS,125137,104352.28589465945,0.3729,0.3669,20302,85,18
5102637,MT,36917,187188.91025814664,0.0,0.7603,3883,20,2
1504208,PA,287664,47010.20982813282,0.0,0.6356,1538,14,1
3137502,MG,18168,31130.724350506385,0.85,0.0,2446,23,3
3126208,MG,9810,32101.630988786954,0.0,0.8517,1681,3,2
3153400,MG,19680,37169.15650406504,0.0,0.1351,1843,4,1
3155108,MG,5117,10293.726793042799,0.0,0.1725,432,0,0
3527009,SP,8201,30018.16851603463,0.0,0.1567,541,2,2
3100203,MG,23263,23266.08777887633,0.5983,0.0476,1401,6,3
3139102,MG,5119,58993.55342840398,0.0,0.0651,1144,0,5
3115359,MG,5465,920834.0347666972,0.7256,0.0283,1579,2,1
3146008,MG,33938,27526.34215333844,0.0,0.1044,2852,5,1
3100500,MG,9270,17888.24163969795,0.0,0.2527,1067,2,0
3520103,SP,30791,42208.34009937969,0.9291,0.0681,1610,8,1
3111150,MG,3830,10616.710182767623,0.0,0.9678,401,0,0
3152501,MG,154293,69478.80331576934,0.9775,0.0159,12970,50,6
2503902,PB,6048,11845.568783068784,0.0,0.6474,214,4,1
2614600,PE,28860,10911.399861399861,0.0,0.1203,1156,2,1
2205201,PI,19233,9970.935371496906,0.0,0.8675,586,4,0
2210300,PI,6379,9332.81078538956,0.0,0.9493,104,4,0
2204550,PI,4573,9862.016181937459,0.0,0.4016,68,0,0
5106802,MT,5344,246782.1856287425,0.0,0.8846,547,4,0
5105234,MT,6246,39221.90201729107,0.0,0.98,245,5,0
5102603,MT,16223,26958.269124083094,0.0,0.8452,334,16,2
2516607,PB,14791,9458.454465553377,0.0,0.5537,299,0,0
1507201,PA,32285,13579.371225027102,0.0,0.7387,345,0,0
2612208,PE,61561,16278.244343009374,0.338,0.6081,7287,6,1
2204352,PI,5477,10818.51378491875,0.0,0.991,328,2,0
2609907,PE,70466,11076.448216160985,0.0,0.0897,174,6,0
2616100,PE,9572,8454.972837442541,0.0,0.2946,668,1,0
2611002,PE,37246,44994.79138699458,0.8932,0.088,212,2,1
2107803,MA,35108,9200.296228779765,0.0,0.9868,326,0,0
3135803,MG,25555,10754.52944629231,0.7185,0.2071,462,4,0
3143401,MG,24247,25011.259124840188,0.8724,0.0638,2540,11,2
2507903,PB,10830,10836.842105263158,0.0,0.9205,480,1,0
4300406,RS,72493,42485.08131819624,0.2805,0.1826,284,6,0
3506508,SP,126094,31305.121575967136,1.0,0.0,38097,313,26
2508208,PB,7754,10773.407273665205,0.0,0.8486,128,0,0
3132305,MG,12910,9419.209914794732,0.0,0.2369,617,1,1
3513801,SP,429550,43031.90781049936,0.1182,0.0262,19437,59,13
3122470,MG,3635,19065.199449793672,0.0,0.3577,1226,5,0
3124708,MG,3483,47456.79012345679,0.0,0.4386,720,9,1
2204501,PI,10496,60708.079268292684,0.1069,0.7508,290,7,0
3137304,MG,4062,14675.283111767601,0.5241,0.4733,284,3,0
3146750,MG,5196,12292.917628945343,0.0,0.4545,330,1,0
3107604,MG,4270,45924.12177985949,0.0,0.0365,314,1,1
3161205,MG,6512,23108.261670761673,0.0,0.0624,1669,4,0
3305109,RJ,473385,18935.50070238812,0.0244,0.4708,4487,115,4
3130655,MG,7328,11914.847161572052,0.6324,0.0,528,3,0
3524303,SP,78029,46151.85379794692,1.0,0.0,9875,35,10
3515806,SP,1397,30176.09162491052,1.0,0.0,334,1,0
3204609,ES,23853,24197.58520940762,0.71,0.2355,321,1,0
5203807,GO,5815,34067.23989681857,0.94,0.0,1622,11,3
5207253,GO,7174,55878.031781432954,0.0,0.9874,1201,11,1
3503000,SP,5689,26415.362981191774,0.95,0.0434,447,2,0
3144102,MG,20522,26091.072994834813,0.0,0.0167,939,0,0
1600303,AP,522357,24768.616099717245,0.0916,0.7233,10374,428,12
3103702,MG,8467,14443.84079366954,0.7396,0.2585,87,1,0
3110103,MG,5584,15876.790830945558,0.0,0.1448,270,2,0
3505302,SP,36125,41955.79238754325,0.0,0.0,1871,4,2
2513927,PB,4602,11957.844415471534,0.0,0.4517,90,1,0
3162203,MG,7541,35560.00530433629,0.0,0.0036,1456,36,2
3303807,RJ,44175,44262.65987549519,0.0,0.4187,6534,53,7
3519071,SP,237570,77357.50305173211,0.84,0.0108,19701,147,16
3547700,SP,20855,26650.731239510907,0.9581,0.0329,3579,28,12
3556503,SP,124269,31913.34121945135,0.9138,0.0388,7366,27,3
3553708,SP,57547,28846.23003805585,0.9025,0.0455,14150,229,19
3536257,SP,2177,24630.22508038585,0.9939,0.0049,1042,3,3
3515608,SP,5805,35416.709732988806,0.9164,0.0722,883,11,3
3513850,SP,1805,38685.318559556785,0.8919,0.1081,759,1,1
3524600,SP,17911,29651.554910390263,0.7685,0.1105,398,3,0
3531803,SP,61707,69972.02910528789,0.5843,0.2534,5703,41,6
3515905,SP,2884,28393.203883495145,0.9519,0.0453,525,0,0
3523909,SP,177150,59502.190234264745,1.0,0.0,21463,45,8
3555356,SP,6488,32774.19852034525,0.95,0.0442,1797,89,0
3550001,SP,10693,19098.382119143364,0.8135,0.1771,1062,20,2
3509601,SP,86407,29291.029661948683,0.6636,0.1867,4013,20,3
3522901,SP,14297,70205.56760159474,0.0,0.0105,1935,27,2
3540200,SP,51717,28285.96012916449,0.95,0.0458,3749,16,2
3543253,SP,7686,15221.441582097319,0.9785,0.0014,97,1,0
3551603,SP,29669,28485.018032289594,0.7485,0.201,676,1,1
3533205,SP,4135,51548.97218863361,0.4429,0.5571,1589,0,0
3554003,SP,124134,40892.849662461536,0.7572,0.0701,22176,14,0
1706258,TO,1749,44965.694682675814,0.0,0.5929,26,0,0
4303509,RS,66686,40843.08550520349,0.0,0.0632,55,0,0
3522000,SP,3937,58993.39598679198,0.9911,0.0017,674,8,0
5205307,GO,9740,39322.381930184805,0.0,0.8307,1362,35,2
1702703,TO,3809,15438.697820950381,0.0,0.9641,248,0,0
3550209,SP,33071,28853.829639260985,0.8686,0.1218,593,0,0
1710508,TO,7471,24931.066791594163,0.8,0.0,245,2,1
1708304,TO,5136,37675.623052959505,0.0,0.8293,78,1,0
1722107,TO,11500,40958.260869565216,0.0,0.9392,95,3,1
3506201,SP,3028,69504.62351387054,0.9535,0.0465,368,2,0
3512308,SP,18138,23872.14687396626,0.8119,0.1519,2312,19,1
3519204,SP,6269,50533.577923113735,0.9732,0.0266,1285,6,1
3553104,SP,6346,17319.098644815633,0.9914,0.006,418,3,0
3532405,SP,18866,24667.17905226333,0.3727,0.224,915,11,0
1718840,TO,3371,34629.48679916938,0.0,0.987,160,1,0
2100055,MA,113783,33649.8422435689,0.0,0.8389,196,4,0
5200829,GO,3875,28148.90322580645,0.0,0.2807,149,4,0
2102903,MA,24095,8385.142145673377,0.0,0.7651,77,3,0
2105203,MA,11453,10281.498297389331,0.0,0.9002,119,2,0
5205802,GO,11223,23188.1849772788,0.0,0.5938,1342,14,4
5208608,GO,72045,26209.49406620862,0.778,0.178,9394,78,20
5216304,GO,10221,23154.975051364836,0.0,0.02,2131,7,2
5204003,GO,8098,58772.41294146703,0.0,0.7139,691,15,0
5213087,GO,28518,45467.14355845431,0.55,0.3591,2361,30,2
5212956,GO,4321,39493.63573246934,0.0,0.8067,213,6,3
5219456,GO,3367,32686.664686664688,0.0,0.9928,330,3,2
2106904,MA,33888,7604.255193578848,0.0,0.8978,178,3,0
1501956,PA,35307,6447.276743988445,0.0,0.9543,171,0,0
5107198,MT,2439,77486.67486674867,0.3945,0.5952,400,0,0
4104808,PR,336073,46976.48427573771,0.796,0.113,60598,2175,84
2901155,BA,16086,10440.507273405447,0.0,0.9586,1207,5,0
2304236,CE,18201,12331.025767814956,0.3425,0.029,572,3,0
2303600,CE,21041,7324.176607575686,0.352,0.0248,747,6,1
2310001,CE,9458,10443.32839923874,0.0,0.6888,1256,1,1
2905800,BA,35444,13215.297370499944,0.526,0.4591,245,1,0
2911600,BA,20800,10672.932692307691,0.0,0.8727,928,4,0
2906600,BA,14415,9769.545612209504,0.0,0.9911,570,9,1
2906303,BA,30722,12876.83093548597,0.5862,0.3451,955,1,0
2307106,CE,27187,10819.656453452017,0.0,0.1475,1196,12,0
2300754,CE,44195,15057.630953727798,0.02,0.9156,101,0,0
2917201,BA,19095,13448.703849175177,0.0,0.817,275,1,0
2923605,BA,21777,12441.245350599256,0.0,0.4092,2220,6,0
2913507,BA,27006,9125.490631711471,0.8677,0.1222,507,5,0
2311264,CE,21246,8694.3424644639,0.0,0.629,204,0,0
2300903,CE,14742,8206.349206349207,0.0,0.9447,198,2,1
2922904,BA,27047,10047.06621806485,0.0,0.9858,308,3,0
2923803,BA,29124,15610.321384425217,0.0,0.5501,1309,8,1
2928208,BA,26792,12840.885338907137,0.0,0.8665,1022,11,1
2303956,CE,20286,12830.17844819087,0.0,0.9775,306,2,0
2933455,BA,12125,13835.62886597938,0.0,0.9782,875,3,0
2908804,BA,4025,12615.652173913044,0.0,0.7693,200,0,0
2904506,BA,10705,9019.056515646895,0.0,0.3188,343,2,0
2301802,CE,6318,10690.250079138968,0.0,0.9767,142,2,0
2311207,CE,11165,9903.269144648455,0.0,0.8271,228,0,0
4115606,PR,18266,60024.690682141685,0.5259,0.3628,4503,445,5
3528601,SP,9972,29272.76373846771,0.96,0.026,1243,6,1
3300233,RJ,35060,84721.42042213348,0.76,0.0,847,8,2
2805802,SE,19813,16600.41386968152,0.0,0.8968,122,0,0
4320206,RS,10678,57805.11331710058,0.0,0.8443,1301,82,1
4317301,RS,29298,59922.92989282545,0.0,0.1344,10,0,0
3304128,RJ,14562,20945.955225930506,0.004,0.1219,1639,3,3
4218756,SC,4507,40447.747947637006,0.1227,0.7884,348,0,0
2806206,SE,20051,10848.286868485362,0.0,0.9621,261,2,0
2401859,RN,6572,17069.080949482654,0.0,0.5848,486,2,1
2405405,RN,4935,10445.390070921985,0.0,0.3097,418,3,0
4119509,PR,116852,13213.3724711601,0.7128,0.1749,679,5,1
2401909,RN,3745,16143.391188251002,0.1069,0.3873,547,5,0
4321436,RS,11323,25729.753598869556,0.0,0.8298,10,0,0
4315404,RS,11782,19767.696486165336,0.0,0.8951,2178,3,1
4314803,RS,38081,43654.263280901236,0.0,0.0637,2645,6,0
4313425,RS,3191,58399.561266060795,0.0,0.9607,591,0,1
4323754,RS,3052,52269.659239842724,0.0,0.7698,132,35,0
4314308,RS,3840,120888.28125,0.0,0.8031,73,0,0
2105963,MA,11534,8882.781342118953,0.0,0.9709,173,0,1
2806404,SE,7906,13505.312420946117,0.0,0.5828,63,0,0
4119251,PR,2742,29268.78191101386,0.0,0.7539,671,1,0
4203709,SC,12553,23547.837170397514,0.0,0.3583,238,2,0
3305554,RJ,83841,56977.33805655944,0.0,0.3252,1146,23,1
4110078,PR,13449,20535.355788534463,0.0323,0.8116,1243,0,0
4117453,PR,6036,52789.761431411534,0.0,0.6544,952,20,1
4128500,PR,19358,36742.122120053726,0.2567,0.7215,1384,4,1
1100346,RO,13807,25539.798652857247,0.8989,0.067,572,12,1
2409704,RN,6591,12137.156728872706,0.1069,0.7012,867,4,1
2806503,SE,3933,14005.59369438088,0.0,0.7936,70,0,0
4201604,SC,3547,35505.77953199887,0.7121,0.0484,15,0,1
1400407,RR,11772,17232.330954808018,0.0,0.5976,115,0,0
2403004,RN,7968,15454.568273092369,0.0,0.2587,2186,3,0
2411429,RN,2699,13469.433123379029,0.1069,0.7773,227,1,0
2801207,SE,30894,93714.70188386095,0.0,0.3779,139,2,1
2802304,SE,15688,20699.961754207037,0.0,0.8495,26,3,0
1100338,RO,32184,23076.280139199604,0.0,0.9028,862,1,0
4214805,SC,72931,50593.327940107774,0.0,0.1504,408,1,1
4104600,PR,15887,79030.77988292315,0.0,0.927,3022,13,2
4124053,PR,23927,28728.507543778993,0.3786,0.5911,6917,188,5
4111100,PR,6110,37372.99509001637,0.6377,0.1963,1563,7,1
4109203,PR,5557,40288.105092675905,0.0,0.9693,2200,10,0
4105102,PR,10704,40960.10837070254,0.0,0.9111,3786,13,2
4119707,PR,4281,24276.33730436814,0.0,0.8655,1103,3,1
4121000,PR,12257,21471.240923553887,0.0,0.8536,2692,5,3
2916500,BA,36173,12139.081635473973,0.0,0.8187,175,2,0
2407302,RN,8325,9956.756756756757,0.0,0.5523,441,1,0
2401602,RN,5552,15927.593659942364,0.0,0.9342,404,3,0
4217253,SC,6046,16725.43830631823,0.0,0.0775,160,0,0
4105201,PR,17884,22652.48266607023,0.0204,0.3257,17,0,0
4306403,RS,33547,65238.02426446478,0.5724,0.046,4521,3,1
3159209,MG,8900,25612.921348314605,0.0,0.1225,75,0,0
2111722,MA,14274,6522.348325627014,0.0,0.9934,84,0,0
2106706,MA,21045,13202.233309574722,0.0,0.9646,28,2,0
2111078,MA,18746,8343.273231622747,0.0,0.9455,48,0,0
4115309,PR,6655,66105.03380916604,0.0,0.7803,78,4,0
4126207,PR,6708,22942.30769230769,0.0,0.2711,826,14,1
4122156,PR,13240,33349.16918429003,0.0,0.8016,1301,10,0
4200556,SC,2341,69655.70269115762,0.0,0.4241,189,3,0
4205100,SC,4224,39232.007575757576,0.0,0.3266,12,1,0
4215059,SC,2484,28204.911433172303,0.0,0.141,3,0,0
4211652,SC,2366,50649.61961115807,0.0,0.6515,129,1,0
4205308,SC,10630,71337.15898400753,0.7414,0.1861,90,1,0
1304062,AM,68502,11065.895886251496,0.0,0.6828,2846,12,4
4306205,RS,12457,42787.34847876696,0.0,0.5821,169,2,0
4322202,RS,24182,84856.87701596228,0.0,0.4613,87,0,0
4301800,RS,5237,60546.68703456177,0.0,0.4323,10,2,0
4319208,RS,5153,44254.8030273627,0.0,0.757,254,1,0
2702009,AL,10594,19962.620351142155,0.0,0.9558,680,5,0
2708709,AL,8073,30158.30546265329,0.0,0.8709,64,0,0
1303908,AM,40837,8182.065283933687,0.0,0.8977,382,2,1
1600402,AP,22468,16812.088303364784,0.0,0.8881,465,4,0
2701902,AL,7311,24000.957461359594,0.0,0.9029,111,1,0
4318101,RS,18081,44473.14860903711,0.0953,0.7171,61,3,0
4318002,RS,59768,43012.230625083655,0.3519,0.3432,1336,73,5
4309704,RS,4712,48651.95246179966,0.0,0.6805,585,1,1
4319307,RS,5654,35469.93279094446,0.0,0.7608,402,4,0
4313466,RS,1705,44007.624633431085,0.0,0.7491,58,2,0
3205150,ES,9280,19465.84051724138,0.0,0.3152,222,8,2
3204500,ES,12171,27126.612439405144,0.8,0.1698,111,11,0
2312601,CE,13086,10171.86305975852,0.0,0.9374,214,5,2
2101772,MA,11347,9480.479421873622,0.0,0.9623,18,0,0
2201507,PI,26951,9305.888464249934,0.0,0.5521,132,0,0
2400901,RN,7162,9149.120357442056,0.4363,0.555,170,0,0
4311205,RS,19159,100483.89790698889,0.0,0.4711,38,0,0
4318507,RS,27866,28446.781023469463,0.1205,0.2198,7,0,0
4218350,SC,4002,58025.987006496754,0.0,0.0736,1,0,0
2205953,PI,8590,23091.03608847497,0.0,0.9942,122,1,0
3202009,ES,6793,23521.566318268808,0.0,0.1097,110,0,0
2204907,PI,8582,9414.821719878817,0.0,0.9367,88,1,0
4323408,RS,4368,89149.49633699634,0.0,0.3037,36,0,0
4315008,RS,4514,30053.3894550288,0.0,0.7628,733,3,3
4320453,RS,1889,31535.733192165168,0.0,0.5642,3,0,0
4306759,RS,1967,40106.7615658363,0.0274,0.3824,32,0,0
4316758,RS,6755,50200.59215396003,0.0,0.2434,138,0,0
4315800,RS,11556,49851.246105919,0.0,0.0232,303,3,3
4301750,RS,7550,18850.066225165563,0.0,0.1363,5,0,0
4306700,RS,2958,36036.511156186614,0.0,0.2535,17,0,0
5107297,MT,4102,14374.451487079474,0.0,0.8697,235,2,0
2202455,PI,4127,10582.747758662466,0.0,0.9836,132,0,0
2508406,PB,2698,10932.171979243883,0.0,0.6906,250,2,0
2505808,PB,3569,12615.57859344354,0.0,0.6798,93,1,0
2511806,PB,10590,8980.453257790368,0.0,0.387,207,0,0
2203800,PI,4461,10786.819098856759,0.0,0.6764,91,0,0
2513802,PB,4550,12569.45054945055,0.0,0.0525,73,0,0
4322533,RS,11873,22969.089530868358,0.0,0.0897,30,2,0
4314506,RS,12122,32810.014849034815,0.0,0.0736,5,0,0
1503002,PA,6949,11041.876528996978,0.0,0.9772,67,0,0
2111789,MA,10343,7006.091076090109,0.0,0.9837,13,0,0
2110302,MA,14516,210498.1399834665,0.0,0.9543,37,1,0
4312104,RS,4760,35505.252100840335,0.0,0.2716,9,0,0
5101605,MT,8165,15262.706674831597,0.0,0.5795,21,0,0
4310439,RS,6736,44326.15795724466,0.0,0.0759,6,0,0
4316733,RS,1630,88269.32515337423,0.0,0.7,1,0,0
4320651,RS,2365,36630.02114164905,0.0,0.2896,38,1,0
4322152,RS,4585,26356.379498364233,0.024,0.9309,10,0,0
4312252,RS,8130,34338.9913899139,0.0,0.2857,18,0,0
4305934,RS,1602,30623.595505617977,0.0,0.6494,2,0,0
4317251,RS,1722,28948.89663182346,0.1106,0.008,2,0,0
2613701,PE,114910,12568.096771386303,0.133,0.7853,3894,26,2
2605905,PE,31578,8685.097219583255,0.0,0.4239,1151,0,0
2615508,PE,13856,12746.752309468822,0.0,0.7756,1513,1,1
3136652,MG,27823,51653.48812133846,0.0885,0.5545,7673,13,4
3159100,MG,3753,13286.97042366107,0.0,0.2421,812,0,1
3142700,MG,14621,11313.590041720812,0.0105,0.969,1646,4,0
3111101,MG,19759,27169.08750442836,0.9807,0.0134,2030,4,4
3126109,MG,67956,32581.52333863088,0.0,0.0,15105,12,7
3117836,MG,7730,8212.16041397154,0.0,0.9906,1118,6,0
3150000,MG,4261,11053.977939450833,0.0,0.1187,350,0,0
3158953,MG,36048,20818.436529072347,0.0,0.2004,5801,10,1
3131158,MG,18926,9527.369755891366,0.0,0.171,2897,2,0
5107354,MT,5646,165549.76974849452,0.0,0.9387,529,5,0
1503408,PA,12009,14541.427262886169,0.0,0.4652,241,0,0
1506138,PA,86326,29567.905381924335,0.0,0.8982,590,8,0
2506301,PB,59389,30143.090471299398,0.56,0.3654,1378,11,2
2505600,PB,6506,9121.580079926222,0.0,0.7391,86,1,0
2507101,PB,18978,10877.489724944673,0.0,0.8481,383,2,1
2516003,PB,26051,13553.337683774136,0.0819,0.7484,502,0,1
2504702,PB,4787,12889.910173386255,0.0,0.3579,152,1,0
2509404,PB,13238,12416.6792566853,0.0,0.9044,1130,2,0
2205573,PI,6795,8091.243561442237,0.0,0.9818,153,0,0
5102850,MT,8782,24494.875882486904,0.0,0.8393,422,5,1
5107107,MT,18788,23873.057270598256,0.1252,0.762,769,6,0
5105200,MT,11124,47524.631427544045,0.0,0.8899,642,12,0
2918407,BA,219544,23601.323652661882,0.6,0.0,6383,15,4
2201176,PI,3953,9856.564634454844,0.0,0.9828,71,0,0
2511004,PB,3802,9853.498158863757,0.1554,0.03,197,0,0
1503705,PA,53439,15755.4594958738,0.0,0.8654,402,3,0
2612000,PE,9600,18356.770833333332,0.0,0.6335,253,2,0
1506187,PA,53242,13787.047819390707,0.0,0.9576,617,1,0
5003207,MS,112669,34684.48286573947,0.4497,0.3945,9310,111,9
5105507,MT,16412,38942.481111381916,0.0,0.9199,396,6,0
3107109,MG,40308,26261.536171479605,0.99,0.0027,10746,28,10
3147907,MG,115970,26081.82288522894,0.6435,0.0054,45998,105,31
3145000,MG,16046,69569.05147700361,1.0,0.0,1004,5,2
3126901,MG,9716,15488.88431453273,0.0,0.1815,232,2,0
3151206,MG,56845,50580.68431700237,0.46,0.5128,4424,49,8
3111507,MG,15661,27730.413128152737,0.0,0.018,2076,2,2
5106182,MT,6861,64948.25827138901,0.0,0.3322,469,9,0
1504109,PA,8598,11448.243777622703,0.0,0.3046,56,0,0
5217708,GO,17899,40069.83630370412,1.0,0.0,883,19,1
5218904,GO,20012,28277.28362982211,0.958,0.0,3486,28,3
5215306,GO,15834,59249.4000252621,0.0,0.8308,2439,17,2
2915601,BA,64423,17246.185368579543,0.6035,0.3594,1348,4,1
2909802,BA,63923,16307.213366081067,0.4,0.506,834,15,1
2930501,BA,81693,13303.196112274001,0.666,0.2916,8523,42,2
2908101,BA,18835,29725.033182904168,0.0,0.9886,1832,12,0
2925204,BA,40401,45629.19234672409,0.5446,0.0588,705,9,0
2513109,PB,12123,10610.9048915285,0.0,0.969,198,1,0
3158003,MG,10867,24757.798840526364,0.0,0.1712,2375,8,0
3109006,MG,41208,112233.9836924869,0.243,0.1007,14067,102,4
3159605,MG,44226,43969.927192149415,0.8748,0.0572,6576,3,1
5100201,MT,26679,74990.40443794745,0.0,0.8264,1666,16,0
3105400,MG,33232,73393.50625902745,0.0,0.1065,5597,5,5
1507003,PA,32346,14702.559821925432,0.0,0.8868,95,0,0
2606408,PE,85309,15938.306626498963,0.016,0.9335,3151,16,2
2504801,PB,15438,16167.962171265708,0.0,0.3218,1867,5,3
3137205,MG,53236,37310.729581486215,0.0,0.0,10752,155,15
3127073,MG,5232,8999.617737003058,0.0,0.998,524,2,0
3104205,MG,40658,57713.611097447,1.0,0.0,9143,63,10
5107925,MT,94941,131899.10576041962,0.14,0.0,8783,175,5
2608057,PE,14904,10318.907675791734,0.0,0.0881,171,0,1
2610509,PE,28856,9167.833379539783,0.0,0.7796,1501,3,2
3158805,MG,4847,21867.753249432637,0.0,0.0364,1443,2,0
3136207,MG,80903,59963.672546135494,0.0,0.0685,21775,581,12
5103379,MT,20717,15773.036636578656,0.0,0.9297,812,11,0
3112059,MG,4575,12406.775956284153,0.0,0.4187,320,3,1
3134103,MG,6074,20119.690484030292,0.957,0.0391,667,1,1
3151107,MG,10791,59224.35362802335,0.0,0.0255,517,4,1
3138807,MG,18297,35908.892168114995,1.0,0.0,5619,7,1
3131604,MG,7067,42670.29857082213,0.0,0.0149,1216,3,0
3161502,MG,12751,20738.295035683477,0.0,0.0369,1479,3,0
3128402,MG,8926,19461.572933004707,0.0,0.1427,1664,5,1
3150703,MG,6491,62212.910183330765,0.0,0.0114,1188,12,2
3104106,MG,10990,31547.224749772522,0.0,0.0062,1470,1,1
3157203,MG,31873,51093.18231732187,0.0,0.0877,5644,2,2
3106002,MG,10269,55337.42331288344,0.0,0.0904,1961,37,1
3154507,MG,9471,56250.44873825362,0.6844,0.2947,933,0,0
3113008,MG,23872,8814.845844504021,0.0,0.1606,1100,1,0
3165552,MG,12493,9820.379412470984,0.0,0.5021,586,0,0
3110806,MG,3739,14299.010430596416,0.0,0.1584,983,0,0
1506161,PA,18208,33055.36028119508,0.0,0.8765,558,11,0
2600807,PE,22996,9679.465994085927,0.0,0.1254,908,2,0
2508703,PB,3988,9680.040120361084,0.0,0.2964,222,1,0
2508000,PB,9831,8876.614789950158,0.0,0.6462,361,0,0
2512309,PB,23749,11214.998526253738,0.0,0.1843,2353,1,0
2615904,PE,8266,10783.813210742801,0.0,0.2607,166,3,1
2602407,PE,8981,20451.954125375793,0.0,0.3678,427,2,0
5104609,MT,13727,156247.0313979748,0.0,0.9379,982,10,0
2515401,PB,10919,8232.255701071526,0.0,0.9902,422,5,0
3511003,SP,21521,64508.48008921518,0.96,0.0294,5215,95,3
5007976,MS,3588,50790.133779264215,0.0,0.9821,242,1,0
2615300,PE,52587,14197.558331907125,0.0,0.2899,1811,20,1
2702108,AL,21935,18115.75108274447,0.0,0.1391,1062,6,0
5102702,MT,22101,132641.14745939098,0.0,0.9372,1994,5,2
2200806,PI,3175,45296.06299212598,0.1069,0.763,290,2,0
1508100,PA,116605,48149.744865143,0.13,0.8238,1053,10,0
2111300,MA,1115932,32739.65259531943,0.0378,0.3248,16942,521,28
2502300,PB,4937,11041.725744379177,0.0,0.5453,94,1,0
2601102,PE,85301,14912.97874585292,0.0,0.3062,417,20,0
2612802,PE,11914,9637.737115997985,0.0,0.2699,596,3,0
4317905,RS,14177,55305.63588911617,0.0,0.549,1086,6,6
1501253,PA,3239,39829.26829268293,0.0,0.9438,310,3,0
1506203,PA,41164,15593.746963366048,0.0,0.4984,149,1,0
2202703,PI,27901,9776.244579047347,0.0,0.9852,332,6,0
3114402,MG,21310,32595.823557015487,0.0,0.029,2921,7,9
2613008,PE,60567,24529.95855829082,0.1,0.1965,1210,6,1
2509909,PB,10449,9136.280983826204,0.0,0.6621,255,1,0
3123858,MG,5383,12061.304105517369,0.0,0.263,549,3,0
4205407,SC,516524,45602.9806940239,0.56,0.0831,55142,991,43
2405801,RN,35360,35911.79298642534,0.1635,0.79,4259,30,2
3115201,MG,3939,17449.35262757045,0.5101,0.4263,359,2,0
5100607,MT,11413,113538.77157627267,0.0,0.9704,959,1,0
2514552,PB,3898,8730.374551051822,0.0,0.9871,242,0,0
2205532,PI,4790,9095.198329853862,0.0,0.3326,258,1,1
4118402,PR,89454,35548.617166364835,0.8022,0.1713,17851,63,14
3115458,MG,6206,13420.72188204963,0.0,0.0361,300,0,0
1100452,RO,41043,23549.74051604415,0.0,0.9694,1896,3,0
3156452,MG,4648,14573.795180722891,0.0,0.0867,136,0,0
3145851,MG,4671,15171.055448512096,0.0,0.0133,282,0,0
3157252,MG,8212,13595.957135898685,0.0,0.3027,277,0,0
3134301,MG,5978,15326.530612244898,0.0,0.3065,764,0,1
3147956,MG,6031,9122.533576521306,0.0,0.9791,655,1,0
3305802,RJ,185820,31880.029060381014,0.0,0.2886,2712,85,6
3130002,MG,3003,19766.233766233767,0.0,0.0056,450,1,1
3145703,MG,2128,19046.992481203008,0.0,0.2005,124,0,0
3159308,MG,4843,15448.482345653521,0.0,0.0181,417,0,0
3145406,MG,1694,18836.481700118064,0.0,0.1243,224,2,0
3129004,MG,8296,13793.514946962392,0.0,0.235,1476,3,1
3152303,MG,11414,11411.161731207289,0.0,0.0967,600,3,1
3137007,MG,18272,8063.156742556917,0.0587,0.3536,820,0,0
4201406,SC,69493,34317.67228353935,0.0,0.1654,77,3,0
3144656,MG,10355,12205.118300338001,0.0,0.7876,193,0,0
3171501,MG,3157,13915.426037377258,0.0,0.1507,107,1,0
3165503,MG,6421,10715.153402896745,0.0,0.2824,101,5,0
4108304,PR,257971,73534.4864345217,0.7027,0.1647,110806,2459,69
3204906,ES,134629,21894.569520682766,0.0525,0.1847,5108,16,5
5217401,GO,31909,44033.84625027422,0.36,0.4496,7124,88,5
3114808,MG,4445,18141.282339707537,0.0,0.2327,431,0,1
3306305,RJ,274925,71551.44493952896,0.4257,0.0049,34401,43,38
3125002,MG,3932,13826.042726347914,0.0,0.0211,562,5,0
2901502,BA,11369,6927.434251033512,0.0,0.6193,239,0,0
3112901,MG,9318,15427.237604636188,0.0,0.1254,914,10,0
3123007,MG,10291,31116.023710037898,0.0,0.1096,2228,1,0
3157104,MG,7014,18829.76903336185,0.0,0.2988,433,2,0
3556701,SP,81516,154054.52917218706,0.85,0.1456,6586,57,5
3169059,MG,4117,17177.31357784795,0.0,0.3978,23,0,0
5208806,GO,46278,23827.455810536325,0.36,0.3757,11548,208,8
3509403,SP,26613,28623.1916732424,0.9424,0.0488,1645,10,1
3539707,SP,3606,33283.13921242374,0.9395,0.0597,676,5,0
3515152,SP,21712,30446.435151068534,1.0,0.0,1844,6,1
3516705,SP,44429,38831.1238155259,0.99,0.0061,13361,149,9
3549003,SP,2813,18189.83291859225,0.9286,0.0704,885,2,2
3505609,SP,33537,18630.646748367475,0.95,0.0319,4802,5,0
3549102,SP,92315,44794.345447652064,0.9607,0.0275,16131,1370,2
3552403,SP,289875,55816.789995687795,0.1227,0.0455,32149,2164,31
3528304,SP,3086,33742.060920285156,0.9487,0.0351,350,0,0
3530201,SP,18415,32957.751832745045,0.9288,0.0584,2793,9,0
3511904,SP,8894,20959.18596806836,0.9952,0.003,704,2,1
3525102,SP,45544,34708.41384155981,0.0,0.0011,8295,95,2
3533403,SP,61716,65145.08393285372,0.5626,0.0274,10742,87,8
3541901,SP,13788,28178.343487090224,0.0,0.232,887,0,2
3517802,SP,8258,39546.137079195934,1.0,0.0,2683,9,3
3545605,SP,15639,24461.026919879787,0.9819,0.0158,2379,63,4
3526100,SP,18627,19673.538411982605,0.6886,0.1952,608,3,0
3549409,SP,52737,41547.41452869902,0.0,0.0022,9010,3,7
3534757,SP,10712,51226.66168782674,0.9412,0.0535,1696,4,1
3538501,SP,13495,14661.281956280103,0.0,0.1991,1241,5,1
3519303,SP,35830,32354.25620987999,0.95,0.0477,3552,3,2
3514700,SP,6026,25295.718552937273,0.9637,0.0312,933,29,5
3545159,SP,8498,44465.874323370204,0.9541,0.0017,1456,1,0
3544707,SP,2427,22566.543057272353,0.9428,0.0556,1376,9,1
3520202,SP,9631,24936.662859516146,0.596,0.0739,701,29,0
1710706,TO,5801,14240.820548181347,0.0,0.6737,91,2,0
1701101,TO,4901,52216.2823913487,0.0,0.968,332,1,0
1713809,TO,6830,13961.493411420204,0.0,0.9793,44,1,0
3516853,SP,4841,244615.78186325138,0.0,0.0003,1146,7,1
1717503,TO,7830,46221.58365261814,0.0,0.6912,602,0,0
5218003,GO,45866,31180.634892949027,0.0,0.8832,2611,39,5
1719004,TO,2928,16426.912568306012,0.0,0.9796,91,0,0
1718758,TO,6498,17150.353955063096,0.0,0.9418,132,2,0
1711100,TO,2412,29013.266998341624,0.0,0.9578,181,0,0
3541604,SP,41211,51330.10603964961,1.0,0.0,2494,16,2
3526308,SP,4882,15150.962720196641,0.8673,0.1292,415,1,0
3519105,SP,12002,54825.029161806364,0.942,0.0166,1569,10,2
3514502,SP,12421,20338.62007889864,0.9673,0.026,1179,2,2
3512704,SP,4072,84731.33595284872,0.9689,0.0287,266,2,0
3515400,SP,16102,29419.450999875793,0.9771,0.0135,2073,8,3
3523206,SP,50778,23286.14754421206,0.8637,0.1282,2825,8,1
3549607,SP,4141,15297.512678097079,0.95,0.0284,316,1,0
3555703,SP,1886,30538.17603393425,0.9505,0.0495,387,2,0
3553005,SP,14415,23824.349635796047,0.9769,0.0167,2298,8,1
3540507,SP,10205,22903.87065164135,0.7765,0.1792,449,4,0
1721257,TO,1952,60880.63524590164,0.0,0.6344,79,0,0
5220280,GO,2040,26200.980392156864,0.0,0.8079,242,2,0
5219001,GO,7630,28513.10615989515,0.0,0.8922,1980,21,2
5219712,GO,4886,65696.07040523946,0.0,0.8366,1006,0,0
5220157,GO,5263,26105.83317499525,0.0,0.8324,587,6,2
5221304,GO,2830,22565.72438162544,0.0,0.5486,1094,1,0
5215900,GO,3578,61499.72051425377,0.0,0.8203,467,9,0
5208509,GO,5650,35786.54867256637,0.0,0.7596,855,3,0
2100709,MA,27170,7642.362900257637,0.0,0.8016,32,1,0
2111763,MA,13981,13387.311351119377,0.0,0.7327,101,3,0
5202502,GO,10340,28236.17021276596,0.39,0.3517,1347,5,1
2108603,MA,84160,12358.05608365019,0.0,0.2603,710,8,0
5204953,GO,1526,36924.63958060288,0.0,0.8914,111,1,0
2109403,MA,15545,5732.261177227404,0.0,0.8354,175,0,0
4108601,PR,28734,37392.28788195169,0.4647,0.5135,6657,10,2
4304606,RS,349728,62892.76809406167,0.6772,0.07,10345,302,17
2111508,MA,41750,10282.419161676647,0.0,0.9137,444,2,0
2907202,BA,73092,11975.017785804192,1.0,0.0,2573,8,2
2921807,BA,12063,8855.011191245958,0.0,0.9694,745,2,2
2928901,BA,34764,168146.12817857554,0.0,0.8037,1125,5,1
2907707,BA,11221,9401.479369040193,0.2421,0.7526,1241,0,0
3200409,ES,30285,190330.13042760442,0.0295,0.486,1044,3,0
2308351,CE,13129,14874.704851854673,0.0,0.5787,709,1,0
2301208,CE,26600,10015.864661654135,0.0,0.8125,456,6,0
2300408,CE,17584,8621.246587807098,0.0,0.7661,460,0,0
2911659,BA,6371,10781.039083346413,0.0,0.9856,356,13,0
2903953,BA,9768,7162.059787059787,0.0,0.9845,1048,7,0
2907301,BA,26369,12030.831658386742,0.8239,0.1456,464,0,0
2922300,BA,29420,9407.817811012916,0.146,0.8024,1074,13,2
2917805,BA,19162,10789.896670493685,0.0,0.8045,112,0,0
2911204,BA,32778,14071.419854780646,0.0,0.355,388,3,1
2911006,BA,10525,9648.076009501188,0.0,0.1279,805,1,0
2931806,BA,15996,8360.65266316579,0.0,0.7378,1053,4,0
2932705,BA,20312,14575.078771169752,0.6345,0.2075,2283,7,0
2313559,CE,16588,8324.029418857004,0.0,0.9839,533,1,0
2313906,CE,13988,21318.773234200744,0.2795,0.1423,88,1,1
2305233,CE,69688,30381.026862587532,0.1276,0.7988,1561,19,4
2919405,BA,12357,12747.511531925225,0.0,0.9685,873,21,0
2922656,BA,13197,12189.36121845874,0.0,0.9651,512,3,1
2922201,BA,7464,8950.96463022508,0.0,0.5218,89,2,0
2311801,CE,79550,14563.45694531741,0.4196,0.4589,6230,46,3
2918456,BA,8856,14417.23125564589,0.0,0.1339,377,1,0
2305803,CE,42148,12333.799943057797,0.0,0.9012,1798,9,0
2309458,CE,25958,10972.956314045767,0.231,0.7635,1141,11,0
2302057,CE,15069,8848.297829982082,0.2805,0.6308,416,1,1
2901403,BA,13902,13699.323838296648,0.0,0.8483,177,6,1
2310704,CE,38045,12741.753187015376,0.0053,0.6277,1522,14,3
3200169,ES,10801,17072.678455698548,0.0,0.3642,361,0,0
2304608,CE,7767,11196.472254409682,0.0,0.7881,87,1,1
2308609,CE,17264,9308.329471733086,0.0,0.8034,539,1,0
2313757,CE,19976,8650.230276331598,0.0,0.8869,328,2,0
2709301,AL,65963,21467.049709685733,0.3,0.6698,4856,31,3
3522158,SP,3332,16009.903961584634,0.7835,0.0523,16,0,0
4320107,RS,25024,51915.52109974425,0.0,0.1567,2177,0,0
3301850,RJ,62225,21920.674969867418,0.0,0.3068,790,2,0
4203204,SC,87179,25718.349602541897,0.0,0.1071,6017,8,11
2414704,RN,5529,10228.974498100923,0.0,0.8387,366,2,0
2414506,RN,10485,14421.268478779208,0.0,0.9421,132,0,0
2400505,RN,13529,11145.687042649124,0.0,0.212,921,7,1
2801405,SE,22393,16961.46117090162,0.0,0.8138,226,4,1
4102406,PR,31061,33274.073597115355,0.95,0.034,9242,30,3
4304705,RS,62413,61635.34840497973,0.0,0.4903,1944,3,1
4311403,RS,86005,65067.94953781757,0.0108,0.1624,4851,27,7
4315958,RS,2270,71326.87224669603,0.0,0.2171,59,0,0
4305603,RS,3088,109506.80051813471,0.0,0.955,26,1,0
4318424,RS,4625,39815.78378378379,0.0,0.3383,17,0,0
4322400,RS,126766,29322.46028114794,0.54,0.0818,480,15,1
3205010,ES,31278,21341.80574205512,0.544,0.3278,1281,7,0
4116109,PR,11966,25586.91291993983,0.0,0.954,3084,111,3
4123600,PR,1568,32841.198979591834,0.0,0.9564,617,1,0
4104428,PR,16126,52715.428500558104,0.2928,0.6436,274,0,0
4317509,RS,77544,41012.354276281854,0.215,0.6859,4776,11,8
2805109,SE,9727,10171.275830163462,0.0,0.8676,23,1,0
4202008,SC,149227,49301.40658191882,0.91,0.0,12608,58,13
4117909,PR,32389,86939.76349995368,0.5416,0.3837,7568,121,7
2402402,RN,8297,14266.963962878148,0.0,0.7969,1212,4,2
4307005,RS,107368,64103.000894121156,0.0,0.0706,4084,12,8
4202453,SC,20889,41998.46809325482,0.16,0.0,2347,1,1
4219309,SC,54145,63823.38166035645,0.0,0.1207,165,1,1
4208302,SC,69323,41670.52781904995,0.5975,0.0,4532,8,6
1100700,RO,14391,25667.222569661593,0.0,0.984,575,2,0
2409209,RN,3114,14813.423249839434,0.0,0.8724,164,1,0
4204905,SC,8136,36746.80432645034,0.0,0.8036,320,19,0
2800209,SE,21796,13207.652780326665,0.0,0.452,114,5,0
2404804,RN,2264,15428.445229681978,0.0,0.9778,142,1,0
2801009,SE,18325,12970.095497953615,0.0,0.778,141,4,0
1100148,RO,20504,26762.290284822473,0.0,0.9204,1668,113,3
1100106,RO,46930,22462.795653100362,0.0,0.7553,843,0,1
4217006,SC,13886,66911.56560564597,1.0,0.0,89,1,0
4114807,PR,36103,73526.2997534831,0.93,0.003,6463,121,12
4117503,PR,42251,25035.43111405647,0.5401,0.3891,3789,3,8
4206207,SC,11652,33233.007209062824,0.5663,0.072,28,1,0
4112009,PR,35192,50833.39963628097,0.8,0.0,1144,2,1
4122503,PR,9447,63312.903567270034,0.0,0.8559,3012,4,3
4111555,PR,8294,24589.823969134315,0.2306,0.762,2238,33,4
4127502,PR,20688,69611.32057231246,0.6683,0.2262,1380,0,4
4115903,PR,2180,58094.49541284404,0.0,0.8537,650,22,0
4120705,PR,7504,28269.45628997868,0.2679,0.72,1217,10,2
2200053,PI,7119,10333.052394999298,0.0,1.0,161,0,0
4104709,PR,14391,31871.516920297407,0.8066,0.1395,1199,4,4
4128625,PR,2630,43223.95437262357,0.0508,0.9475,532,1,0
1101492,RO,21088,23143.161987860396,0.0,0.9706,649,7,2
4219150,SC,2387,48655.21575198995,0.0,0.9397,5,1,0
4212056,SC,2673,70291.05873550317,0.0,0.1222,4,0,0
4118303,PR,3277,28083.307903570338,0.0,0.9912,1087,8,2
2415008,RN,3217,13802.921976997202,0.0,0.9792,71,0,0
4212007,SC,7321,45384.10053271411,0.0215,0.7764,372,0,0
2411007,RN,4457,13281.130805474535,0.0,0.7539,114,0,0
4107850,PR,4583,39855.55313113681,0.0,0.4672,220,1,0
3204807,ES,10536,19323.842065299923,0.0,0.208,553,1,0
4119657,PR,3298,36948.15039417829,0.0,0.849,967,2,1
2409803,RN,14881,11667.159465089711,0.6883,0.3019,363,4,0
4301107,RS,14201,25163.368776846703,0.0,0.2824,30,0,0
2104701,MA,6261,8651.333652771124,0.0,0.9818,38,1,0
2111904,MA,10631,11874.423854764369,0.0,0.9812,147,7,0
2107902,MA,19253,10394.224276736093,0.0,0.9839,98,2,0
3202702,ES,13982,23306.17937348019,0.3286,0.0075,328,3,0
3131505,MG,10156,18563.410791650254,0.0,0.2278,92,1,0
4100301,PR,9567,22674.088010870702,0.3042,0.3847,21,0,0
4113205,PR,48651,58401.14283365193,0.7309,0.1741,248,2,0
4119202,PR,6323,39773.841530918864,0.0,0.8777,388,2,1
4120150,PR,3133,54269.07117778487,0.0,0.5326,102,8,1
4104105,PR,8118,32185.883222468587,0.0,0.351,6,0,0
4213708,SC,17965,40021.4305594211,0.0,0.0493,71,0,0
4219200,SC,6321,56130.20091757633,0.0,0.5686,21,0,0
4211801,SC,7251,34837.12591366708,0.0,0.0931,67,0,0
4200408,SC,7160,90930.72625698324,0.0,0.1561,14,0,0
4206108,SC,6621,49711.37290439511,0.0,0.0682,14,0,0
4217303,SC,9874,53385.254202957265,0.0,0.6635,1102,21,0
4207403,SC,6284,41481.063017186505,0.0,0.2398,12,0,0
4213906,SC,1526,49750.32765399738,0.0,0.4213,6,0,0
4209458,SC,1408,42365.767045454544,0.0,0.5216,58,0,0
2708204,AL,6977,18535.473699297694,0.0,0.9174,85,0,0
1200807,AC,19141,24623.321665534717,0.0,0.7659,1044,0,0
4319406,RS,16100,33059.316770186335,0.0,0.3613,90,0,0
4319604,RS,23492,56671.03694874851,0.0,0.1083,161,10,0
1301803,AM,31172,6945.945078916977,0.0,0.973,1144,10,1
2701308,AL,21397,9714.866570079917,0.12,0.8423,258,13,0
2703908,AL,4119,13301.04394270454,0.0,0.7299,38,0,0
2700409,AL,47540,31559.612957509467,0.0,0.6189,375,19,2
2706422,AL,10546,13747.582021619572,0.0,0.9313,104,0,0
2707602,AL,11202,16876.539903588644,0.2025,0.7944,310,2,0
1301001,AM,28719,12906.333785995334,0.0,0.7003,1093,0,0
2703403,AL,5185,14453.230472516876,0.0,0.9604,124,3,0
1200013,AC,15721,25362.572355448126,0.0,0.7794,531,5,0
1200351,AC,19727,13020.986465250671,0.0,0.777,1718,2,0
1301951,AM,7777,17438.60100295744,0.0,0.9,3,0,0
2404903,RN,5916,12471.602434077078,0.0,0.9593,263,2,1
1301159,AM,31459,13140.087097491974,0.0,0.954,10,0,0
4312302,RS,4899,38862.01265564401,0.0,0.5558,1144,6,0
2107209,MA,14826,5971.873735329826,0.0,0.9297,87,0,0
4314464,RS,1896,160718.88185654007,0.0,0.9644,3,0,0
3205069,ES,26204,26795.64188673485,0.77,0.1228,216,7,1
3202108,ES,22748,18071.43485141551,0.0,0.3413,1104,8,0
3200706,ES,12270,29410.43194784026,0.0,0.0441,594,1,0
3205036,ES,21778,19749.288272568647,0.0572,0.7398,534,2,1
3203700,ES,17176,22318.234746157428,0.5894,0.4065,109,1,1
3201159,ES,12450,23674.698795180724,0.745,0.2321,43,2,0
3202454,ES,26762,16818.2497571183,0.0,0.1749,540,8,0
2200608,PI,6779,9846.290013276295,0.0,0.9031,157,1,0
2202109,PI,5628,10216.062544420753,0.0,0.9685,187,1,0
2207751,PI,4331,11257.908104363889,0.0,0.8324,15,0,0
2206050,PI,6456,8074.659231722429,0.0,0.9947,248,0,0
4119103,PR,13015,70453.63042643105,0.0,0.3376,14,0,0
4309951,RS,3988,53540.87261785356,0.0,0.9143,7,1,0
4300109,RS,16344,40863.49730788057,0.0,0.0695,52,0,0
2603926,PE,13117,6359.914614622246,0.0,0.4924,142,1,0
2202729,PI,6180,9216.828478964402,0.0,0.7379,204,1,0
4312955,RS,1731,83964.18255343732,0.0,0.5104,55,1,0
4312377,RS,3237,33898.362681495215,0.0,0.5705,2,0,0
2104909,MA,11966,7806.618753133879,0.0,0.9813,16,0,0
2201929,PI,5700,9288.59649122807,0.0,0.981,245,2,0
4315552,RS,2571,53085.95877090626,0.0,0.9298,51,0,0
4300505,RS,5885,33369.75361087511,0.0,0.5631,323,2,1
4304200,RS,31475,34255.31374106434,0.0,0.178,240,0,0
4300570,RS,3043,53088.39960565232,0.0,0.0037,8,0,0
4323606,RS,1553,54879.58789439794,0.0,0.1166,3,0,0
4300471,RS,1935,142848.06201550388,0.0,0.7426,6,0,0
4315156,RS,6235,26706.655974338413,0.0,0.4901,28,0,0
4323770,RS,3046,86946.48719632304,0.0,0.0133,20,5,0
4306452,RS,3410,50616.12903225807,0.0,0.0512,16,4,0
4302006,RS,11167,21895.943404674486,0.0,0.2897,7,0,0
4302659,RS,5132,22934.528448947778,0.0,0.7017,8,0,0
4306379,RS,2991,89569.04045469743,0.0,0.0394,18,0,0
2201051,PI,7879,8156.618860261455,0.0,0.8549,21,1,0
4127882,PR,9269,15551.30003236595,0.0,0.9248,2,0,0
2205516,PI,5491,10209.069386268438,0.0,0.7492,19,0,0
2509602,PB,4867,9877.54263406616,0.0,0.1236,939,3,0
4308052,RS,2256,45729.60992907801,0.0,0.4918,37,1,1
4312427,RS,3139,48847.722204523736,0.0,0.9183,30,0,0
4310306,RS,4054,34674.148988653185,0.0,0.3425,11,0,0
4321832,RS,2643,24297.38933030647,0.013,0.9792,5,0,0
2210623,PI,3434,13602.795573675014,0.0,0.9604,5,1,0
4301875,RS,4238,91123.40726757905,0.0,0.2842,4,0,0
4315750,RS,4698,33173.26521924223,0.0,0.4025,21,0,0
4309258,RS,1478,89842.3545331529,0.0,0.3089,1,0,0
5106265,MT,9545,50945.73074908329,0.0,0.9851,1273,6,2
2613404,PE,21868,13307.435522224254,0.0,0.9395,355,1,0
5000708,MS,25336,27508.95958320177,0.12,0.6597,745,3,1
1500602,PA,117320,26595.797817933857,0.0,0.7929,2456,20,3
3144300,MG,40583,19924.5743291526,0.0,0.1859,3238,4,2
3170503,MG,10333,23226.26536339882,0.012,0.0428,1030,2,0
3109451,MG,7025,67955.5871886121,0.0,0.8867,1081,1,1
3162955,MG,24490,25528.583095140875,0.6136,0.254,3834,13,4
3161908,MG,11114,684168.7061364045,0.0,0.1534,4177,9,3
3160207,MG,3763,11880.680308264682,0.0,0.2618,369,0,0
3138104,MG,6494,29649.060671388976,0.0,0.967,1257,0,0
3164605,MG,6948,85924.43868739206,0.0,0.1016,2197,5,0
3106200,MG,2530701,41818.32425086962,0.8994,0.0423,535105,6194,258
3118007,MG,55836,73709.50641163407,0.0,0.1898,11163,12,8
3168309,MG,4120,16000.728155339806,0.0,0.2456,1303,22,1
3131703,MG,121717,123006.06324506848,0.3951,0.0898,32669,688,18
1502707,PA,48115,13775.849527174478,0.0,0.9052,2422,2,0
2205706,PI,30558,12392.728581713463,0.0,0.8028,1017,4,0
5006200,MS,56057,55026.02707957971,0.0896,0.8639,2816,36,1
5002407,MS,31005,67669.24689566199,0.1994,0.655,3963,15,5
5007950,MS,11795,27141.839762611275,0.4837,0.4964,1038,5,1
5106505,MT,33386,21252.501048343616,0.0,0.9497,1302,15,1
5100300,MT,19714,59497.108653748604,0.0,0.9046,1664,22,0
2508901,PB,45385,17737.292056846974,0.0386,0.8995,428,5,0
2503209,PB,69773,45182.89309618334,0.1431,0.4837,2609,15,1
2601706,PE,76930,35942.23319901209,0.0,0.1754,5848,3,0
5003488,MS,11547,28765.826621633325,0.0,0.9764,644,0,0
5106778,MT,12849,44260.331543310764,0.0,0.9728,862,5,1
2512721,PB,6139,9315.197914969865,0.0,0.9581,182,0,0
2505279,PB,5209,10659.627567671338,0.0,0.9683,58,0,0
2512101,PB,32803,14177.60570679511,0.0,0.2503,1569,3,0
2506806,PB,18184,10721.568411790586,0.0,0.9163,362,2,1
1506104,PA,10889,29545.96381669575,0.0,0.4469,99,3,0
3169307,MG,80561,36734.41243281488,0.0,0.039,14500,26,16
3131208,MG,20133,17115.035017136044,0.0,0.1341,1502,4,0
5107404,MT,4823,14366.162139747046,0.0,0.9536,231,6,0
3143500,MG,8955,60432.2724734785,0.2447,0.7423,2650,3,4
5201801,GO,10680,16321.629213483146,0.0,0.9803,1340,22,0
5213806,GO,46955,39557.810669790226,0.74,0.0958,6699,51,12
5221809,GO,3056,53927.6832460733,0.0,0.9861,1015,7,1
5200258,GO,222850,11052.95938972403,0.004,0.8227,25256,363,31
5212808,GO,9234,31540.827377084686,0.7,0.2932,1745,41,3
5216809,GO,10240,17458.10546875,0.0232,0.873,1345,11,1
5207808,GO,13604,20002.49926492208,0.0,0.7434,1363,8,2
5210562,GO,4684,20950.68317677199,0.0,0.7175,843,11,0
5206206,GO,61385,74974.63549727132,0.26,0.4957,10710,302,23
2104206,MA,17812,8046.317089602515,0.0,0.9495,395,3,0
2921203,BA,25771,10599.549881649917,0.176,0.4079,1717,3,2
2921708,BA,35466,17648.846782834265,0.56,0.3275,5369,76,2
2909406,BA,13756,12456.600756033731,0.0,0.9839,439,2,0
2931301,BA,16939,8789.952181356633,0.0,0.9687,1447,1,0
2901304,BA,13122,10254.381953970431,0.0,0.784,334,0,0
2906006,BA,71754,28885.316498034954,0.0823,0.8695,2095,10,1
3124906,MG,11383,19487.83273302293,0.0,0.0658,1034,1,0
5106208,MT,3656,29851.203501094093,0.0,0.7745,340,0,0
2307304,CE,278264,18381.080556593737,0.3833,0.4815,3966,43,3
2930774,BA,23274,36229.698375870066,0.0,0.1949,1000,2,0
3131109,MG,7605,11931.229454306378,0.0,0.3542,1241,8,0
5102793,MT,10094,29658.708143451557,0.0,0.8894,1003,4,0
3124807,MG,8057,43679.28509370734,0.0,0.1563,694,5,2
5107883,MT,1705,43686.217008797656,0.0,0.8696,83,3,1
2205540,PI,2870,14118.118466898955,0.0,0.9791,81,2,0
5108808,MT,4407,37993.873383253915,0.0,0.9768,622,5,0
3169901,MG,117995,30288.91054705708,0.0,0.0967,17137,11,3
5005400,MS,48944,82720.5173259235,0.1639,0.6258,3847,29,4
3156007,MG,12635,11141.115947764147,0.0,0.2438,581,22,2
1507458,PA,24566,28929.577464788734,0.4,0.518,521,0,0
3156403,MG,3507,77429.99714856003,0.0,0.0295,571,3,0
3520442,SP,26886,26261.8091199881,0.9376,0.0273,3330,12,3
2205003,PI,11571,9350.2722323049,0.0,0.915,204,1,0
3135506,MG,12246,15840.35603462355,0.0,0.0842,911,0,1
3144375,MG,3306,22725.045372050816,0.5537,0.2776,1501,29,1
3113503,MG,9423,23419.505465350736,0.7079,0.2851,2661,2,3
3106507,MG,11813,9551.511047151444,0.5626,0.224,1085,0,0
3144359,MG,7104,12675.675675675675,0.0,0.1595,1005,3,0
3131000,MG,6352,22951.668765743074,0.9072,0.0,1559,0,0
3142601,MG,8764,26033.546325878593,0.0,0.0051,812,1,1
3140001,MG,61830,119155.39382176936,0.0,0.1656,13221,43,13
3149804,MG,16469,98918.6957313741,0.9361,0.0108,3442,5,1
3130903,MG,24020,16852.456286427976,0.0,0.3565,2385,3,0
3120151,MG,6814,11214.998532433227,0.7853,0.1915,175,0,0
2202059,PI,10671,8071.7833380189295,0.0,0.0634,13,1,0
2514651,PB,1821,15975.288303130148,0.1524,0.7547,237,0,0
2605509,PE,12216,10846.676489849378,0.0,0.4105,129,3,0
2515971,PB,7845,14360.611854684512,0.0,0.9943,43,0,0
5208707,GO,1555626,38483.53653127423,0.869,0.0455,418730,13733,292
5106281,MT,4837,178424.22989456274,0.0,0.657,238,0,0
5008404,MS,6115,51367.94766966476,0.0,0.9731,894,1,1
5003454,MS,13043,37903.703135781645,0.0,0.9902,2094,1,0
2503753,PB,3217,13058.439539944047,0.259,0.667,25,0,0
2515104,PB,11793,8970.660561349954,0.0,0.3655,134,0,0
2517100,PB,2870,13087.456445993032,0.0,0.0703,159,1,0
2608800,PE,40883,14323.215028251352,0.0,0.1908,1005,11,1
5104526,MT,8182,235258.73869469567,0.0,0.9704,978,31,0
2607703,PE,13492,10367.106433442039,0.0,0.1773,775,1,0
3110707,MG,12810,28950.975800156128,0.0,0.1383,2143,2,0
5103452,MT,9626,55018.49158528984,0.0,0.9628,16,1,0
4115101,PR,10327,27537.329330880217,0.52,0.4282,4969,205,6
3512803,SP,74662,28255.873134928075,0.0,0.048,4696,34,4
3171907,MG,5303,11818.59324910428,0.9092,0.0544,726,0,0
2918506,BA,15241,7456.072436191851,0.0,0.9786,620,12,2
3121209,MG,7146,34599.076406381195,0.0,0.0202,1928,4,0
3530607,SP,455587,43031.33539806886,0.4929,0.0,21167,44,25
3126000,MG,7602,18785.714285714286,0.9899,0.0028,2816,4,1
1507607,PA,60268,13160.201101745537,0.0,0.8914,239,1,0
3160108,MG,3861,22189.07018907019,0.0,0.0939,527,1,0
2200509,PI,17609,10937.134419898915,0.1069,0.688,164,2,0
3112208,MG,4616,13534.662045060659,0.0,0.2828,446,0,0
3102100,MG,10723,16798.657092231653,0.0,0.1826,669,1,0
2505501,PB,3850,10231.16883116883,0.0,0.6047,230,2,0
3150307,MG,4436,24887.51127141569,0.0,0.3402,1097,9,0
3546702,SP,27850,139885.74506283662,0.99,0.0,3243,10,1
3129400,MG,4999,20716.34326865373,0.8892,0.0443,620,0,0
3166600,MG,771,28392.996108949417,0.0,0.2296,173,1,0
3117900,MG,12209,18053.15750675731,0.0,0.0053,502,3,1
3115474,MG,4944,11497.57281553398,0.287,0.0,473,1,0
3164407,MG,5598,79135.40550196498,0.0,0.0599,333,1,0
4202057,SC,11271,22583.621683967704,0.0,0.18,3228,48,4
5220454,GO,121447,39235.95477862771,0.0,0.7635,19146,688,25
4111902,PR,13861,75709.97763509126,0.96,0.0319,7421,24,1
3503802,SP,56247,30610.290326595197,0.0,0.0224,3965,22,3
3118700,MG,9099,25735.35553357512,0.4,0.0,1156,1,0
3105509,MG,5311,11883.826021464884,0.0,0.0556,451,1,0
3101003,MG,13656,17329.305799648508,0.4583,0.0,227,1,0
3519709,SP,80062,29609.3777322575,0.3314,0.526,2226,16,0
3133105,MG,15511,30315.840371349364,0.0,0.0751,1076,32,2
3140902,MG,19098,22270.499528746466,0.0,0.1207,1557,14,3
3148301,MG,9597,14256.01750547046,0.8127,0.0442,477,0,0
4118204,PR,157378,86717.02525130578,0.441,0.2174,31096,518,36
4119905,PR,358838,54316.58018381554,0.8761,0.0704,20826,708,24
5100359,MT,7092,37231.52848279752,0.0,0.5975,216,1,0
3512407,SP,25116,163554.14874980092,0.0,0.0453,3883,10,3
3523305,SP,17754,24725.695617888927,0.6384,0.1523,1075,2,0
3540754,SP,25603,12047.767839706285,0.0,0.0213,10456,183,0
3533007,SP,21871,23447.89904439669,0.9045,0.0685,2766,59,3
3557204,SP,12418,21448.300853599612,0.98,0.0193,1290,2,2
3551702,SP,128432,55352.41995764295,0.99,0.0047,14260,37,12
3556602,SP,10804,22231.858570899665,0.95,0.0314,2503,34,5
3520426,SP,11552,118036.79016620498,0.4334,0.0199,1328,8,2
3542404,SP,20523,47932.807094479365,0.9906,0.0,3010,4,1
3516804,SP,4911,17476.684992873143,0.9354,0.0646,774,18,1
3554409,SP,9502,18410.334666386025,0.9515,0.0448,665,12,1
3533502,SP,41765,37973.30300490842,0.9356,0.056,7106,69,5
3534005,SP,4462,46086.06006275213,0.9685,0.0315,1941,47,3
3512209,SP,28491,30159.488961426414,0.01,0.0061,4966,2,1
3552908,SP,6371,29259.456914142207,0.9614,0.0368,514,2,0
3550902,SP,15446,32456.752557296386,0.0,0.0091,2474,16,0
3530102,SP,29844,24753.451279989276,0.95,0.0339,10019,9,3
3538600,SP,27617,23959.734945866676,0.7084,0.0546,2322,6,0
3527256,SP,2311,18818.260493292946,0.9173,0.0764,663,4,1
3507902,SP,24862,45209.03386694554,0.96,0.0215,3745,5,3
3527900,SP,2623,38571.4830346931,1.0,0.0,669,2,0
3518107,SP,6685,29367.090501121915,0.9918,0.0075,1509,19,2
1720804,TO,8965,14820.078081427775,0.0,0.8359,144,0,0
1718865,TO,7678,22913.128418859076,0.0,0.6385,202,2,0
1707009,TO,22704,28401.559196617338,0.0,0.8513,1411,6,1
1702000,TO,8418,41464.71846044191,0.0,0.9604,651,1,0
1702554,TO,18870,16169.475357710651,0.27,0.7168,184,1,0
1700350,TO,5303,116268.33867622101,0.0,0.7609,55,0,0
3543600,SP,3651,52357.71021637908,0.8893,0.0625,687,3,1
1712405,TO,3727,17797.692514086397,0.0,0.2315,40,0,0
3536000,SP,10934,67842.14377172124,0.9997,0.0,2816,37,8
1703073,TO,4673,24237.10678365076,0.0,0.9995,61,0,0
1713601,TO,8182,36212.173062820824,0.0,0.6074,216,1,0
3518909,SP,5346,17505.611672278337,0.9104,0.0871,549,3,0
3543907,SP,209548,63209.078588199365,0.5473,0.0,37102,348,36
2926202,BA,22330,68947.73846842813,0.0,0.8959,312,0,0
1701903,TO,7223,33261.248788592,0.0,0.5179,155,1,0
1711506,TO,3906,25055.043522785458,0.0,0.974,108,0,0
1715002,TO,4348,23209.521619135234,0.0,0.9862,103,0,0
3505708,SP,279704,207460.9837542545,0.1811,0.2274,12566,74,9
3504909,SP,11039,19568.62034604584,0.8605,0.127,1113,0,0
3525508,SP,13453,19442.354865085854,0.8768,0.0,1835,2,2
3527405,SP,22022,26531.24148578694,0.9568,0.0408,3017,61,10
3545100,SP,5372,18037.04393149665,0.9723,0.0194,1273,4,1
3552551,SP,4063,84169.57912872262,0.9486,0.0279,1400,4,3
3518503,SP,19244,16300.197464144669,0.7712,0.2031,665,15,1
3544103,SP,52009,18472.322098098404,0.5116,0.2296,524,2,0
1707405,TO,11280,10525.17730496454,0.0,0.6526,53,0,0
2205854,PI,8372,8975.274725274725,0.0,0.5526,9,0,0
5210604,GO,5184,20077.16049382716,0.0,0.8388,1588,7,1
2112274,MA,5868,10237.048398091343,0.0,0.9531,8,0,0
4212650,SC,10225,11680.097799511002,0.0,0.313,12,1,0
5220686,GO,6895,25136.620739666425,0.0,0.9775,274,4,2
5212501,GO,214645,25322.67697826644,0.19,0.6783,43855,300,50
5221551,GO,5447,103995.0431430145,0.0,0.7887,325,3,0
5213905,GO,4120,31996.35922330097,0.0,0.8608,570,6,0
5207105,GO,2477,39096.4876867178,0.0,0.5292,732,4,0
5210158,GO,2892,24183.609958506226,0.0,0.9921,536,4,0
2104800,MA,70692,16265.447292480054,0.0,0.9393,419,4,0
2205102,PI,11037,11946.452840445774,0.0,0.7675,68,3,0
1721307,TO,2785,13866.786355475762,0.0,0.0376,83,0,0
5210901,GO,23850,22957.9035639413,0.0,0.8344,4067,62,6
2100303,MA,26979,9246.080284665852,0.0,0.871,197,3,0
2103000,MA,166159,12716.38009376561,0.05,0.0,1900,12,1
4107207,PR,41424,48921.881035148705,0.659,0.312,9945,21,12
2925956,BA,22643,17496.886454975047,0.0,0.6945,704,9,2
2932606,BA,16672,11987.34404990403,0.0,0.8038,1209,12,2
2902906,BA,30831,18602.250981155332,0.3185,0.6166,8356,116,6
2923001,BA,44170,13040.796920987095,0.0,0.7889,1916,2,0
2905305,BA,18585,11697.444175410277,0.0,0.9399,990,32,2
2903508,BA,17013,9968.906130606007,0.0,0.9553,1066,33,0
2309102,CE,11056,11197.63024602026,0.1939,0.2632,596,1,1
2309409,CE,28737,9854.368932038835,0.4622,0.4359,283,8,1
2306207,CE,7904,10482.667004048582,0.0,0.9353,335,1,0
2916203,BA,8300,12830.0,0.0,0.2638,684,3,0
2904902,BA,33659,14239.252503045247,0.777,0.211,412,2,0
2908309,BA,17087,11720.138116696904,0.0,0.5618,447,1,0
2918803,BA,24214,12075.741306682085,0.6612,0.3166,325,4,1
2301257,CE,10983,9722.662296276063,0.0,0.7173,337,2,1
2309201,CE,15798,10341.878718825168,0.0,0.4577,161,2,0
2302602,CE,64147,13087.128002868412,0.27,0.0,652,2,0
2902401,BA,11079,12365.827240725697,0.0,0.4384,207,1,0
2926806,BA,15521,7454.094452677018,0.0,0.8316,233,11,0
3204203,ES,22388,39130.337680900484,0.4851,0.4124,1019,7,2
2929305,BA,38315,30154.11718648049,0.0879,0.9061,1392,14,1
2907004,BA,9395,12530.8142629058,0.0,0.9228,206,2,0
2304277,CE,7254,11123.51805900193,0.0,0.7449,235,0,1
2900306,BA,15214,9499.737084264494,0.0,0.911,184,2,0
3203205,ES,179755,44705.33782092292,0.5767,0.209,7151,134,10
2313500,CE,56653,19683.759024235256,0.29,0.6456,785,5,1
2312106,CE,17726,8985.50152318628,0.0,0.6069,566,0,0
2303006,CE,23011,8090.435009343358,0.0,0.8282,814,2,0
2313005,CE,18389,16492.68584479852,0.0,0.7725,467,1,1
2922854,BA,9126,8283.694937541091,0.0,0.9219,432,0,0
2921609,BA,8476,9281.146767343087,0.0,0.9543,324,1,0
2919926,BA,21754,23697.434954491127,0.9077,0.0801,314,3,0
4207502,SC,72346,50804.12185884499,0.2,0.2396,11679,8,8
2920908,BA,13619,11858.212790953814,0.0,0.4528,672,0,0
2926509,BA,14631,13146.19643223293,0.0,0.9755,156,0,0
3201001,ES,15146,17895.417932127293,0.4473,0.3334,300,2,0
2903003,BA,13128,8829.21998781231,0.0,0.9519,1776,2,0
2805505,SE,24003,13427.571553555805,0.0,0.2641,58,5,0
2312304,CE,48354,12970.591884849237,0.4471,0.4722,88,1,0
2205524,PI,5653,14292.234211922872,0.0,0.9778,133,2,0
4201307,SC,40890,183116.55661530935,0.2681,0.3549,7901,132,7
3502705,SP,24081,37278.89207258835,0.2719,0.3587,328,17,0
3504701,SP,6127,10674.065611228987,0.9513,0.0353,273,7,2
3512605,SP,4591,30746.678283598343,0.9136,0.0804,318,0,0
3521705,SP,17405,58380.86756679115,0.8582,0.1403,842,1,1
3303203,RJ,162893,18782.182168662865,0.0,0.0132,936,35,3
2409100,RN,13667,11145.386697885417,0.765,0.0706,498,6,2
4207304,SC,45711,54744.61289405176,0.1,0.374,104,0,0
2410256,RN,6605,22630.28009084027,0.0,0.9878,274,2,0
2404408,RN,10541,15018.499193624893,0.0,0.9531,211,1,0
2406700,RN,11410,14542.50657318142,0.7059,0.2256,1244,3,0
2412708,RN,5889,9475.462727118356,0.0,0.9674,219,2,0
4204301,SC,75683,60241.74517394924,0.06,0.2316,8067,70,4
4303707,RS,5325,44914.17840375587,0.8784,0.1015,395,1,0
4321667,RS,11174,27614.820118131378,0.0,0.4331,20,0,0
4313201,RS,21717,44789.05926232905,0.0,0.0502,86,1,0
4310330,RS,23721,26424.434045782218,0.0,0.158,401,23,0
4313334,RS,2195,138805.01138952165,0.0,0.8851,30,0,1
4305702,RS,6766,92330.03251551877,0.0,0.7226,1053,9,2
4304002,RS,4273,76231.68733910602,0.0,0.8647,745,0,0
2102754,MA,10937,25967.907104324768,0.0,0.8863,38,3,0
2107506,MA,125265,9903.221171117231,0.0,0.4315,647,19,2
2105104,MA,27423,6526.382963206068,0.0,0.9243,22,3,0
2100808,MA,16054,9289.460570574312,0.0,0.9128,152,1,0
2800670,SE,26980,12345.441067457376,0.0,0.9861,105,1,0
2804904,SE,14650,16153.105802047781,0.0,0.9743,87,2,0
4216909,SC,24501,56707.72621525652,0.0,0.5508,803,0,0
4121406,PR,16976,43774.44627709708,0.5864,0.1337,5423,1,7
4120507,PR,11138,33335.24869815048,0.2455,0.6008,5992,68,8
4119608,PR,29686,38430.505962406525,0.5144,0.4322,3024,23,5
4112900,PR,3248,39430.726600985225,0.0,0.9798,279,1,0
4316402,RS,39210,35245.32007141035,0.4291,0.2651,52,2,0
4206504,SC,46757,53769.66015783733,0.0,0.2113,657,1,1
4203808,SC,54558,40376.7183547784,0.1305,0.2593,108,9,0
3302056,RJ,15387,27215.57158640411,0.2395,0.1319,1804,26,2
1400456,RR,20108,16366.222399045157,0.0,0.5627,116,2,0
2406502,RN,15880,16941.813602015114,0.6759,0.1976,749,12,1
1400233,RR,10595,22349.032562529494,0.0,0.6865,292,0,0
4218301,SC,19455,78265.33024929324,0.0,0.3494,9,0,0
4108403,PR,93308,39597.044197710806,0.6576,0.2185,27331,53,34
4116208,PR,16485,23612.374886260237,0.5692,0.1884,2267,6,2
4124020,PR,10055,57893.983092988565,0.0,0.8287,4917,42,2
4108700,PR,5379,32114.147611080127,0.0,0.5767,683,7,2
4117008,PR,8120,38786.69950738916,0.0,0.9802,1618,141,4
4122800,PR,3389,36692.829743287104,0.0,0.9805,635,1,1
4102208,PR,3871,45806.509945750455,0.0,0.9883,1130,2,2
1100296,RO,5942,35940.08751262201,0.0,0.9604,360,6,0
4101200,PR,18919,37048.46979227232,0.0,0.2401,3284,9,4
4122107,PR,3162,33008.53889943074,0.0,0.9571,678,2,0
4116406,PR,4009,24826.141182339736,0.0,0.9569,1493,0,0
4107124,PR,3409,21926.078028747434,0.0,0.9566,293,1,1
1100924,RO,11755,39880.30625265844,0.0,0.9705,608,1,0
1100098,RO,33009,23429.398042957982,0.0,0.8496,2106,7,1
4202305,SC,70471,37884.91719998297,0.0,0.1472,2937,34,2
2406809,RN,4768,10821.098993288591,0.6402,0.3594,577,3,0
4110052,PR,2251,37319.85784095957,0.0,0.9937,944,1,0
4204509,SC,16300,48927.48466257669,0.0,0.1614,241,1,0
2409902,RN,15411,49152.8129258322,0.1692,0.5041,562,4,2
2400604,RN,4685,10685.592315901815,0.0,0.8925,51,0,0
2411809,RN,3606,17636.716583471993,0.0,0.4636,354,2,1
4121505,PR,14991,35785.73810953239,0.6918,0.2504,896,13,0
4217709,SC,31084,29282.878651396215,0.1144,0.2117,82,0,0
4126272,PR,5578,140973.10864109,0.0,0.9624,773,0,1
1101807,RO,6490,28605.238828967642,0.0,0.9969,277,2,0
4107736,PR,5561,45649.34364322964,0.0,0.9026,22,1,0
2100550,MA,7047,9963.530580388819,0.0,0.6798,47,0,0
2104628,MA,7878,9024.371667936024,0.0,0.828,44,0,0
2101806,MA,5643,12965.08949140528,0.0,0.3455,196,0,0
2110856,MA,12082,10037.576560172158,0.0,0.8342,206,2,0
3107901,MG,10527,15221.050631708938,0.9358,0.0637,52,1,0
4205357,SC,1575,40808.25396825397,0.0,0.6433,218,0,0
4217402,SC,22605,33593.67396593674,0.0,0.3578,209,1,0
4204194,SC,3025,32372.23140495868,0.0,0.1287,5,0,0
1303809,AM,47031,8995.215921413535,0.0,0.7737,2736,13,3
1200609,AC,43730,16279.07614909673,0.0,0.851,6906,5,0
4302709,RS,20963,25919.334064780804,0.0,0.3221,181,0,0
4306551,RS,2520,26005.15873015873,0.0,0.4426,7,0,0
2706802,AL,17868,25653.738526975598,0.0,0.4749,395,6,0
2704401,AL,19923,14226.020177684084,0.0,0.6838,657,1,0
2702603,AL,22192,19265.726387887527,0.0,0.976,1659,32,0
2701001,AL,27429,18448.649239855626,0.0,0.1058,325,9,1
1303536,AM,38095,27087.675547972176,0.15,0.4028,304,3,0
2701100,AL,10426,74372.72204105122,0.0,0.4082,543,5,0
1300300,AM,41005,12348.274600658457,0.0,0.7194,39,0,0
1303569,AM,34856,11680.801009869176,0.0,0.8766,103,0,0
1300201,AM,20868,8862.708453133984,0.0,0.9806,281,1,0
1300631,AM,20503,10333.65848900161,0.0,0.5764,107,0,0
2402808,RN,5501,9544.99181966915,0.0,0.6366,174,1,0
4300208,RS,6951,74961.73212487412,0.0,0.7461,425,0,0
4323101,RS,4530,27927.814569536426,0.0,0.4692,914,1,1
3200300,ES,14670,31201.022494887526,0.2394,0.38,594,8,1
3200136,ES,9621,25569.483421681736,0.0,0.0987,49,2,0
3203056,ES,31589,30505.3974484789,0.81,0.0139,790,21,3
3202603,ES,14083,22356.671163814528,0.36,0.0,228,2,0
3203502,ES,18954,21658.014139495623,0.0,0.0916,1090,3,1
2102309,MA,23993,9949.151835952152,0.0,0.9345,388,1,0
2202851,PI,4688,8694.539249146757,0.0,0.7257,73,0,0
2209971,PI,8085,8439.703153988869,0.0,0.6687,157,0,0
2209708,PI,6417,9101.760947483248,0.0,0.996,22,1,0
2201408,PI,7022,12792.651666191969,0.0,0.274,89,3,0
2211100,PI,44649,9413.78306345047,0.1069,0.5301,587,15,0
2209757,PI,3071,17781.504395962227,0.0,0.968,52,2,0
2202505,PI,11009,8855.027704605323,0.0,0.3141,78,1,0
2207355,PI,3416,15392.564402810305,0.0,0.6648,29,0,0
4308003,RS,6651,40611.186287776276,0.0,0.0366,47,0,0
4309407,RS,26199,43858.54421924501,0.0,0.0296,319,0,0
2201739,PI,6214,10067.75024139041,0.0,0.9726,133,0,0
4310504,RS,7046,36118.50695430031,0.0,0.6249,1212,8,2
4309753,RS,4393,25546.55133166401,0.0,0.2868,3,0,0
4312757,RS,3698,63973.49918875068,0.0,0.753,77,1,1
4311700,RS,5411,50420.07022731473,0.0,0.0688,103,0,0
4313011,RS,2677,85704.14643257378,0.0,0.0874,347,11,1
4310405,RS,6054,81626.03237528907,0.0,0.9136,775,7,6
4319109,RS,5336,66347.07646176912,0.0,0.7634,799,4,0
4312500,RS,12888,49916.43389199255,0.0,0.0588,6,0,0
1501105,PA,31967,7837.7076359996245,0.0,0.9352,86,0,0
1507979,PA,19063,27253.89497980381,0.0,0.8444,14,0,0
2209609,PI,2923,10987.341772151898,0.0,0.6904,24,0,0
4303202,RS,5083,33294.3143812709,0.0,0.2967,11,0,0
4314209,RS,7683,35227.12482103345,0.0,0.6032,1,0,0
4301552,RS,3517,46470.855843048055,0.0,0.4203,52,0,0
2103109,MA,10711,7338.43712071702,0.0,0.9587,5,0,0
2100402,MA,8250,8669.818181818182,0.0,0.9765,3,0,0
4322376,RS,2306,64642.671292281004,0.0,0.977,1,0,0
2205250,PI,4522,8764.263600176913,0.0,1.0,41,0,0
4304101,RS,3272,45853.606356968216,0.0,0.8475,6,0,0
2607901,PE,711330,22680.83168149804,0.029,0.7641,36943,271,17
2611606,PE,1661017,33094.366282825526,0.6185,0.2107,65328,361,50
2611804,PE,47813,12055.445171815196,0.0,0.2414,584,2,1
2602209,PE,40038,9165.992307308057,0.0,0.5584,1224,2,0
5002704,MS,916001,37916.06231870926,0.73,0.1105,109454,1530,42
3140159,MG,15814,12520.55141014291,0.0,0.5421,5297,20,2
3170800,MG,40101,26623.101668287574,0.1816,0.8055,6845,10,3
1500206,PA,55744,25714.695752009186,0.0,0.93,289,2,1
3137601,MG,66744,32802.813736066164,0.4229,0.4254,21042,36,5
3171204,MG,131849,22909.062639837997,0.7095,0.198,5519,42,11
3147808,MG,2024,20793.972332015812,0.0,0.0636,228,0,0
3133709,MG,11354,610779.6371322882,0.0,0.0614,4299,3,1
3142205,MG,15205,21973.692864189412,0.0,0.0346,1159,0,0
3136959,MG,5706,11502.453557658606,0.0,0.9064,581,2,0
3148004,MG,154641,39738.03842447993,0.0999,0.012,35754,222,22
1501501,PA,64780,30668.863846866316,0.0,0.827,508,1,0
2504108,PB,2714,11403.831982313928,0.0,0.7642,22,0,0
2211001,PI,871126,27430.28103856388,0.1927,0.3679,52994,1175,22
2211209,PI,21746,129458.65906373586,0.0,0.7952,435,8,0
1502806,PA,35530,7951.3650436251055,0.0,0.9656,173,3,0
2606705,PE,7773,11003.087610961018,0.0,0.1217,52,0,0
2203404,PI,6940,11245.677233429395,0.0,0.9563,157,2,0
5007554,MS,7948,59470.30699547056,0.1146,0.8686,501,3,0
5105176,MT,16811,17721.07548628874,0.0,0.66,556,14,0
5103361,MT,4163,34399.47153495075,0.0,0.9079,371,5,0
5103304,MT,21249,59213.23356393242,0.0,0.7365,2135,7,1
5103106,MT,5716,52079.25122463261,0.0,0.9696,1458,0,0
5107701,MT,16999,31476.73392552503,0.0,0.7939,737,5,0
2507606,PB,8014,9124.15772398303,0.0,0.8737,263,0,0
2610301,PE,11608,24618.625086147484,0.0,0.8425,272,2,0
2609006,PE,25565,11092.431058087228,0.0,0.1735,767,6,1
2611408,PE,15231,19151.46740200906,0.0,0.344,233,0,0
2605806,PE,15633,8407.919145397556,0.0,0.5878,382,1,0
2607752,PE,27144,87814.6551724138,0.0,0.7142,231,2,1
5005202,MS,24040,15963.352745424292,0.1312,0.7916,1485,5,1
3126802,MG,5858,13674.632980539433,0.0,0.1086,432,1,0
2610202,PE,26438,8682.805053332324,0.0,0.2552,643,3,1
3108552,MG,16950,24489.380530973453,0.0,0.7843,1636,7,2
3158300,MG,7047,34469.98722860792,0.9447,0.0528,980,6,2
2209377,PI,5254,9559.954320517701,0.0,0.7477,90,2,0
3133006,MG,15844,74613.54455945468,0.0,0.086,2580,11,2
3147204,MG,21693,29998.340478495367,0.98,0.0114,3039,23,3
5218391,GO,3211,22449.704142011833,0.0,0.8916,578,1,0
5219738,GO,6593,23484.301531927802,0.0,0.8764,1683,9,0
5209804,GO,3450,25432.753623188404,0.0,0.9923,240,4,0
2101970,MA,8494,7953.1433953378855,0.0,0.9749,12,1,0
2100873,MA,15675,6491.483253588517,0.0,0.8789,116,1,0
2901007,BA,37631,12327.097339959077,0.2239,0.7221,833,3,0
2926103,BA,14588,10276.391554702495,0.0,0.6999,499,17,0
2921500,BA,49145,9360.708108658053,0.0,0.4842,871,27,0
2914901,BA,29051,14680.527348456164,0.4963,0.3722,1449,5,1
2929107,BA,21083,10071.811412038134,0.0,0.8185,532,3,0
2930600,BA,13490,8781.764269829504,0.0,0.9253,2151,31,0
3169703,MG,20280,21878.994082840236,0.7401,0.2292,4762,20,0
3168408,MG,14280,13189.145658263305,0.0,0.3101,777,2,1
5007802,MS,6555,262882.37986270024,0.0,0.9302,674,2,0
3146107,MG,74824,127232.37196621405,0.0,0.1831,4377,43,3
5104542,MT,7030,102626.17354196301,0.0,0.9707,855,11,0
5106224,MT,48222,125187.34187715151,0.0,0.6237,6136,254,4
5108501,MT,11731,110130.08268689796,0.0,0.96,1324,9,1
5105259,MT,69671,98915.81863329075,0.303,0.0,6036,53,5
3118908,MG,8903,16419.970796360776,0.4772,0.4673,1551,5,3
3105608,MG,139061,25335.17664909644,0.1855,0.0923,14932,67,20
3171303,MG,79910,22673.745463646603,0.0,0.138,10283,17,6
3123809,MG,7240,12715.60773480663,0.576,0.0003,917,1,1
3153905,MG,16501,11738.621901702927,0.0,0.1134,2552,5,4
3108800,MG,4737,44982.900569981,0.0,0.108,165,2,0
3164308,MG,7100,45519.01408450704,0.0,0.0872,1287,38,4
3172004,MG,43351,31179.88051025351,0.0,0.0394,10002,1,0
2200277,PI,4921,9791.505791505791,0.0,0.9736,98,0,0
3113602,MG,6826,25519.63082332259,0.0,0.0177,689,2,0
3130051,MG,12200,9135.0,0.3887,0.0,797,6,1
1508001,PA,64604,16107.903535384807,0.0,0.954,582,4,0
2512606,PB,2009,13313.091090094575,0.0,0.1453,143,0,0
2207702,PI,153863,19296.042583337123,0.243,0.5264,4214,90,0
2506103,PB,11180,9419.677996422182,0.0,0.7768,167,3,0
2511103,PB,7954,10067.261755091778,0.0,0.0842,476,1,0
5103908,MT,5726,84131.5054139015,0.0,0.6777,364,1,0
5108204,MT,3487,60613.70805850301,0.0,0.7053,758,2,0
1503804,PA,60517,10173.918072607697,0.0,0.8305,609,9,0
2602803,PE,59448,9235.213968510294,0.0,0.966,2945,21,2
2612307,PE,15880,10771.47355163728,0.0,0.2851,127,0,0
3159001,MG,4334,23946.931241347484,0.0,0.4892,1269,2,0
3162005,MG,25670,38470.783015192836,0.0,0.0366,4270,13,6
3110905,MG,16855,26097.71581133195,0.0,0.0816,3670,6,3
1503754,PA,6952,90011.50747986192,0.0,0.987,13,1,0
1501303,PA,129333,71473.92390186572,0.0,0.7524,442,4,0
4321402,RS,13385,43273.290997385135,0.0,0.8266,4154,13,6
2208700,PI,8814,11110.732924892216,0.0,0.4523,243,10,0
2502003,PB,7356,10679.30940728657,0.0,0.3451,209,0,0
1100205,RO,548952,36541.48632303006,0.0,0.547,6124,157,11
2203701,PI,39953,11427.076815257928,0.0,0.9373,646,14,2
3164001,MG,7634,17606.75923500131,0.0,0.098,1780,4,0
4202800,SC,34294,50875.167667813614,0.0,0.2382,699,19,0
3110202,MG,3961,24569.80560464529,0.0,0.0067,683,9,1
3130804,MG,2785,41544.703770197484,0.0,0.035,411,0,1
3164209,MG,12713,19123.81027294895,0.0583,0.761,974,0,0
3120300,MG,5992,9875.0,0.3,0.0,348,0,0
3141009,MG,12367,12741.812889140454,0.0,0.9773,1646,0,0
4107652,PR,103750,31927.38313253012,0.4703,0.2372,242,6,0
3531902,SP,33598,36487.82665634859,0.95,0.0444,6399,104,4
3166907,MG,7667,21083.47463153776,0.9482,0.031,1160,4,3
3159357,MG,7322,20733.81589729582,0.0,0.1286,310,1,0
3135076,MG,5453,15136.622042912159,0.0,0.3066,302,0,0
3110400,MG,2839,24964.424092990488,0.0,0.0439,307,3,0
3518602,SP,40857,27783.09714369631,0.9878,0.0106,3858,19,5
2109106,MA,48264,15659.041936018564,0.0,0.7061,195,6,0
3119005,MG,3546,32084.038353073887,0.0,0.0268,378,0,0
4216057,SC,5646,38928.7991498406,0.0,0.3724,4,0,0
4204608,SC,219393,45871.130801803156,0.6221,0.0776,163,5,1
1713304,TO,13551,28804.147295402552,0.0,0.9749,683,2,0
2108702,MA,21274,8995.393437999435,0.0,0.9887,93,0,0
3114709,MG,3614,19752.905368013282,0.0,0.0069,122,0,0
3141603,MG,10775,14085.197215777262,0.0,0.1188,601,0,1
3300951,RJ,8590,70311.40861466822,0.0,0.1549,431,2,1
4101408,PR,137438,28189.54001076849,0.5557,0.3165,20737,245,29
4209102,SC,604708,74531.6152589349,0.337,0.2607,171499,7411,146
2901353,BA,14416,15500.277469478357,0.0,0.2735,496,2,1
3513405,SP,82895,38390.409554255384,0.0,0.0296,6266,18,5
3548401,SP,4856,16608.937397034595,0.9669,0.0317,744,0,0
3519501,SP,7926,30862.22558667676,0.99,0.0,1573,3,1
3555406,SP,92819,29152.878182268716,0.3862,0.2702,15672,52,5
3552502,SP,303397,48818.92042439444,0.5952,0.0893,11947,117,12
3519055,SP,15605,93777.69945530279,0.0,0.0,2356,8,1
3501103,SP,4078,27853.114271701816,0.9125,0.0566,734,3,1
3511201,SP,7905,19342.441492726124,0.9489,0.0423,1782,12,1
3524808,SP,49291,40212.71631738046,0.9261,0.07,13582,18,6
3537800,SP,55731,28656.995209129567,0.5361,0.3893,849,5,1
3531605,SP,4166,30746.039366298606,0.9835,0.0143,1136,3,1
3528700,SP,6039,25999.503229011425,0.9677,0.0262,673,1,0
3538808,SP,29930,30945.639826261275,0.9164,0.0295,2653,1,7
3510104,SP,2805,38184.670231729055,0.9343,0.0648,601,8,1
3532843,SP,1824,25386.513157894737,0.6838,0.3162,466,2,0
3542909,SP,13376,27794.407894736843,0.95,0.0479,2516,16,1
3550506,SP,7724,30342.43915069912,1.0,0.0,2085,2,0
3540309,SP,2576,49170.41925465839,0.9724,0.0252,632,4,1
3535903,SP,4112,32360.165369649807,0.9274,0.0664,1259,8,3
3545506,SP,4405,72374.57434733257,0.9341,0.0659,1223,4,1
3541307,SP,44572,29738.89437314906,0.9185,0.0648,4431,85,5
3500501,SP,18908,30971.229109371696,0.288,0.0,1630,32,2
3534906,SP,14326,15195.797850062823,0.8669,0.1259,2231,5,2
1718204,TO,53618,68063.35558954082,0.89,0.0,3246,35,3
1716109,TO,52521,28820.719331315093,0.0701,0.797,2533,19,1
1717206,TO,3038,29605.003291639237,0.0,0.9991,67,1,0
1708205,TO,18358,77025.71086174964,0.0,0.809,1357,0,0
3501806,SP,5993,21158.35140997831,0.9902,0.0006,1570,10,3
3529708,SP,22480,45201.82384341637,0.8969,0.0917,554,5,0
3539301,SP,77330,42833.72559162033,1.0,0.0,11153,50,10
2101608,MA,88895,10004.240958434108,0.0,0.823,11472,39,6
2919553,BA,92671,95182.39794541981,0.5,0.324,7573,37,8
1711951,TO,4470,20006.48769574944,0.0,0.617,81,0,0
3525300,SP,153463,36376.162332288564,0.9232,0.0002,18231,145,28
1700301,TO,7049,23475.670307845085,0.4,0.46,240,2,0
1720200,TO,12445,20555.564483728405,0.0,0.9933,149,5,0
3556909,SP,9163,46388.51904398123,0.95,0.05,1756,23,4
3525409,SP,3143,53750.23862551702,0.9765,0.0119,549,3,0
3540101,SP,3385,27887.44460856721,0.9596,0.0367,403,7,2
3540853,SP,4327,9468.222787150451,0.9905,0.0087,634,38,1
3541802,SP,3513,194914.03358952462,0.9913,0.0029,1158,3,1
3543204,SP,4537,49451.840423187125,0.9538,0.0416,1889,4,1
1713957,TO,3623,19173.337013524702,0.0,0.9133,262,8,0
2406007,RN,5941,11347.416259888907,0.1688,0.8199,564,1,0
2111706,MA,22452,6493.007304471762,0.0,0.8838,15,2,0
5221007,GO,3506,25470.33656588705,0.0,0.9295,386,3,0
5219209,GO,2782,106126.88713156003,0.0,0.9867,314,3,0
5215801,GO,2382,23403.86230058774,0.0,0.4192,394,5,0
5218508,GO,51323,41843.87116887166,0.969,0.0,4084,44,4
5204300,GO,16525,54740.816944024205,0.957,0.0303,1873,9,3
5203906,GO,9515,49155.75407251708,0.0,0.6885,1221,16,1
5215207,GO,2775,30714.954954954956,0.0,0.9222,572,0,0
5215256,GO,4592,34940.54878048781,0.0,0.8442,116,0,0
5214879,GO,2939,20913.235794487922,0.0,0.1393,297,0,0
2102002,MA,42010,9793.620566531778,0.0,0.9441,263,2,0
5211008,GO,4380,50746.34703196347,0.0,0.7316,718,11,0
4124004,PR,4916,34909.68266883645,0.0469,0.9332,145,1,0
2108306,MA,38987,6509.631415600072,0.0,0.9162,18,2,0
2110203,MA,38732,9157.466694206341,0.0,0.8213,144,8,0
2107456,MA,14968,7169.094067343666,0.0,0.8927,20,2,1
2917904,BA,10742,15659.56060323962,0.0,0.9276,193,6,1
2921054,BA,12359,7422.768832429808,0.0,0.9528,704,19,0
2920502,BA,19973,32865.718720272365,0.0,0.8816,1159,12,2
2918100,BA,40832,12278.090713166144,0.0,0.3627,1230,2,0
2302701,CE,27513,10626.140370006906,0.2603,0.6332,1027,1,0
2925402,BA,6623,17359.655745130607,0.0,0.129,366,6,0
2306405,CE,131687,13547.328134136247,0.5546,0.3724,2047,8,3
2916856,BA,14588,29483.136824787496,0.0,0.9696,107,1,0
2919108,BA,8078,8050.012379301807,0.0,0.2336,390,1,0
2915502,BA,20309,12583.731350632725,0.0,0.2993,1095,1,0
2918209,BA,14576,10314.283754116355,0.4367,0.3576,82,0,0
2919009,BA,3735,16301.472556894243,0.0,0.3807,34,0,0
2903904,BA,70151,19356.516656925774,0.4,0.523,4070,43,2
2920106,BA,18535,8568.276234151605,0.0,0.267,813,0,0
2919900,BA,7752,8711.945304437564,0.0,0.9829,671,3,0
2309508,CE,21342,10256.72383094368,0.0,0.5236,235,4,1
2929750,BA,12163,12031.982241223383,0.0,0.7054,37,1,1
2923050,BA,15445,6729.1680155390095,0.0,0.2112,76,1,0
2924678,BA,10050,11643.383084577114,0.0,0.5077,147,0,0
2930808,BA,17118,7944.502862483935,0.0,0.9609,1388,1,0
2308104,CE,48370,10698.697539797395,0.3194,0.5961,2538,13,2
2307007,CE,33960,16694.964664310955,0.0,0.8369,1650,11,1
2305266,CE,13385,9881.583862532685,0.0,0.691,187,1,1
2906105,BA,9694,8764.184031359604,0.8,0.186,478,1,1
2901601,BA,19659,8179.3580548349355,0.0,0.1432,663,2,0
2909109,BA,14108,11985.823646158207,0.0,0.9795,1037,24,0
2928950,BA,9085,9739.240506329113,0.0,0.1105,724,3,0
2304806,CE,4784,10730.978260869566,0.4937,0.1379,262,0,0
2932408,BA,13894,12659.637253490715,0.0,0.97,970,4,1
2902658,BA,13251,8572.71149347219,0.0,0.762,173,0,0
2920452,BA,13822,6778.179713500217,0.0,0.9872,369,2,1
2311900,CE,15757,10779.716951196293,0.0429,0.0912,73,0,0
2309300,CE,32487,10371.22541324222,0.0825,0.7145,1102,1,0
2311603,CE,29238,14018.298105205555,0.0447,0.0829,88,1,0
2313807,CE,22223,13475.858344957927,0.0,0.7615,202,4,0
3503604,SP,11186,14577.150008939747,0.9902,0.0066,1239,7,1
1704105,TO,2966,21765.677680377612,0.0,0.5632,16,0,0
4120804,PR,24253,80039.21164392034,0.7073,0.1229,145,2,0
4213807,SC,7305,30559.6167008898,0.0,0.1818,9,0,0
4302253,RS,2773,43320.23079697079,0.0,0.8747,12,1,0
4311809,RS,45523,67219.0541045186,0.0,0.0757,272,2,0
3306206,RJ,37262,35458.96623906393,0.0837,0.1692,5761,19,2
3303005,RJ,27134,24404.51094567701,0.0,0.0842,1609,6,4
3302452,RJ,5646,38057.91710945802,0.0,0.0246,646,0,0
2406304,RN,7624,10674.449108079749,0.0,0.9799,233,1,0
2802809,SE,18337,12524.949555543437,0.0,0.9706,129,0,0
4128104,PR,113416,36183.64251957396,0.8066,0.1394,18804,86,12
2708006,AL,47910,13489.501147985808,0.0227,0.9138,2059,24,3
4304804,RS,30630,115232.71302644466,0.0,0.0793,38,0,0
4306106,RS,59561,77389.29836638068,0.3053,0.6218,2573,10,7
4303806,RS,5422,73663.22390261896,0.0,0.0749,283,0,0
4310009,RS,20474,84109.2605255446,0.0,0.7601,1045,4,5
4303558,RS,2750,189265.81818181818,0.0,0.4283,65,0,0
4316451,RS,12512,96983.29603580563,0.2973,0.5824,120,0,0
2107704,MA,21571,8501.367576839275,0.0,0.9329,781,5,1
4205704,SC,24070,32120.108018280018,0.0,0.5561,123,1,0
2401107,RN,28156,33242.4350049723,0.0,0.6441,416,7,0
4122701,PR,6954,101429.3931550187,0.0,0.9649,1675,7,3
1101757,RO,11545,19106.7994802945,0.0,0.9956,326,3,0
2801504,SE,17232,24524.199164345402,0.0,0.1459,201,8,0
3305752,RJ,34898,19902.25800905496,0.044,0.4176,504,4,0
4123501,PR,27036,54197.47743749075,0.7692,0.2175,6708,88,3
4213500,SC,22466,65515.890679248645,0.0139,0.21,2992,16,2
2804607,SE,26957,15422.190896613125,0.0,0.8979,225,8,2
1400175,RR,19257,18334.683491717296,0.0,0.8099,157,2,0
4206801,SC,3154,46102.09258084971,0.0,0.2486,8,2,0
2807600,SE,25800,15564.68992248062,0.0,0.9785,348,3,2
2413409,RN,8105,14666.995681677976,0.8307,0.0336,178,1,0
4218707,SC,107143,44956.11472518036,0.0,0.0768,216,8,1
4117404,PR,3423,48702.01577563541,0.0,0.9849,1462,9,0
4204350,SC,4585,94779.49836423119,0.143,0.2576,140,0,0
4209003,SC,30684,77597.18420023465,0.451,0.0218,99,4,0
4103453,PR,18783,103778.68285151466,0.7293,0.1865,7506,24,4
4103800,PR,7967,35173.716580896195,0.0,0.9401,1668,2,3
4120903,PR,34707,42255.94260523814,0.5392,0.412,8800,124,4
4109807,PR,55688,59501.6161471053,1.0,0.0,18128,1126,28
4113759,PR,4695,30292.438764643237,0.0,0.9747,1613,32,1
2407807,RN,22698,11959.467794519342,0.1449,0.6936,373,5,3
4126678,PR,15277,25633.959547031485,0.0,0.5398,3012,31,3
4126108,PR,5778,28293.527172031845,0.0,0.9766,996,6,0
4127858,PR,12036,36223.57926221336,0.2827,0.6368,3450,5,2
4116505,PR,1560,33292.307692307695,0.0,0.9702,338,1,0
4124608,PR,6961,56894.69903749461,0.0,0.8656,1205,2,1
4116307,PR,4034,33946.70302429351,0.0,0.9069,1042,18,1
2801108,SE,4003,21093.180114913815,0.0,0.9113,55,1,0
4128302,PR,2623,38081.96721311475,0.0,0.9899,513,2,0
4104253,PR,30151,17964.976286027,0.3148,0.3239,78,0,0
4317103,RS,75647,37330.13867040332,0.25,0.2198,85,5,1
2802601,SE,5831,17318.12725090036,0.0,0.5453,121,1,0
2410405,RN,9825,17244.783715012723,0.0,0.977,769,5,0
2407708,RN,11166,11667.92047286405,0.0,0.9346,255,5,1
4203006,SC,80017,58773.86055463214,0.0406,0.4708,98,0,0
4206702,SC,22820,27341.104294478526,0.639,0.0,278,0,0
1302405,AM,47685,13111.020236971794,0.0,0.7319,2402,5,3
4211603,SC,15515,69255.23686754753,0.0,0.223,10,0,0
4102752,PR,3404,31414.21856639248,0.0,0.9597,726,2,0
4310553,RS,3456,71263.02083333333,0.0,0.7221,14,0,0
4201703,SC,8021,30537.464156588954,0.0,0.0474,491,2,1
3163508,MG,6409,15589.171477609612,0.0,0.0499,474,1,0
2105500,MA,23677,11431.55805211809,0.0,0.9253,353,4,1
2105351,MA,16158,6641.292239138507,0.0,0.9257,213,0,0
2111672,MA,6856,6677.217036172696,0.0,0.5768,18,0,0
2110278,MA,16219,5916.27104013811,0.0,0.9747,10,1,0
2107407,MA,19616,9604.659461663949,0.0,0.8637,53,0,0
2108256,MA,25560,6177.777777777777,0.0,0.9869,29,0,0
3129905,MG,3497,22201.315413211323,0.0,0.0143,100,0,0
4104402,PR,14606,28869.36875256744,0.4729,0.5255,2036,3,0
4108957,PR,8881,33226.21326427204,0.0,0.936,123,1,0
4205431,SC,2481,31692.462716646514,0.0,0.0129,319,5,1
4204004,SC,11106,47796.506392940755,0.5864,0.3332,19,0,0
4215554,SC,2178,47568.4113865932,0.0,0.8107,263,2,2
4212239,SC,3284,43632.155907429966,0.0,0.8291,107,1,0
4200051,SC,2534,29646.408839779004,0.0,0.1671,3,0,0
4215679,SC,8760,30704.680365296805,0.0,0.2968,7,0,0
2702306,AL,57647,30919.943795861018,0.1484,0.8123,837,11,0
1500305,PA,39910,11130.944625407166,0.0,0.8927,674,3,0
2701209,AL,10920,12862.728937728938,0.0,0.9937,261,3,0
2709004,AL,6115,15070.482420278006,0.0,0.9332,244,3,1
2700706,AL,18440,12469.251626898047,0.1281,0.5604,339,5,0
2709103,AL,20162,25334.986608471383,0.0,0.9494,862,8,0
2705903,AL,5133,13556.5945840639,0.0,0.9809,93,0,0
2708600,AL,62328,22027.54781157746,0.1008,0.3198,2696,18,4
2706000,AL,11681,9317.952230117284,0.0365,0.9607,540,1,1
1301605,AM,16409,13576.269120604546,0.0,0.971,11,0,0
4307450,RS,2846,41015.46029515109,0.0,0.9502,512,5,4
4308102,RS,13728,42930.65268065268,0.0,0.2312,110,3,0
4316204,RS,5033,53422.01470296046,0.3401,0.287,403,0,4
4302584,RS,2099,108341.59123392092,0.0,0.3768,39,1,0
4301651,RS,6232,49438.54300385109,0.0,0.5455,5,0,0
1300680,AM,20040,9102.395209580838,0.0,0.4535,39,0,0
2206951,PI,3014,10363.968148639682,0.0,0.9651,142,1,0
2203354,PI,7046,9578.768095373262,0.0,0.9861,255,0,0
3202256,ES,13047,25624.971257760404,0.75,0.1977,24,1,0
2105922,MA,11280,8601.595744680852,0.0,0.9764,101,0,0
2106102,MA,12271,33679.97718197376,0.0,0.8237,100,1,0
2313351,CE,19551,7006.700424530714,0.0,0.9339,259,2,0
4314548,RS,3068,24212.84224250326,0.0,0.2809,8,0,0
4305173,RS,12579,16152.555847046666,0.0,0.1638,6,0,0
2211605,PI,2935,12618.39863713799,0.0,0.8946,61,1,0
4314498,RS,4926,26704.62850182704,0.0,0.8645,923,2,0
4316105,RS,10633,44347.97329069877,0.0,0.5438,85,1,1
4316428,RS,2601,31762.783544790465,0.0,0.7885,293,2,0
4321956,RS,5781,60779.96886351842,0.0,0.6388,142,0,0
4314001,RS,7793,54464.90440138586,0.0,0.2476,23,0,0
4318606,RS,6911,66997.10606279844,0.0,0.1311,44,0,0
4305405,RS,3684,105546.9598262758,0.0,0.8543,278,2,0
4301909,RS,13618,37126.67058305184,0.0,0.0908,22,0,0
4312005,RS,1987,36681.93256165073,0.0,0.124,81,1,1
4305959,RS,3824,43914.22594142259,0.9,0.0,5,0,0
2508109,PB,4640,11041.379310344828,0.0,0.6623,116,0,0
2205300,PI,4443,14298.446995273463,0.0,0.5638,99,1,1
2515708,PB,2921,11360.150633344745,0.0,0.4645,232,0,0
4313037,RS,5465,31539.79871912168,0.0,0.7958,24,0,0
4322327,RS,3408,48041.666666666664,0.0,0.3779,1,0,0
2211704,PI,4479,8485.822728287565,0.0,0.982,158,11,0
4312450,RS,6609,20039.794220003027,0.0,0.0634,2,0,0
4319364,RS,2025,56383.7037037037,0.0,0.7274,53,1,0
4311734,RS,2965,23680.607082630693,0.0,0.6637,1,0,0
2606804,PE,119690,29003.484000334196,0.019,0.8607,5569,27,1
3140308,MG,4030,15000.0,0.0,0.1136,436,0,0
2608453,PE,18429,16313.147756253731,0.0,0.8648,1355,1,0
3152105,MG,60003,35748.11259437028,0.0,0.0628,11268,56,1
3155306,MG,5924,19200.708980418636,0.0,0.952,1864,13,1
3165909,MG,4056,22733.481262327416,0.6305,0.0632,633,0,0
3103900,MG,9523,49809.6188175995,1.0,0.0,3221,7,5
3114550,MG,10103,40332.67346332772,0.9476,0.0464,1477,12,4
3140530,MG,8640,24963.078703703704,0.0,0.1585,513,4,1
1505700,PA,32007,8599.056456400163,0.0,0.6588,260,0,0
3146503,MG,8308,63965.816080885896,0.0,0.0924,1292,4,1
1507805,PA,11305,21785.13931888545,0.0,0.8876,1228,4,0
1503606,PA,101541,30318.373858835348,0.0,0.7824,1690,2,1
1500404,PA,57390,12988.377766161351,0.0,0.6821,1086,1,0
2609105,PE,16549,13069.974016556891,0.0,0.834,994,0,0
2611507,PE,26309,7310.236040898551,0.0,0.2351,1064,2,1
2204659,PI,9487,12619.900917044377,0.0,0.9542,132,3,0
2201903,PI,25584,55119.801438399,0.0,0.8775,2850,111,8
5000906,MS,9082,80098.54657564413,0.041,0.9526,1787,12,0
5105606,MT,17017,75388.96397719927,0.0,0.9746,2109,4,2
5103205,MT,33855,37495.61364643332,0.47,0.493,3767,66,4
5103437,MT,5267,23513.385228782987,0.0,0.9845,139,4,0
5105622,MT,28135,29702.61240447841,0.0825,0.6261,1575,4,0
5103601,MT,8087,83260.6652652405,0.0371,0.9369,452,7,0
5102678,MT,44033,113394.09079553971,0.2,0.6884,4867,253,4
2202901,PI,26771,25426.50629412424,0.2439,0.7082,352,8,1
2616506,PE,14789,9561.904117925485,0.0,0.4406,240,1,0
2112803,MA,52852,9280.443502611064,0.0,0.5344,52,3,0
3551009,SP,370839,16506.513608331377,0.7063,0.2412,12269,51,13
2507705,PB,18422,11417.27282596895,0.0,0.1411,2418,3,3
2501906,PB,17733,12297.242429368973,0.0,0.0745,807,1,0
2503506,PB,17169,8971.75141242938,0.0,0.7651,580,4,0
3166808,MG,11750,83678.46808510639,0.0,0.0352,2104,40,4
2201606,PI,10479,8769.44364920317,0.0121,0.4164,150,9,0
2209955,PI,4856,7546.9522240527185,0.0,0.4442,135,0,0
5201306,GO,22113,23178.899290010402,0.418,0.3656,3449,82,1
5219753,GO,76871,10740.305186611336,0.57,0.2717,8133,78,8
5221601,GO,41150,31588.72417982989,0.549,0.4128,4567,131,10
5218789,GO,4728,68973.3502538071,0.0,0.0641,845,10,0
5217104,GO,24543,50483.152018905595,0.94,0.0,1596,22,3
5209952,GO,15962,41116.40145345195,0.0,0.9102,1447,8,3
5203500,GO,26069,47168.399248149144,0.957,0.0,2487,10,2
2901106,BA,24997,17505.46065527863,0.0,0.8719,1081,9,1
2928000,BA,37704,13851.527689369828,0.0,0.1947,1791,8,0
2905008,BA,23407,15563.12214294869,0.0,0.7938,2300,16,1
2928059,BA,12308,10098.635034124147,0.0,0.2956,424,1,0
2913309,BA,6232,9048.620025673941,0.0,0.9952,579,1,0
3112000,MG,14890,24926.057756883816,0.0,0.0461,3252,3,3
3170107,MG,340277,59943.86632067404,0.77,0.006,17493,264,46
2211506,PI,3082,10083.387410772226,0.0,0.207,56,1,0
5002951,MS,26499,91707.12102343484,0.248,0.3243,5358,160,6
2504157,PB,7530,9298.539176626826,0.0,0.3933,415,1,1
2704500,AL,33351,33547.150010494435,0.2144,0.3586,2961,18,3
2605004,PE,24237,11700.127903618435,0.0,0.1071,266,6,1
3111200,MG,54338,22905.64614082226,0.0,0.0,13878,68,8
5107248,MT,4600,224418.69565217392,0.0,0.9124,940,4,0
3129509,MG,25511,60160.283799145465,0.49,0.0106,4754,39,12
3154903,MG,13384,17735.131500298863,0.0,0.1301,1751,1,0
3120706,MG,3651,50408.92906053136,0.0,0.0015,519,1,2
3100609,MG,13319,14421.052631578947,0.0,0.2259,1785,1,0
3171030,MG,9527,12118.295371050697,0.0,0.6392,184,1,0
3116001,MG,5695,20049.341527655837,0.0,0.2802,667,5,1
3123908,MG,15458,17481.304179065857,0.0,0.0938,2011,3,1
3157336,MG,8723,11867.362146050671,0.0,0.0158,2088,76,0
3138351,MG,4923,13448.100751574244,0.8421,0.1511,1118,0,0
3140852,MG,11360,13964.612676056338,0.0,0.7983,696,0,0
3146404,MG,4440,18654.27927927928,0.0,0.9844,1524,4,1
3123205,MG,13373,26339.041351977867,0.8908,0.0908,2274,9,2
3149200,MG,3651,55906.60093125171,0.9258,0.012,1035,4,1
3102001,MG,14566,20357.33900865028,0.6865,0.0144,1651,16,3
3139409,MG,92074,35607.52221039598,0.0,0.0484,17193,119,14
3127354,MG,3177,12945.860875039345,0.4321,0.545,559,0,1
3165602,MG,2001,19007.996001999,0.0,0.1402,445,1,0
3111903,MG,5585,14348.791405550583,0.95,0.0232,1934,1,0
3118809,MG,26620,10251.352366641622,0.408,0.0,1750,4,0
1507961,PA,11971,6937.265057221619,0.0,0.9896,119,0,0
1507466,PA,6294,9120.908802033682,0.0,0.8855,97,1,0
3549805,SP,469173,44679.93043077926,0.98,0.0158,169332,2110,74
2203107,PI,10464,11616.016819571865,0.0014,0.9696,315,14,0
2206704,PI,7307,9175.585055426303,0.0,0.9657,122,2,0
2210706,PI,14664,29626.568466994,0.0,0.2208,406,1,0
5008008,MS,22721,33500.770212578675,0.0,0.8133,638,6,0
5003751,MS,12447,44791.75704989154,0.2026,0.7178,1729,2,0
5201702,GO,20410,13606.56540911318,0.0,0.955,1038,21,2
3301900,RJ,244416,23078.43185388845,0.065,0.6809,13978,175,3
5001243,MS,12511,81659.49964031653,0.0,0.9586,1478,13,0
2509156,PB,6689,12250.56062191658,0.0,0.8111,434,3,0
2502151,PB,7218,28593.37766694375,0.0,0.8392,286,1,0
2614303,PE,11269,8074.09708048629,0.0765,0.8223,117,1,1
2603603,PE,8592,33213.33798882682,0.0,0.7106,204,1,0
2205599,PI,5219,9311.170722360606,0.0,0.9594,25,2,0
2204006,PI,5345,8381.103835360149,0.0,0.9875,11,0,0
1504307,PA,29559,9810.785209242531,0.0,0.3387,147,0,0
2411205,RN,40295,15362.749720809034,0.88,0.1089,1984,23,3
1502756,PA,34236,12274.681621684776,0.0,0.8978,114,0,0
3203908,ES,50751,26396.405982148135,0.0,0.1452,1527,11,1
5108303,MT,3455,145942.6917510854,0.0,0.9795,633,25,1
3162807,MG,15761,16059.133303724382,0.0,0.1473,1662,0,0
1504802,PA,58289,13850.64077270154,0.0,0.7178,1560,25,1
5204508,GO,95183,31527.541682863535,0.4,0.4493,15825,144,25
3525904,SP,426935,135081.20205651913,1.0,0.0,32637,465,19
3516309,SP,179372,10439.015007916509,0.0,0.416,9758,51,6
3165701,MG,7902,13512.655024044545,0.0,0.3086,348,0,0
3137536,MG,9681,30214.440656956926,0.0,0.5243,3085,75,0
3114907,MG,2251,30760.10661928032,0.0,0.1016,287,2,1
3157302,MG,4385,16098.973774230331,0.0,0.2122,315,1,0
3116308,MG,6811,10762.883570694465,0.0,0.1891,911,1,2
3111606,MG,28908,24372.146118721463,0.0,0.0198,1729,48,19
2105401,MA,69233,11164.329149394074,0.0,0.592,223,13,2
5300108,DF,3094325,92732.27020432566,0.8308,0.0857,515274,17297,666
2909901,BA,35065,10130.357906744617,0.5715,0.3498,343,3,0
2910727,BA,115360,27765.395284327322,0.032,0.8301,5844,28,3
3136900,MG,10795,25392.218619731357,0.0,0.0574,437,3,1
3205002,ES,536765,69452.00599890083,0.391,0.5005,33484,1603,17
3554102,SP,320820,50495.56137397918,0.9245,0.0556,49591,557,56
4320230,RS,2875,54794.434782608696,0.0,0.7786,323,0,1
4321303,RS,26907,40661.537889768464,0.0,0.23,61,1,0
3535309,SP,22322,40347.05671534809,0.8382,0.1561,4173,8,4
3534104,SP,6569,19753.843811843508,0.9956,0.0022,1180,29,3
3517505,SP,22087,40585.638610947615,0.6637,0.032,3891,120,6
3521002,SP,38771,25010.80704650383,0.6119,0.1427,5553,41,0
3537701,SP,6093,19534.711964549482,1.0,0.0,1647,7,0
3509106,SP,6017,15997.174671763338,0.95,0.0345,641,2,0
3512902,SP,7289,69530.66264233777,0.9695,0.0277,1443,9,0
3548302,SP,3159,14964.54574232352,0.9952,0.0,756,13,0
3521101,SP,7824,121154.39672801636,0.939,0.0419,1523,17,0
3542206,SP,29743,46459.20048414753,0.9839,0.0043,7536,18,10
3508108,SP,17414,36037.957964855865,1.0,0.0,7209,5,5
3514205,SP,2108,27963.4724857685,0.9463,0.0512,813,1,1
3534302,SP,44682,57728.078420840604,0.9985,0.0006,5111,11,1
3541703,SP,14309,57387.588231183174,0.9429,0.0498,2356,2,1
3509205,SP,79034,287384.66988890857,0.0,0.2198,6923,0,4
1721208,TO,22820,16329.623137598597,0.47,0.4696,1235,12,1
1715507,TO,1124,26217.97153024911,0.0,0.8911,179,0,0
3523701,SP,6587,24568.847730378016,0.9708,0.0257,1006,4,0
3532900,SP,11519,32768.55629828978,0.9959,0.0031,2056,14,2
3532306,SP,6624,14098.882850241545,0.6533,0.0151,347,1,0
3532157,SP,3215,44261.58631415241,0.9897,0.007,548,3,1
1706100,TO,7268,24393.780957622454,0.0,0.9259,154,1,0
1718899,TO,2407,74895.3053593685,0.0,0.4956,55,0,0
1721109,TO,7688,24892.429760665975,0.0,0.6,341,0,1
3514106,SP,27704,30150.8446433728,0.98,0.0099,5374,6,3
3555505,SP,4828,23709.196354598178,0.9359,0.0629,372,2,1
3505500,SP,123546,47783.95091706733,1.0,0.0,14832,390,10
3519006,SP,9649,36890.35133174422,0.945,0.0484,1946,10,4
3528502,SP,103645,22076.241015003136,0.2738,0.3089,15446,17,3
3521150,SP,5557,22360.8061903905,1.0,0.0,1249,50,1
3528205,SP,3686,24669.289202387412,0.9411,0.0,554,1,0
3529906,SP,19511,23420.275741889192,0.6,0.2892,1085,3,1
3541059,SP,5371,23527.648482591696,0.9434,0.036,212,2,0
2910800,BA,624107,27691.08181770113,0.4962,0.357,30832,3066,33
4124905,PR,5819,26569.169960474308,0.7802,0.2036,2944,51,1
2109759,MA,7878,7643.564356435643,0.0,0.8509,60,0,0
1502939,PA,61206,15367.954122144887,0.0,0.9093,794,1,0
5211701,GO,6001,71123.81269788368,0.0,0.7573,610,4,2
5222203,GO,6451,27886.994264455123,0.0,0.7479,527,7,3
5204805,GO,7884,107398.27498731608,0.0,0.7396,1033,4,1
5202353,GO,2462,90406.17384240455,0.0,0.8765,425,1,0
5222005,GO,14088,60900.62464508802,0.0,0.7662,3146,45,8
5208301,GO,4701,19506.487981280578,0.0,0.9897,685,5,0
5201504,GO,4266,92759.7280825129,0.0,0.7446,806,2,0
5201207,GO,1171,18523.484201537147,0.0,0.8817,162,1,1
5219902,GO,6265,20843.256185155627,0.0,0.9738,400,12,0
2205508,PI,39457,9902.374737055528,0.0,0.4879,218,7,1
2800308,SE,672614,27364.39919478334,0.35,0.494,11627,542,16
1100031,RO,5067,47051.90447996842,0.0,0.99,416,2,0
2313401,CE,77111,22470.07560529626,0.4634,0.0355,2223,2,0
2905404,BA,18666,80656.91631843995,0.0755,0.6341,141,0,0
2914208,BA,7295,10689.376285126798,0.0,0.9502,229,0,0
2922755,BA,6518,15600.030684258974,0.0,0.1664,168,0,0
2924504,BA,16308,18183.897473632573,0.0,0.9743,1413,107,0
2301901,CE,61662,21815.78605948558,0.549,0.3741,1836,96,2
2312205,CE,43719,14495.070793019053,0.0,0.5975,1043,0,0
2924306,BA,16854,14405.06704639848,0.0,0.9002,613,2,0
2920205,BA,16875,11144.592592592593,0.0,0.7356,603,5,0
2921450,BA,8264,9515.004840271054,0.5824,0.1548,307,5,1
2412005,RN,104919,18157.08308314033,0.21,0.5795,3258,65,2
2933505,BA,20862,15896.941808072093,0.0,0.4222,86,2,0
2304251,CE,25121,14834.680148083276,0.0,0.9462,261,8,0
2903276,BA,16225,21334.114021571648,0.0,0.3951,843,5,0
2913903,BA,45969,12373.925906589224,0.0025,0.287,2630,5,1
2933109,BA,9247,12564.831837352654,0.0,0.7198,632,0,0
3201209,ES,212172,28971.607940727336,0.98,0.0,25293,28,12
2918902,BA,3993,28301.5276734285,0.0,0.3512,304,0,0
2924108,BA,7438,7028.098951331003,0.0,0.9295,107,0,0
2929057,BA,15543,15338.802033069549,0.0,0.9812,913,16,1
2806701,SE,92090,11203.605168856553,0.25,0.613,1670,35,3
2310308,CE,31391,9196.553152177376,0.0,0.4781,491,5,0
1600105,AP,9265,17219.967620075553,0.0,0.6261,34,1,0
2304269,CE,9698,10402.45411425036,0.0,0.9555,13,1,0
2310258,CE,33232,16102.822580645161,0.8476,0.138,217,3,2
2901957,BA,7274,10214.462469067914,0.0,0.3996,415,3,1
3204658,ES,8735,37932.34115626789,0.0,0.1039,176,1,0
4313409,RS,247303,40589.43482286911,0.0258,0.0778,25267,89,29
3508009,SP,20050,34121.1970074813,0.9034,0.0913,1190,6,2
3522653,SP,4294,12247.321844434095,0.6259,0.3287,36,1,0
3542800,SP,3320,18699.09638554217,0.0,0.479,72,0,0
4300604,RS,212352,15550.82127787824,0.0967,0.1282,4715,55,4
4309209,RS,285564,35934.56458096959,0.2534,0.5822,3569,24,2
4302105,RS,123090,60918.83174912666,0.9,0.0,547,213,1
3304409,RJ,18677,23342.667451946243,0.0,0.2755,709,0,0
2413300,RN,5739,10003.659174072138,0.0,0.8899,192,3,1
2805406,SE,35461,11738.10665237867,0.0,0.1677,116,5,1
4307203,RS,4780,31565.271966527198,0.0,0.4093,79,0,0
4321808,RS,23846,56767.21462719114,0.0,0.8179,4004,12,11
3164472,MG,6697,15565.327758697924,0.0,0.1762,355,0,0
3119906,MG,3685,12384.803256445048,0.3761,0.1513,30,0,0
3118502,MG,1786,17609.742441209408,0.0,0.02,34,0,0
4304689,RS,12183,24508.331281293606,0.0,0.0658,451,1,0
4311106,RS,10684,35381.6922500936,0.0,0.5001,410,25,1
4306304,RS,4732,48470.414201183434,0.0,0.1386,4,0,0
2800506,SE,18825,13400.424966799468,0.0,0.8716,181,9,1
4215109,SC,11647,33485.70447325492,0.0,0.1267,181,3,0
4125803,PR,11109,33318.93059681339,0.5336,0.4524,2580,3,4
4121604,PR,6772,62395.00886001181,0.8228,0.1589,593,1,0
4103008,PR,3991,71587.32147331497,0.0,0.9898,1321,6,1
4103479,PR,3975,37483.018867924526,0.0,0.9889,1585,11,1
4304408,RS,45957,34711.90460647997,0.2743,0.1151,72,0,0
2409308,RN,12861,12511.779799393515,0.0,0.752,754,2,0
2404200,RN,27004,20240.556954525255,0.2693,0.5719,814,14,0
2412559,RN,10441,47183.219998084474,0.0,0.9625,465,8,0
2801306,SE,34808,11069.007124798896,0.0335,0.8302,69,3,1
3303708,RJ,44741,28006.347645336493,0.0,0.1125,1732,5,1
3302809,RJ,18681,19147.476045179596,0.0,0.3858,1562,1,1
2413904,RN,12314,12603.459477018028,0.0,0.965,746,4,0
4210902,SC,4227,40285.30872959546,0.0,0.6627,160,0,0
4103057,PR,7524,24632.64221158958,0.0,0.811,3279,74,4
4116703,PR,10131,80918.5667752443,0.5073,0.4523,4180,15,6
4112108,PR,21281,37131.7137352568,0.4796,0.4578,4596,12,6
4121901,PR,12869,26269.951045147252,0.572,0.3984,1219,3,3
4107801,PR,4883,49000.81916854393,0.1963,0.7988,1380,3,0
4128203,PR,58298,33607.705238601666,0.5823,0.1611,248,0,0
4114401,PR,16572,107006.99975862901,0.4552,0.4659,992,7,0
4109609,PR,37974,25866.35592774003,0.6882,0.0,15234,75,3
4100608,PR,14945,29192.97423887588,0.5955,0.3244,3163,7,4
4124509,PR,5422,98142.751752121,0.4682,0.5192,519,3,0
4128658,PR,4051,46838.06467538879,0.0,0.9404,226,0,0
4118006,PR,14211,26547.39286468229,0.4335,0.4105,2180,9,1
4118451,PR,5755,42312.771503040836,0.0,0.9385,1083,11,1
4305801,RS,9903,43658.28536807028,0.0,0.527,1384,3,0
2805901,SE,10354,21479.717983388062,0.0,0.3483,82,2,2
2704708,AL,52848,64514.891765062064,0.25,0.5556,4527,117,0
4120606,PR,52776,29782.590571471883,0.718,0.2115,967,3,1
4219507,SC,52290,51194.262765347106,0.174,0.3647,2877,5,1
4105409,PR,19083,47651.20788136037,0.6709,0.2981,2447,7,7
2406601,RN,8348,11297.676090081457,0.0,0.9848,228,2,0
4207205,SC,9764,25889.799262597295,0.0,0.1578,27,0,0
2413102,RN,6167,9806.388843846278,0.0,0.8296,287,0,0
2412906,RN,11051,10114.559768346757,0.1069,0.7814,365,4,2
4122008,PR,15433,47274.995140283805,0.9049,0.0669,47,0,0
4104451,PR,13340,25184.857571214394,0.3149,0.588,1138,3,0
4127809,PR,7699,42105.98779062216,0.7104,0.2643,346,15,0
4217907,SC,8648,69475.02312673451,0.0,0.4091,9,1,0
3146602,MG,1517,17996.704021094265,0.0,0.3183,480,1,0
3101631,MG,7052,21364.577424844018,0.0,0.0975,667,1,0
2105609,MA,16228,7182.893763864925,0.0,0.9872,53,0,0
2111102,MA,26063,13084.142270651882,0.0,0.9834,501,24,2
2109205,MA,12939,6530.566504366643,0.0,0.585,21,1,0
2102705,MA,22236,6900.341788091383,0.0,0.5229,140,3,1
2105450,MA,10464,7234.900611620795,0.007,0.4612,194,1,0
2111532,MA,12779,9987.792472024415,0.0,0.9522,411,1,0
2110609,MA,28825,9756.461405030355,0.0,0.8361,73,1,0
2111953,MA,5692,8434.645115952213,0.0,0.9871,151,1,0
2102077,MA,16578,7116.841597297624,0.0,0.989,42,1,0
3201407,ES,37956,30840.842027610917,0.564,0.0424,524,4,1
3106804,MG,3282,12668.494820231566,0.0,0.3849,156,0,0
4120309,PR,4057,24340.64579738723,0.0,0.3145,8,0,0
4201901,SC,5687,71547.9163003341,0.0,0.3874,19,1,0
4215075,SC,4525,32629.61325966851,0.0,0.6119,465,12,0
4206652,SC,4692,75652.81329923273,0.0,0.7581,364,21,1
4201802,SC,3179,39623.78106322743,0.0,0.0139,17,0,0
4219101,SC,3569,56315.774726814234,0.0,0.139,12,0,0
4201505,SC,8843,30763.428700667195,0.0,0.2166,5,0,0
4212403,SC,3931,61922.66598829814,0.0,0.2292,3,1,0
4217600,SC,14176,47931.78611738149,0.0,0.1438,8,0,0
2704203,AL,28904,23703.535842789926,0.0,0.9528,1156,9,0
2701506,AL,9576,11081.2447786132,0.0,0.8495,196,2,0
4315149,RS,2972,71942.1265141319,0.0,0.1463,113,3,0
1200336,AC,19643,13704.882146311664,0.0,0.9909,2549,5,0
4323358,RS,2070,81609.17874396135,0.0,0.3033,5,0,0
1300706,AM,34958,14668.916986097604,0.0,0.896,1158,2,0
1200500,AC,47168,15860.201831750339,0.0,0.8102,3172,0,0
2707107,AL,25324,13584.662770494393,0.3545,0.2355,166,2,0
2700904,AL,6717,22537.888938514217,0.0,0.4791,91,2,1
2705002,AL,25200,14071.190476190477,0.0,0.313,3276,4,0
2700201,AL,17507,14306.10612897698,0.0,0.7029,238,4,0
2708105,AL,10637,132421.0773714393,0.0,0.8643,538,1,0
2706448,AL,13484,17561.85108276476,0.0,0.8531,208,16,0
2705200,AL,18201,12147.134772814681,0.0,0.6349,814,13,0
2706505,AL,15270,22090.307793058284,0.0,0.9416,37,3,0
1600501,AP,28534,18536.44774654798,0.0,0.6337,2820,21,2
2708303,AL,24064,24433.38597074468,0.0,0.1518,500,19,1
1303403,AM,116439,12255.206588857685,0.0,0.7234,691,1,1
1300409,AM,27772,8844.231600172836,0.0,0.6891,211,0,0
1302900,AM,66159,9005.985580193172,0.0,0.457,566,4,0
1200393,AC,12497,12845.883011922862,0.0,0.9753,428,3,0
4302154,RS,2087,114288.93148059415,0.0,0.9266,161,1,0
4309100,RS,36864,72103.35286458333,0.385,0.0736,362,8,1
1600709,AP,18217,14378.767085689191,0.0,0.8967,627,4,0
2609808,PE,15309,12178.979685152524,0.0,0.1165,185,0,0
3203130,ES,16774,38527.18492905687,0.1092,0.0869,733,3,1
3204104,ES,27601,31219.955798702944,0.0,0.0707,1139,7,1
3204351,ES,19398,27099.804103515828,0.91,0.0879,50,1,0
2112407,MA,35811,8264.695205383821,0.0,0.908,154,2,0
2610103,PE,7509,10648.421893727527,0.0,0.2184,178,0,0
2205557,PI,8610,8979.558652729384,0.0,0.2564,16,0,0
4311643,RS,1724,38038.863109048725,0.0,0.0673,12,0,0
4322558,RS,2130,44495.30516431925,0.0,0.2358,7,0,0
4312609,RS,4967,60771.29051741494,0.0,0.3694,284,1,1
4321626,RS,2331,33499.3564993565,0.0,0.9538,45,1,1
1506906,PA,6796,8838.287227781047,0.0,0.3433,61,0,0
4318051,RS,3091,39933.6784212229,0.0,0.2832,7,0,0
2502409,PB,12126,7962.147451756556,0.0,0.363,188,2,0
2514206,PB,7622,9440.304382051954,0.0,0.6193,139,1,0
2513968,PB,3119,11595.703751202309,0.0,0.2837,173,0,0
2209153,PI,4046,11238.754325259515,0.0,0.953,2,0,0
2513943,PB,2645,10850.283553875237,0.0,0.2427,49,0,0
4218103,SC,5338,29011.24016485575,0.0,0.2959,1,0,0
4323457,RS,4274,45844.87599438465,0.0,0.1326,3,0,0
4313607,RS,3731,44932.725810774595,0.0,0.5362,71,0,0
4315453,RS,2068,39984.04255319149,0.0,0.0014,2,0,0
3158201,MG,14607,11695.762305743821,0.0,0.2777,1676,27,0
3118304,MG,130584,23881.555167554983,0.3759,0.0528,42975,2633,37
3170479,MG,3256,29820.945945945947,0.0,0.8317,888,0,0
3109808,MG,2720,99124.63235294117,1.0,0.0,375,4,0
3145059,MG,7493,15515.414386760976,0.4902,0.4996,1398,8,0
3131406,MG,4229,43292.50413809411,0.0,0.0008,1391,0,0
3153707,MG,3603,21546.211490424645,0.0,0.5658,622,0,0
3124104,MG,72512,13419.916703442188,0.1064,0.7309,13532,23,8
3156700,MG,137877,30474.48087788391,0.0,0.1008,43834,104,8
3152170,MG,12235,10016.83694319575,0.0,0.8365,250,2,0
1501758,PA,7357,15643.332880250102,0.0,0.9782,137,0,0
2203503,PI,14550,11321.718213058419,0.0,0.3831,121,2,0
1503044,PA,20742,29053.273551248672,0.0,0.9764,685,2,0
2505303,PB,2508,10679.02711323764,0.227,0.4348,44,0,0
2604502,PE,21929,11454.831501664463,0.6497,0.3417,901,3,0
5007208,MS,38844,96052.05437133148,0.0657,0.7817,1729,3,0
5103403,MT,623614,47700.87586231226,0.3,0.4696,18774,114,9
2507507,PB,825796,26936.778574853837,1.0,0.0,61842,721,17
2513703,PB,138093,18949.72953009928,0.0,0.7811,5560,17,4
2515302,PB,52977,12756.063952281178,0.1932,0.6875,658,7,1
5108956,MT,9375,39171.94666666666,0.0,0.9182,914,2,0
5002902,MS,22063,35488.51017540679,0.0,0.7177,2218,9,3
5107792,MT,5459,186843.37790804176,0.0,0.9462,333,4,0
5005707,MS,56484,53347.49663621557,0.2171,0.6616,7964,13,6
5003702,MS,227990,55246.67748585464,0.5142,0.2232,16129,396,28
2600906,PE,22910,12850.58926233086,0.0,0.3369,664,1,0
2607802,PE,17056,9431.109287054409,0.0,0.9897,785,2,1
1504422,PA,135812,18986.105793302508,0.0,0.8112,1036,5,0
1505551,PA,5339,21515.265030904662,0.0,0.9915,595,4,0
5211503,GO,106845,49832.28040619589,0.968,0.0,5869,188,4
5210406,GO,44329,40717.25055832525,0.66,0.1659,4052,57,3
5211404,GO,8968,24446.36485280999,0.86,0.0535,1364,7,1
5200100,GO,20873,21334.930292722656,0.56,0.1782,4287,32,4
5203559,GO,10120,11970.158102766798,0.0,0.9496,445,10,2
2101400,MA,96951,65059.7724623779,0.0,0.7918,3678,14,0
2112308,MA,42242,8646.773353534398,0.0,0.8482,281,10,0
2914000,BA,59281,11216.325635532465,0.8472,0.1404,571,23,0
2927200,BA,30900,12712.330097087379,0.6538,0.332,1130,2,0
2925006,BA,26581,11658.139272412625,0.0,0.988,2254,16,2
2926400,BA,35757,8884.19050815225,0.0,0.8821,2537,13,1
3108255,MG,11502,8784.472265692923,0.0,0.9878,1062,11,0
2600302,PE,25240,13980.110935023771,0.0,0.1717,486,0,0
3518701,SP,324977,32292.291454472164,0.6242,0.3189,16211,214,13
3169000,MG,16769,20853.420001192677,0.0,0.065,4923,0,1
5107909,MT,148960,64607.12271750806,0.0,0.8759,19431,313,16
2504355,PB,4898,12589.832584728461,0.0,0.1836,326,0,0
5003801,MS,19152,33882.884294068506,0.1194,0.8512,1149,2,0
3145208,MG,108241,24352.066222595873,0.8921,0.0448,30317,103,6
2608008,PE,17305,8948.97428488876,0.0,0.2165,2620,59,0
3144805,MG,97378,216092.40280145413,0.1876,0.6704,19157,379,13
3142403,MG,7589,20110.027671629992,0.8,0.1992,479,3,1
3161650,MG,4104,12169.590643274854,0.8471,0.1463,155,2,0
3135100,MG,72374,22157.83292342554,0.2591,0.7021,10320,59,2
3136504,MG,10872,9857.615894039734,0.0,0.1392,218,1,0
3112406,MG,6860,30215.743440233236,0.9455,0.0051,1772,3,3
3152131,MG,4305,12096.631823461092,0.0,0.6331,481,3,0
3158508,MG,7538,15479.570177765985,0.8514,0.1183,1188,7,1
3125606,MG,7548,10030.074191838898,0.0,0.1152,1333,7,0
3162708,MG,23797,11979.66130184477,0.4465,0.5449,1062,7,6
3162922,MG,32696,33134.144849522876,0.0147,0.4566,6730,12,1
3135605,MG,7407,17614.95882273525,0.0,0.9664,712,3,0
3138658,MG,9766,9610.69014949826,0.0881,0.9014,1874,0,0
3166956,MG,4836,9813.068651778329,0.0,0.9844,482,0,1
2516904,PB,15356,12537.119041417036,0.0,0.2265,651,12,0
2513851,PB,2496,11758.814102564103,0.0,0.7896,153,0,0
2510105,PB,10614,9384.39796495195,0.0,0.979,255,0,0
2603405,PE,5744,8756.963788300836,0.0,0.9995,49,0,0
5004502,MS,25478,46357.445639375146,0.0865,0.7908,2325,12,3
2511509,PB,12036,10111.332668660685,0.0,0.7601,250,1,0
2507200,PB,11069,14022.58559942181,0.0,0.7246,216,0,0
2200905,PI,5819,9847.91201237326,0.0,0.9875,60,0,0
2208858,PI,4306,10747.561542034371,0.0,0.9401,31,1,0
5002209,MS,22401,53761.57314405607,0.7812,0.1829,2687,53,3
5107859,MT,11934,135991.36919725154,0.0,0.7321,238,1,1
5107941,MT,9357,141052.68782729507,0.0,0.8261,1238,11,0
5106828,MT,12176,25346.911957950066,0.0,0.8917,497,6,0
2607109,PE,4537,11130.041877892882,0.0,0.2166,307,1,0
5106232,MT,20820,35164.40922190202,0.0,0.9181,459,9,1
5107180,MT,10450,72424.01913875598,0.0,0.5675,393,5,0
2515609,PB,3114,11892.742453436094,0.0,0.9105,197,0,0
2613305,PE,21439,8650.916553943747,0.0221,0.1087,224,0,0
2608305,PE,15007,14274.938362097688,0.0,0.2373,222,1,0
1505601,PA,8084,8946.932211776348,0.0,0.514,88,0,0
3169604,MG,25466,37169.5201445064,0.0,0.0169,3724,18,1
2204600,PI,3880,8779.896907216495,0.0,0.5413,52,1,0
3102407,MG,3605,17990.29126213592,0.0,0.3366,850,4,1
2502052,PB,3571,11211.705404648557,0.0,0.9767,233,2,0
2201770,PI,6848,9127.77453271028,0.0,0.397,15,0,0
2209872,PI,6084,10013.97107166338,0.0,0.7531,52,1,0
1502301,PA,54545,11289.265743881198,0.0,0.9628,407,0,0
1721000,TO,313349,32977.347941113585,0.81,0.0,32855,725,8
3304524,RJ,159529,56096.822521297065,0.28,0.1455,8343,439,7
3104700,MG,12496,15926.376440460948,0.0,0.232,308,0,0
3306008,RJ,82468,76977.40941941117,0.198,0.0,2508,15,3
3127503,MG,6184,11153.460543337646,0.0,0.1755,375,5,0
3153301,MG,3000,12064.666666666666,0.0,0.0407,163,1,0
3132008,MG,5447,11331.191481549477,0.0,0.8429,72,0,0
3115607,MG,1150,19483.478260869564,0.0,0.698,248,0,1
3124005,MG,19019,21529.89116147011,0.0,0.1269,749,5,0
3171154,MG,4852,13234.954657873042,0.0,0.1312,398,0,0
3300209,RJ,136109,31109.368226935763,0.73,0.0,4045,14,5
3149952,MG,6738,16574.354407836152,0.0,0.2203,301,2,0
3304102,RJ,19068,21814.03398363751,0.0,0.0722,1096,1,0
3130606,MG,7387,17947.204548531205,0.0,0.0666,690,1,0
3113909,MG,12193,26379.31600098417,0.0,0.0064,758,5,0
3159704,MG,3364,30331.15338882283,0.0,0.3467,348,0,1
3523107,SP,379082,25112.292327253734,0.0443,0.27,9360,60,11
1200203,AC,89760,22934.826203208555,0.0,0.8293,43221,305,16
3527306,SP,51007,385773.540886545,0.0,0.0421,2627,14,2
3543402,SP,720116,55484.91076437685,0.98,0.0,138289,3023,59
3303302,RJ,516981,128333.01417266786,0.8574,0.0885,9602,116,2
3500402,SP,8262,25297.022512708787,0.8257,0.091,680,6,0
3541406,SP,231953,39845.106551758334,0.998,0.0,78018,303,73
4117206,PR,5846,18682.86007526514,0.0,0.9483,1868,49,1
5213509,GO,8759,13730.334513072268,0.0,0.9836,1082,41,0
3548500,SP,433991,55508.46215704934,0.9977,0.0,23437,547,18
3507803,SP,25605,34947.51025190393,0.99,0.001,5466,82,4
3551306,SP,3595,116133.24061196105,0.9824,0.0133,453,4,0
3508405,SP,51130,116591.68785448855,0.8046,0.0774,1993,9,1
3549201,SP,2555,20591.780821917808,0.8677,0.1323,506,3,0
3510153,SP,5365,30627.958993476233,0.8956,0.1034,726,2,1
3514924,SP,3742,20323.623730625335,0.953,0.0,1051,17,1
3506706,SP,15111,25197.07497849249,0.9453,0.0032,4332,7,1
3500204,SP,3545,32578.279266572637,0.9518,0.0116,1023,43,4
3509908,SP,12542,21081.964598947536,0.6585,0.2171,1884,1,1
3527801,SP,4608,21340.494791666668,0.9258,0.0693,390,9,1
3511300,SP,9452,56401.18493440541,0.9661,0.0008,3344,64,3
3515202,SP,8420,89460.4513064133,0.9186,0.0797,4185,17,3
3531407,SP,25651,29885.77443374527,0.8857,0.0989,3535,71,6
3526407,SP,29047,48579.922195063176,0.9094,0.0387,3804,3,0
3527603,SP,15628,99603.72408497568,0.9938,0.0008,2483,21,1
3557105,SP,96106,40190.41475037979,1.0,0.0,44814,375,26
3529500,SP,5638,66474.813763746,0.975,0.0,2222,35,2
3511607,SP,18595,39826.2436138747,0.8495,0.1231,1821,1,0
3555208,SP,2024,27877.964426877472,0.9349,0.0613,747,1,0
3503505,SP,3906,14877.880184331798,0.0,0.1364,270,0,0
3527702,SP,5918,15851.470091247043,0.9661,0.033,795,4,1
3520608,SP,4873,17846.91155345783,0.0,0.1689,1049,2,0
3537404,SP,25685,42339.303095191746,1.0,0.0,2889,46,3
3508702,SP,19031,30182.07135725921,0.0,0.0766,1525,0,1
3509957,SP,5268,24688.686408504178,0.7359,0.184,673,1,0
3551900,SP,17820,15258.810325476992,0.9982,0.0014,2144,11,5
1712009,TO,3199,20132.854016880276,0.0,0.4755,235,1,0
1718303,TO,8563,10876.91229709214,0.0,0.6752,210,0,0
1702307,TO,6590,49244.76479514416,0.0,0.8403,306,0,0
3526803,SP,69533,70818.57535271022,0.984,0.0089,4689,99,11
4202073,SC,11537,18802.114934558376,0.0,0.0525,25,0,0
3543105,SP,4786,66664.85582950272,0.927,0.0716,602,2,1
3506607,SP,33265,29190.320156320457,0.3211,0.3484,2337,17,3
3506805,SP,12571,22429.719194972557,0.9514,0.0381,838,2,1
3542107,SP,9126,48529.804952881874,0.0,0.0209,1770,3,0
1703008,TO,10668,14880.108736407949,0.0,0.7026,148,1,0
3505807,SP,20952,50936.28293241695,0.9849,0.0149,4136,31,8
1707702,TO,8892,14543.74718848403,0.0,0.9642,66,0,0
2109502,MA,20288,33184.19755520505,0.0,0.8794,214,3,0
3554805,SP,48228,18591.5650659368,0.8474,0.057,7644,7,2
3520806,SP,4045,33790.11124845488,0.9573,0.0383,1183,14,2
3544509,SP,3191,32233.46913193356,0.6705,0.2471,953,4,0
3525854,SP,3467,61724.83415056245,0.8509,0.0308,96,0,0
3553500,SP,7725,23966.084142394822,0.8273,0.1302,120,0,0
3546207,SP,4584,35264.1797556719,0.9819,0.0015,358,4,0
3553658,SP,2815,16647.246891651866,0.0,0.0015,478,2,0
3514908,SP,18095,55521.13843603205,0.9302,0.0628,2037,0,1
1720853,TO,2007,265258.59491778776,0.0,0.9882,68,0,0
3530904,SP,3523,35344.02497871133,0.9543,0.0389,398,0,0
1720150,TO,1610,22696.273291925467,0.0,0.1096,46,0,0
1505908,PA,42456,9531.679856792915,0.0,0.7527,56,0,0
5201603,GO,3450,21303.1884057971,0.0,0.9252,363,7,3
5221452,GO,3497,20052.61652845296,0.0,0.9904,248,9,0
1502905,PA,41093,8998.539897306111,0.0,0.816,194,0,0
5205059,GO,3380,27104.73372781065,0.0,0.7446,485,1,1
5203203,GO,11643,135151.33556643478,0.0,0.9013,1699,11,1
5207535,GO,6527,25676.727439865175,0.0,0.9205,1441,15,0
5202601,GO,3000,27191.0,0.0,0.9689,874,15,7
5219506,GO,2200,31047.272727272728,0.0,0.9839,387,2,1
5212709,GO,9277,11591.031583486041,0.0,0.7886,1271,2,2
5206909,GO,2094,278454.6322827125,0.0,0.9657,340,5,0
5214804,GO,2236,31766.54740608229,0.0,0.9802,652,5,1
5212006,GO,2843,29246.570524094266,0.0,0.7235,72,1,0
5220504,GO,8737,74691.19835183701,0.0,0.9557,1115,6,2
1100379,RO,13268,36454.02472113355,0.0,0.9822,401,3,0
2932457,BA,19573,13434.884790272314,0.0,0.9625,452,1,2
2907806,BA,32636,12258.640764799607,0.0,0.2976,667,0,0
2930303,BA,17261,11590.927524477145,0.0,0.9793,624,6,0
2303931,CE,13608,13153.218694885361,0.0,0.8666,328,1,0
2305100,CE,5073,15847.821801695249,0.6573,0.0,147,3,0
2307908,CE,11407,8444.551591128255,0.0,0.9484,174,1,0
2303709,CE,368918,28229.506285949723,0.4533,0.0251,10887,102,17
2412203,RN,44566,23357.806399497375,0.0346,0.8025,2076,18,0
2903102,BA,5515,14125.29465095195,0.0,0.2249,634,1,0
2931004,BA,20383,12431.634204974735,0.0,0.7251,580,4,1
2902005,BA,12960,11245.293209876543,0.0,0.9749,595,6,0
2906899,BA,8659,9955.191130615545,0.83,0.1601,538,7,2
2910909,BA,5641,12562.843467470308,0.0,0.143,294,0,0
2307601,CE,60232,23631.39195112233,1.0,0.0,5150,31,8
2304905,CE,11219,9872.091986808093,0.0588,0.6246,901,0,0
2302404,CE,54680,9861.338697878566,0.01,0.0,1728,10,2
2918753,BA,15870,7536.798991808444,0.0,0.9409,597,8,0
2922706,BA,16482,10572.928042713263,0.0,0.09,763,26,0
2305407,CE,68303,10797.31490564104,0.61,0.299,4358,12,1
2901700,BA,11670,10644.215938303341,0.0,0.6335,285,1,0
2924009,BA,119213,33262.53009319453,0.8958,0.0814,1644,4,3
2931202,BA,21421,10352.224452639934,0.0,0.4712,458,3,0
2916609,BA,10284,9207.409568261377,0.0,0.0486,210,0,0
2933158,BA,12556,18469.89487097802,0.75,0.0,991,9,1
2914653,BA,30901,16648.037280346914,0.0,0.9607,424,5,1
2308203,CE,15309,8445.554902345026,0.0,0.8598,457,0,0
2915304,BA,6784,18787.88325471698,0.0,0.119,375,0,0
2922250,BA,11479,18319.540029619304,0.0616,0.8948,394,1,0
2313302,CE,59259,12012.28505374711,0.192,0.1766,5326,17,1
2902500,BA,13979,18872.809213820732,0.0,0.7453,401,3,0
2902302,BA,8848,9038.878842676311,0.0,0.6639,22,0,0
2917359,BA,8176,164407.656555773,1.0,0.0,825,12,0
2924603,BA,20048,7836.941340782123,0.0,0.5385,163,0,0
2409407,RN,30802,23028.796831374588,0.4363,0.3966,5073,2,1
2907400,BA,3619,22354.517822602927,0.0,0.9297,118,0,0
2308906,CE,22830,8462.724485326326,0.0,0.669,49,0,0
2912806,BA,8740,51568.306636155605,0.0,0.2056,957,8,0
2803005,SE,42399,12637.019741031629,0.0,0.2783,2083,5,1
3303401,RJ,191664,33000.12000166959,0.828,0.0,13354,221,17
3536570,SP,1835,26505.17711171662,0.764,0.2261,132,1,0
4307302,RS,6697,52854.56174406451,0.0,0.7376,612,0,0
3301504,RJ,22152,20592.993860599494,0.0,0.1508,4366,4,1
3300803,RJ,59652,21885.50258164018,0.0,0.304,2201,15,1
3300936,RJ,16859,43108.665994424344,0.7706,0.1116,629,0,0
2406155,RN,3945,10683.903675538657,0.0,0.8646,141,1,1
2413508,RN,6128,11732.865535248042,0.0,0.9463,290,2,0
2801702,SE,18181,13793.355701006545,0.0,0.9681,178,1,1
2408953,RN,10961,16932.12298147979,0.0,0.9907,397,4,0
2407500,RN,12714,10609.878873682555,0.0,0.9573,336,7,1
3301108,RJ,20163,41730.9428160492,0.1334,0.1886,4379,6,0
4313656,RS,11342,64856.55087286193,0.0,0.0994,16,0,0
4304952,RS,3228,61708.79801734821,0.0,0.6862,9,0,0
4103040,PR,6343,56993.37852751064,0.0,0.9611,50,0,0
4115853,PR,5617,49534.80505607976,0.0,0.7212,1776,57,0
3300308,RJ,101139,26833.476700382642,0.17,0.035,5923,6,6
2400802,RN,11695,15405.386917486105,0.0,0.5622,433,1,1
2806008,SE,18891,17968.5035201948,0.0,0.2695,107,7,0
4320008,RS,142508,29500.519269093664,0.6385,0.0979,7136,32,4
2404853,RN,7641,13014.657767307945,0.0,0.7192,54,0,0
4107751,PR,7625,21181.508196721312,0.0,0.6824,1214,10,0
4209300,SC,157158,41846.26935949809,0.22,0.4758,157,2,0
3304201,RJ,133244,80712.15214193509,0.594,0.0,20912,387,30
3305703,RJ,15709,38202.75001591445,0.0126,0.511,834,5,2
1400050,RR,15249,25280.805298708114,0.0,0.6766,110,1,1
1400159,RR,12701,41131.0133060389,0.0,0.2495,324,0,0
2408904,RN,21611,17071.260006478184,0.8197,0.1774,3277,14,4
2410504,RN,5158,10327.840248158202,0.0,0.7593,1053,1,0
2410801,RN,4194,10375.298044825942,0.0,0.748,338,0,0
2405603,RN,15044,14179.47354427014,0.0,0.7631,517,4,0
2802106,SE,69919,30414.665541555227,0.02,0.9166,536,7,1
2800407,SE,9840,14240.040650406505,0.0,0.7352,108,3,1
2406106,RN,18335,17226.12489773657,0.3587,0.5321,301,7,1
2806800,SE,11276,11992.461865909898,0.0,0.9771,68,5,0
4101051,PR,2774,41475.847152126895,0.0,0.629,1008,0,0
4124707,PR,11088,29122.74531024531,0.0,0.7576,767,3,0
4112702,PR,12687,22283.360920627412,0.89,0.0999,4952,263,2
4115804,PR,46940,52026.65104388581,0.2252,0.5993,13501,628,17
4114708,PR,5593,24040.050062578222,0.0,0.7594,1546,1,1
4114104,PR,23373,29426.089932828476,0.2291,0.3695,5896,34,6
4105508,PR,84980,35771.56978112497,0.6401,0.3138,21106,18,12
4121257,PR,4500,25286.0,0.0,0.4391,713,2,0
2402006,RN,68726,20295.79780577947,0.7792,0.1794,7620,7,1
4113809,PR,4969,26466.492251962165,0.0,0.6048,2299,14,3
4121356,PR,2602,90245.96464258264,0.0,0.9106,588,0,0
4109906,PR,7671,32253.291617781255,0.0,0.9556,3038,168,1
4321600,RS,53507,23072.56994411946,0.1487,0.4296,514,2,0
2413706,RN,5600,9604.285714285714,0.0,0.9205,481,2,0
2405306,RN,10367,8189.447284653226,0.0,0.7102,281,2,1
4307708,RS,83352,44988.4585852769,0.0817,0.0911,2919,12,2
4200200,SC,11160,35492.29390681004,0.0,0.2005,15,1,0
2408409,RN,4231,11234.459938548807,0.0,0.9682,229,0,1
2404705,RN,15759,12469.128751824353,0.0,0.9866,516,2,0
2403707,RN,6009,28927.775004160427,0.0,0.9381,87,0,0
4202701,SC,5396,79794.29206819867,0.0,0.5366,62,3,0
4311759,RS,7315,74773.75256322624,0.0,0.8987,15,0,0
4122909,PR,4862,21322.089675030853,0.3095,0.6902,459,0,1
4219705,SC,29254,50967.97019211048,0.0,0.4385,2512,8,7
2104552,MA,18740,20012.273212379936,0.0,0.8005,379,3,0
2108009,MA,19693,15718.529426699843,0.0,0.9472,471,2,1
2109270,MA,19217,8586.928240620284,0.0,0.9855,322,2,0
2111607,MA,19090,38745.99266631744,0.0,0.925,378,1,0
3203304,ES,15653,12973.55139589855,0.8134,0.1611,821,12,0
3200805,ES,31263,29692.128074720917,0.0425,0.1468,625,6,0
3159407,MG,3380,18272.48520710059,0.0,0.0578,44,0,0
3124401,MG,4728,25854.27241962775,0.0,0.0505,97,0,0
3148756,MG,7157,13480.089422942574,0.0,0.0044,71,0,0
4101853,PR,2026,63664.85686080948,0.0,0.9159,595,12,0
4117057,PR,11462,26898.185307974174,0.6639,0.2509,1748,2,1
4110201,PR,11117,23903.121345686784,0.1776,0.6996,14,0,0
4125100,PR,15359,37735.85519890618,0.0624,0.9305,32,0,0
4214201,SC,9773,47332.65118182748,0.0,0.5289,670,12,0
4200903,SC,4686,37247.9726845924,0.0,0.1754,17,0,0
4218509,SC,8138,101924.67436716639,0.2958,0.0,84,2,0
4211108,SC,8263,28731.695510105288,0.0,0.5013,11,0,0
4201000,SC,6783,34127.22983930414,0.0,0.1769,5,0,0
4218608,SC,7506,58343.192112976285,0.0,0.295,30,0,0
4202081,SC,2618,39038.96103896104,0.0,0.7691,42,0,0
4203600,SC,36861,70809.55481403109,0.72,0.2077,145,0,0
4219176,SC,4411,122393.10813874405,0.0,0.4038,9,0,0
4211892,SC,2352,36111.819727891154,0.0,0.4116,3,0,0
4214706,SC,11937,39786.88112591103,0.0,0.1462,82,0,0
4217956,SC,1606,40814.44582814446,0.0,0.8163,167,2,0
4207858,SC,1887,30001.589825119238,0.0,0.9666,109,6,0
4214300,SC,2897,57206.76561960649,0.2612,0.3822,9,0,0
2200301,PI,14371,9112.448681372209,0.0,0.9796,323,1,0
4312476,RS,6570,41729.98477929985,0.0,0.0539,122,0,1
4310850,RS,3738,36578.11663991439,0.0,0.8117,680,6,3
2701803,AL,9568,9487.353678929765,0.0,0.9711,250,1,0
2701407,AL,57997,12667.000017242271,0.0,0.9233,769,16,1
2707305,AL,27331,15105.521203029526,0.0,0.8011,696,5,0
2705606,AL,12837,14584.871854794734,0.0,0.4511,100,1,0
2707206,AL,14447,8693.915691839136,0.0,0.909,282,2,1
2703304,AL,18398,9497.825850635938,0.0,0.8315,1974,2,0
1600600,AP,124808,20132.659765399654,0.0379,0.8357,1769,12,4
1302801,AM,18298,9630.396764673735,0.0,0.5625,147,4,0
1503101,PA,34127,9795.3819556363,0.0,0.8777,94,0,0
1302108,AM,1755,48894.017094017094,0.0,0.7747,695,0,0
1504505,PA,28121,7711.496746203905,0.0,0.8619,23,0,0
4302501,RS,6135,79966.91116544417,0.0,0.827,71,1,0
4320305,RS,5114,73361.94759483771,0.0,0.6545,286,2,1
3301603,RJ,11563,21553.23013058895,0.0,0.5115,1122,3,1
4312658,RS,17886,123422.28558649223,0.0,0.518,1030,5,2
1101468,RO,2127,115754.11377527034,0.0,0.9683,185,0,0
4317756,RS,2018,93888.99900891972,0.0,0.837,20,0,0
4303400,RS,4659,32805.32303069328,0.0,0.5307,472,2,0
4317608,RS,43397,38723.80579302717,0.0451,0.2697,166,9,0
2106672,MA,8502,7569.395436367913,0.0,0.6341,8,0,0
2603306,PE,10983,10497.951379404534,0.0,0.1218,202,0,0
3200359,ES,7911,14288.206295032234,0.0,0.1635,128,1,0
3203601,ES,5468,17693.489392831016,0.89,0.0,299,0,0
1503077,PA,26155,10553.737335117568,0.0,0.9913,34,0,0
1600212,AP,6217,15220.36351938234,0.0,0.9865,16,0,0
4219358,SC,4907,28993.071122885674,0.0,0.0879,2,0,0
2208650,PI,9041,28037.27463776131,0.0,0.9991,66,0,0
2205565,PI,4658,114788.1064834693,0.0,0.9748,57,0,0
2206720,PI,8632,10984.360518999074,0.0,0.9086,174,2,0
4309126,RS,2036,46453.33988212181,0.0,0.0057,11,0,0
4321469,RS,3078,56784.600389863546,0.0,0.8127,26,0,0
4304622,RS,1628,210105.6511056511,0.0,0.9739,3,0,0
4315313,RS,1860,99979.56989247311,0.0,0.1092,14,0,0
4314134,RS,2303,85049.50065132436,0.0,0.4259,273,0,0
4320321,RS,2761,53986.96124592539,0.0,0.375,182,15,1
4312385,RS,2514,37563.24582338902,0.0,0.8377,5,1,0
2507408,PB,7751,9844.278157657076,0.0,0.355,262,0,0
4310538,RS,5573,51436.92804593576,0.0,0.4189,88,0,0
1504406,PA,28563,9230.71806182824,0.0,0.9575,251,1,0
2503407,PB,3708,10546.38619201726,0.0,0.2575,107,1,0
2209658,PI,5801,9575.073263230477,0.0,0.9727,30,0,0
2207959,PI,4392,10002.504553734061,0.0,0.081,27,0,0
4202503,SC,4801,77409.08144136638,0.0,0.4197,1,0,0
4304671,RS,4793,80707.69872731066,0.0,0.169,2,0,0
2201988,PI,3824,11500.523012552301,0.0,1.0,34,1,0
2102507,MA,19521,6562.727319297167,0.0,0.9713,5,1,0
4317004,RS,8037,45402.38895110116,0.6925,0.3041,25,0,0
2606200,PE,80345,132714.71777957559,0.017,0.8666,9161,6,0
5103353,MT,32076,47721.255767552066,0.0,0.6604,3493,33,1
2516102,PB,15211,13377.161264874105,0.0,0.2952,174,0,1
5107602,MT,239613,72181.57612483462,0.5036,0.279,6126,131,7
5106000,MT,5858,55592.86445885968,0.0,0.9689,396,1,1
3109303,MG,25179,46229.59609198141,0.3183,0.5546,4720,7,1
3164506,MG,9884,10199.919061108863,0.0,0.1172,477,2,0
3127701,MG,282164,26165.056491969208,0.0,0.039,18034,225,2
3138203,MG,105756,27818.100155073942,0.9366,0.0609,21123,43,19
3117876,MG,6867,70734.2362021261,0.0,0.9741,1555,2,0
3119500,MG,9209,13016.071234661744,0.614,0.0,688,21,2
3121001,MG,5431,13618.85472288713,0.6694,0.0311,816,2,1
3113701,MG,18516,25642.255346727154,0.8369,0.155,2324,3,0
3167103,MG,20915,13982.309347358356,0.7105,0.2633,4829,2,3
3109402,MG,28184,26118.719841044564,0.0,0.9664,3200,5,6
3145356,MG,10800,11256.574074074075,0.0,0.2676,1104,2,0
3118403,MG,22975,16708.509249183895,0.076,0.0366,2601,8,1
1506195,PA,52473,9468.431383759267,0.0,0.8831,926,2,1
2502102,PB,5248,9835.175304878048,0.0,0.8481,84,2,0
2513208,PB,6579,9441.25246998024,0.0,0.5124,168,4,0
2504009,PB,413830,25066.106855472055,0.8205,0.1219,2970,66,11
2210201,PI,6696,10166.517323775388,0.0,0.5682,273,0,0
2207603,PI,10846,10991.609810068228,0.0,0.9693,266,5,0
5006408,MS,7568,36934.19661733615,0.0788,0.9178,946,21,1
5103007,MT,22521,53931.13094445185,0.0,0.6157,1682,6,3
5100409,MT,12323,97187.86009900186,0.0,0.9598,1355,10,1
2205151,PI,5718,12078.349073102483,0.0,0.5283,142,0,0
5106307,MT,23250,91867.2688172043,1.0,0.0,2341,8,0
2512408,PB,13801,9987.464676472719,0.0,0.1193,341,0,0
1503457,PA,67170,9307.920202471341,0.0,0.5384,218,0,0
5104104,MT,36439,30166.442547819643,0.4,0.5832,2292,8,1
2613107,PE,37488,11941.928083653436,0.0,0.3501,161,0,0
3123601,MG,28556,24720.899285614232,0.0,0.0,3221,10,4
3116407,MG,4873,37352.144469525956,0.0,0.1047,978,1,0
3166402,MG,1857,24357.565966612816,0.0,0.0566,74,3,0
2209500,PI,3809,10600.420057757941,0.0,1.0,44,3,0
1506807,PA,308339,20725.655852811353,0.0,0.5063,941,1,0
3163003,MG,4291,11549.755301794454,0.0,0.1297,509,3,0
5204557,GO,3900,21702.05128205128,0.0,0.3405,347,2,0
5205497,GO,74370,13528.976737931962,0.62,0.3021,9457,150,12
5220009,GO,14423,39519.44810372322,0.0,0.9027,1357,12,0
2930709,BA,137117,46196.74438618115,0.82,0.0955,5006,43,7
2929503,BA,44554,19080.464155855814,0.0,0.2393,871,7,0
2924652,BA,10353,10561.189993238675,0.5716,0.1579,601,6,0
2914604,BA,74050,20694.314652261986,0.1803,0.6992,6553,217,4
2905206,BA,51184,21464.71553610503,0.0,0.4782,9683,79,3
3131901,MG,52996,247939.99547135632,0.252,0.1405,5997,21,10
3130705,MG,7009,124934.0847481809,0.0,0.0725,664,4,1
1501709,PA,130122,10679.001244985475,0.0,0.8196,499,1,0
5003306,MS,33547,33316.21307419441,0.0763,0.8165,3124,32,6
2930105,BA,79813,12512.823725458258,0.0093,0.3244,1774,7,0
2609709,PE,23985,16626.808421930375,0.0,0.5508,799,0,0
3100807,MG,4557,20762.56308975203,0.0,0.0836,952,0,0
5104203,MT,15740,46198.66581956798,0.0,0.2917,321,0,0
3104601,MG,14358,20339.531968240703,0.0,0.5721,1287,0,0
2600609,PE,14798,9794.904716853629,0.0,0.2223,1037,3,0
2600708,PE,38408,10761.143511768381,0.0,0.4435,982,6,0
3130101,MG,44561,21707.591840398556,0.0,0.3296,11615,32,2
5208004,GO,125705,25836.61747742731,0.54,0.3012,24637,297,21
2509008,PB,10988,9230.797233345467,0.0,0.7699,1102,1,0
3163102,MG,5151,22210.638710929918,0.0,0.5114,873,1,0
3515509,SP,69680,35430.051664753155,0.9653,0.0307,14546,54,10
1503903,PA,59961,24211.670919430962,0.0,0.9331,169,0,0
3170750,MG,7235,43704.077401520386,0.9187,0.0809,965,1,0
3107307,MG,50521,24252.96411393282,0.0,0.0961,11315,18,3
3170529,MG,17470,11061.36233543217,1.0,0.0,2146,3,1
3156601,MG,10269,10879.345603271984,0.0,0.1601,804,3,1
3160009,MG,3602,18856.191004997225,0.0,0.8061,481,6,2
3154101,MG,10522,11720.395362098461,0.0,0.1136,614,3,1
3147402,MG,24854,36955.29894584373,0.0,0.1155,3328,3,2
3105004,MG,7780,25871.07969151671,0.0,0.1518,1446,2,1
3129707,MG,14128,51550.467157417894,0.0,0.0134,1876,4,0
3108305,MG,19809,18923.973951234286,0.9755,0.0206,1002,1,1
3121258,MG,10994,42456.52173913043,0.0,0.0223,1408,2,1
3104304,MG,15288,20234.69387755102,0.0,0.0064,2929,4,2
1507953,PA,111554,11579.342739839001,0.0,0.9464,405,11,1
2514404,PB,4631,11844.094148132153,0.0,0.1602,185,1,0
2501575,PB,8338,10890.021587910769,0.0,0.5349,205,2,0
2601904,PE,60960,15794.389763779527,0.0,0.1703,1222,4,0
2604304,PE,11972,10474.523889074508,0.0,0.997,689,1,0
2500734,PB,2264,13000.441696113074,0.1106,0.8032,113,0,0
5200803,GO,8749,19317.40770373757,0.0,0.8159,587,10,3
5002159,MS,7802,45112.27890284542,0.7014,0.0,1002,9,1
4114609,PR,54031,54115.24865355074,0.12,0.0,14400,39,23
2510907,PB,12411,12651.196519216825,0.0,0.343,283,1,0
2603900,PE,19666,9841.655649344046,0.0,0.1504,1017,0,0
5007406,MS,20025,31622.172284644195,0.0642,0.9119,1064,13,1
2509057,PB,8746,10938.714841070203,0.0,0.7104,44,0,0
5005806,MS,13794,34263.15789473684,0.2992,0.5898,955,15,1
2512788,PB,1999,15288.64432216108,0.0,0.441,111,1,0
2603207,PE,29065,14578.599690349218,0.0,0.2375,1430,1,0
2607406,PE,5013,14220.227408737283,0.0,0.0558,205,0,0
2608750,PE,26090,17510.310463779228,0.136,0.4647,391,1,0
3171402,MG,3570,14974.509803921568,0.0,0.1149,219,0,0
3159902,MG,18697,18956.6240573354,0.4672,0.0597,3121,1,2
3108404,MG,14927,21834.66202183962,0.0,0.0245,1693,2,1
1502954,PA,34069,16321.05433091667,0.0,0.9071,74,0,0
2603504,PE,19032,9518.7578814628,0.3936,0.1294,195,0,0
3114303,MG,30339,34945.91120340156,0.0,0.0101,9807,380,5
3117504,MG,17438,519040.9450625072,0.4161,0.1734,4109,13,1
2201804,PI,4509,10594.810379241517,0.0,0.484,44,1,0
3137700,MG,19914,20069.950788390077,0.0,0.37,1512,2,1
3115904,MG,3216,14661.380597014926,0.0,0.0862,498,4,0
3205309,ES,369534,85035.67466051839,0.65,0.335,28949,1546,19
4318903,RS,33124,57474.248279193336,0.0,0.3723,1112,6,6
4123402,PR,12330,25928.142741281426,0.229,0.7633,2271,35,1
3513504,SP,132521,165607.50371639212,0.5212,0.3858,5657,27,4
2206753,PI,4911,9750.559967420077,0.0,0.6596,24,1,0
2413557,RN,4832,10303.600993377484,0.0,0.995,79,0,0
3302403,RJ,266136,66684.01118225268,0.05,0.7963,9629,109,15
3166303,MG,7340,14303.133514986375,0.0,0.1544,367,2,0
3121704,MG,3779,11363.323630590103,0.0,0.0946,80,1,1
3150570,MG,7540,9445.490716180371,0.0,0.9052,490,0,0
1101609,RO,10348,24876.884422110554,0.0,0.8448,194,2,0
3145455,MG,6243,33946.98061829249,0.0,0.9054,426,2,0
3134707,MG,12320,10680.51948051948,0.0,0.4025,510,1,0
3305406,RJ,18270,54766.00985221675,0.0,0.1476,1917,5,0
3134509,MG,3749,46016.27100560149,0.4761,0.3276,988,1,0
3135308,MG,4418,22937.301946582164,0.9694,0.029,1516,15,0
3167509,MG,2621,39706.98206791301,0.0,0.0528,533,4,0
3150604,MG,6386,47478.860006263705,0.0,0.0946,1680,0,1
3135357,MG,7991,9688.774871730697,0.0,0.9875,2745,2,0
3109501,MG,14074,20665.269290891003,0.8936,0.1025,269,1,1
3149408,MG,1804,16778.27050997783,0.0,0.4207,64,0,0
3150109,MG,2719,34083.11879367415,0.0,0.1683,870,5,1
3163300,MG,3851,13774.60399896131,0.0,0.0958,388,2,2
3529401,SP,481725,43128.783019357514,0.96,0.0307,13656,96,14
3162559,MG,11785,15536.614340263046,0.0,0.1906,797,5,2
3139904,MG,14019,14490.049218917184,0.0,0.0398,190,4,0
5210208,GO,31471,27844.555304883863,0.245,0.6338,8969,36,14
3146206,MG,5895,11503.64715860899,0.0,0.1014,1129,1,1
3556404,SP,43368,29684.075816270062,0.9843,0.0097,5595,17,1
4208203,SC,226617,210729.1244699206,0.23,0.2803,51432,235,46
3143153,MG,4939,8919.821826280624,0.0,0.1459,214,0,0
2400703,RN,14923,41300.47577564833,0.0833,0.8954,312,0,0
3300456,RJ,515239,17156.713680447327,0.6185,0.1856,2875,99,3
3122355,MG,6946,25656.20501007774,0.0,0.9742,343,2,0
1400100,RR,436591,30906.189087727416,0.1822,0.448,2804,80,4
2408003,RN,303792,26570.028177173856,0.4196,0.3292,10120,87,6
2933307,BA,343643,23907.930614038407,0.85,0.0499,45535,2422,37
3122603,MG,4436,15289.224526600541,0.0,0.2125,472,0,0
3502101,SP,57245,49703.6422394969,0.96,0.0,18130,110,12
3504602,SP,18013,30636.151668239603,0.9943,0.0022,7113,235,7
3507605,SP,172346,46153.08739396331,0.8578,0.0557,14990,342,17
3545209,SP,120779,77029.01166593531,0.6908,0.0687,11334,57,14
3549904,SP,737310,61315.875276342376,0.8183,0.0594,120600,615,132
4313904,RS,44583,71052.71067447233,0.0,0.3666,1342,1,1
5212105,GO,7417,46127.54482944587,0.96,0.0,1247,3,1
3539400,SP,13890,20048.020158387328,0.8545,0.0845,1842,36,3
3518008,SP,1996,18557.114228456914,0.9023,0.0902,623,4,1
3528106,SP,8174,24094.935160264253,0.95,0.0473,1528,8,1
3523404,SP,124254,66360.02060295845,0.955,0.0317,7425,29,11
3507407,SP,16278,31833.271900724903,0.9472,0.0037,4299,40,1
3536208,SP,19797,29601.656816689396,0.7941,0.109,1504,2,1
3530003,SP,3125,22515.84,0.9477,0.0507,835,7,0
3509304,SP,10649,16049.957742511035,1.0,0.0,1606,9,1
3533908,SP,55477,45985.63368603205,0.2282,0.0,10436,66,13
3533809,SP,2447,52420.10625255415,0.1413,0.1523,323,24,0
3546801,SP,58529,28340.361188470673,0.0,0.1309,5472,9,2
3507704,SP,5795,20826.056945642795,0.9829,0.0132,956,2,1
3537156,SP,3109,56819.55612737215,0.9758,0.0202,469,0,0
3514601,SP,10174,33647.72950658541,0.9925,0.0056,2553,19,2
3554508,SP,42946,50258.51068784054,0.38,0.0256,3248,0,1
3540705,SP,56848,43904.32381086406,0.2064,0.0125,9997,15,4
3502408,SP,4172,25316.634707574303,0.9638,0.0345,736,3,1
3506359,SP,66154,31255.509870907277,0.3499,0.1756,6545,14,4
3520905,SP,15165,32911.24299373558,0.8574,0.0129,814,2,1
3536604,SP,8973,30054.051042014933,0.8865,0.1038,2138,57,0
3503950,SP,1815,21788.429752066117,0.9498,0.0502,506,0,0
1705508,TO,36271,23769.374982768604,0.2036,0.6918,1073,17,2
1707306,TO,4686,43697.18309859155,0.0,0.799,301,3,1
1701002,TO,9435,16933.65129835718,0.1042,0.5969,237,2,0
3536307,SP,14941,91078.8434509069,0.9836,0.0112,3056,5,0
3534807,SP,8676,15558.552328261872,0.7117,0.2879,2928,10,0
1718451,TO,2746,30103.058994901676,0.0,0.9835,167,1,0
3522307,SP,167106,38058.01706701136,0.9211,0.0595,8381,2,5
3509700,SP,52713,27503.803615806348,0.3035,0.4234,237,0,0
1715101,TO,4450,19038.876404494382,0.0,0.6017,77,0,0
3547106,SP,2947,23436.71530369868,1.0,0.0,1330,1,0
1702109,TO,186245,28129.882681414267,0.249,0.6833,9581,494,3
3502754,SP,23343,206250.43910379984,0.0,0.3317,1027,5,3
3524204,SP,6963,22013.21269567715,0.9561,0.0436,1319,24,3
3528007,SP,17263,37292.64901813126,0.993,0.0051,1762,12,1
3528908,SP,4098,18663.25036603221,0.9542,0.0369,1265,6,0
3529104,SP,2101,19070.442646358875,0.934,0.066,512,4,0
3554706,SP,10100,28177.425742574258,0.9535,0.0449,1893,2,0
3500550,SP,6142,35378.70400521003,0.8303,0.0,816,2,1
3511409,SP,20391,46928.25266048747,0.7821,0.0107,590,4,0
1715259,TO,2768,15416.184971098266,0.0,0.5991,425,5,0
1703842,TO,10505,95662.16087577344,0.0,0.9728,83,0,0
3506904,SP,12107,17546.378128355496,0.8942,0.0859,537,8,0
1709005,TO,13169,17535.424102057863,0.0,0.9764,192,0,0
1716307,TO,4885,18663.050153531218,0.0,0.7986,157,1,0
3535804,SP,20588,45907.567515057315,0.8841,0.0833,686,1,1
1714302,TO,3772,15413.308589607635,0.0,0.9789,210,0,0
5214408,GO,9375,29537.066666666666,0.0,0.9905,1417,18,1
5220108,GO,34488,43113.66272326606,0.7,0.1717,8742,236,15
2106508,MA,23591,8341.528549022933,0.0,0.8281,22,1,0
2102325,MA,73595,10165.527549425911,0.0,0.929,667,6,0
5202155,GO,7795,23107.50481077614,0.6906,0.2613,1297,10,2
5205471,GO,10797,202715.1986662962,0.74,0.2336,1474,8,0
5214101,GO,3749,23050.6801813817,0.0,0.7469,84,0,0
2110005,MA,73105,10171.027973462828,0.0,0.8644,285,7,2
2113009,MA,31520,10328.902284263959,0.0,0.8646,57,5,1
2103505,MA,41443,13349.733368723306,0.0,0.9413,428,16,1
4317202,RS,73882,50513.480956119216,0.0258,0.5781,18264,238,23
2930402,BA,14531,9506.228064138739,0.0,0.7913,169,1,0
2913606,BA,157639,32755.99946713694,0.6561,0.2574,17623,75,1
2919157,BA,27323,11066.537349485781,0.1562,0.7717,693,2,2
2914307,BA,7874,13042.672085344171,0.0,0.9715,255,1,0
2922805,BA,8328,8800.07204610951,0.0,0.9311,167,0,0
2910008,BA,10347,12191.069875326182,0.0,0.1405,247,0,0
2910750,BA,17801,15735.745182854896,0.0,0.1684,366,0,0
2901908,BA,17840,8332.062780269058,0.0,0.9774,142,4,1
2911907,BA,23950,9901.87891440501,0.0,0.6356,562,0,0
2920700,BA,20664,16520.47038327526,0.0,0.6532,1001,11,2
2916302,BA,10173,32993.80713653789,0.0,0.9499,741,3,0
2902203,BA,11519,9008.681309141419,0.0,0.8671,118,1,0
2919959,BA,2386,21006.28667225482,0.2909,0.4171,160,3,0
2924058,BA,13535,9712.22755818249,0.0,0.9354,435,6,0
2922607,BA,14156,13139.092964114157,0.0,0.3159,154,0,0
2929404,BA,11733,15046.109264467741,0.0,0.5679,179,0,0
2929800,BA,12971,7948.3463110014645,0.0,0.675,219,1,0
2912400,BA,18421,9651.647576135932,0.0,0.8805,583,5,1
3201308,ES,386495,35444.114412864335,0.207,0.6563,13309,972,7
2923308,BA,8575,9404.548104956268,0.0,0.6999,196,1,0
2310100,CE,13553,8494.355493248728,0.3044,0.6433,171,0,1
2310506,CE,43359,8992.688945778269,0.0,0.4456,1270,4,0
2911857,BA,12946,10865.518306812915,0.0,0.8502,81,0,0
2700300,AL,234309,25248.445428899446,0.0,0.7816,30846,94,4
3203320,ES,39259,169634.88626811685,0.69,0.1972,1146,4,1
2303402,CE,17763,9388.729381298204,0.0,0.9553,40,0,0
2310803,CE,16356,34273.110785033015,0.0,0.6542,1132,7,1
4313300,RS,28021,61740.730166660716,0.0,0.1195,77,1,0
3305158,RJ,22032,33522.51270878722,0.0,0.4999,1193,3,3
3300605,RJ,37306,24343.7248699941,1.0,0.0,5818,2,0
3304805,RJ,38749,21811.969341144286,0.0,0.1177,856,2,1
4211306,SC,85734,71643.40868266966,0.0,0.09,10308,5,6
2403509,RN,10463,9326.770524706108,0.9741,0.0109,130,2,1
2804201,SE,15315,14296.637283708782,0.0,0.3052,183,6,1
2803906,SE,12689,13651.036330680117,0.0,0.9321,183,3,0
2412609,RN,17858,12966.457610034719,0.757,0.2122,1409,7,1
4311627,RS,6193,59074.4388826094,0.0,0.2365,433,1,1
4315321,RS,2793,107161.47511636233,0.0,0.689,8,0,0
4320800,RS,31067,45230.98464608749,0.0,0.1683,87,1,1
4314035,RS,3885,35118.146718146716,0.0,0.0092,17,0,0
4320859,RS,4816,29502.69933554817,0.0,0.5931,14,0,0
4305009,RS,8631,73932.22106360793,0.0644,0.7482,697,5,1
2106755,MA,29121,27081.281549397343,0.0,0.9275,540,8,2
2805000,SE,3309,14509.519492293744,0.0,0.0284,153,0,0
4110706,PR,61439,37212.503458715146,0.8446,0.0645,490,5,0
4215356,SC,3727,25119.667292728736,0.0,0.1036,67,0,0
4117255,PR,10540,46729.60151802657,0.0,0.6051,1592,1,0
4123006,PR,14957,35429.43103563549,0.0,0.6595,2687,14,2
4127106,PR,80588,60971.645902615775,0.7207,0.2324,11675,303,5
2803401,SE,13422,15694.680375502905,0.0,0.9566,113,4,0
2802908,SE,96839,22855.20296574727,0.6042,0.2971,1725,18,0
4125753,PR,5745,43023.49869451697,0.0,0.9857,599,16,4
3302304,RJ,7298,25234.995889284735,0.0,0.1703,450,2,0
3303609,RJ,53093,21902.793211911176,0.16,0.3628,578,4,0
2803609,SE,30327,38315.92310482408,0.0,0.6235,205,13,1
2804300,SE,7653,12630.341042728342,0.0,0.9544,70,1,0
4208450,SC,21766,77581.1816594689,0.0,0.0953,3252,106,4
4109302,PR,11969,42780.934079705905,0.4461,0.5401,1164,6,0
4126009,PR,8865,33860.12408347434,0.0,0.9667,1564,2,1
4100103,PR,7360,30140.489130434784,0.16,0.0,1026,3,2
4126256,PR,98888,20962.06819836583,0.07,0.8903,16725,119,15
4123303,PR,7705,48684.620376378974,0.0,0.9421,2004,7,2
4104055,PR,3694,60821.33188955062,0.0,0.6109,362,3,0
4112207,PR,4948,48898.949070331444,0.0,0.9856,1567,2,1
4106308,PR,17162,62009.963873674395,0.432,0.443,7608,168,4
4111308,PR,2700,32503.703703703704,0.0,0.0039,1099,2,1
4109005,PR,3767,46978.23201486594,0.0,0.851,634,2,2
4211751,SC,19201,51975.52210822353,0.0,0.1169,22,0,0
4122206,PR,32635,42153.60808947449,0.0,0.3607,39,0,0
4110508,PR,15327,40139.62288771449,0.6515,0.2587,253,4,0
3160454,MG,7316,9670.58501913614,0.8695,0.128,546,3,0
2101350,MA,5696,6952.247191011236,0.0,0.9944,2,0,0
2106003,MA,11943,22990.37092857741,0.0,0.8572,9,0,0
2104081,MA,10559,9511.601477412634,0.0,0.996,58,0,0
3122801,MG,2992,13052.139037433155,0.0,0.0501,118,0,0
3135902,MG,4774,21827.39840804357,0.0,0.0207,305,0,0
4113908,PR,13697,55371.687230780466,0.1638,0.6913,66,0,0
4118709,PR,7418,53483.823132919926,0.0,0.6061,22,0,0
4115739,PR,3142,39211.01209420751,0.0,0.8527,244,3,0
4220000,SC,13129,22440.094447406504,0.0,0.6368,29,0,0
4202859,SC,3794,65924.61781760675,0.0,0.1217,5,0,0
4210852,SC,2257,39625.60921577315,0.0,0.0541,2,0,0
4213153,SC,2907,48822.153422772615,0.0,0.8294,136,9,0
4214508,SC,5864,36309.51568894952,0.0,0.1843,7,0,0
4215406,SC,4792,55697.4123539232,0.0,0.0655,7,0,0
4218251,SC,8003,37894.78945395477,0.0,0.5146,2,0,0
2703106,AL,25596,12186.044694483513,0.0,0.9005,533,8,1
4321329,RS,3081,61297.30606945797,0.0,0.5275,271,3,1
2701605,AL,17715,9397.403330510866,0.0,0.879,523,0,0
2706208,AL,5061,9071.527366133176,0.0,0.9249,329,4,0
2706604,AL,7556,14540.762308099524,0.1379,0.5162,162,7,0
1600055,AP,5577,16524.116908732292,0.5992,0.3965,201,0,0
1300805,AM,42328,9500.354375354374,0.0,0.846,309,0,0
1304005,AM,9289,18844.009042954032,0.0,0.897,14,0,0
2704906,AL,3474,14663.212435233161,0.0,0.6819,33,0,0
1303700,AM,20889,11360.71616640337,0.0,0.9367,320,0,0
1302306,AM,13462,19787.327291635716,0.0,0.9861,2131,8,7
1304237,AM,19038,9738.943166298981,0.0,0.8435,710,1,0
4311155,RS,8571,113803.17349200793,0.0,0.4079,388,0,1
2413607,RN,1743,36201.950659781985,0.0,0.8329,182,0,0
1400605,RR,8232,21741.010689990282,0.0,0.6139,35,0,0
4310900,RS,3532,65770.10192525481,0.0,0.2355,100,0,0
4300307,RS,5710,28383.887915936954,0.0,0.7723,825,5,0
4323705,RS,2858,36218.334499650104,0.0,0.6487,593,3,1
3203809,ES,15602,15018.651454941673,0.0,0.2305,1562,2,2
2613206,PE,23002,16964.220502564993,0.0,0.5994,987,0,0
2205805,PI,25521,9451.863171505818,0.0,0.8184,51,2,0
2204204,PI,9423,8811.100498779582,0.0,0.9,54,1,0
2202539,PI,5910,9718.612521150591,0.0,0.1276,46,1,0
2205581,PI,4086,18505.873715124817,0.0,0.9892,17,0,0
4301057,RS,10483,27241.91548220929,0.0,0.4592,22,0,0
4218400,SC,7104,28110.923423423425,0.0,0.2214,3,0,0
2104602,MA,14703,8056.0429844249475,0.0,0.9785,135,1,0
4305850,RS,2267,83874.72430524923,0.0,0.5675,8,1,0
4306056,RS,8121,38037.92636374831,0.0,0.0495,6,0,0
4314027,RS,7635,27162.278978388997,0.0,0.3888,8,1,0
4312906,RS,10089,79512.93487957181,0.0,0.2602,116,0,0
4312203,RS,4254,37875.41137752703,0.0,0.3608,95,2,0
4315206,RS,3861,34561.51256151256,0.0,0.1262,29,0,1
4319711,RS,2248,42515.569395017796,0.0,0.5684,19,7,0
4316303,RS,6750,64744.444444444445,0.0,0.6592,301,5,0
2508554,PB,4406,11041.988197911938,0.0,0.1962,33,0,0
4320602,RS,3607,41422.78902134738,0.0,0.0608,234,0,0
1300086,AM,14292,9697.663028267561,0.0,0.909,2,0,0
2205458,PI,5488,8423.104956268222,0.0,0.9117,47,1,0
2506509,PB,3477,11022.145527753812,0.0,0.5315,234,0,0
2210102,PI,3737,11462.670591383463,0.0,0.928,15,0,0
2103554,MA,16559,8891.358173802766,0.0,0.9479,11,0,0
2207504,PI,14633,9478.029112280463,0.0,0.8514,23,0,0
4310751,RS,1854,38786.40776699029,0.2705,0.478,5,0,0
4311122,RS,3611,26042.924397673774,0.0,0.3663,1,0,0
4305447,RS,5518,23511.960855382385,0.0,0.2234,1,0,0
4320354,RS,5635,24182.076308784384,0.0,0.6895,3,0,0
4314472,RS,4309,216252.49477837086,0.7968,0.1303,5,0,0
4307864,RS,2750,71970.18181818182,0.0,0.2359,3,0,0
2610707,PE,336919,16596.428221620034,0.42,0.4239,12963,66,10
2609600,PE,393734,14700.914830824871,0.456,0.3693,13144,125,2
2611309,PE,27204,19577.37832671666,0.0,0.2248,734,2,1
2505006,PB,7866,9765.319094838545,0.2954,0.6991,184,2,0
3114501,MG,19756,23365.256124721604,0.56,0.1899,3831,9,3
3160900,MG,3770,21354.111405835545,0.0,0.4906,807,0,0
3148608,MG,17534,15407.094787270446,0.0,0.3836,1392,2,2
3112703,MG,15388,32591.499870028594,0.328,0.0,1786,2,1
3110004,MG,45364,23695.838109514152,0.0,0.0358,8818,6,5
3138401,MG,52690,21124.06528753084,0.0,0.0636,2987,4,1
3126505,MG,10311,7546.697701483852,0.0,0.801,1851,1,0
3162906,MG,26530,19084.395024500565,0.0,0.0604,6347,23,5
3112802,MG,8693,37783.158863453355,0.0,0.0309,2682,2,2
3125705,MG,15528,18106.32405976301,0.0,0.9936,3726,59,3
3101607,MG,80973,43049.744976720634,0.9491,0.0428,21147,366,37
3119609,MG,3095,19419.06300484653,0.0,0.1156,485,7,0
3152006,MG,32248,36287.118580997274,0.0,0.1905,6325,78,4
2604403,PE,13641,12371.380397331573,0.0,0.7566,269,0,0
2506004,PB,33386,15193.673995087762,0.0,0.1475,1525,6,1
2504900,PB,17599,10863.912722313768,0.0,0.6512,604,1,1
2500601,PB,19865,171143.9718097156,0.0,0.8601,1885,6,1
2206001,PI,4546,12073.03123625165,0.0,0.9472,136,2,0
5000807,MS,9116,45726.30539710399,0.0,0.9653,1010,1,1
5108006,MT,14380,139617.5243393602,0.0,0.7268,1686,10,0
2501807,PB,97519,14016.160953250135,0.0,0.5414,2175,13,2
2601409,PE,42866,11757.290160033594,0.339,0.5646,1004,2,0
2606101,PE,30847,17979.576620092717,0.0,0.3935,340,4,0
2503704,PB,62576,19683.904372283305,0.5726,0.3327,2901,12,1
2509503,PB,5806,9515.156734412676,0.0,0.4531,214,0,0
2601805,PE,12811,8220.045273593007,0.1686,0.316,109,0,0
5103254,MT,41117,20651.16618430333,0.0,0.9323,3829,5,1
5107305,MT,21351,68644.2321202754,0.0,0.9465,1020,12,0
2202554,PI,5102,9806.154449235593,0.0,0.993,15,1,0
2612471,PE,12708,8935.631098520616,0.0,0.2155,619,1,0
2502508,PB,17934,14310.025649604104,0.0,0.3058,468,5,0
2501104,PB,22493,11435.646645623083,0.5447,0.3479,832,1,0
2201309,PI,3356,48620.97735399285,0.0,0.9941,54,0,0
3127008,MG,18866,49568.111947418634,0.0,0.018,4695,31,3
3165537,MG,34050,64346.314243759174,0.064,0.1527,8567,82,1
5204854,GO,8087,20415.357981946334,0.0,0.7695,1460,5,2
5221700,GO,13795,21337.94853207684,0.0,0.8575,1466,6,2
5219357,GO,3821,32236.325569222718,0.0,0.9568,646,4,1
5200605,GO,7751,38319.055605728296,0.0,0.4202,1318,16,0
5206800,GO,2944,17831.521739130436,0.0,0.7287,389,3,0
2906907,BA,22166,16145.538211675539,0.0,0.6561,655,2,0
2925501,BA,28214,22139.044446019707,0.0,0.8497,657,7,2
2900702,BA,153023,29621.31836390608,0.2752,0.3985,3543,13,3
2932804,BA,19330,9620.58975685463,0.0,0.9728,200,2,0
2931905,BA,50903,10705.970178574937,0.4697,0.3505,917,15,0
2919603,BA,11318,8021.6469340872945,0.0,0.3455,627,1,0
2921005,BA,47643,27889.82641731209,0.44,0.3942,231,4,0
3146909,MG,15922,23511.05388770255,0.3264,0.6434,3256,3,1
3137403,MG,13115,26337.628669462447,0.0,0.0961,682,0,2
1502202,PA,69828,20437.990490920547,0.0,0.2499,469,0,0
3121308,MG,5044,16206.383822363205,0.0,0.0843,785,0,0
2613800,PE,18150,11544.242424242424,0.0,0.2701,603,2,0
1502152,PA,39103,894806.2808480167,0.3,0.5536,1335,5,1
5000609,MS,40247,43884.19012597212,0.2528,0.6862,6515,22,4
3536703,SP,47523,64521.621109778425,0.9565,0.0409,6244,48,9
3149309,MG,65149,29763.403889545505,0.0,0.3213,12384,17,5
3145307,MG,31339,10544.273907910272,0.0,0.2095,2524,1,0
3105202,MG,4738,12476.994512452511,0.0,0.0997,291,4,0
5213707,GO,8037,62061.465721040186,0.281,0.5857,2326,7,3
3134202,MG,105818,35891.17163431552,0.5,0.0,17041,68,14
3154002,MG,23663,17893.54688754596,0.0,0.1723,2352,8,0
3167707,MG,5476,12303.323593864134,0.0,0.1964,458,4,1
3170909,MG,19290,9704.821150855365,0.1641,0.8276,2320,6,2
3113305,MG,33022,19358.609411907215,0.1275,0.2464,2003,3,3
3142908,MG,20544,12467.484423676013,1.0,0.0,1239,4,0
3141405,MG,20701,12224.095454325878,0.0,0.125,1475,5,2
3156809,MG,15364,21787.62041135121,0.0,0.2169,1473,1,4
3117603,MG,5558,88902.84274919036,0.0,0.0705,1030,4,2
3146255,MG,6466,8999.690689761832,0.0012,0.9775,1371,1,0
3161809,MG,12776,24361.928616155292,0.0,0.0834,1645,10,2
3117108,MG,10351,26487.972176601295,0.0,0.0519,1377,4,2
3138609,MG,16749,20279.41966684578,0.0,0.0037,3168,20,0
3150505,MG,8715,32326.104417670682,0.0,0.0689,3084,6,4
3128709,MG,52234,53726.806294750546,0.0,0.0155,14133,21,3
3139250,MG,6565,9155.674028941356,0.0,0.8926,439,3,0
3153202,MG,3572,13744.400895856663,0.0,0.1679,915,0,0
3126752,MG,5287,19449.215055797238,0.0,0.0997,830,1,1
3109709,MG,11609,46257.98949091222,0.0,0.0079,1997,15,2
3150901,MG,5504,14238.372093023256,0.0,0.0158,254,1,0
1505064,PA,78488,14231.908062378963,0.0,0.8046,831,1,0
2208304,PI,28952,12556.023763470572,0.0,0.8639,474,7,0
1508084,PA,40661,24210.496544600475,0.0,0.6658,215,10,2
2504207,PB,4938,10712.636695018226,0.1944,0.7077,89,0,0
5005251,MS,7496,135696.37139807898,0.0,0.806,1174,13,5
5005681,MS,18578,41910.16255786414,0.0,0.9845,2541,11,4
5004809,MS,9372,17871.638924455827,0.0,0.8243,919,11,1
2314102,CE,61916,9744.185670908973,0.0402,0.8252,1202,3,3
5102686,MT,7245,455838.09523809527,0.0,0.9586,1242,38,0
5107206,MT,5147,20830.386632990092,0.0,0.9788,569,5,0
5219258,GO,5585,46582.99015219337,0.0,0.9404,877,5,2
2206654,PI,4527,8648.553125690303,0.0,0.9779,165,0,0
2207777,PI,6420,10066.822429906542,0.0,0.5636,246,0,0
2201101,PI,11361,8590.881084411583,0.0,0.9809,184,2,0
5003504,MS,6025,33358.00829875519,0.0,0.9714,923,5,3
2609154,PE,22110,6293.66802351877,0.0,0.9725,266,1,0
2516409,PB,11024,8317.851959361393,0.0,0.7637,156,0,0
4311007,RS,26327,40239.75386485357,0.4873,0.3612,17,0,0
2601607,PE,20730,17669.705740472746,0.0,0.9069,519,4,1
2202711,PI,4908,9568.255908720457,0.0,0.5099,166,2,1
2202000,PI,19832,10828.307785397337,0.0,0.5443,84,0,0
3132206,MG,13510,29790.081421169503,0.0,0.0524,4220,13,5
3122702,MG,5227,20648.93820547159,0.0,0.3825,867,0,0
2403251,RN,272490,25121.66685015964,0.0468,0.4323,11563,172,9
1100023,RO,111148,28878.261417209487,0.0,0.8941,2061,7,1
1501600,PA,16769,12325.243007931302,0.0,0.8424,48,0,0
3117009,MG,6624,10285.175120772947,0.0,0.45,266,0,0
3136405,MG,4757,15206.012192558335,0.0,0.5016,682,5,0
3106101,MG,3422,17992.694330800703,0.0,0.3749,338,0,0
3119955,MG,6425,49904.59143968872,0.9,0.0535,1422,3,3
3115409,MG,3665,11130.422919508868,0.9216,0.0707,503,3,1
3150802,MG,17641,11347.315911796384,0.0,0.1887,1449,12,2
3141207,MG,3733,26036.431824270025,0.0,0.0791,1164,11,0
3149150,MG,12313,8900.34922439698,0.0,0.961,658,9,0
3136579,MG,4911,11815.923437181837,0.5176,0.187,581,1,0
3132107,MG,18175,12454.635488308115,0.311,0.0,815,1,0
4201950,SC,13782,16094.471049194603,0.0,0.0254,28,1,0
3124500,MG,11416,52723.72109320253,0.0,0.0214,160,1,0
3166204,MG,10474,11052.988352109987,0.0,0.035,125,1,0
3300100,RJ,210171,53262.55287361244,0.0901,0.289,27854,215,10
3541000,SP,336454,25940.636758665376,0.6901,0.0918,14189,61,21
3304904,RJ,1098357,18504.805814502935,0.0978,0.3067,19387,899,4
3100708,MG,1986,115725.57905337361,0.0,0.0145,381,1,1
4115200,PR,436472,51908.78910903792,0.9259,0.0,55542,2536,44
3108503,MG,6259,12103.05160568781,0.2769,0.7193,965,0,0
3156205,MG,2335,49137.47323340471,0.0,0.175,288,2,0
3101409,MG,3015,51065.008291873964,0.0,0.0432,56,0,0
3133600,MG,9976,85067.76263031275,0.0,0.0304,1064,0,0
3160504,MG,1756,16228.359908883827,0.0,0.464,172,0,0
3522208,SP,179574,27338.584650339137,0.2852,0.5445,8030,18,4
3111002,MG,21052,23104.313129393882,0.0,0.0453,303,1,0
3515103,SP,70402,20683.0061645976,0.4488,0.3848,1984,4,1
3106655,MG,4792,12734.974958263772,0.0,0.7143,62,0,0
3110509,MG,21831,45365.443635197655,0.0,0.1742,163,0,0
3119807,MG,3168,52273.67424242424,0.0,0.0556,202,1,0
3302908,RJ,25622,24686.20716571696,0.3775,0.2962,769,1,0
3504503,SP,91792,35721.2175352972,0.9637,0.0237,6385,43,0
3506003,SP,381706,43806.92994084452,0.0991,0.0,72158,1633,80
4123204,PR,3253,47193.97479249923,0.035,0.9611,1165,3,1
4321907,RS,23799,43406.36161183243,0.0,0.535,5762,23,8
3531100,SP,58567,21421.705055748116,0.7745,0.0,3932,12,2
3522109,SP,104351,22704.86147713007,0.3016,0.1403,13290,206,15
3546108,SP,2111,45846.991946944574,0.9466,0.0489,599,14,2
3521903,SP,15331,61001.891592198815,0.9837,0.0114,2449,15,4
3540804,SP,17668,35101.25650894272,0.9948,0.0045,6166,106,4
3539806,SP,119221,31616.468575167128,0.8603,0.0506,7236,22,5
3503703,SP,9851,115410.7197238859,0.0,0.0054,1998,16,4
3553609,SP,12940,23275.50231839258,0.95,0.0474,2044,1,1
3545308,SP,46285,47995.61412984768,0.8683,0.1142,3753,51,2
3519600,SP,61150,32137.743254292724,0.0,0.0074,7078,12,2
3516507,SP,2776,33755.40345821326,0.9856,0.01,687,5,2
3523008,SP,4994,20950.74088906688,0.9,0.0497,495,2,0
3505401,SP,7606,16542.334998685248,0.6996,0.2418,311,0,0
3504107,SP,145378,57512.36087991305,0.4225,0.0683,18583,41,14
3510401,SP,56973,52495.217032629494,0.4736,0.0003,5551,17,6
3508603,SP,33827,19914.033168770507,0.8694,0.0714,3049,8,2
3549953,SP,16127,17697.77391951386,0.6227,0.0357,269,0,0
3536901,SP,2468,32369.124797406806,0.822,0.178,914,1,0
3556800,SP,19133,23190.50854544504,0.9914,0.0043,3521,95,4
1703057,TO,3631,49202.42357477279,0.0,0.9662,60,3,0
1701309,TO,5705,17255.21472392638,0.0,0.7726,128,1,0
3556354,SP,10842,14148.773289061059,0.7035,0.2836,748,4,0
3551405,SP,15292,12785.966518441015,0.9224,0.0427,1250,8,0
3514007,SP,9088,15286.861795774648,0.9936,0.0058,1482,1,0
3555109,SP,15670,21720.29355456286,0.9837,0.0153,4958,12,3
1702406,TO,10502,21263.56884402971,0.0,0.6667,1437,12,0
3504404,SP,14063,14178.269217094503,1.0,0.0,958,6,0
3526209,SP,31844,18025.27948750157,0.3208,0.4639,964,1,0
5214507,GO,30931,33014.90414147619,0.0,0.2659,3723,286,5
3543303,SP,125238,31068.86887366454,0.5539,0.1518,1545,6,1
1718709,TO,2879,29846.47447030219,0.0,0.9456,278,2,1
3528858,SP,3097,38648.369389732,0.9982,0.0005,667,10,1
1707207,TO,7173,30133.69580370835,0.0,0.6853,223,2,1
1714880,TO,12014,26661.47827534543,0.0,0.8899,257,1,0
1718808,TO,4876,29914.47908121411,0.2046,0.7886,51,0,0
3500600,SP,3588,41208.19397993311,0.0,0.0259,354,2,0
3503158,SP,2452,18584.013050570964,0.7787,0.1749,236,0,0
3504305,SP,5467,68793.4882019389,0.8442,0.1495,785,3,0
3510906,SP,2488,117809.88745980707,0.8874,0.1026,268,4,0
3552601,SP,12561,22859.406098240586,0.9933,0.0043,3511,23,7
3526902,SP,310783,51678.30608495317,1.0,0.0,34362,779,34
3513900,SP,11027,44568.51364831776,0.7521,0.1411,224,0,0
3537503,SP,8875,35826.92957746479,1.0,0.0,382,2,2
1720259,TO,3106,15926.27173213136,0.0,0.7254,61,2,1
1701051,TO,3475,13892.374100719424,0.0,0.9804,10,0,0
3553856,SP,5968,61548.92761394102,0.7922,0.0776,56,1,0
5221502,GO,4526,45157.53424657534,0.0,0.8306,1169,17,4
5106315,MT,2769,20459.01047309498,0.0,0.8128,20,1,0
2104651,MA,10121,8318.44679379508,0.0,0.9876,69,0,0
5215405,GO,3679,40772.22071215004,0.0,0.9896,596,8,0
5212907,GO,2263,30283.69421122404,0.0,0.9817,512,5,0
5209606,GO,3742,22414.484233030464,0.0,0.4541,466,3,0
5220058,GO,1312,106413.87195121951,1.0,0.0,643,2,1
5206503,GO,3458,28790.63042220937,0.0,0.4837,528,3,1
5204409,GO,19304,42563.872772482384,0.936,0.0498,3199,32,4
5214606,GO,47064,27445.18103008669,0.2683,0.6882,2601,44,6
4210506,SC,26463,67792.65389411632,0.0,0.505,5325,34,2
5219704,GO,8386,22756.37968041975,0.0,0.8911,796,7,1
5217302,GO,25218,25391.74399238639,0.363,0.2731,5966,30,5
4314407,RS,343826,31347.597331208228,0.21,0.03,688,1,1
4308201,RS,31352,80956.11125287063,0.2365,0.1305,56,1,0
2307403,CE,24949,12801.03410958355,0.46,0.4796,283,0,0
2900900,BA,5273,11924.141854731652,0.0,0.1404,258,3,0
2301851,CE,18313,14199.257358160869,0.0,0.6783,186,0,0
2301406,CE,11759,12896.079598605324,0.4068,0.1317,935,1,1
2305357,CE,20183,20364.71287717386,0.0,0.9862,1283,3,1
2304459,CE,16776,18625.41726275632,0.0,0.9839,415,5,1
2914703,BA,64795,15384.751909869588,0.7809,0.1756,9623,25,2
2917300,BA,28870,12734.984412885347,0.0,0.5128,546,1,0
2920304,BA,8326,9685.202978621186,0.0,0.7508,487,10,0
2912301,BA,16262,12074.099126798672,0.0,0.1837,1019,7,0
2301604,CE,23537,10080.25661724094,0.0,0.7935,344,4,2
2301000,CE,81581,47245.19189517167,0.451,0.2653,1973,24,3
2919702,BA,19056,11918.818219983208,0.0,0.0933,645,9,1
2929909,BA,44370,14103.876493125987,0.0,0.9522,4825,13,1
2932200,BA,18647,13137.180243470799,0.0,0.263,235,6,0
2309904,CE,6565,9130.23610053313,0.0,0.3051,72,0,0
2311702,CE,18279,10433.284096504185,0.0,0.9076,1337,5,0
2313955,CE,18520,20292.602591792656,0.0,0.7091,521,3,1
2910776,BA,5656,11153.64214992928,0.0,0.9541,329,21,0
3200904,ES,45301,25717.004039645923,0.0612,0.7156,2823,5,1
2922102,BA,27153,7337.421279416639,0.0,0.445,216,1,1
3205101,ES,80735,52363.51024958197,0.5,0.4713,4390,74,3
2900504,BA,10513,7425.378103300675,0.0,0.9712,537,1,0
2926905,BA,11672,8603.752570253599,0.0,0.9816,396,0,0
2923506,BA,9123,11814.644305601229,0.4144,0.5627,781,4,0
2312502,CE,7557,14277.888050813815,0.1971,0.0,113,0,0
2311231,CE,6455,14998.605731990705,0.0,0.9234,135,0,0
2915106,BA,12140,10595.222405271828,0.0,0.3412,227,1,0
2915205,BA,14331,76971.87914311633,0.8583,0.1263,1103,0,0
2923100,BA,28373,8535.650089874176,0.0,0.2164,272,1,0
2310852,CE,20964,13110.665903453539,0.0,0.9788,586,2,0
4216602,SC,253705,54544.42364163103,0.4741,0.0513,17582,134,7
2402204,RN,34814,17397.541219049806,0.0,0.9391,477,11,1
2930154,BA,31362,13121.675913525924,0.0,0.9493,567,3,0
2905503,BA,13452,7581.177520071365,0.0,0.9261,1075,2,1
2914109,BA,9954,10101.567209162145,0.53,0.4651,743,4,0
2905909,BA,28839,10246.229064808073,0.0,0.9767,373,3,1
3201506,ES,124283,35228.51878374355,0.0294,0.0035,2035,16,3
2912608,BA,4047,9225.10501606128,0.0,0.9618,117,0,0
2303105,CE,18470,10455.062263129399,0.0,0.9059,358,0,0
2303303,CE,18700,9678.288770053476,0.0,0.909,73,0,0
2504405,PB,19030,10983.18444561219,0.0,0.6879,806,1,0
4102000,PR,33306,49040.23299105266,0.3588,0.4481,7918,147,10
3508306,SP,4222,24368.07200378967,0.9619,0.0228,325,0,0
3505351,SP,5794,23082.153952364515,0.0,0.25,193,1,1
4211900,SC,178679,45940.70931670762,0.09,0.2612,14029,110,9
4323002,RS,257330,16846.267438697392,0.0244,0.2418,2446,15,0
4302808,RS,33476,33536.473891743335,0.0,0.3364,29,0,0
4314787,RS,1501,63989.34043970686,0.0,0.4043,92,0,0
3301157,RJ,12818,30853.64331408956,0.5966,0.3376,577,4,0
2402907,RN,4918,9794.021960146401,0.0,0.9921,288,0,0
2405207,RN,5228,16162.777352716144,0.0,0.5634,283,0,0
4101507,PR,126545,39149.75700343751,0.6077,0.2204,15781,79,27
4316501,RS,7975,42339.93730407523,0.0,0.0382,22,0,0
4312708,RS,11574,45403.83618455158,0.0,0.7338,449,0,0
4318804,RS,43501,39103.997609250364,0.0,0.194,21,0,0
4307906,RS,73758,59633.49060440902,0.0,0.0534,77,1,0
4311304,RS,27751,54534.97171273107,0.0,0.1108,65,1,0
4301602,RS,121518,30846.53302391415,0.172,0.1367,51,1,0
2106607,MA,34099,7519.42872224992,0.0,0.8191,328,4,1
2100477,MA,31967,7876.4350736697215,0.0,0.8602,126,4,0
2103802,MA,23393,11224.981832172018,0.0,0.8385,96,6,1
2100204,MA,22126,6724.984181505921,0.0,0.8959,112,0,0
2110237,MA,13704,5407.691185055458,0.0,0.9957,16,0,0
4121703,PR,26933,28122.377752199904,0.5113,0.4576,2047,9,0
4117800,PR,12755,25939.788318306546,0.0,0.8339,1795,7,2
1101708,RO,11081,24681.978160815812,0.0,0.8361,264,1,0
4209904,SC,12497,37301.35232455789,0.0,0.2258,29,6,0
2404507,RN,16261,125585.38835249985,0.0,0.1132,3333,30,3
2403608,RN,29282,19480.397513831023,0.0,0.5423,3543,43,2
2411403,RN,11808,12452.574525745258,0.0,0.1259,890,2,1
4128559,PR,8389,40663.60710454166,0.5701,0.2859,2462,73,1
4124301,PR,2032,52082.18503937008,0.0,0.9632,217,0,0
4120200,PR,2554,42532.10649960846,0.3647,0.6075,1104,13,0
4125001,PR,9897,36497.9286652521,0.1362,0.8075,2293,21,0
4108551,PR,2850,25416.491228070176,0.0,0.9884,799,1,0
2401404,RN,9373,34677.47786194388,0.0,0.8875,609,1,0
4212106,SC,16144,56599.046085232905,0.0,0.7853,2748,67,10
4120002,PR,12587,44031.46103122269,0.9039,0.0906,3123,40,1
4107553,PR,2995,72035.05843071787,0.0,0.9772,367,0,0
4106555,PR,3038,28866.030283080974,0.562,0.4361,1099,2,0
4109104,PR,2239,34903.9749888343,0.0,0.9594,449,4,1
4122602,PR,9664,36225.579470198674,0.5862,0.3335,1353,32,6
4107256,PR,8988,93597.12950600802,0.0,0.433,2109,34,2
4110607,PR,13642,43768.802228412256,0.2596,0.7224,3358,20,2
1101559,RO,4160,29158.89423076923,0.0,0.9796,94,4,0
4125902,PR,2265,39882.56070640177,0.0,0.8578,560,1,0
2804003,SE,17328,25878.000923361033,0.0,0.2394,63,10,1
4101150,PR,2931,52613.10133060389,0.0,0.9858,616,7,2
2407906,RN,2063,15689.287445467766,0.0,0.5776,166,3,0
4211009,SC,12034,90503.32391557255,0.0,0.4709,2486,4,4
4215604,SC,2151,33855.41608554161,0.0,0.6216,6,0,0
2410207,RN,7944,9936.304128902317,0.0,0.9828,265,1,0
4210605,SC,17330,43380.49624927871,0.0,0.0958,119,1,0
4202206,SC,11896,39514.62676529926,0.0,0.1914,56,0,0
2803302,SE,19067,27688.624324749566,0.0,0.8392,79,4,0
2412807,RN,8183,10836.612489307101,1.0,0.0,452,1,0
2410603,RN,3214,13519.29060360921,0.0,0.939,33,0,0
4303905,RS,69981,51443.506094511366,0.0,0.0355,5893,33,0
3110301,MG,14600,23127.602739726026,0.0,0.0538,363,3,0
2104503,MA,10931,8409.569115359986,0.0,0.883,165,0,0
2101103,MA,12234,7964.933791074056,0.0,0.6358,61,1,0
5106703,MT,1525,20481.967213114753,0.0,0.9907,403,1,0
3121902,MG,3430,18575.801749271137,0.0,0.3655,451,0,0
3101201,MG,5949,21608.50563119852,0.0,0.3,149,1,0
4111407,PR,14049,35427.85963413766,0.5627,0.4131,1385,14,1
4123857,PR,9210,29026.16720955483,0.0,0.8689,365,4,0
4122305,PR,34645,37477.76013854813,0.5008,0.0727,68,0,0
4128633,PR,5525,17958.733031674208,0.0,0.2422,4,0,0
4207684,SC,7643,42060.316629595705,0.0,0.9695,479,1,0
4200606,SC,6646,30026.63256093891,0.0,0.1315,45,0,0
4201653,SC,2228,91500.44883303411,0.0,0.2655,59,0,0
4203402,SC,6889,48338.36551023371,0.0,0.0876,2,0,0
4210803,SC,6989,48697.381599656605,0.0,0.0474,3,0,0
4214904,SC,4630,65391.14470842333,0.0,0.5424,13,2,0
4218905,SC,11311,31497.215100344798,0.0,0.1643,4,0,0
1200450,AC,23446,33253.94523586113,0.0,0.756,296,1,0
4321477,RS,5532,35473.78886478669,0.0,0.8003,714,0,0
4306924,RS,932,78554.72103004291,0.0,0.9232,38,0,0
1200708,AC,19866,22902.496728078124,0.0,0.6275,2598,0,0
1200054,AC,7649,17507.648058569746,0.0,0.6543,2473,4,1
2702900,AL,41549,13225.901947098606,0.0,0.9802,612,7,0
2708501,AL,34825,27097.085427135677,0.0,0.816,426,2,0
2705101,AL,24627,15668.412717748812,0.0,0.9023,1289,10,2
2709152,AL,44570,30461.61094906888,0.0,0.4457,780,18,1
2702553,AL,18304,8431.435751748251,0.0,0.8506,590,6,0
1200435,AC,6893,15747.13477440882,0.0,0.9313,19,0,0
1600253,AP,5730,15338.743455497382,0.0,0.6049,34,0,0
1302702,AM,57405,11955.038759689922,0.0,0.8384,879,1,1
2211407,PI,4382,9355.317206754906,0.0,0.0941,56,0,0
3204302,ES,11741,580174.1759645686,0.0,0.1654,512,0,0
2305332,CE,12730,9815.475255302435,0.0,0.7018,432,2,0
2109239,MA,7124,8519.792251544077,0.0,0.343,76,0,0
4314753,RS,2105,62591.92399049881,0.0,0.0,14,0,0
2207207,PI,6879,10744.148858845763,0.0,0.6331,34,1,0
2102606,MA,20376,7205.585001963093,0.0,0.73,21,0,0
3202553,ES,8830,19477.123442808606,0.0,0.1473,27,0,0
4302402,RS,12448,32379.01670951157,0.0,0.1469,713,43,1
4302303,RS,11270,54447.38243123336,0.0,0.1173,6,0,0
4321634,RS,2620,53891.603053435116,0.0,0.0672,37,0,0
3305307,RJ,9416,25625.424808836025,0.3469,0.2255,421,4,0
4302451,RS,7691,19554.41425042257,0.0,0.073,5,0,0
4312674,RS,1667,87733.05338932213,0.0,0.7343,10,0,0
4304713,RS,8426,19660.4557322573,0.0,0.0123,6,0,0
4305132,RS,4720,19101.271186440677,0.0,0.1884,6,0,0
2210904,PI,4557,9011.849901250824,0.0,0.9939,83,0,0
1502772,PA,17764,206447.92839450575,0.0,0.9298,132,0,0
1505809,PA,63831,14816.202158825648,0.0,0.8278,214,0,0
1507706,PA,27302,8974.72712621786,0.0,0.9343,25,0,0
1505007,PA,15646,9426.754442029911,0.0,0.7786,165,0,0
2517209,PB,5395,9766.265060240963,0.0,0.9227,173,1,0
4308656,RS,2851,70489.65275341985,0.0,0.9905,23,1,0
4213005,SC,3635,62514.44291609353,0.0,0.2076,1,0,0
4322525,RS,3531,36944.774851316906,0.0,0.0703,6,0,0
4304655,RS,3745,172220.02670226968,0.0,0.5915,9,0,0
4319752,RS,2288,41847.46503496503,0.0,0.0185,10,1,0
2602704,PE,13224,10068.965517241379,0.0,0.7705,437,3,0
2601300,PE,14632,10042.57791142701,0.715,0.1715,561,2,0
5003900,MS,3066,46773.64644487932,0.0,0.9242,374,2,0
5108600,MT,26946,32627.848289170935,0.0,0.5725,440,4,0
3137908,MG,3366,15487.52228163993,0.0,0.3567,199,0,0
3127305,MG,6764,16814.606741573032,0.0,0.1131,607,1,0
3113404,MG,93124,24518.792148103603,0.0,0.1674,8538,13,2
3108602,MG,32460,11627.387553912507,0.84,0.0,5944,7,0
3140555,MG,8700,10526.091954022988,0.7479,0.2521,396,1,0
3170206,MG,706597,61038.024503359055,0.98,0.0126,128173,2816,73
3104809,MG,4833,18423.54645147941,0.0,0.7172,1038,9,0
3169356,MG,33062,95324.93497066118,0.7814,0.1504,4809,5,2
3154804,MG,10524,44894.6218167997,0.8545,0.1009,2439,2,2
3149705,MG,11994,18941.970985492746,0.0,0.06,4260,5,0
3125200,MG,2374,24698.820556023587,0.0,0.2106,411,6,2
3141702,MG,5489,10833.120787028603,0.0,0.1493,372,0,0
1505494,PA,7575,13038.81188118812,0.0,0.9934,137,0,0
2209104,PI,6254,9755.516469459546,0.0,0.6973,100,0,0
2505907,PB,3556,11709.505061867267,0.0,0.2791,119,0,0
2509701,PB,33638,18888.756763184494,0.6551,0.1514,5324,5,1
2514008,PB,4170,13260.19184652278,0.0,0.2113,485,0,0
2516151,PB,3631,10663.453594051225,0.0,0.6049,321,4,1
5001904,MS,23620,44412.785774767144,0.0435,0.4052,2635,4,2
5100102,MT,5309,20561.68770013185,0.0,0.9686,310,0,0
5106653,MT,6972,17674.698795180724,0.0,0.9272,553,15,1
2500304,PB,28384,10573.421645997745,0.6862,0.2946,742,2,0
2600054,PE,100698,17123.0610339828,0.219,0.6682,3289,16,1
4316907,RS,285159,33532.26445597018,0.6707,0.1521,15001,336,19
5108857,MT,3332,126907.26290516206,0.0,0.9893,151,0,0
2514503,PB,20406,11289.963736156033,0.0,0.169,463,6,1
1504976,PA,17027,11311.74017736536,0.0,0.9706,288,1,0
1507755,PA,6088,23189.2247043364,0.0,0.9615,196,0,0
2602308,PE,38101,14155.533975486207,0.0,0.1555,489,4,0
2602100,PE,48975,13132.230729964267,0.0,0.2018,1239,5,1
2511400,PB,18737,11378.128835992955,0.0,0.1197,1290,3,0
2508307,PB,27728,11171.48730525101,0.5832,0.1666,452,4,0
5107263,MT,3164,51063.21112515803,0.0597,0.8008,226,1,0
2517001,PB,9914,9193.262053661489,0.0,0.3379,229,4,0
5205455,GO,8794,43779.39504207414,0.0,0.9315,664,11,0
5215231,GO,119649,9645.446263654523,0.09,0.6646,23354,203,19
5205406,GO,22407,32787.07546748784,0.831,0.1185,5288,41,10
5208400,GO,11217,26244.182936614066,0.0,0.8459,1941,15,3
5215652,GO,3470,49911.23919308357,0.0,0.9601,824,2,0
1503200,PA,39234,10600.346638119998,0.0,0.9773,334,0,0
2103604,MA,65788,8111.96570803186,0.0,0.7268,137,5,0
5209937,GO,6275,37852.589641434264,0.0,0.9541,423,4,0
2906873,BA,31055,18670.35904041217,0.0245,0.9118,2185,27,0
2928109,BA,39707,15124.713526582214,0.058,0.8377,5342,42,2
2922409,BA,22340,21100.358102059086,0.6712,0.1018,142,1,0
2916807,BA,19937,16610.874253899783,0.0,0.127,178,2,0
2906204,BA,26468,9778.676137222306,0.0,0.976,1407,9,1
3154606,MG,341415,15177.162690567198,0.0712,0.2092,75612,138,26
1506500,PA,72856,12835.305259690349,0.0,0.8855,609,1,0
3103751,MG,6992,185156.75057208238,0.2148,0.0114,1473,36,0
2500775,PB,8482,12405.800518745578,0.0,0.9115,703,9,1
2501005,PB,20610,9912.566715186802,0.0,0.1809,558,2,1
1505650,PA,32325,10000.402165506574,0.0,0.9532,130,1,0
2603454,PE,159945,13940.291975366532,0.017,0.7835,8280,31,4
3147105,MG,95616,42098.57136880857,0.9469,0.0459,20765,37,17
5107040,MT,63876,109043.17740622455,0.52,0.2211,14308,37,6
3518800,SP,1404694,55084.21549462018,0.287,0.1536,125477,5514,160
3157401,MG,4693,16399.957383336885,0.2411,0.1948,296,0,0
3168903,MG,6369,59641.859004553306,0.0,0.0131,1709,5,1
3170057,MG,12514,13424.244845772735,0.0,0.1444,985,3,1
3101102,MG,25116,25402.532250358337,0.5904,0.1781,1258,4,0
3116506,MG,7478,11196.844075956138,0.238,0.0,1037,22,0
3127339,MG,5084,11278.324154209284,0.0,0.9915,640,0,0
3106309,MG,27277,77527.66066649558,0.0,0.1128,3930,3,0
3167905,MG,3669,17915.235759062416,0.0,0.0415,812,1,0
3146552,MG,6098,9617.087569694982,0.0,0.9903,791,1,1
3126406,MG,2986,17170.797052913596,0.0,0.437,328,0,0
3150539,MG,5029,10483.197454762378,0.0,0.0263,1332,2,0
3162450,MG,13232,6983.071342200726,0.0,0.9804,1035,1,0
3101805,MG,7448,12700.993555316863,0.0,0.0988,441,4,0
2210052,PI,5361,11891.99776161164,0.0,0.9863,242,0,0
2206407,PI,10563,12067.499763324813,0.0,0.6598,259,0,0
1506005,PA,29827,14851.275689811246,0.0,0.8932,1431,16,0
2613503,PE,34082,10021.24288480723,0.0,0.3931,677,0,0
2605152,PE,19246,12783.071807128754,0.9,0.0,740,0,0
2514602,PB,3619,8943.354517822603,0.0,0.0191,47,2,0
2203230,PI,4982,82098.15335206744,0.0,0.9913,490,27,1
2202083,PI,7704,14976.116303219107,0.0,0.9018,261,2,0
2202208,PI,46950,15034.355697550585,0.0,0.6593,448,24,1
5106273,MT,4069,24944.45809781273,0.0,0.8464,678,4,1
5104500,MT,2806,36921.24019957235,0.0449,0.9467,182,5,0
2512903,PB,24258,13272.77599142551,0.0,0.6865,204,1,1
2511707,PB,4937,10373.911282155155,0.0,0.5384,189,0,0
2508604,PB,13344,16716.576738609114,0.0,0.7155,332,1,1
5007703,MS,10751,35780.20649241931,0.0,0.9715,1486,4,3
1100049,RO,86416,32313.263747454173,0.55,0.2882,3282,58,5
2501203,PB,7054,8871.27870711653,0.0,0.2402,274,1,0
2503100,PB,5710,20400.525394045533,0.0,0.4141,349,3,1
2612406,PE,27308,9091.255309799326,0.0,0.2372,1174,0,1
2606507,PE,19284,10153.495125492636,0.0,0.3665,1685,2,0
5106372,MT,17547,89805.77876560096,0.058,0.8585,368,17,0
3128808,MG,7026,17600.19925989183,0.0,0.1393,856,0,0
3124203,MG,25287,16254.201763752126,0.0,0.189,3884,5,2
2210607,PI,35035,16160.353931782503,0.0,0.9413,703,10,0
2206803,PI,8751,8975.774197234601,0.0,0.3369,209,0,0
3163904,MG,4563,32471.18124041201,0.0,0.0428,243,0,0
5106851,MT,2794,29907.301360057267,0.0,0.6835,156,0,0
3103108,MG,1577,18117.311350665823,0.0,0.0339,62,1,0
2516805,PB,9473,9233.400190013723,0.0,0.5224,255,3,0
1507102,PA,18207,10061.569725929587,0.0,0.8783,199,1,0
2304400,CE,2703391,27164.449389673933,0.61,0.0224,136557,1938,114
5221858,GO,175720,16870.657864784884,0.42,0.1945,19889,346,29
2704005,AL,24716,22253.76274478071,0.0,0.983,743,8,0
2509800,PB,9962,9852.439269223047,0.0,0.8726,115,1,0
1505205,PA,33182,12629.64860466518,0.0,0.9359,324,1,1
3537602,SP,69697,28211.35773419229,0.7347,0.0,6672,48,11
3303500,RJ,825388,21559.06434307259,0.0395,0.1501,3107,129,2
3139706,MG,8113,28738.321212868235,0.0,0.077,2139,0,0
3133907,MG,5321,13411.576771283593,0.0,0.3988,487,4,0
3128204,MG,10307,11179.586688658193,0.0,0.1265,1107,1,0
3150208,MG,4141,15149.7222893021,0.0,0.0673,413,2,0
3158102,MG,5203,9608.879492600423,0.0,0.1836,149,1,0
3120870,MG,7867,10226.642938858524,0.0,0.5265,330,1,0
3102852,MG,8594,16818.827088666512,0.0,0.1848,818,0,0
3162658,MG,4476,9974.530831099195,0.0,0.9526,517,0,0
3153103,MG,5315,12740.545625587958,0.0,0.0518,265,0,0
3171709,MG,8652,20855.98705501618,0.0,0.06,94,0,0
3138674,MG,6249,21249.639942390782,0.0,0.1563,99,1,0
3161304,MG,6309,30763.5124425424,0.0,0.0616,996,7,1
3166501,MG,4292,10500.0,0.0,0.2082,443,0,0
5220405,GO,21318,67212.3557556994,0.0,0.1072,4828,13,3
4306429,RS,1992,99996.98795180723,0.0,0.9644,224,4,1
1100122,RO,131026,32292.163387419292,0.0,0.7709,2990,18,1
4218004,SC,39889,61114.69327383489,0.0,0.0538,5243,35,6
3137809,MG,20995,19293.35556084782,0.027,0.0935,1600,7,4
3147600,MG,16439,28737.940264006327,0.0,0.1053,644,14,2
2408706,RN,3732,14806.538049303323,0.0,0.7823,37,0,0
3167400,MG,6258,22620.00639181847,0.0,0.0535,281,0,0
3162302,MG,2743,20080.933284724753,0.0,0.0263,172,1,1
2112704,MA,57813,7499.628111324442,0.0,0.7095,213,3,0
3126950,MG,3496,10171.33867276888,0.0,0.1715,98,0,0
3516408,SP,158438,27126.5163660233,0.0,0.2493,20252,39,4
2928703,BA,103204,23746.783070423626,0.946,0.0027,8653,40,5
3112109,MG,5464,17866.764275256224,0.0,0.2617,373,0,0
3545803,SP,195278,40073.67445385553,0.54,0.0,27984,34,37
4319901,RS,80514,44906.27716918797,0.4034,0.0628,5618,3,3
3510500,SP,125194,36201.70295701072,0.7433,0.0,26798,79,19
3526605,SP,7361,18111.262056785763,0.0626,0.3658,963,5,0
3518305,SP,30465,50771.08156901362,0.1943,0.3837,2233,7,2
3552809,SP,297528,34588.58325939071,0.3053,0.1437,11820,21,0
3537305,SP,64098,32488.65799244906,1.0,0.0,10114,165,23
3515186,SP,44607,46311.6551213935,0.9578,0.0321,6678,105,9
3501509,SP,3251,17965.241464164872,0.9426,0.0206,616,7,0
3555307,SP,1667,44206.35872825435,0.9226,0.0774,466,3,0
3555000,SP,65615,33732.18014173588,0.9884,0.0,18918,216,27
3526704,SP,105273,38964.09335727109,0.6,0.0,7994,17,7
3525706,SP,37707,36644.416156151376,0.9793,0.0186,6541,122,18
3500808,SP,4201,28649.131159247798,0.9964,0.0,1221,6,1
3548054,SP,8541,33916.169066853996,0.8874,0.0057,1034,1,0
3532108,SP,4525,19453.480662983424,0.9934,0.0016,947,2,2
3524501,SP,7322,92434.85386506419,0.4507,0.0275,1572,40,1
3552007,SP,6375,14519.058823529413,0.9481,0.0391,276,3,0
3514957,SP,2446,23385.11856091578,0.9461,0.0058,800,10,1
3509007,SP,104044,46700.030756218526,0.0,0.0741,4718,24,6
3510807,SP,30655,38464.916000652425,0.9883,0.0043,6271,4,0
3532009,SP,13936,45445.17795637198,0.9262,0.0026,798,0,0
3507100,SP,26506,55196.408360371235,0.0,0.0176,1468,3,3
3510708,SP,12371,25957.4812060464,0.7571,0.1858,1813,11,4
3502002,SP,5115,40726.09970674487,0.9331,0.0428,1125,9,0
1709302,TO,26403,33344.80930197326,0.0934,0.75,675,13,1
1716604,TO,11996,61181.143714571524,0.23,0.6243,341,4,2
1715754,TO,7694,22110.475695347024,0.0,0.8803,564,10,0
1711902,TO,13989,71373.57924083208,0.0,0.9079,1184,1,0
3515350,SP,9280,14708.836206896553,0.9099,0.0764,1920,0,0
1704600,TO,1415,28144.16961130742,0.0,0.9947,27,0,0
3524402,SP,237119,67874.92777887896,0.6789,0.0262,41297,717,89
3537206,SP,11507,15521.76935778222,0.6285,0.1154,376,1,1
1700251,TO,2609,42980.06899195094,0.0,0.8266,216,2,1
1703305,TO,5120,27228.515625,0.0,0.6352,128,0,0
3531506,SP,18928,33768.068469991544,0.343,0.0148,3427,54,2
3507308,SP,4913,105669.24486057399,0.9703,0.0282,803,18,3
3510203,SP,47098,26945.87880589409,0.8968,0.092,1495,19,1
3510302,SP,21257,18457.63748412288,0.74,0.1578,2681,14,0
3527504,SP,2412,29214.344941956882,0.9808,0.0164,201,0,0
3550100,SP,41287,32463.414634146342,0.9342,0.0462,5277,29,2
3557154,SP,2784,46763.29022988506,0.8823,0.0916,596,9,1
1715150,TO,2332,15231.989708404803,0.0,0.754,166,0,0
3513207,SP,8803,39369.07872316256,0.9407,0.0467,575,5,0
3542305,SP,3827,17461.458061144498,0.5116,0.3678,280,2,1
2100501,MA,11233,51543.75500756699,0.1069,0.7763,336,15,0
3537008,SP,16876,102593.26854704907,0.922,0.0707,1265,7,2
2911105,BA,26111,176491.78507142584,0.0,0.9542,1342,5,0
5209408,GO,3801,22647.98737174428,0.0,0.9949,547,1,0
5219100,GO,6701,22997.612296672138,0.0,0.0839,1960,16,3
1100254,RO,18165,30827.965868428295,0.0,0.9686,818,1,0
2104305,MA,12104,219655.8162590879,0.0,0.6533,47,1,0
5219308,GO,38962,41603.02345875469,1.0,0.0,4186,44,16
5204102,GO,12843,21932.492408315815,0.0,0.125,581,19,0
5206305,GO,2962,40547.94058068872,0.0,0.9474,818,10,1
5208152,GO,3923,79664.2875350497,0.0,0.989,572,6,1
5204201,GO,1336,29093.562874251496,0.0,0.8147,95,0,0
5212600,GO,2358,37444.0203562341,0.0,0.9127,346,0,0
1501782,PA,68597,11579.354782279108,0.0,0.9121,1019,2,0
5214002,GO,16077,63757.41742862474,0.0,0.9263,669,9,1
1507474,PA,23440,7771.672354948805,0.0,0.863,228,1,0
5220264,GO,4105,77155.42021924483,0.0,0.3047,661,2,2
4112405,PR,9573,33552.28246108848,0.0,0.9354,1669,28,3
4100806,PR,11598,29176.409725814796,0.0,0.9402,1547,17,5
2915908,BA,6433,12733.094979014457,0.0,0.9712,30,0,0
2910602,BA,37902,19310.564086327897,0.0,0.8601,762,3,0
2306504,CE,20653,8246.453299762747,0.0,0.7686,434,2,2
2301307,CE,21707,9581.333210485098,0.0,0.7759,341,2,0
2300606,CE,7712,9680.238589211618,0.261,0.7223,270,0,0
2908002,BA,16128,11847.470238095239,0.0,0.0953,1547,2,3
2911303,BA,11284,11827.277561148529,0.592,0.403,656,2,1
2911808,BA,20565,13590.128859713104,0.0,0.2592,252,0,0
2917102,BA,20394,12310.679611650485,0.0,0.2233,1204,2,0
2903300,BA,5312,15044.051204819278,0.0,0.1585,694,0,0
2920809,BA,10357,9115.767114029159,0.0,0.9703,758,0,0
2930204,BA,41279,41541.36485864483,0.0,0.4986,1135,6,2
2923902,BA,9550,11070.89005235602,0.0,0.1359,781,2,0
2308708,CE,61590,20731.677220327976,0.02,0.0,1991,4,0
2918308,BA,10470,16772.110792741165,0.0,0.3022,101,0,0
2918704,BA,3663,15087.906087906087,0.0,0.4577,135,0,0
3205200,ES,508655,32056.781118833,0.57,0.3666,16581,598,26
2933000,BA,29111,9237.332966919721,0.0,0.2341,1818,4,1
2909505,BA,5352,8577.914798206279,0.6524,0.1311,100,0,0
2304350,CE,24680,12356.442463533225,0.5254,0.3251,527,5,0
2933406,BA,9342,9591.736244915435,0.0,0.9835,216,0,0
2925758,BA,28272,11967.883418222977,0.0,0.4996,262,4,0
2904407,BA,10675,11827.728337236535,0.0,0.9698,713,1,0
2930907,BA,12515,21439.632441070717,0.0,0.9906,245,0,0
2308377,CE,13965,8062.943071965628,0.0,0.7741,347,0,0
3304755,RJ,42214,28060.145923153457,0.0,0.8971,5023,2,1
2305209,CE,20126,9193.332008347412,0.0,0.8987,2541,1,0
2409605,RN,2419,14935.097147581646,0.0,0.9747,219,2,1
3543006,SP,15984,37255.943443443444,0.8365,0.0595,57,1,0
1715705,TO,6234,29731.953801732434,0.0,0.9351,61,0,0
4303004,RS,81552,43440.908867961545,0.0444,0.5896,2527,47,4
3302254,RJ,32312,213339.65709333995,0.0,0.1108,6194,9,9
2411502,RN,24422,12387.887969863237,0.3023,0.6866,1047,11,1
2414407,RN,33716,24167.90247953494,0.4,0.4128,574,23,2
2400109,RN,11106,12785.34125697821,0.8914,0.0555,1117,6,1
3127404,MG,4360,21625.0,0.8129,0.1776,50,0,0
4315909,RS,5868,47593.387866394005,0.0,0.6972,1125,1,0
4315107,RS,10144,20793.079652996847,0.0,0.1678,565,3,0
4315503,RS,15702,42887.530250923446,0.0,0.4617,75,0,0
4307500,RS,15594,71380.1462100808,0.306,0.3491,135,2,0
2110039,MA,25487,9940.989524071096,0.0,0.7856,116,1,0
2111250,MA,7639,8110.092944102631,0.0,0.9947,140,3,0
4217204,SC,41246,52711.60839839015,0.0,0.2776,3184,11,2
4106571,PR,4229,41898.3211161031,0.0,0.9539,1389,21,3
4210209,SC,3465,17931.890331890332,0.0,0.2434,21,0,0
4310801,RS,25068,47087.24269985639,0.0,0.2669,2580,4,2
2806602,SE,12200,13743.032786885246,0.0,0.9458,101,4,0
4117222,PR,8311,52914.089760558294,0.0,0.8561,2611,15,2
3305000,RJ,36731,269169.7748495821,0.0627,0.5295,629,7,1
2413201,RN,4527,25731.610337972168,0.0,0.9833,226,6,0
2401305,RN,9686,10877.142267189758,0.0,0.6937,116,0,0
1101500,RO,11846,28109.657268276213,0.0,0.9045,638,1,0
3305604,RJ,21775,27675.958668197472,0.67,0.084,282,2,0
3301306,RJ,45864,51285.71428571428,0.0,0.0,1503,4,0
3201100,ES,9988,18705.646776131358,0.74,0.2574,1738,1,0
3304607,RJ,10380,22599.42196531792,0.7394,0.175,138,0,0
4208005,SC,6091,66439.99343293384,0.0,0.1176,1007,3,2
1400308,RR,18482,21310.031381885077,0.0,0.9426,206,4,0
4206405,SC,9964,45623.34403853874,0.0,0.2855,1251,2,1
2408508,RN,4813,12820.278412632453,0.0,0.7713,471,2,0
4218855,SC,2364,36008.0372250423,0.0,0.9458,188,16,1
4110656,PR,2216,87715.25270758122,0.0,0.99,1204,34,0
4101101,PR,19823,41191.94874640569,0.5514,0.3657,4511,7,2
4106001,PR,8896,32108.363309352517,0.0,0.8866,549,2,2
4124400,PR,20354,31852.559693426352,0.5565,0.187,5696,3,7
4125308,PR,5535,72507.85907859079,0.99,0.0,1761,4,2
4108106,PR,2709,29746.770025839793,0.0121,0.9733,583,6,1
4126801,PR,16480,30138.77427184466,0.91,0.0,2573,10,1
4107306,PR,5987,33469.18323033239,0.1976,0.435,797,0,0
4108320,PR,5942,48899.36048468529,0.0,0.9821,1660,10,3
4107702,PR,4734,44967.46937051119,0.0,0.9329,1136,3,0
4120655,PR,4420,82131.22171945701,0.0,0.9705,1658,35,0
4118907,PR,11406,31536.998071190603,0.0,0.8079,3067,1,1
4126702,PR,5196,24312.548113933794,0.0,0.99,1218,1,1
4103370,PR,2521,109465.29155097183,0.0,0.989,671,2,0
4214151,SC,2950,46068.813559322036,0.0,0.5498,164,0,1
4106506,PR,20430,43433.82280959374,0.3995,0.489,1488,33,0
4106456,PR,7538,42947.598832581585,0.0,0.3177,11,0,0
4128534,PR,12267,28338.46906334067,0.0,0.8566,116,4,0
4310603,RS,37363,58531.72925086315,0.0,0.2757,71,1,0
1200104,AC,27123,25278.767098034878,0.2402,0.6287,2286,8,1
3167806,MG,6226,13150.819145518792,0.0,0.1513,476,2,1
3169802,MG,5099,27421.062953520297,0.0,0.0883,269,4,0
2110906,MA,12226,8097.251758547358,0.0,0.9829,180,0,0
3168200,MG,1869,29984.483681112895,0.0,0.1014,43,2,0
3141900,MG,3891,42093.54921613981,0.2363,0.0509,1109,1,0
3145505,MG,2829,15528.101802757157,0.0,0.0098,268,6,0
4128708,PR,6879,72445.12283762175,0.0,0.5286,1446,4,0
4123824,PR,3795,36922.26613965745,0.0,0.972,1421,3,1
4115457,PR,4283,26024.98248890964,0.0,0.9065,134,0,0
4113254,PR,5719,19763.59503409687,0.0,0.9202,376,7,0
4126652,PR,2880,55046.180555555555,0.0,0.9388,824,5,2
4205209,SC,4423,41403.57223603889,0.0,0.3343,6,0,0
4212254,SC,9269,25600.280504908835,0.0,0.8141,55,1,0
4209151,SC,5019,25993.62422793385,0.0,0.0329,10,0,0
4216107,SC,9422,47756.633411165356,0.0,0.8086,423,0,2
4215695,SC,1211,40030.553261767134,0.0,0.7985,134,0,0
4214102,SC,2279,27528.30188679245,0.0,0.0161,6,0,0
4206751,SC,1952,38731.04508196721,0.0,0.1266,2,0,0
4202099,SC,1625,32171.076923076922,0.0,0.8674,88,2,0
4202875,SC,2318,59513.37359792925,0.0,0.6411,6,0,0
4204178,SC,3013,46933.28908065052,0.0,0.8024,1,1,0
2205409,PI,14396,8258.821894970824,0.0193,0.808,27,1,0
4305900,RS,7213,71419.93622625814,0.0,0.9659,826,2,0
1200344,AC,9701,19060.303061540046,0.0,0.8035,622,2,0
1200179,AC,12280,41722.55700325733,0.0,0.4645,697,1,0
2709400,AL,25655,23158.09783667901,0.0,0.6489,921,14,1
1304104,AM,16876,14218.061151931737,0.0,0.6957,1758,11,5
2708956,AL,13893,8721.586410422515,0.0,0.9163,403,4,0
2703502,AL,6992,27819.508009153316,0.0,0.7131,71,3,0
1301506,AM,20748,10387.844611528822,0.0,0.9027,1169,5,0
4320578,RS,1931,54713.102019678925,0.0,0.998,107,0,0
4310702,RS,3143,25996.181991727648,0.0,0.4494,18,0,0
4322103,RS,5612,46209.907341411264,0.0,0.9309,870,47,2
4315354,RS,3810,66960.62992125984,0.0,0.6792,24,0,0
4319125,RS,3228,104119.57868649319,0.0,0.9862,10,0,0
3202504,ES,12701,22794.58310369262,0.174,0.125,393,4,0
3201803,ES,4236,19494.334277620397,0.0,0.3106,27,0,0
2201002,PI,4713,10380.224909823892,0.0,0.8076,112,0,0
3200102,ES,30326,18788.201543230232,0.0,0.178,1842,12,1
3203353,ES,13091,23900.847910778397,0.675,0.0958,54,1,1
3204401,ES,11630,19766.380051590713,0.0,0.2238,899,2,0
2203750,PI,5330,8775.609756097561,0.0,0.9738,45,0,0
2210953,PI,2939,10339.571282749235,0.0,0.0761,23,0,0
4304663,RS,25462,32600.816903621082,0.0,0.2494,6,0,0
2404002,RN,4015,11186.052303860522,0.0,0.9726,79,0,0
2205904,PI,5352,10240.470852017937,0.0,0.9873,68,1,1
4307104,RS,6807,37256.6475686793,0.0,0.2735,2,0,0
4314076,RS,6612,34730.7924984876,0.0,0.0084,33,1,0
4309902,RS,7267,55000.825650199535,0.0,0.2539,13,0,0
4301404,RS,10422,32263.097294185376,0.0,0.3274,31,0,0
2203602,PI,4943,11246.611369613594,0.0,0.5752,57,2,0
2209856,PI,4619,10677.852348993289,0.0,0.5499,64,1,0
2514305,PB,6394,8697.841726618704,0.0,0.9809,26,0,0
2512077,PB,4366,10717.361429225835,0.0,0.0526,90,2,0
1504950,PA,21519,16303.824527162044,0.0,0.9502,122,0,0
2202117,PI,5093,10086.589436481445,0.0,0.9853,88,0,0
4317707,RS,9930,67869.48640483383,0.0,0.8558,129,1,0
4310876,RS,2718,82423.10522442973,0.0,0.9502,3,0,0
2108405,MA,14371,6677.266717695359,0.0,0.7704,88,0,0
1300508,AM,32919,10476.92821774659,0.0,0.9018,7,0,0
4300851,RS,3544,80442.43792325056,0.0,0.2523,3,0,0
2707800,AL,6634,30769.06843533313,0.0,0.9213,279,1,0
4210308,SC,8209,36581.678645389205,0.0,0.1864,5,0,0
4311718,RS,4539,128231.10817360652,0.0,0.1893,14,1,1
4313391,RS,4246,31363.636363636364,0.0,0.0294,9,0,0
4311981,RS,3892,26848.663926002057,0.0,0.0172,2,0,0
4306973,RS,2978,60603.76091336468,0.0,0.7421,27,0,0
2207850,PI,3662,10293.009284543965,0.0,0.7529,37,0,0
4307401,RS,3291,119373.74658158615,0.0,0.3863,4,0,0
4305124,RS,6005,26865.445462114905,0.0,0.4753,7,0,0
4203154,SC,3325,29378.947368421053,0.0,0.147,0,0,0
4310579,RS,2037,46261.168384879726,0.0,0.9283,0,0,0
4210050,SC,1757,33661.35458167331,0.0,0.014,0,0,0
4317954,RS,2287,56384.783559247924,0.0,0.0929,0,0,0
4312617,RS,3184,352413.31658291456,0.0,0.8216,0,0,0
4301073,RS,2966,25888.06473364801,0.0,0.6586,0,0,0
4209805,SC,2960,40465.2027027027,0.0,0.0878,0,0,0
4218954,SC,2453,36058.29596412556,0.0,0.6169,0,0,0
4303673,RS,3402,60171.0758377425,0.0,0.2535,0,0,0
4305835,RS,1490,35008.724832214764,0.0,0.8156,0,0,0
2203859,PI,2561,9862.553689964858,0.0,0.9791,0,0,0
4213351,SC,3426,48636.60245183888,0.0,0.1546,0,0,0
